# Resource object code (Python 3)
# Created by: object code
# Created by: The Resource Compiler for Qt version 6.10.0
# WARNING! All changes made in this file will be lost!

from PySide6 import QtCore

qt_resource_data = b"\
\x00\x04\xa8\x22\
\x00\
\x10\xfb$x\xda\xec\xbdwx\x15\xc5\xff\x06\xbaS7\
!\x94\x84\x10JB\x09-\x09\x90\x84\xe4\xa4@\x02$\
!!!\xb4$@\x08\xbd\x9c\xb2I\x0e9\x8dSR\
\x10\x11\x11D\x04\x0b\x82\xa0\x08\x16\xb0\x80\x15\xc5\x8a \
\x0abCQ@E,`\x01\xb1+bA\xa5\xdc\xd9\
\xbe{\x92\xefs\x9f\xdf\xbf\xf7\xb9\xc0\xd9y\xdfwf\
gwg\xa7|\xa6-\x95\xd5\xd5\x95\x5c\x14\xb7\x8cC\
\x5cFIYY\xe2s\xd3\xbf\xdb\xcfq]}\x5c\xf4\
\x87Mee\xd5\x93\x8e\xdd\xfb\xefy.\xfaG\x8e\xfd\
\xe99vLi\x197\x90\xa1\xe8\x1f\xbec\xc7\xee\x95\
S\x87Z\x0a\x06O\xad\xe48\x90\xc8\xf8\x02\xbb\xdb\xea\
\xe3\xc6\xc7\xbf\xccq\x18s\x5c\xe7\x89\xf5\x82\xd51\xe3\
\x99\xfb\xf3\x98\xdf^\xf6\xcb\xadg\x02l\x04\xb1\x0c\xff\
\xc1~\x03\xea\xdd\xc1\xe6\x91\xa7\xb2\x8e\xb1\xf8{\xb2H\
\xa9\xdb\xda\xec\x8b\x00U\xcc\x0btg\x07\xea\xb1\xba\x05\
\xf4\xc5\xb4}\x8c/\xe38\xb8\xdc\xe7\x0d\x049\xca\x01\
v\x7fb\xa0D\x11\x89\xbf\x15\xb1\x87\x07\xce\xef4\xf2\
O.\x0a\xa4\x8a7\xbad\xe0\xaee\xba{\xf5\x0c(\
\x97\xf4\x08\x0er\xf2\x1fv\x8e\x1cR<\x8a\xfeRL\
\xc6?,d\x15\x17!\xaa\x18\xa4\x82\xdb9\xc2\xd0+\
\xdc1v\x1c\xac\xb8\xb7s\x1d\xb9Ib@\x82\xb86\
\xffT\xd5\x96:\xb8W\xcf\x83\x7f\x90t\xad\x040\x96\
\xeb%_[\xf9\x93\xa8<A4\xf7\x86\xa2\x02\xae\x93\
\xa2\x89\x11\xf3\x5c\x91\x82\x11\xd3\xeb\x15\x8c\x19\xbeK\xc1\
\x84\xbd\xb9W\x15L\x99\xfe\x93\x82\xdbqC@\xb5\x82\
\xa3\xb8X\xb0\x83\xc5\x00p$SzK\xb1\x89\x18\xb2\
\xfb\xcfP0bz\xb9\x821\xc3\xcd\x0a&\x5cWN\
=\x972\xfd]\x05\xb7\xe3j\xb8K\x0a\x8e\xe2\x92\xd8\
\xdb\xb1q^\xf67\xc8\x05\xd8\xcf\xcfY9\x1f\x97\xc6\
99;\xd3<L\xe3l^o0\x10\xf4[}i\
N\xbb\xd7\xc3\x84)\x9c\xc0\xd5q!\xce\xc5\xc2\xfa\x19\
\x15\xeaB.+\x03\xff\xd7x\xfe\xaf\xe1k\xd8u\xfd\
\xcc\xc7)\x85H\xe42\xb9t\x96\x0a\x5c\x8d\xe0\x0f8\
\xbd\x9e\xc4\xcc\xf4\x8c\xff{\x9ccY\x9c\x1e)^+\
;C\xe0\x1c,^\x1b\xd7\xc2\x8e\x01\xae\x91=\xa5\x85\
\xa9A\xae\x96\xf1Z\x16\xc6\xcb\xb9\x19*\x93b\x13C\
\xbb\xd8_/S|\x92\xdfB\xa6\xd8\x99\x9e\xce\xa2\x15\
<\x82\xdf\x1a\x14\x1c\x89\xb6\x96\xc4@c\x9d%\x18\xac\
M\xac\xf5{\xdd\x89e^OPp\xb9\xbc\x89>\xbf\
w\xa1`\x0f\xb2\xc0\xf5\xd25|\x5c>7\x94\xfd\xad\
\x0d\x8b=]\xba{7\x0b\x16\x0c\xfa\xf2\x87\x0e\xadU\
\x22H\xb7{\xdd\x9c\x92\xc3\xe4_O9\xd7D\x17\x8b\
oW\xe28:I\xcauX\xe4\xff\xa0\xabW9\xee\
<\x10\x8f\x8cc\xe9\x08YX\xcc\xf2\x0ae96\x82\
\x13sG\x14\xd7\x9e\xeb\xc0\xf2W'\x96\xb7c\xb8\xce\
\x5c,\xd7\x85\x8bcy\xa9\x1b\xd7\x9d\xeb\xc1\xc5s\x09\
,\xde^,?\xf5a\xcf\xdd\x97\xeb\xc7\xf5\xe7\x06\xb0\
z%\x89K\xe6R\xb8A\xac\x84\x0d\xe1RY\x9a\xa7\
\xb3'\xc9`o\xc8\xc2eq\xd9\x5c\x0e\x97\xcb\x0d\xe3\
\x86sy\xec\x19Gp#\xb9Q\x5c\x01W\xc8J\xc8\
h\xae\x98+\xe1\xc6p\xa5,M\xc7\xb2\x5c<\x8e\x1b\
\xcfM\xe0&\xb2\xb2Y\xc1U\xb2B<\x99\xe5\xb5\xa9\
\x5c57\x8d\xbd\xfb\xe9\xdc\x0cn&7\x8b\x9b\xcd\xcd\
\xe1\xe6r\xf3\xb8\xf9\xdc\x02\xf6\xcel,u\x1c,\xad\
j\xd9\xbb\xaagoz!\xd7\xc0R\xcd\xcdR\xd0\xcb\
Rt\x91\x94_\x82,\xaf6rM\xacd\xb4p\x8b\
\xb9k\xb8%\xdc\xb5\xdcR\xee:Vo^\xcf-\xe7\
n\xe0Vp+\xb9\x1b\xb9U\xdcM\xdcj\xeefn\
\x0d\xb7\x96\xbb\x85\xbb\x95\xbb\x8d\xd5\x12\xeb\xb8;\xb8\xf5\
\xdc\x06\xeeNn#\xb7\x89\x95\xdc\xbb\xb9\xcd\xdc=\xdc\
\x16n+w/w\x1fw?\xf7\x00\xb7\x8d\xdb\xce=\
\xc8=\xc4=\xcc=\xc2J\xdbN\xeeQ\xee1\xeeq\
\xee\x09\xeeI\xee)n\x17\xf74\xf7\x0c\xb7\x9b{\x96\
{\x8e{\x9e{\x81{\x91{\x89\xdb\xc3\xbd\xcc\xea\xd3\
}\xac\x1e\xda\xcfJ\xffk\xdc\x01\xee \xf7:w\x88\
\xd5\x22oroqos\xefp\x87YI}\x8f;\
\xc2\xbd\xcf}\xc0\x1de\xb5\xd5q\xeeC\xee#\xeec\
\xee\x04\xf7\x09w\x92\xfb\x94\xfb\x8c\xfb\x9c\xfb\x82;\xc5\
\x9d\xe6\xbe\xe4\xbe\xe2\xbe\xe6\xbe\xe1\xcepg\xb9o\xb9\
s\xdcw\xdc\xf7\xdc\x0f\xdc\x8f\xac&\xf9\x99\xfb\x85\xfb\
\x95\xfb\x8d;\xcf\xfd\xce]`\xf5\xf5\x9f\xdc_\xdc\xdf\
\xdcE\xee\x1f\xee_\xee?V\xfa/sW\xb8\xab\x80\
\x03\x00@\x80\x00\x06\x04P\xc0\x83\x08\x10\x09\xda\x81(\
\xd0\x1et\x00\x1dA'\x10\x0db@g\x10\x0b\xba\x80\
8\xd0\x15t\x03\xddA\x0f\x10\x0f\x12@O\xd0\x0b\xf4\
\x06}@\x22\xe8\x0b\xfa\x81\xfe`\x00\x18\x08\x92@2\
H\x01\x83\xc0`0\x84\xd5\xb9i \x1d\x0c\x05\x19 \
\x13X@\x16\xc8\x069 \x17\x0c\x03\xc3A\x1e\xc8\x07\
#\xc0H0\x0a\x14\x80BP\x04F\x83bP\x02\xc6\
\x80RP\x06\xc6\xb2\x9a~\x1c\x18\x0f&\x80\x89`\x12\
\xa8\x00\x95\xa0\x0aL\x06S\xc0TP\x0d\xa6\x81\x1a0\
\x1d\xcc\x003\xc1,0\x1b\xcc\x01s\xc1<0\x1f,\
\x00V`\x03v\xe0\x00\x02\xa8\x05u\xa0\x1e8\xc1B\
\xd0\x00\x5c\xc0\x0d<\xc0\x0b|`\x11\xf0\x83\x00\x08\x82\
\x10h\x04M\xa0\x19\xb4\x80\xc5\xe0\x1a\xb0\x04\x5c\x0b\x96\
\x82\xeb\xc02p=X\x0en\x00+\xc0Jp#X\
\x05n\x02\xab\xc1\xcd`\x0dX\x0bn\x01\xb7\x82\xdb\xc0\
\xed`\x1d\xb8\x03\xac\x07\x1b\xc0\x9d`#\xd8\x04\xee\x02\
w\x83\xcd\xe0\x1e\xb0\x05l\x05\xf7\x82\xfb\xc0\xfd\xe0\x01\
\xb0\x0dl\x07\x0f\x82\x87\xc0\xc3\xe0\x11\xb0\x03\xec\x04\x8f\
\x82\xc7\xc0\xe3\xe0\x09\xf0$x\x0a\xec\x02O\x83g\xc0\
n\xf0,x\x0e<\x0f^\x00/\x82\x97\xc0\x1e\xf02\
\xd8\x0b\xf6\x81W\xc0~\xf0*x\x0d\x1c\x00\x07\xc1\xeb\
\xe0\x10x\x03\xbc\x09\xde\x02o\x83w\xc0a\xf0.x\
\x0f\x1c\x01\xef\x83\x0f\xc0Qp\x0c\x1c\x07\x1f\x82\x8f\xc0\
\xc7\xe0\x04\xf8\x04\x9c\x04\x9f\x82\xcf\xc0\xe7\xe0\x0bp\x0a\
\x9c\x06_\x82\xaf\xc0\xd7\xe0\x1bp\x06\x9c\x05\xdf\x82s\
\xe0;\xf0=\xf8\x01\xfc\x08~\x02?\x83_\xc0\xaf\xe0\
7p\x1e\xfc\x0e.\x80?\xc0\x9f\xe0/\xf07\xb8\x08\
\xfe\x01\xff\x82\xff\xc0%p\x19\x5c\x01W!\x07\x01\x84\
\x10A\x0c\x09\xa4\x90\x87\x110\x12\xb6\x83Q\xb0=\xec\
\x00;\xc2N0\x1a\xc6\xc0\xce0\x16v\x81q\xb0+\
\xec\x06\xbb\xc3\x1e0\x1e&\xc0\x9e\xb0\x17\xec\x0d\xfb\xc0\
D\xd8\x17\xf6\x83\xfd\xe1\x008\x10&\xc1d\x98\x02\x07\
\xc1\xc1p\x08L\x85i0\x1d\x0e\x85\x190\x13Z`\
\x16\xcc\x8690\x17\x0e\x83\xc3a\x1e\xcc\x87#\xe0H\
8\x0a\x16\xc0BX\x04G\xc3bX\x02\xc7\xc0RX\
\x06\xc7\xc2r8\x0e\x8e\x87\x13\xe0D8\x09V\xc0J\
X\x05'\xc3)p*\xac\x86\xd3`\x0d\x9c\x0eg\xc0\
\x99p\x16\x9c\x0d\xe7\xc0\xb9p\x1e\x9c\x0f\x17@+\xb4\
A;t@\x01\xd6\xc2:X\x0f\x9dp!l\x80.\
\xe8\x86\x1e\xe8\x85>\xb8\x08\xfaa\x00\x06a\x086\xc2\
&\xd8\x0c[\xe0bx\x0d\x5c\x02\xaf\x85K\xe1up\
\x19\xbc\x1e.\x877\xc0\x15p%\xbc\x11\xae\x827\xc1\
\xd5\xf0f\xb8\x06\xae\x85\xb7\xc0[\xe1m\xf0v\xb8\x0e\
\xde\x01\xd7\xc3\x0d\xf0N\xb8\x11n\x82w\xc1\xbb\xe1f\
x\x0f\xdc\x02\xb7\xc2{\xe1}\xf0~\xf8\x00\xdc\x06\xb7\
\xc3\x07\xe1C\xf0a\xf8\x08\xdc\x01w\xc2G\xe1c\xf0\
q\xf8\x04|\x12>\x05w\xc1\xa7\xe13p7|\x16\
>\x07\x9f\x87/\xc0\x17\xe1Kp\x0f|\x19\xee\x85\xfb\
\xe0+p?|\x15\xbe\x06\x0f\xc0\x83\xf0ux\x08\xbe\
\x01\xdf\x84o\xc1\xb7\xe1;\xf00|\x17\xbe\x07\x8f\xc0\
\xf7\xe1\x07\xf0(<\x06\x8f\xc3\x0f\xe1G\xf0cx\x02\
~\x02O\xc2O\xe1g\xf0s\xf8\x05<\x05O\xc3/\
\xe1W\xf0k\xf8\x0d<\x03\xcf\xc2o\xe19\xf8\x1d\xfc\
\x1e\xfe\x00\x7f\x84?\xc1\x9f\xe1/\xf0W\xf8\x1b<\x0f\
\x7f\x87\x17\xe0\x1f\xf0O\xf8\x17\xfc\x1b^\x84\xff\xc0\x7f\
\xe1\x7f\xf0\x12\xbc\x0c\xaf\xc0\xab\x88C\x00A\x84\x10F\
\x04Q\xc4\xa3\x08\x14\x89\xda\xa1(\xd4\x1eu@\x1dQ\
'\x14\x8dbPg\x14\x8b\xba\xa08\xd4\x15uC\xdd\
Q\x0f\x14\x8f\x12PO\xd4\x0b\xf5F}P\x22\xea\x8b\
\xfa\xa1\xfeh\x00\x1a\x88\x92P2JA\x83\xd0`4\
\x04\xa5\xa24\x94\x8e\x86\xa2\x0c\x94\x89,(\x0be\xa3\
\x1c\x94\x8b\x86\xa1\xe1(\x0f\xe5\xa3\x11h$\x1a\x85\x0a\
P!*B\xa3Q1*AcP)*CcQ\
9\x1a\x87\xc6\xa3\x09h\x22\x9a\x84*P%\xaaB\x93\
\xd1\x144\x15U\xa3i\xa8\x06MG3\xd0L4\x0b\
\xcdFs\xd0\x5c4\x0f\xcdG\x0b\x90\x15\xd9\x90\x1d9\
\x90\x80jQ\x1d\xaaGN\xb4\x105 \x17r#\x0f\
\xf2\x22\x1fZ\x84\xfc(\x80\x82(\x84\x1aQ\x13jF\
-h1\xba\x06-A\xd7\xa2\xa5\xe8:\xb4\x0c]\x8f\
\x96\xa3\x1b\xd0\x0a\xb4\x12\xdd\x88V\xa1\x9b\xd0jt3\
Z\x83\xd6\xa2[\xd0\xad\xe86t;Z\x87\xee@\xeb\
\xd1\x06t'\xda\x886\xa1\xbb\xd0\xddh3\xba\x07m\
A[\xd1\xbd\xe8>t?z\x00mC\xdb\xd1\x83\xe8\
!\xf40z\x04\xed@;\xd1\xa3\xe81\xf48z\x02\
=\x89\x9eB\xbb\xd0\xd3\xe8\x19\xb4\x1b=\x8b\x9eC\xcf\
\xa3\x17\xd0\x8b\xe8%\xb4\x07\xbd\x8c\xf6\xa2}\xe8\x15\xb4\
\x1f\xbd\x8a^C\x07\xd0A\xf4::\x84\xde@o\xa2\
\xb7\xd0\xdb\xe8\x1dt\x18\xbd\x8b\xdeCG\xd0\xfb\xe8\x03\
t\x14\x1dC\xc7\xd1\x87\xe8#\xf41:\x81>A'\
\xd1\xa7\xe83\xf49\xfa\x02\x9dB\xa7\xd1\x97\xe8+\xf4\
5\xfa\x06\x9dAg\xd1\xb7\xe8\x1c\xfa\x0e}\x8f~@\
?\xa2\x9f\xd0\xcf\xe8\x17\xf4+\xfa\x0d\x9dG\xbf\xa3\x0b\
\xe8\x0f\xf4'\xfa\x0b\xfd\x8d.\xa2\x7f\xd0\xbf\xe8?t\
\x09]FW\xd0Uf\x16\x00\x0c1\xc2\x18\x13L1\
\x8f#p$n\x87\xa3p{\xdc\x01w\xc4\x9dp4\
\x8e\xc1\x9dq,\xee\x82\xe3pW\xdc\x0dw\xc7=p\
<N\xc0=q/\xdc\x1b\xf7\xc1\x89\xb8/\xee\x87\xfb\
\xe3\x01x N\xc2\xc98\x05\x0f\xc2\x83\xf1\x10\x9c\x8a\
\xd3p:\x1e\x8a3p&\xb6\xe0,\x9c\x8dsp.\
\x1e\x86\x87\xe3<\x9c\x8fG\xe0\x91x\x14.\xc0\x85\xb8\
\x08\x8f\xc6\xc5\xb8\x04\x8f\xc1\xa5\xb8\x0c\x8f\xc5\xe5x\x1c\
\x1e\x8f'\xe0\x89x\x12\xae\xc0\x95\xb8\x0aO\xc6S\xf0\
T\x5c\x8d\xa7\xe1\x1a<\x1d\xcf\xc03\xf1,<\x1b\xcf\
\xc1s\xf1<<\x1f/\xc0Vl\xc3v\xec\xc0\x02\xae\
\xc5u\xb8\x1e;\xf1B\xdc\x80]\xd8\x8d=\xd8\x8b}\
x\x11\xf6\xe3\x00\x0e\xe2\x10n\xc4M\xb8\x19\xb7\xe0\xc5\
\xf8\x1a\xbc\x04_\x8b\x97\xe2\xeb\xf02|=^\x8eo\
\xc0+\xf0J|#^\x85o\xc2\xab\xf1\xcdx\x0d^\
\x8bo\xc1\xb7\xe2\xdb\xf0\xedx\x1d\xbe\x03\xaf\xc7\x1b\xf0\
\x9dx#\xde\xc4M\xc3w\xe1\xbb\xf1f|\x0f\xde\x82\
\xb7\xe2{\xf1}\xf8~\xee\x18~\x00o\xc3\xdb\xf1\x83\
\xf8!\xfc0~\x04\xef\xc0;\xf1\xa3\xf81\xfc8~\
\x02?\x89\x9f\xc2\xbb\xf0\xd3\xf8\x19\xbc\x1b?\x8b\x9f\xc3\
\xcf\xe3\x17\xf0\x8b\xf8%\xbc\x07\xbf\x8c\xf7\xe2}\xf8\x15\
\xbc\x1f\xbf\x8a_\xc3\x07\xf0A\xfc:>\x84\xdf\xc0o\
\xe2\xb7\xf0\xdb\xf8\x1d|\x18\xbf\x8b\xdf\xc3G\xf0\xfb\xf8\
\x03|\x14\x1f\xc3\xc7\xf1\x87\xf8#\xfc1>\x81?\xc1\
'\xf1\xa7\xf83\xfc9\xfe\x02\x9f\xc2\xa7\xf1\x97\xf8+\
\xfc5\xfe\x06\x9f\xc1g\xf1\xb7\xf8\x1c\xfe\x0e\x7f\x8f\x7f\
\xc0?\xe2\x9f\xf0\xcf\xf8\x17\xfc+\xfe\x0d\x9f\xc7\xbf\xe3\
\x0b\xf8\x0f\xfc'\xfe\x0b\xff\x8d/\xe2\x7f\xf0\xbf\xf8?\
|\x09_\xc6W\xf0U\xc2\x11@ A\x04\x13B(\
\xe1I\x04\x89$\xedH\x14iO:\x90\x8e\xa4\x13\x89\
&1\xa43\x89%]H\x1c\xe9J\xba\x91\xee\xa4\x07\
\x89'\x09\xa4'\xe9Ez\x93>$\x91\xf4%\xfdH\
\x7f2\x80\x0c$I$\x99\xa4\x90Ad0\x19BR\
I\x1aI'CI\x06\xc9$\x16\x92E\xb2I\x0e\xc9\
%\xc3\xc8p\x92G\xf2\xc9\x082\x92\x8c\x22\x05\xa4\x90\
\x14\x91\xd1\xa4\x98\x94\x901\xa4\x94\x94\x91\xb1\xa4\x9c\x8c\
#\xe3\xc9\x042\x91L\x22\x15\xa4\x92T\x91\xc9d\x0a\
\x99J\xaa\xc94RC\xa6\x93\x19d&\x99Ef\x93\
9d.\x99G\xe6\x93\x05\xc4Jl\xc4N\x1cD \
\xb5\xa4\x8e\xd4\x13'YH\x1a\x88\x8b\xb8\x89\x87x\x89\
\x8f,\x22~\x12 A\x12\x22\x8d\xa4\x894\x93\x16\xb2\
\x98\x5cC\x96\x90k\xc9Rr\x1dYF\xae'\xcb\xc9\
\x0dd\x05YIn$\xab\xc8Md5\xb9\x99\xac!\
k\xc9-\xe4Vr\x1b\xb9\x9d\xac#w\x90\xf5d\x03\
\xb9\x93l$\x9b\xc8]\xe4n\xb2\x99\xdcC\xb6\x90\xad\
\xe4^r\x1f\xb9\x9f<@\xb6\x91\xed\xe4A\xf2\x10y\
\x98<Bv\x90\x9d\xe4Q\xf2\x18y\x9c<A\x9e$\
O\x91]\xe4i\xf2\x0c\xd9M\x9e%\xcf\x91\xe7\xc9\x0b\
\xe4E\xf2\x12\xd9C^&{\xc9>\xf2\x0a\xd9O^\
%\xaf\x91\x03\xe4 y\x9d\x1c\x22o\x907\xc9[\xe4\
m\xf2\x0e9L\xde%\xef\x91#\xe4}\xf2\x019J\
\x8e\x91\xe3\xe4C\xf2\x11\xf9\x98\x9c \x9f\x90\x93\xe4S\
\xf2\x19\xf9\x9c|AN\x91\xd3\xe4K\xf2\x15\xf9\x9a|\
C\xce\x90\xb3\xe4[r\x8e|G\xbe'?\x90\x1f\xc9\
O\xe4g\xf2\x0b\xf9\x95\xfcF\xce\x93\xdf\xc9\x05\xf2\x07\
\xf9\x93\xfcE\xfe&\x17\xc9?\xe4_\xf2\x1f\xb9D.\
\x93+\xe4*\xe5(\xa0\x90\x22\x8a)\xa1\x94\xf24\x82\
F\xd2v4\x8a\xb6\xa7\x1dhG\xda\x89F\xd3\x18\xda\
\x99\xc6\xd2.4\x8ev\xa5\xddhw\xda\x83\xc6\xd3\x04\
\xda\x93\xf6\xa2\xbdi\x1f\x9aH\xfb\xd2~\xb4?\x1d@\
\x07\xd2$\x9aLS\xe8 :\x98\x0e\xa1\xa94\x8d\xa6\
\xd3\xa14\x83fR\x0b\xcd\xa2\xd94\x87\xe6\xd2at\
8\xcd\xa3\xf9t\x04\x1dIG\xd1\x02ZH\x8b\xe8h\
ZLK\xe8\x18ZJ\xcb\xe8XZN\xc7\xd1\xf1t\
\x02\x9dH'\xd1\x0aZI\xab\xe8d:\x85N\xa5\xd5\
t\x1a\xad\xa1\xd3\xe9\x0c:\x93\xce\xa2\xb3\xe9\x1c:\x97\
\xce\xa3\xf3\xe9\x02j\xa56j\xa7\x0e*\xd0ZZG\
\xeb\xa9\x93.\xa4\x0d\xd4E\xdd\xd4C\xbd\xd4G\x17Q\
?\x0d\xd0 \x0d\xd1F\xdaD\x9bi\x0b]L\xaf\xa1\
K\xe8\xb5t)\xbd\x8e.\xa3\xd7\xd3\xe5\xf4\x06\xba\x82\
\xae\xa47\xd2U\xf4&\xba\x9a\xdeL\xd7\xd0\xb5\xf4\x16\
z+\xbd\x8d\xdeN\xd7\xd1;\xe8z\xba\x81\xdeI7\
\xd2M\xf4.z7\xddL\xef\xa1[\xe8Vz/\xbd\
\x8f\xdeO\x1f\xa0\xdb\xe8v\xfa }\x88>L\x1f\xa1\
;\xe8N\xfa(}\x8c>N\x9f\xa0O\xd2\xa7\xe8.\
\xfa4}\x86\xee\xa6\xcf\xd2\xe7\xe8\xf3\xf4\x05\xfa\x22}\
\x89\xee\xa1/\xd3\xbdt\x1f}\x85\xee\xa7\xaf\xd2\xd7\xe8\
\x01z\x90\xbeN\x0f\xd17\xe8\x9b\xf4-\xfa6}\x87\
\x1e\xa6\xef\xd2\xf7\xe8\x11\xfa>\xfd\x80\x1e\xa5\xc7\xe8q\
\xfa!\xfd\x88~LO\xd0O\xe8I\xfa)\xfd\x8c~\
N\xbf\xa0\xa7\xe8i\xfa%\xfd\x8a~M\xbf\xa1g\xe8\
Y\xfa-=G\xbf\xa3\xdf\xd3\x1f\xe8\x8f\xf4'\xfa3\
\xfd\x85\xfeJ\x7f\xa3\xe7\xe9\xef\xf4\x02\xfd\x83\xfeI\xff\
\xe28\xfa7\xbdH\xff\xa1\xff\xd2\xff\xe8%z\x99^\
\xa1Wy\x8e\x07<\xe4\x11\x8fy\xc2S\x9e\xe7#\xf8\
H\xbe\x1d\x1f\xc5\xb7\xe7;\xf0\x1d\xf9N|4\x1f\xc3\
w\xe6c\xf9.|\x1c\xdf\x95\xef\xc6w\xe7{\xf0\xf1\
|\x02\xdf\x93\xef\xc5\xf7\xe6\xfb\xf0\x89|_\xbe\x1f\xdf\
\x9f\x1f\xc0\x0f\xe4\x93\xf8d>\x85\x1f\xc4\x0f\xe6\x87\xf0\
\xa9|\x1a\x9f\xce\x0f\xe53\xf8L\xde\xc2g\xf1\xd9|\
\x0e\x9f\xcb\x0f\xe3\x87\xf3y|>?\x82\x1f\xc9\x8f\xe2\
\x0b\xf8B\xbe\x88\x1f\xcd\x17\xf3%\xfc\x18\xbe\x94/\xe3\
\xc7\xf2\xe5\xfc8~<?\x81\x9f\xc8O\xe2+\xf8J\
\xbe\x8a\x9f\xccO\xe1\xa7\xf2\xd5\xfc4\xbe\x86\x9f\xce\xcf\
\xe0g\xf2\xb3\xf8\xd9\xfc\x1c~.?\x8f\x9f\xcf/\xe0\
\xad\xbc\x8d\xb7\xf3\x0e^\xe0k\xf9:\xbe\x9ew\xf2\x0b\
\xf9\x06\xde\xc5\xbby\x0f\xef\xe5}\xfc\x22\xde\xcf\x07\xf8\
 \x1f\xe2\x1b\xf9&\xbe\x99o\xe1\x17\xf3\xd7\xf0K\xf8\
k\xf9\xa5\xfcu\xfc2\xfez~9\x7f\x03\xbf\x82_\
\xc9\xdf\xc8\xaf\xe2o\xe2W\xf37\xf3k\xf8\xb5\xfc-\
\xfc\xad\xfcm\xfc\xed\xfc:\xfe\x0e~=\xbf\x81\xbf\x93\
\xdf\xc8o\xe2\xef\xe2\xef\xe67\xf3\xf7\xf0[\xf8\xad\xfc\
\xbd\xfc}\xfc\xfd\xfc\x03\xfc6~;\xff \xff\x10\xff\
0\xff\x08\xbf\x83\xdf\xc9?\xca?\xc6?\xce?\xc1?\
\xc9?\xc5\xef\xe2\x9f\xe6\x9f\xe1w\xf3\xcf\xf2\xcf\xf1\xcf\
\xf3/\xf0/\xf2/\xf1{\xf8\x97\xf9\xbd\xfc>\xfe\x15\
~?\xff*\xff\x1a\x7f\x80?\xc8\xbf\xce\x1f\xe2\xdf\xe0\
\xdf\xe4\xdf\xe2\xdf\xe6\xdf\xe1\x0f\xf3\xef\xf2\xef\xf1G\xf8\
\xf7\xf9\x0f\xf8\xa3\xfc1\xfe8\xff!\xff\x11\xff1\x7f\
\x82\xff\x84?\xc9\x7f\xca\x7f\xc6\x7f\xce\x7f\xc1\x9f\xe2O\
\xf3_\xf2_\xf1_\xf3\xdf\xf0g\xf8\xb3\xfc\xb7\xfc9\
\xfe;\xfe{\xfe\x07\xfeG\xfe'\xfeg\xfe\x17\xfeW\
\xfe7\xfe<\xff;\x7f\x81\xff\x83\xff\x93\xff\x8b\xff\x9b\
\xbf\xc8\xff\xc3\xff\xcb\xff\xc7_\xe2/\xf3W\xf8\xab\x11\
,S\xc0v\xea\xc0\x1a\xf7\xff\xff\xf9\xff\xf0\x1f\xfe\xd2\
\xffK\x00dr[\xe5\x06 \x8e\x0d\x03\x00\xa2\xc3\x87\
\xd1\x00d~\x93{F^\xc7\xf5\x8c\x5c\x06{F^\
\x8f.\xc6\xe1\xb5\xed\xc1\xad\xed\xd1\x9a\xf6\xb8w;.\
++\xeb\xea\x9a5\x1ah\xcf\xdf\xec\xfd\xfb\xf3\xbf_\
#\xbd8.\xf8j\xa7^\xd2\xb0\x15;\xaex-F\
\xc4\xed{q\x1d:-\xed\xcc\xff'F\x1b\xc5Es\
=\xb9\x14.\x93\x1b\xc5\x95s\x93\xb9j\xce\xca98\
\x1f\xd7\xc4\xad\xe26q;\xb8\xe7\xb9\xd7\xb9c\xdcW\
\xdc\xcf\xdc%\xd0\x19\xa4\x80<P\x0d\x16\xb2\x1e\xfd=\
\xac/\xfe\x06\xeb)\xff\xc3\xfa\xb1\x89\xac/Z\xc6z\
\x90\x0e\xd6/\x5c\xc1zs\x0f\xb1\x1e\xd9a\xd6\x8f\xfa\
\x16\xfe\xce\xfa?q\xac\xc7R\xc0\xfa\x1b\xb5\xac\x87p\
\x03\xb3\xf3\x1ff\xb6\xf9q\xf4\x13\xb3\x8f;0\xabv\
$\xb3=\x1b\x98\xe5\xb8\x8a\xd9}\x8f2[\xeeMf\
\x7f}\x8f\xffb\xb6Rgf\xf7\x0ce\xf6L\x01\xb3\
`\xaa\x98\xf5\xd1\xc4\xac\x89[\x98\x9d\xb0\x8dY\x00/\
\xb0\xb6\xfd]\xd6j\x7f\xc5\xda\xe3\xbf\xc8\x15\xd6\xa2\xc6\
\xb2\xb62\x85\xb5\x82\xa3X\xfb6\x85\xb5\x5cu\xacE\
Z\xcaZ\x9a\xf5\xac5\xd9\xc1\xda\x89=\xac58\xc0\
\xea\xfbo\xe8yV'G\xb2\xfa6\x9e\xd5\xa7i\xac\
\xb6,bu\xe0\x1cV\xafyY\xdd\xb5\x84\xd5U\xab\
Y\x9dt\x1f\xabe^du\xc5QV\x17\x9cb%\
\xfcjDLD\xef\x88!\x11\x05\x11\x13#\xe6E4\
D\x5c\x1bqs\xc4\xdd\x11\xdb#\x1e\x8bx)\xe2@\
\xc4\xe1\x88\x93\x11\xdfG\xfc\x1eq)22\xb2kd\
\xbf\xc8\xb4\xc8\xfc\xc8\xb2\xc8)\x91\xf3\x22\xeb#\x83\x91\
\x8b#o\x8d\xdc\x1c\xf9D\xe4k\x91\xefG\x9e\x8d\xbc\
\xd4\xaeC\xbb\xde\xed2\xda\x8di7\xb3]}\xbb\xc6\
v+\xdbml\xb7\xa3\xdd\xb3\xed\xf6\xb6\xdb\xdf\xeeP\
\xbb\xc3\xedN\xb6\xfb\xba\xdd\xbfQ\x1d\xa2\x06D\xe5F\
\x8d\x8f\x9a\x19\xe5\x8aZ\x1c\xb5*\xea\xf6\xa8\xcdQ\xf7\
E=\x1a\xb5+\xea\xc5\xa8\x97\xa3\x0eF\x1d\x8e\xfa4\
\xeaL\xd4\xdf\xedI\xfbn\xed\x07\xb4\xcfi?\xba}\
u{[{o\xfb\xe5\xedoo\xbf\xbd\xfd\xd3\xed\x0f\
\xb6\xff\xa0\xfd7\xed\xcfw@\x1d\xa2;\xf4\xe90\xa8\
Cf\x87\xd2\x0e\xd5\x1d\xea:\x84:\xac\xea\xb0\xa1\xc3\
\x8e\x0e/t8\xd4\xe1d\x87\xef:\x5c\xea\x18\xd5\xb1\
w\xc7\xd4\x8eE\x1d+;\xda:\xfa:.\xeb\xb8\xa6\
\xe3\x86\x8e;:\xbe\xd0\xf1P\xc7\x93\x1d\xbf\xeb\xf8_\
\xa7\xc8N\x9d;\xf5\xed\x94\xd1\xa9\xa0\xd3\xd8NS:\
\xd9;y;-\xebtg\xa7\x87:=\xdd\xe9\x85N\
\xaft:\xdc\xe9x\xa7\xaf:\xfd\xdc\xe9\xefh.:\
2\xba{tzta\xf4\xb8\xe8\x19\xd1\x9e\xe8\xeb\xa2\
WG\xdf\x1d\xbd+\xfa@\xf4{\xd1\x9fF\xff\x12}\
9\x86\xc4t\x89\xe9\x1d\x93\x1a\x93\x13S\x1031f\
Z\xcc\x82\x98\xda\x98\x851\xde\x98`LK\xcc\x0d1\
\xabb\xd6\xc4\xdc\x1d\xb3-\xe6\xb1\x98Wb\xde\x8d\xf9\
4\xe6\x97\x98\xcb\x9d\xa3;\xf7\xee\x9c\xdc9\xb7sQ\
\xe7\xea\xce\xf6\xce\xfe\xce\xab:o\xea\xfcX\xe7=\x9d\
_\xef|\xb2\xf3\xf7\x9d\xff\x89\xed\x14\x9b\x18\x9b\x13[\
\x1a[\x15;/\xb6.\xb6!6\x18\xbb2v]\xec\
\xb6\xd8'cw\xc7\xee\x8b}'\xf6D\xec\x17\xb1\xe7\
\xbb\x80.\xb1]\xfaw\xc9\xeeR\xdc\xa5\xa6\xcb\xc2.\
\xd7uY\xd7\xe5\x81.\xcfvy\xb3\xcbg]~\xea\
r1\x8e\xc6u\x8e\xeb\x137(.;\xae0nb\
\xdc\x948k\x9c7ni\xdc\xda\xb8Mq\xf7\xc7=\
\x1a\xf7B\xdc\xde\xb8\xa3q_\xc5\xfd\xd1\x15v\xed\xdc\
\xb5W\xd7\x8c\xae\x05]\xab\xba\xce\xedZ\xd75\xd4u\
i\xd7[\xban\xea\xfap\xd7]]\x0ft=\xda\xf5\
\xb3\xae?v\xbd\xda\xad{\xb7\xd4n#\xbaM\xe8V\
\xd3M\xe8\xe6\xed\xb6\xb4\xdbM\xdd6u{\xbc\xdb\xde\
not\xfb\xb8\xdbW\xdd\xcew\xbb\xd4=\xaa{\x5c\
\xf7\xfe\xddS\xbb\x8f\xea>\xae{E\xf7\x99\xdd\xe7w\
_\xd8\xdd\xd7}q\xf7\x95\xddWw\xbf\xab\xfb\xe3\xdd\
_\xee~\xa8\xfb\x07\xddOt?\xd5\xfd\x87\xee\xe7\xbb\
_\xee\x01zD\xf5\x88\xed\xd1\xb5GZ\x8f\xc2\x1e\xd3\
{,\xec\xb1\xb8\xc7\xca\x1e\xab{\xac\xeb\xb1\xb9\xc7\xd6\
\x1e;z\xec\xee\xf1R\x8f\xc3=>\xeb\xf1m\x8f\x8b\
\xf1\x11\xf1\xb1\xf1\xdd\xe2\x07\xc6\xa7\xc7\x8f\x8c/\x8d\x9f\
\x1c?7\xde\x11\xef\x8d\x0f\xc5/\x8b\xbf1~]\xfc\
\xa6\xf8m\xf1;\xe2w\xc7\xbf\x14\xffz\xfc;\xf1\xc7\
\xe3O\xc4\x9f\x8a\xff!\xfe|\x02M\xe8\x910(!\
;\xa18aBBEBM\x82-\xc1\x93\x10JX\
\x92pc\xc2\x9a\x84\xf5\x09[\x12\xeeK\xd8\x99\xf0d\
\xc2+\x09o'\x9cL8\x93p\xb9gL\xcf\xbe=\
S{\x8e\xee9\xb9\xa7\xa3\xa7\xbf\xe7\x8a\x9e\xebz>\
\xd0s_\xcf\x0f{\x9e\xee\xf9G/\xdc+\xb6W\xaf\
^\x83{\x8d\xec5\xae\xd7\xe4^sz\xd9z\xb5\xf4\
Z\xd3k{\xaf\xe7{\x1d\xe9\xf5U\xaf\x8b\xbd\xdb\xf5\
\xee\xdf{X\xef\xe2\xde\xe3zO\xee=\xbfw}\xef\
\x86\xde\xa1\xde\xd7\xf5^\xd5\xfb\x9e\xde\x8f\xf6\xde\xdb\xfb\
\xed\xde\x9f\xf7\xfe\xa1\xf7\xbf}H\x9f.}z\xf7I\
\xeb3\xacOi\x9f\x8a>s\xfa\x08}\xae\xefsW\
\x9fg\xfa\xbc\xd9\xe7\xeb>\x17\x13\xa3\x13\xfb'\xe6'\
NL\xb4'\x86\x12\xd7$nI|&\xf1`\xe2\xa7\
\x89?\xf5E}\xe3\xfa&\xf5\x1d\xd9wR_G\xdf\
\xc6\xbek\xfbn\xed\xfbl\xdf7\xfa\x9e\xee{\xa1_\
\xbb~=\xfbe\xf5+\xed7\xb7\x9f\xaf\xdf\x8d\xfd6\
\xf5{\xa2\xdf+\xfd>\xecw\xb6\xdf\xbf\xfd\xdb\xf5\x1f\
\xd0?\xaf\x7fU\x7f[\xff\xc5\xfdo\xe9\xffh\xff\x03\
\xfd?\xe9\xff}\xff\xab\x03\xa2\x07\xf4\x1f\x909\xa0l\
@\xcd\x00\xdb\x80E\x03\xae\x19p\xf3\x80\x0d\x03\xb6\x0e\
xl\xc0\xb3\x03\x0e\x0exo\xc0g\x03\xce\x0c\xb80\
\xe0\xf2\xc0\x8e\x03\xe3\x07\x0e\x1a\x985\xb0x\xe0\xc4\x81\
s\x06\xd6\x0d\x0c\x0d\x5c:p\xed\xc0;\x07n\x1f\xf8\
\xf8\xc0\x97\x06\xbe6\xf0\xf8\xc0/\x07\xfe:\xf0\x9f\xa4\
\xc8\xa4.I\x83\x92\xf2\x92\xc6&U%\xcdK\xaaK\
\xf2'5'\xadL\xba%i]\xd2\xe6\xa4\xfb\x92\xb6\
'=\x97t \xe9\xbd\xa4\x93I?&]L\xba\x92\
\xcc'G%wN\xee\x91\x9c\x98\x9c\x9a<,\xb9$\
\xb9\x22\xd9\x9a\xecMnJ\xbe6yu\xf2\xed\xc9w\
&?\x90\xbc#\xf9\x89\xe4\xbd\xc9o$\x1fM>\x91\
\xfce\xf2\x85\xe4K)\x5c\x0aJ\xe9\x94\xd25\xa5w\
J\xdf\x94\xc1)\xe9)\xd9)y)\x85)\xa5)\x95\
)\xd3S\x1c)\xae\x94kSV\xa7\xacK\xd9\x96\xf2\
d\xca\xf3)\xfbS\x0e\xa6\x1cK9\x9dr6\xe5\x8f\
A\x91\x83z\x0c\xea?h\xf8\xa0\xf2A\xb3\x079\x07\
\x85\x06-\x19\xb4l\xd0M\x83\xee\x1a\xb4}\xd0\xaeA\
/\x0ezc\xd0\xfb\x83\x8e\x0d\xfa|\xd07\x83~\x1e\
\xf4\xf7\xa0K\x83#\x07w\x1d\xdc{\xf0\xe0\xc1\xb9\x83\
G\x0d\x9e4x\xce`\xe7`\xff\xe0\xeb\x07\xaf\x19|\
\xe7\xe0\xcd\x83\xb7\x0c~h\xf0\x93\x83_\x1c\xbco\xf0\
\xc1\xc1\xef\x0d>6\xf8\xd4\xe0\xb3\x83\xff\x1c\xc2\x0d\x89\
\x1e\x920\xa4\xcf\x90\x8c!#\x87\x94\x0e\xa9\x182{\
\x88{\xc8\xb5C\xee\x18\xb2m\xc8SC^\x1e\xf2\xce\
\x90\x13C\xbe\x19ra\xc8\xd5\xd4\x88\xd4N\xa9\xddR\
\xfb\xa4\x0eI\x1d\x9eZ\x98:>\xb5*uF\xea\xec\
\xd4\xfaT_jc\xeau\xa97\xa4\xde\x9a\xba!u\
[\xeaS\xa9{R\x0f\xa5\x1eN=\x97\xfa_ZL\
Z\x9f\xb4!iei3\xd3\x02i+\xd3\xeeN\xdb\
\x9e\xf6t\xda\xfe\xb4\xa3i\xa7\xd2\xce\xa5]Jo\x9f\
\x1e\x9f\xde?=-=3=/\xbd$\xbd\x22}Z\
\xfa\xfc\xf4\xfatoz }I\xfa\xb2\xf4U\xe9\xb7\
\xa5oJ\xdf\x9c\xfeH\xfaS\xe9\xbb\xd3_K\x7f'\
\xfdD\xfa\xe9\xf4_\x87\xe2\xa1]\x86\xf6\x19\x9a2t\
\xe8\xd0aC\xc7\x0c\x9d8\xb4r\xe8\xbc\xa1\xb5C=\
C\x9b\x86\xde8\xf4\xf6\xa1\x1b\x86\xde;t\xfb\xd0'\
\x87>;t\xff\xd0CC?\x1ezv\xe8\xaf\x19\x5c\
F\xfb\x8c\xb8\x8c\x01\x19\xe9\x19#3J3&eT\
e\xcc\xc9\xa8\xcf\xf0f\x842\xae\xc9X\x95\xb1>c\
s\xc6\xb6\x8c\xc72^\xcex#\xe3\xf3\x8c\x9f3.\
gFdv\xcb\xec\x9b\x99\x9dY\x9cY\x9593s\
afc\xe6\xb2\xcc\x95\x99\xb7en\xc8\xdc\x92y_\
\xe6\xa3\x99/d\xee\xcb|'\xf3D\xe6\xe9\xcc\x1f2\
\x7f\xb3\x00K\x07K\xa2%\xd32\xca2\xde2\xcb\x22\
X|\x96\xeb-\xeb,[,;-\xcf[^\xb1\xbc\
n9b\xf9\xdar>\x0beEg\xc5e\xf5\xcfJ\
\xcd\xca\xcf*\xc9\x9a\x90U\x91U\x9353\xab6\xcb\
\x93\xb54ku\xd6\x1dY\x1b\xb3\xee\xcb\xda\x9e\xf5\x5c\
\xd6\xa1\xac\x0f\xb2\xbe\xce\xfa=\xebr6\xcc\xee\x98\x1d\
\x97\x9d\x98\x9d\x94\x9d\x9f=.{^\xb6'\xfb\x86\xec\
\xf5\xd9\x8fd?\x9f\xbd/\xfbp\xf6\xb1\xec/\xb2\xbf\
\xcb\xbe\x90}%'2\xa7{N\xbf\x9c\xec\x9c\xd19\
\x13s\xa6\xe4\xcc\xcb\x11r\x029Krn\xccY\x93\
\xb3>gc\xce\x96\x9c\x87rv\xe6\xec\xcey1\xe7\
\xd5\x9c\xc39GsN\xe5\x9c\xc9\xf9%\xe7B\xce\xd5\
\xdc\x98\xdc~\xb9y\xb9\xe3sg\xe5\xd6\xe5\xfas\x97\
\xe7\xde\x92{w\xee\x83\xb9O\xe7\x1e\xc8=\x92\xfbq\
\xee\xe7\xb9\xdf\xe6\xfe\x98\xfbW\xee\xbf\xc3\xc0\xb0\xe8a\
\xf1\xc3\x92\x87\xe5\x0f+\x1fV5l\xc6\xb0\xd9\xc3\x16\
\x0d[>\xec\x9eaO\x0d{m\xd8\x91a\xa7\x87\xfd\
8\xec\xea\xf0\x8e\xc3\x13\x86\xf7\x1f>|x\xf9\xf0\x05\
\xc3\x03\xc3W\x0c\xbf}\xf8\xf6\xe1O\x0f\x7fs\xf8'\
\xc3\xcf\x0d??\xfc\xaf<>/6o@^F\xde\
\xb0\xbc\xd1y\xa5y\xe3\xf3*\xf3ly\x8b\xf2\x96\xe7\
\xdd\x96\xb7%\xef\xa1\xbc=y\x87\xf3N\xe5\xfd\x9cw\
1\xefj~D~\x97\xfc\x84\xfc\xa4|K\xfe\xc8\xfc\
\xb1\xf9S\xf2g\xe4\xcf\xcd\xaf\xcd\xf7\xe6\x07\xf2\x9b\xf3\
W\xe6\xdf\x92\x7fW\xfe\xbd\xf9\x8f\xe5\xef\xce?\x98\x7f\
$\xffD\xfeg\xf9?\xe4\xff1\x02\x8e\x88\x1a\xd1c\
D\xbf\x11Y#\x0aGT\x8c\x981\xa2n\xc4\xa2\x11\
-#n\x18q\xdb\x88\x8d#\x1e\x18\xf1\xc8\x88=#\
\x0e\x8f\xf8`\xc4g#~\x1b\xc9\x8d\xa4#;\x8e\x8c\
\x19\x19?\xb2\xf7\xc8\xa4\x91\xd9#\xc7\x8f\x9c=r\xd1\
\xc8\xe5#7\x8e|h\xe4\xde\x91GF~5\xf2\xd7\
\x91WG\xb5\x1b\x15;*qT\xca\xa8\xacQ%\xa3\
\xaaG\xcd\x1d\xd50*4j\xc5\xa8[Gm\x1c\xf5\
\xf0\xa8\xe7G\x1d\x1a\xf5\xd1\xa83\xa3~-\x80\x05\xed\
\x0b\xba\x16\xf4)\x18\x5c\x90]0\xa2\xa0\xa4\xa0\xbc\xa0\
\xb2`f\xc1\xbc\x02g\x81\xb7\xa0\xb9`I\xc1\xea\x82\
\x8d\x05\xf7\x16\xec,x\xaa`_\xc1;\x05\xef\x17|\
\x5c\xf0E\xc1\xe9\x82\xb3\x05?\x15\xfcYp\xa9\x10\x15\
\xb6+\x8c+L.\xcc)\xcc+\x1c[XU8\xaf\
\xb0\xae0X\xb8\xa4\xf0\xfa\xc2\xb5\x85w\x14n.\xdc\
Z\xb8\xbd\xf0\x89\xc2\xe7\x0b\x0f\x14\xbe[x\xb4\xf0\xd3\
\xc2\x1f\x0a\xff,\x22E\xd1E}\x8a\x06\x15\x0d+*\
**.\x9aT4\xb5hV\xd1\xfc\x22G\x91\xab\xc8\
_\xd4\x5c\xb4\xachE\xd1ME\xeb\x8b\x1e(z\xa4\
\xe8\x89\xa2=E\x07\x8a>(:Yt\xae\xe8\xb7\xa2\
\xcb\xa3\xc9\xe8\xf6\xa3cG'\x8c\xee3z\xc0\xe8\xac\
\xd1\xa3F\x97\x8d\xae\x18=e\xb4m\xf4\xa2\xd1KG\
\xdf6z\xeb\xe8\x9d\xa3w\x8d~e\xf4\xf1\xd1\xdf\x8c\
\xfem\xf4\xc5\xe2\x88\xe2\xb8\xe2\xc4\xe2\xd4\xe2\xdc\xe2Q\
\xc5\xa5\xc5\x15\xc5s\x8b\xeb\x8a\x03\xc5\x8b\x8b\xaf/^\
[\xbc\xbe\xf8\xee\xe2m\xc5\x8f\x17?]\xbc\xaf\xf8\xf5\
\xe2\xb7\x8b\x8f\x16\x7fZ|\xaa\xf8\xeb\xe2s\xc5\xbf\x14\
\xff]|\xa5\x84\x96\xb4+\x89.\xe9Z\xd2\xa7d`\
IZIvIqIy\xc9\xe4\x92\x9a\x92y%\xce\
\x12o\xc9\xe2\x92e%7\x94\xdcZro\xc9\xe3%\
\xcf\x95\xec)y\xab\xe4\xc3\x92\xafJ~)\xb92&\
rL\x971\xf1c\xfa\x8d\x198&s\xcc\xf01\xa3\
\xc7\x8c\x1f3yL\xcd\x98\xf9c\xecc\x1a\xc6x\xc6\
4\x8eY=f\xd3\x98\xadc\x9e\x1a\xb3w\xcc\x87c\
~.\x05\xa5\xb1\xa5\x89\xa5\xb9\xa5\xe3J\xa7\x97\xd6\x96\
\x86J\xaf+][\xba\xa1tS\xe9}\xa5\xbbK\xf7\
\x97\x1e,}\xbb\xf4h\xe9\x97\xa5\x7f\x96^-k_\
\xd6\xb1\xacG\xd9\xa0\xb2aeEe\x13\xcb\xa6\x96\xcd\
(\x9b[f+[TvM\xd9\xea\xb2;\xca\xee,\
{\xb4lO\xd9\xc1\xb2\xa3e\x9f\x96}_v\xa1\xec\
\xcaX<6bl\x87\xb11c{\x8f\x1d26o\
\xec\xa4\xb1s\xc6\xd6\x8d\xbdv\xec\xadc7\x8c\xdd<\
\xf6\xa1\xb1\xbb\xc7\xbe>\xf6\xfd\xb1\x9f\x8d=7\xf6\xd7\
\xb1\x17\xc6\xfeW\x8e\xcb#\xca;\x97w+\xefS\x9e\
Z\x9e]^P>\xba|R\xf9\xe4\xf29\xe5\x8e\xf2\
\x85\xe5\xc1\xf2\x96\xf2\xd5\xe5\x1b\xca\x1f.\xdf]\xfer\
\xf9\x1b\xe5\xef\x96\x1f-?Q~\xae\xfc\xf7q\xdc\xb8\
\xc8q\xdd\xc6%\x8eK\x1b\x973\xaeh\x5c\xe5\xb8\x99\
\xe3\xea\xc7\xf9\xc7-\x1fw\xc7\xb8\xad\xe3\x1e\x19\xb7\x7f\
\xdc\xb1q\xa7\xc7\x9d\x1b\xf7\xe7\xb8+\xe3\xdb\x8d\xef9\
~\xd0\xf8\x8c\xf1y\xe3\xcb\xc7O\x19_3^\x18\xdf\
<\xfe\xc6\xf1\x9b\xc7\xef\x1c\xff\xe2\xf8\x03\xe3?\x1e\x7f\
v\xfc\xbf\x13\xdaMH\x9c\x909\xa1t\xc2\x8c\x09\xb5\
\x13\x16OX=a\xeb\x84]\x13\xf6Ox\x7f\xc2\x99\
\x09\x7fL\x8c\x98\xd8mb\xd2\xc4\x11\x13'L\x5c0\
\xd17q\xc5\xc4\xf5\x13wL|q\xe2\xdb\x13?\x9a\
xz\xe2/\x13/N\x8a\x9a\xd4cR\xe6\xa41\x93\
\xa6O\xf2MZ1\xe9\x8eI\xf7N\xda9\xe9\xb9I\
\xafNzw\xd2'\x93\xceL:?\xe9rEdE\
\xd7\x8a\xfe\x15\x19\x15#+\xc6VL\xad\x98_\xd1P\
\xd1X\xb1\xbc\xe2\xd6\x8a\xcd\x15\x0fW<S\xf1J\xc5\
;\x15\x1fW|Z\xf1m\xc5\xef\x15\x97+#+\xbb\
T\xf6\xadL\xaf\xcc\xab,\xad\x9cR9\xafrae\
c\xe5\xf2\xca\xdb*\xef\xaa|\xb0rW\xe5\xde\xca7\
+OT~]y\xbe\xf2\xbf*P\xd5\xb1\xaakU\
RUfU~Ui\xd5\x84\xaa\xe9U\x8e*OU\
\xb0jY\xd5\x1dU\xf7U=\x5c\xb5\xbb\xea\x8d\xaa\x0f\
\xab>\xaf\xfa\xb9\xea\x9f\xc9\xed&w\x9e\xdckr\xff\
\xc9\xa9\x93s'O\x9d\xdc0y\xc9\xe4\xd5\x937N\
\xde>\xf9\x89\xc9\x07&\xbf?\xf9\xc4\xe43\x93\x7f\x9a\
|iJ\xc7)\x09S\xfaO\xc9\x982|J\xe9\x94\
\xea)\xd6)\xce)\x8dS\x96N\xb9i\xca=Sv\
L\xd95e\xdf\x94CS\x8eO\xf9z\xca\xafS\xfe\
\x9e\x8a\xa7\xb6\x9f\xdauj\xfa\xd4\x11SK\xa6VM\
\x9d1\xb5a\xea\xf5So\x9d\xbaq\xea\xf6\xa9\x8fM\
\xdd;\xf5\xe0\xd4\x0f\xa6~2\xf5\xec\xd4\x9f\xa7\xfeY\
\xcdUw\xa8\x8e\xab\xeeW=\xb8\xba\xb0\xba\xb2zN\
\xb5\xa3\xdaY\xed\xadn\xac^Z}c\xf5\xfa\xea\x07\
\xaa\x9f\xa8\xde[\xfdN\xf5\x07\xd5\x9fW\x7f_}\xbe\
\xfa\xca4:\xad\xf3\xb4\x1e\xd3\x92\xa7eL\x1b5\xad\
t\xda\xc4iS\xa6-\x98\xe6\x9c\xd64m\xd9\xb4\xb5\
\xd3\xd6O{`\xda\x8eiON;8\xed\xf8\xb4\x1f\
\xa7]\xa9\xe9T\x93P\x93\x5c3\xa4&\xb7ftM\
EMM\x8d\xbd\xa6\xa1fQ\xcd55\xcbjn\xab\
\xb9\xbbf[\xcdS5/\xd4\xbc^\xf3n\xcdG5\
'k\xce\xd6\xfc^\xf3\xd7t<=fz\x8f\xe9I\
\xd3\xd3\xa7\xe7N\x1f9}\xc2\xf4i\xd3\xeb\xa6\x07\xa7\
_7}\xe5\xf4\xad\xd3wM\x7fu\xfa\xe1\xe9g\xa7\
\xff;\xa3\xdd\x8c\xb8\x19\x093\xfa\xcfH\x99Q8\xa3\
rF\xf5\x8cY3\x16\xccp\xcc\xf0\xcfX5c\xd3\
\x8c\xfbg\xec\x9e\xf1\xda\x8c\x8ff\x9c\x99qef\xec\
\xcc\xf4\x99cfN\x9d9w\xa6kf\xe3\xcc53\
\xef\x99\xb9s\xe633\xf7\xcf|s\xe6\x873?\x9f\
yn\xe6\xbf\xb3\x22fu\x9c\xd5eV\xafY)\xb3\
\xd2g\x15\xcc\x1a7\xabb\xd6\xf4Y\xceY\x8d\xb3\xd6\
\xce\xda:k\xf7\xac#\xb3\xce\xcc\xba4\xbb\xd3\xec\xe4\
\xd9\xf9\xb3'\xcc\x9e?\xdb3\xfb\x86\xd9\xebg\xef\x9c\
\xbdg\xf6\x91\xd9_\xcc\xfec\x0e\x9d\xd3}\xce\xc09\
\x99s\x0a\xe7L\x9c3s\x8e{\xce\xd29\xeb\xe6l\
\x9f\xf3\xdc\x9c#s\xbe\x9c\xf3\xfb\x5c27n\xee\x80\
\xb9\x99s\x0b\xe6N\x98;s\xaec\xaeg\xee\x92\xb9\
+\xe7\xae\x9f\xbbe\xee\xce\xb9O\xcf\xdd?\xf7\xf8\xdc\
\x1f\xe7^\x99\xd7~^\xdc\xbc\x81\xf32\xe6\x15\xce\x1b\
7o\xc6<\xdb\xbc\xe6y\xab\xe7\xdd5o\xdb\xbc\xa7\
\xe7\xbd<\xef\xf0\xbc\x8f\xe7}3\xef\xc7y\x7f\xcf\xbb\
2?b~\xec\xfc\x81\xf3\xb3\xe7\x97\xce\x9f6_\x98\
\xbfd\xfe\xda\xf9[\xe6?1\xff\xe5\xf9o\xcd?>\
\xff\xd4\xfc\x1f\xe6_\x98\xff\xef\x82\xc8\x05\xb1\x0b\xba.\
\xe8\xb7 c\xc1\xa8\x05\xe3\x17\xcc[\xe0]\xb0|\xc1\
\x86\x05\x0f/\xd8\xbf\xe0\xe8\x82o\x16\xfce\xa5\xd68\
k?\xebP\xebH\xebx\xeb4\xeb|k\x9d\xd5o\
m\xb6.\xb5\xdef\xbd\xc7\xfa\x90\xf5)\xeb\x8b\xd6\xb7\
\xac\x1f[?\xb3\xfej\xbdb\x8b\xb6\xf5\xb2\x0d\xb1e\
\xdb\x0amcmSm\xb3l\xb56\xaf\xad\xd1v\xad\
m\x85m\x9d\xedn\xdb#\xb6]\xb6Wlo\xda>\
\xb2\x9d\xb2}g;o\xfb\xcfN\xed\xed\xed]\xec}\
\xedC\xec\xc3\xec\x05\xf6\xf1\xf6\xe9\xf6Z{\xc0~\x8d\
}\xb5\xfd\x1e\xfb.\xfb~\xfb{\xf6S\xf6\xb3\xf6\xdf\
\x1d\xd0\xd1\xc1\x11\xe7\xe8\xefHud;\x869\xca\x1c\
\xd3\xac.\xab\xdf\x9dV\xebt\xb9$du9\xeb<\
i6o0\xe8U\xb0]\xf0\x04\x05\xbf\x8c\x05\x8fC\
\x06n\xa7\xc3\xe1\x12d\x1c\x08Z\xfdA\x19\x06\xbd>\
\xab+h\xf5\xf9\xd2\x9c\x1e\x87\xd3n\x0dz\xfd\x8cX\
\xfd\xf6zg\xa3 _D\xc6V\xbf\xdf\xdb\x94\x96\x97\
\xe1\x10\xea\xd2\x1c\xde&\x8f\x91\xbb\x84\xda\xa0\x91\xfb\x9d\
u\xf5&!\xe4\x93\x99\xcd\xea7\x9c,2\xfdT\x91\
\x19N\x14\xa9z\x9a\xdd\xe5\xb5749\x03\xcaM\xd8\
\xbd!\xf1\x01\xc3T1\xde4\xbb\x93\xc9\xea}\x87\xa9\
\x06A\xbc\xea\xff\x08k\xf0\x0aW\x03\x8bBV\x7f\xdb\
'\xc8^a\xaa\x81J\x0f\xf6?\xaeh\xf4k%\xb7\
}M\xa3_\xb8l\xe0\x81z\xaf\xdf\xc4\xdb\x8c\xacU\
4j\xb2\xebo\xaa\xed\xf4j\x95T\x92`\xb8\x099\
i\xf4\x9bh;\x15[%\xa0\x9ev~\xc1'X5\
\x1c\x0c\xf9=&OI0\x5c\xef\x7f\xa4r\xeb\x04V\
\xd2O\xbf\xb3\xff\x91\xd8\xad\xd3\xd9p\xb5\x90\xaf\xf5\xa5\
4M\xa3m'\x9d\xd9\xc3\xac\xb5\xba\x0b\xb3\x87I\xd3\
\xc8\xffx\xf40\x9f0\xb1\xad+\xb5~dU\xd4\x98\
!\xddD\xd6F$\xe6\xd3%7\x90f\xf5\xd4\xb1{\
\xb3{=A\xbf\xd5\x1e4\x89B\xb3\xcf\xca**Y\
\xb2{YL>\xa5X\x07\xcc~\xb5!\x97+`\xf7\
\x0b\x82G\x11\xdc^V5\x05|\x82\x9de<k\xd0\
\xe9\x95\xef\xc3 X\x9b\xac~\x87\xac\x8a\xc8f\xb57\
\x88\xbf\x80\xcfj\x97oZg~\xa1Q\xf0\x07\xfe\x87\
\xaa\x096\xab\xa3NH\xcbr(\xc1d\x22\xbb\xd9\x0d\
\x061\xbbAv\x87\x1b\xc5\xe1\x8ah5\x9enUN\
g5\x9eA\xf4\xcb\xae\xddn\x10\xedv\xd9\xad7\x9e\
^\xaf\x9c\x1et\x1b\xc4\xa0[v\x1b\xbd\x06\xb1\xd1\xab\
\xb8\xc6\x0b5*\x17j2^\xa8\x89]\xa8.\xcd^\
/\xd8\xd5\xbbW\x98\x08\x1c\xd6@\xbd\xa6\x8aDtU\
\xees\x85\x02&\x22\xba\xcd\x9a\xd2\xcc\x0eb\xd5n\xaf\
gM\x90\xa2\xaa\xcc\xe5\xf4\x08mH:\x0b\x04\x05_\
@\xa36k\xa0AP\xe3\x10\xa1|\xb4\x18\x14\x8b\xec\
d\x19\xa4,\x9b5\xc8\x1a\x8f\x16)\x8e:\xa7\xa7N\
\xe5b\xd6Rq\xbd\xd5U\xab`\x9b\xe0r\xc9\xa7\x0b\
\xe2o\xb1S\xf0\xcbG\x8b\xcdioae\xca\xe6\xf4\
x\xed\xe2\x22_\xe5\xb15j\x13\xdb\xa7E!oP\
\x90\x8a\xaa\x81J\xc5\xc9\xe6\xf5*i+\x02\xe9\x8a\x0c\
\x88?\xb7\xd5\xdf`L{\x93\xa41\xfd-\x18\x15\x8d\
\x98|\xea\x05-\xb5M\x92\xc6\xf4\xb7fT4\x22\x1a\
\x0cfoQ\xd1H\xb3\xd9\xafYE\xaak\x8eZ\x8a\
6P/H\x0f\xacL\x95(\xfe\x0a\xf3\x0b\x22\xd6\xb8\
\xcd\xebw\x08\xfe4\xab\x18DB\xb2\xb1\xa3\x10\xd9\xda\
Q\x88\xd3\xe3\xd1\xb0\x94\xe82\x94\x8d\x1f\x85xCz\
x\xe5MH8\x10l\xd1\xc20\xb3HAMNG\
\xb0^\xc66fw8X\x8ea\xd7oV*\xd4\x80\
Q\x13\xe50\x13 LR.g\xd4t\xe6\xf4\xb4u\
\x9e\xaa\x86\x9d\xaa\xc8&\xa1\xd5\x89\xad\xcfQ\x9a\x8dp\
\xad\xad\x80:5\x9f\x11\x16\xb6U\x8c\xad\xa3\x93\xe3b\
\x15\xba[L$V\xf9\xb3d\xf3;Yu\xca\x8eB\
\xad\xdd\xaaV\xb9*\xb3I\xe7{\x84\x00k\x1e\x5c\xc1\
\xb4z\xc6\xd4\x00\xe1z\x98\xe4bWk#$\x93\x0d\
J[\xf1\x85\xc5\xd5F<R\x1c^\xab\x83\xdd`0\
\xcd\xe7\xf4h\xc4\xe6\x0f\xa9\x05QD\xb6\x90]\xab\x95\
$h\x0b)\x95c\xa8\xce\x16r\xba\xc4\xccb\x13[\
1\xa1E\xb0[]bU\xc1ln)\x84N\x19\x12\
\x0dw\xbf\xa1\x160K\x1asX\x83\x82\xd9_T\x0c\
\xa4%\xdc\xb7E\xc3\xaca\xf3\x04\xcd\xde\x92\xa41\x93\
\x97\xdb\xe9Q\xea\x08\xb3\xa43\xd6\xb2\xd7\x87\x05\x10%\
\x8di\x95\x8cI\xd1\x88\x9f\xd9\x02a\xcf\x22I\x1ak\
\x12\x84\xb0\xb4\x10\x15\x8d4\x9b\xfd\x9aU\xa4\xba\x966\
R\xd3bNNK\xeb\xf4\xb4\x98\x12\xd4\xd2*E-\
\xc6$\xb5\xb4\x91\xa6\x16s\xa2Z\xc2<['\xab\xc5\
\x9c\xae\x966\x12\xd6bNYK\xeb\xa4\xb5\x98\xd2\xd6\
\xd2F\xe2Z\xcc\xa9ki\x9d\xbc\x16S\xfaZ\xc2\x12\
\xd8\xa2\xa7\xb0E\x05Ym<\x7f\x96\xf9\xf9\xb3\xc2<\
[\xdfX\x96\xf9\xc6\xb2Z\xdfX\x96\xe9\xc6\xb2T\x90\
m\xbeR\xb69\x9el\xd3I\xd9v\xab\x9b\xf5\x91\x95\
h%\xc8\xacJW\xa0\x95\xa0\xe0F\xa7C\xf0\x1a=\
e\xc1[[\xdb\xa6h\xe42\x96\x8f,\xa5|\x01\xd1\
\x10P\xce\x92\x89]4Q\xa5\x8c\xe8r\x06\x82\x12\x13\
\xb7\x98\xb1\x9aB\xc2N\xb7U|\x0c\x864\xef\xa0\xd0\
,\x02V\xd1H\x8d\x83\x1c\x99F\x0d&y+U\x17\
d$\xf5,\xf4\x90\xe1=\x90V\xaa.\xc8H\xee/\
\xe8A[\xf5,Z\xcb\x06E\x86!\x9f!\xa4\xb9K\
\x11\xa6\xa9\xd4.\xda3\xc6\xe2\xacR\x09i\xa6\x91\xc6\
\xec\xaa\xfd#\x01CiQ\x98\x04\x9au\xadY<\x8a\
?\x8bx\xc8\x12\x0f,\xc7\xb0X\x99\xdd#^D\x8c\
\x91\xbd\x8az\xab\x98\x94A%2\x95I@S\xa4\xb4\
3\x07\xd2$\x9d\x99\xfdd3\xb1\x0dM\xa7b\x0e\x08\
\x0b!e\x0a\x95I ,\x1e=\x0a\xf9u\x98\xefJ\
\xd7\x0c4\xcc7,B\x83h\xe0\xe6[\xd35\x9dJ\
Hy\xcb\xe6\x9b0\x88F\x1e\xee\x1fv\x1fF\xd5(\
\x98\xef\xc4 \x1a\xb8\x04\xcd\x01\xd5\x10r\x06\xb3\x8a\xaa\
\x08\x0c\xbdk\xa3 c\xd3\x8d\xea\x82\x9c)\xc5\x83E\
\x8b\xc8b<\xd1b\x0cha\xc7F\xbf\xd7#\x8d~\
\xa9=e\xa3&\x95[\x03\x97;\xc7FE~\xf7:\
W\xd2[\x17X\xe1Q\x98\xdd\xebf\x1d\xda\xa0)R\
U3F\xa3j\xa6\xa8T\xd1\x18\x9d\xf9~\x1d\xde\x90\
\xcd%\x98bW$c\xe4\x8ad\x8a[\xd1\xf4\xa8\x8d\
q\x98\x1f\xd9\x18\x95)\x0ev\xb2\xe1u\xc9P\xecd\
)PIt\xf9=\xb8\x9c\xccB\xd5\xea`\x9d\xb2\x96\
\xdf\xaa3\xb9U\xd6\xa8Tmh\xacY\x83v\xbdz\
\x97P=\xab\xb3\xbd\xfe\x16\x89\xb0C\xc8a\xec\x10(\
\xc1L\xa2\x91\xab5\xa3I\x92\x99\xa1\xf6\xd3\xb9\x0c\xc5\
X\x5c^e\x8c\xc1,)\xcc\xef\x5c\xbcXM\x1b\xa3\
\x22\x13]\xae\xf5\xd6\x99\x99\x06,f\xdd\x22\xa3z\xab\
\xd3e\xf0\x10\xa9\xd5\xe5\xab\xb7\xda\xa4Z\xdb'\xf8E\
\xfb^\xf5[,\x98\x82.6x\x18cwI6\xb8\
\xd8\xc7jK\xf3[\x9d\x9e\xff\xe9\x11\xa6\xc9\xd4`q\
\xe9\x5c\x81^\xaf12\x91\xcaHo14*\xa3\xb0\
\xcbK\x94\xb5\xdd\x8d-m\x8a:\x97Q\xc0\xa5\xb5T\
:W\xa1\xa0t#\x0c\x5c\x81\x1e\xa5{\xa2S\x05\x85\
\x8c\xf7\xc2\x98\x0cB\xbe\xb0\xcc \x0b\x12\x96\x0e\x86G\
\x93\x1f\xcbp\xf7-v\xafCPnLBr\xc1a\
P\x1c\xa7\x13\xecA\xa7\x9ad:\xf5\xb9T#\xd9\xac\
\xe9\x94\xa1\x90\xdb\x13H\xab\xb3\xfa\x14\xc8\xea\x13\xb7X\
\xae\xc5j%\xa0\xdc\x90\x8cY\xbd\xc2.\x1b\xf4;}\
\x82C\xc4R=#\xc6\xe4\xb7\xfbBr@_\xc8\xee\
\x17\x1cNf\x03\x88e\xd1\x92&\x0e\xd6\xc9>\xadd\
\xb3R\xcb\xaa\x8a`\x1b!%\xdd(\x85\x05\xb1\xfb\xbd\
>\xbbZ8E\xeb\x84\xd5|M\x0c\xd8C\xfe\x80\xda\
\x9b\x93\xa1\xd4\x96HP\xb2J\x94\xea\x87\xb5oA\xc1\
aT\xc4S\x0c\x5c\x82zc\xa8\x066\xb42\x06.\
B\x87\xd3Z\xe7\xb7\xba\xd3\xe4\x92\xa31\x15d\x99\xe4\
,\x06X\x0f\xc2\xa1\x8a\x12\x16kG\x05;\x9cv!\
-S\xf1\x15\xa1t\xb4\xe8\x82E:f\xe9B\x96t\
\xcc\xd6\x85l\xe9\x98\xa3\x0b9\xd21W\x17r\x1d\xce\
\x80]\xa1\x01\xbb\xf8ci\xc4\x1c-\xf7(\x989\xec\
\xe5\xdbB\xac\xc1\xaf\xf7\xb2j\x8a\xbd\x19\xab\xcb 6\
\x0a\xfe\xa0\x93\xd9\xf5\x0e/Kn\x96g\x03\x82\xf2\x5c\
:\x97\xa0\xd7'xt\x0f\x91\xb1\x84U\xebE\x07{\
\xa1.\xa5\xc0\xa9XJ\x10\x19\x0bV\xbf\x8d\x15\x0e\x81\
\xd5^r\xfd&!\xa1N\xae\x93$\xd7\xef\x14\x1c\x0c\
\x08\xe2\xc6uY\x15\x91\xe0\xf6.t\x8a\xa3\xdc~\xf9\
\x99\x0c\x5c\x86\x0eV\xef\x1a\xbd$.C\xd6\xd2\xf9\x85\
\x80\xb8\x7f\xdf%(E\xa2-\x0fYc9ViO\
\x0c\x5c\x86\xf2\xe8\x9f\xd0\x22\x18\xe3\xd0E\x99\xbb\xac\xa1\
\xbaz\xb5\x925K2\xf3\x08!\x96\xc9]\x06\x7fE\
\x91I\xc0\xedTr\xb1\x91\x87|\x01\xd6\x05\xd2\xdb\xba\
\xff\xe1g\x90\x15\x18\xf2\xd4\xb1*'`\xbae]\x94\
y\x93\xd3\xd3`\xf0\x16\xa9\xe0i\x14\x5c\xec\xd5\xca\xb2\
J\xb47oRT\xc2\xbae\x01A.\xb32\x14X\
cnu[\xa5j\xcbP:[\xcbF\xc5X\xa2\xda\
\xd0\x8d\x92\xd7\x1e\xb4\xd6)\xb5f\x1b\xbaQ2\x94\xf7\
\xd6\xb2Qa\x85A\x9eJ\x09\x0f\xaaz\x184\x11\x86\
\x1c\x02{\xf7r\xe8\x16\xc1\xd0\x10i\x8c\x01\xf6O\xcc\
\xff\xac\xd9fHI\xfaZq\x0a\xc4\xebm\xa8\x15_\
a\x98%\x13\xa6\x19\xa8RU\x9a\x14\x89\x88\x16)\xab\
\x92|\xf5\xba\xbf&\xc9\xcc\xe9\xb1*e\xc7\xc0e\xe8\
\x17\xac\x0d\x06\x1f\x91JH7\x8dt*#\xb1\x05\xd3\
u\xc6$\xe0p*\xddx\x8dI@\x10g\xd7\xfd\x0d\
m>ek\xbf6d\xe3S\x87\xfb\x98\xc46R\xa1\
\x95\x97Y\x0dK\x15\xb3n\x96\xcc\xa9d\x92MJX\
\xaa\x99d\xb3bJE\xa3j\x12\xcc\xa9jTM\x82\
^\xa7\xb6\x96\xcdJ\xb3\xbd\xcd\x80\xa2lRZ\x05\xa9\
U\x1b\xf9V\xaaI\x90\xc6YZ\x87\x93d\x93\xa2Y\
\xf8\xad\xd4V\x82\xa5\xedp\x16\x93\xe2\x16\xc4\xa5\x17m\
<\x9b\xe2a\xd64\xf3\xb5\xb5lVB\x01\xa7\xbd\x8d\
\x80\xa2lRX\xf9\x0ex\xdb\xc8\xdb\xb2n\x96\xd4\xb6\
\xb9\x95\x1a&\xb4u\x8b\xa2j\x16\xbc\x816\xde\x8b\xa8\
\x9a\x05_[\xa1|\xe6@~\xa7\xbd^\xeb\xc5\xb7\xe9\
c\x16C.\xc5Lh-\x9b\x94\x80\x8b5Rm<\
\x8c\xac\x9b%\xd6*[\x1d\xac\xe6\x14\xda\xb8\x0b\x83\xa7\
Io\xfb\x9e[\xddo\x93\xd7\xdf\xc6\xed\x8a\xaaIh\
n\x1d\xa6\xd9\xc4\x16;\xdb\xa8\x93\x98h\xe4\x0a\x0e+\
\x96Zq\x0c+\x86Z\xf1\xd3$sq\xd3\x8aYX\
\xf1\xd2\x8b\x95\xb98i\xc5(\xac\xf8\xe8\xc5\xa6Uq\
1\x16\x93\xb0\xe2\xa1\x17\x8b\xb0\xe2\xa0\x17\x83\xf0\xeco\
\xc8\xf6\xe6\xec\xaeess\xf6\xd6\xb2\xb59;k\xd9\
\xd8\x94}\xd5l\xdb:\xbb\x9a\xb2iX\xf6\xd4\xb3e\
xv4d\xc36\xb3_x\xb63_S\xbb\x9e9\
{i\xd9\xca\x90\x9d\xe4ld\xca>J\xb6\x11\x7f\xd2\
<\x9b\x04\xd8\xc1\xcd~AqfV\xb7\x9dL\x8aB\
\xc4\xa1\x1b\x05J#7\x0a6\x98<&E&\xb5.\
e\xad\x81\x08j]\xde&\xc1\x9f);\x16\xd9\xc9\xaa\
\xf5\xba\xa4ia\xa9\xd9\x92\xb1\x14^\x86r~\x90\xb1\
\xf4\xe2d\x18hq\xbbTk\xd2,)\xacYv\xe5\
\xa3E\xb2\x1f\x15,\xe6o\x16\x8d_[g\xa2`\xa9\
\x0b\xa9\xafWa\x05\xc5i\xa0\xb5!\x8fG-F\x12\
\xac\x13\x94\x097\x094\x89\x961\xeb\xe8z\xc4.\x84\
C\x93D\xc0\xcc\xf1:\xc1+\xcdk\xca\xc1%\x5c\xa7\
\xccN0\xb7\xce\xa9\x8c'\x8b\xa0\xce\x19\xac\x0f\xd9\xea\
\x5c^\x9b \x1d,u^/\xb3\x06ecC4[\
d\x14\xf2\xd5\xf9\x9d\x8e\xb4\xccf\xb9\xc0\xa9Dr\xb3\
\x98X\xa7\xcc\xd1\x1b\x05\x15+nVx\xa0,C\xa0\
,\xc9U=\xd9\xcfg\xe8\xcbIT\xed\xc5\xd5[\xdd\
n\xc1_oe\xa6\xb4S4\x9b\xa5\x93\x0c\x94=\x8e\
\xdb\xd6\xa6\xa8s\x09IZ@7\xdb\xc2E#W\x0c\
5\xb3$2ue\x8b\x82\xeb\x99]\x5c\xef\x90\x1fD\
t=B\x90\x95\x95\x86p.B\xbf:\x04\xa1\x12\xd1\
\x95f\x0f4Ub\x0c\x88s=\xbezf\x97\x07D\
\x14\x10\x82\xfar\x0d\x19\x89\x1dQ\x09\xd5\x0b>\xbd\xeb\
\xa0\x11\xd9[&\xf5B\xb3!@\xb3\xc1_\xc2\xf5\xde\
\x90_2\xe4\x955\x14:g]m\x96U4\x1a\xf4\
\xfa4\xc2@@\xec\xa7)\x03\x1b:\x95\x91\xa6\xd5\xfb\
\xebC~V\x8dY=\x82\x5c\xd7\xb3|\xa9W\xfa\x12\
\x92\x0e\x01\xa7\xb4nA\x12E$\x1d\x94JM\xc1N\
V\xba\x8c\xf5\x87\x81K\xd0PI\x18\xb8\x08\x9d\x1e_\
(\x98f\x18|1\x0aN\x0fKsq\x04\xc4)\xae\
\x19\x09\xb0\xc2\xb5\x90=\xa4\x87\xb5%V\x97-\xe4\xd6\
\x88f\xd4\x9b\x95\x90O\xe5\xa6e6\xe1\xa2\xca\xa5*\
H#\xcc<V\xb1\xd2^iT\xac\x93T\x22VJ\
*V\x9b\x04\x95\x1bq\xb3\x02\x14\x87\x9d\xd3\x12`\x05\
\xa8aa\x889\xb5-R\xed\xaab\xa9zUH\x83\
\xd5c\xb3\xca\xf9C\x86\x0d\x82\xdc\xc41\x97\xfd\x93G\
\xb3\x15.\x11\x97\xd5\xc1\xaa9\xd6w\x94\xcb\x88\x08\x5c\
V\x1f\xcb\x1f\x0a\x15!k\x18\xc5e9,;7I\
g\x88L\xa9\x06%\x12P\xc2JP\xcc\x8e2dG\
/{7\xe20\x80\xd8\xcdaoG\x9c\x17\x94\xd7\xdb\
\xb5\xe5\x17\xa6\xb5\x19RebvV\xb0\xd4\xe6\xb5}\
\x92\xd1\xcb(5\xb1zDZb\xda*\xb0\xec\xa3*\
\xf5\xac.OSF0\x15\xad)X\xebr\xd6\xb2\x96\
\xde/\x04\x04?;_\x1a~\xb6\x85\x5cr\xad\xa53\
u\xee\xd8\xa4hD\x1f\xc8\x96\x16\xaa\x09zP\x83h\
\x1e\x1a\xd7\x98\xd4\x94e\xe7\xb0\xf6BD\xe2\x8fe8\
\x8f8y\xac\xcf2\xb3\xba*\xc0\x9a\x16\x09z]\x92\
#\xae\xe9\x0aH(h\x0d\xc8\x81B\x92\x8ff\xa0\x89\
\xc0mu\xbaX\x19U\x1c\x8b[\xa9\xf4\x99+\xe6}\
\xad\xbaU\x89\x9bE\xe5\x16XK Vp\xb2\x8f\xca\
\xdc\x82'\x94&.=\x97U\x99H\xae-\xc4*'\
\x8f\xae+\x5cj\x15\xdb\x12\x0d\x5c\x82\xd2\x85E\x10\xf2\
\xb9\x15\xa3Ot\xdd!e\xd2P%\xcce\x85O\x90\
\xa6|\xc5Q@\xc1\xa1R\xb7\x97=w\xc8/h3\
\x02\x12\x90R(\x8c\x8a\xc8\xadU\x84\x12\x92\x0e\x16\x9d\
[\xa4c\x96.d\xc9\xc6\xa8G\x9c\xc4\xb4\x09VV\
\x1f\x18\x041\xc5u*#\xa5\x84I\x11\x18\x04\x8f\xd0\
\x14\xf0Y\x99\xc1\xea\x11\xbb\xe4\xba\xe9\xabS\x09i\xf6\
\xaa\xc6<!\xb9}a\xaeq4J\xc5b\x11U\xb0\
\xd7'\x0e\x19\xb1\x8c\xed\x12\x82>+\xab7\xd3\xe4e\
M>+\x13\x94\xe4T\xb0\xe2X\xa4;\x12\xe7\xc3|\
\xe2\x14\xaaa\x5c\xc1\xc0eh\x1c\xa8\xd2\x03\x18TY\
\xd0\x1f\xcc\xc0e\xa8=\x9aNe\xb4(\xc4\xf2\xb79\
^U\xf2Y\xc5\xb7e\x0b\xaa~\x0a\x93\x81\xa1\xd11\
\x0a2\xd6T\x9f\xa0.\x1f\x96\x90:\xbe\xc8\x5c\xf6\xcf\
\xae\xcc\x81)Pn\x9bd\xc2\x8ezjkDLn\
\x95\xf8\x04q\xc0Y\xf1\x17\xa1\xd2=\x91\xd7\xe5\xca\xb2\
.\xa8\xd8\xb0\x0aQ\x91\x0c\xa9n\x10T,?\x93L\
\xb4\xd5\x12\x06n\xe8\x13)P\x5c\x89\x1b0\x0az\xca\
\xeb\x5c\x81\xea\x13K\xa4\xd9\x18H\xb9;\xbd2\x90\x91\
\x8b\x99W\x01\xbb\xd5\xd7\xa6&\xd3F\xa7\xcd\xaf\xae\xcd\
2)\x12\xf19\x05\xc3\x92b\x8d\xf9\x9c\x9e4}X\
Tc>e\xce\x8e\xb9>\xa5C\xc3\x5c\xa9\xb3\xa7\xe5\
\x0a\x85H\xae1O\xe8\x5c\xeb\x1c\x8a\x80=}\x9dB\
BuR\xd2\x98fz\x8c\x8a\x12*\xa0E\xc3\xa0i\
\xa6\xc7\xa8h\x81\x954\x15\xbb8>\xbfd\xbe\xc8~\
2\xf6\x85\xb4\xf9\x5c\x19j\xd9\xdfp\xd10M\xa3\xc6\
\xa1\xebpQ\xe3\xc6j\x22\x5c\xd4\xb8\xe1\xa6\xc34q\
\xce\xd3\xe6m\xf2\x0bv\xc1\xe9\x13\xcd\xb1 k\xec\x14\
&:R-\x93\x96\xa1\xc3L\x1dZt\x98\xa5\xc3l\
q\x16\x92\xd9*\xea\x1b\xd3\xa9\x82\x0cOnR\x14\xa2\
\xeb\xf2\xd1bP\xd8\x15}\xae\x16q\xc1\x86\x22*L\
\x06\x9a\xe4Wfe\x98+\xf6\xd0\x99cU6M\x89\
@\xfcY4f\x09\xd8\x9d\x01f\x82\x06\xc4\xfe_\x93\
\xc3\xef\x94,\x0bqsU@\xa8s\x8bk\x98Y\xf7\
\xc1\xda(\x9b\x0c\x81z5\x19%\x14\xa8w\x0a.e\
\x86_\xc1\x86:RQ\xc4\xd0\xa6 \x92\xf0?\xc2I\
5\xa8Q\x10\xf3\x98\x917\x1b\x88\x025+\xc0\xc0\x15\
h\x8c\xce\x10\x13\xbby\xd6\xa4\xaaD\x9bb0\x0a\x0a\
V.\xc7\x8eJ\xdfUB\xac\xe7\xe1S\x0c.\x11\x06\
\xeaC\xcc@b\x9d\x83:\x8f4\xd4\xa2$\xaeF5\
d\x92%K\xb0\x0dIe\x01\xa7[\xf1u\x07\x1aX\
m\xa0Z\xb1Z\xc6j\xa5\x9a\x05C6k\xcb\xc3\xac\
\xb5\x0a%\x11\xc1\x13v5E\xd0p\xf85tM\xa3\
F?\xc9U\x87$L\x11\x1bD\x13\x0f\xbf\x80Y7\
I\xe1a$,\xed(4_J\x93\x0c,\xfc2F\
\xd5 \x98\xfdY>a\x19\xcd\x156Wn\x14dl\
\xa8|\x8c\x824B\xc6\x8a\x1d3H\x83M\xa2\x1d \
\xae\x97\x10\x7f\x16\xf1\x90\xc5\x8ad0MZ\xa3\x22\x0f\
\x15\xb0>k\x98d\xa0!_\x98\x7f\xc8'\x11\xd3\x99\
\xda9\x9e\x90[`]8\xb3\xafQ4\x09\x86\xb8u\
I\xa2\x06\x1fQaM}\x93X\xbd0\xcb\xa3Ai\
\x05\x14\xcc\x1c\xc1\xe1u\x0bA\x13\xb40\xac\xac<3\
&\x91\x0cE\xd3CI'q4B\xdb\xe8!\x01\xc9\
S\xb4q\xc5\x9f\xd4\xbbt*6\x80J$\xb7E\x97\
X\x1f\x94\x15Y-\x1f(Dr\x8d\xefN\xe7\x01\xb5\
#)\x02\xf1'ub\x02\x9a$S\x11I\xefN\xd3\
\xe57\x19\x12\x97c\xb8Br\xcfJc\x1206j\
FA\xc2\xfa\x00\x8bN%\xc4\x8cG\xa5\x8b\xa1Su\
U\x8d>\xfd\xcc\x90\xdf\x19P\xc3I\x989\x01A\x8d\
R\x84\x81\x167K}q/\x916\xce\xa5I\xeaX\
W\xd0jc\x16\xb3t\x90\xceT\xa0\xd9\x1a\x0a\x17e\
\x1eT\x06\xa6\x98\xcb\xfe\x05T\xcc\xbat\xd2\xe0\x9e[\
tu+\xcb\xc0\x0c\xa5\xb8\x95\xaa\x0bbc\x1d\xf2\x84\
\x07ST]\xd0\x0d\xf30M\xa7\xac\xe7\xd0VT\xaa\
\xac+\x9a=i\x96t\xd6\x1c\xe6\xdb\xacA\x96\xc9\xd9\
U\x95\x19\x01\x95H\xbduys\x90\x04\xc5\x91A\x8f\
\xbc\xb0\xd1\xc8\xa5\xb1\x11I\xd0||V\xbfU\x1a\x16\
\x95\x98\x16@\xdc\xd1\x98\xc6\xca\x89s\xb1\xa0Q\xcd#\
X\xcf.+\x977\xa9\xd8\x98\xb8\x18\x83\x81\xbb\xbcM\
F*VC&\x1e\xf2\x18\xa8<\xc4 -\x92\xd5\xb2\
\x8d&\x05\xbdu\xa2q\xcbL)\x15yd`\xd15\
\x8b&*\xc1\x03\x96\xa0\xd7+\x16\x22\xbf\xc7\xca\x22\xf1\
\xab\xcd\xb2\x84\xa4\x83E\xe7\x96\xa0x-\x99\x0a\x82i\
\x95\x81F\xa4\xe7UH\xd0\xef\xf5\xd5\xb7(\xfe\x22\x14\
\x8f\xd2l\x8dxAw\xd0\x1f\x12\x8d\x08\x975h\x13\
\x1c\x12a\xe5\xcecu;\x83\x8d\xf29\x8d\xc1&'\
+\xd9\xe2Q|\xf8\x16V\x08l^\x97C\x02\xf5\x99\
\xb2c\x91\x9d,\xc9q\x8a\x1b\xd9\xed\x12\x14W\x04\xb1\
\x9ei\xbd\xdf\x1bb\x09.*,\x83\x89\xe3/,\x87\
0\x16r*\xe6Q\x9a8\x06\xad1\x06\xfcV\x87\xd3\
\xab\xc92\x0b\xb9m~Vm\xca;\x04T\x12\xf20\
;*\xe4\xd1,!\x19\x86|\xf64V4=\xe2\xf2\
/ie]\xa3`\x17\xf7\xf4\xb0.]\xa3Sh\x92\
:\xf4\x12\x90\xaaX\xc1\xd1\xe8\xf4\xb4\xc8yUB\x8d\
^\xa7]\x10\x87S\x1a\xc5q$\xc3b\x19\x03W\xa0\
6\x80a\xe0\x0aTG\x93t\xaa el[c\x8d\
\xac\xa8\xbb\xd4\x1aG\x86\xf2\xd1\x22\xd5\xa9\xec \xf8\x9b\
\xea\xad\xc1\x80\xd5\xe7kr\xd6:\xd32\xa5\xa3E:\
\xb2hEW\xb4\xc9\x94!2\x87\xb4\x09_\x82\xca8\
\x9a\xcc\x98\xa9\xef\xb1\xd77\x1b\xab}\x954\x9b*g\
\x8d5\x9b\xfa\x18\x1ak66\xec*\x11G\xdaB6\
a\xb1\xd7\xebf\x05Yr\xc4\x1a\xc5\xeai\x10\x7f\x16\
i\xd3\xa6np\xeaTZ\xc3o\xf7:=r\xf7\xd8\
U'\xe1\x90_\xbcY\xd6\xdfcY\xcf\xc8\x1d^\xe9\
\xf3\x07*\x15B~\xafN\x9aY\x0fS\xdc^\xa2\x0a\
>\xb1:\xd3X\x8b\xb8\xcb\x84]\xcbUg\x1c\xe3p\
\xd5\x99\xe7\xb0\x1dm,\x90`\xa2<Sh\xf4d\xa4\
N\xf0H\xbb \xdd6g]\xc8\x1b\x0a(\xbc\x96e\
\x1dV\xe5\xcb\xc4\x00Y\xe9\xf5\xa8\xf3\x09i\x8d~i\
\x94\xdcU\xe7\xb6\xb2b\xe8\x10G\xc9X;\xc6\xee\xde\
\xefs\xd6\xd5\xb1\x07\xb7*s_:\x15\xfb\xc8\xea\xd8\
\x9e\x82\xa5\x1a\xdaU\xa7\xf5\xec\x5cu\xac\xb7\xd4\x22\xf5\
\xa8\x1c\x0efP[k\xd5\xceO\xad\xd6\xf1a(\xe0\
\xd0\x97P*8\xd0\xc0\xca\xa3\xfc~\x5cu\xd2\x9d\xb2\
\x1a\x81\xe5\x0bW\x9dx\x86x%\xc1&\xb0\xe4\xb5\x8b\
#t~o\xc0[\x1bT\xba\x01\xac\xe3d\xb3\xb1\x06\
P,\xd4\xe20z\xc8\xedc\x9do\xabx\x8b,\xdf\
\x0a\x01\xc9\xacgM\xad\xc7\xea\x13W\xf0\x07|^q\
\xd0[\x9ew\xf16\x8a\xf3\x87,\x12v\xc5F\xab8\
\xc9)-\xa3kt\xba\x05\xaf\xd5\x1et6:\x83-\
\xd2<\xb7E_\xe2g\x91\x8eY\xba\x90Uk\xf5\xd4\
:\xa5\xa4\x13\xbb\xde\xfaD\x9a<G\xa0N\xa7\xc9\xac\
\xbe\xc5\xe7a7\xb0\x98\xbd\xa3:\xa7]\x19\x03\xf1{\
]^\x87\xa0\x8e\xd3H[\x84\x8c\xd8b$Y\x0a\x11\
g\x95\xa4\xdd\xe7R\xe5$\xdd\xac\xd0$\xd8\xecV\xb9\
\xef\x22\xc3\x16\xf6\x9aZX\x9e\xcc\xb4d\xd9\xc4-\xf3\
Nu\x97\xb8\x84m\xae\x90\xc0*~q3\xab\xa3E\
\x1a\xcb\xb6y\xbdny\xdb\xaa\x10p\xf8\x94\x15\xc2\x22\
P\xa7\x22\x99\xab\xae\xde\xd6V\xce\xe9\xe3Jf\x89e\
qf\xe5h\x9a6\xa8dR\xc2v\xf8k-\x9a\x16\
(|@\xb0-\x0fM\xd3,\x06\x93b\xfal@\xeb\
+\x18V\xba\x99$\xe5\xb4V\xe1\x9b\xcda\x9bY\xbc\
\xac\xbdQz\x94*\xa9s\x06\x9db\xae`\x19H\x1e\
eW\x967\xab\xf3\x07\x06\x8d5\xeaV\xf9Z\xea4\
\x8cG\xcc\xba,s\xa7\x05\xa4\xa6\x8f5&\xea\x22X\
\xddt\xd4E\x86\x8c\xb2(\xb1\xdc-\x0dkJ\xc3D\
\xd2\xe3\xc9\x03\xa4\xf2\x7f\xa2\xe4U\x07\x8a\x14\xb6\xc8/\
/\xe0\x12[,\x05/\x0ay\xfdVi\xf3\x8c\xdfk\
cf\x85\xd4\xbd\xd4\xde\xb3N%\xa4\xbdY\x8d\xb1\x07\
\x91p\xf8\xcb\x0b\x17\x03Z?U\x04\xda\xdb\xd3\x98\x04\
\x0c\xc3\x04\x1a\x95P\xb3.6\x8bGf\x19\x8au\xa1\
\xa7N\xb3\xfe\xc4{\xd1\x88l;*D\xea\xf0\x8b\xfd\
\x13q\xeb\x1b{\x01NuuE\x98\xa6P\x83\x8fO\
\x9c\xf3\x97\xfe\xb7\xaa\xb6UY\x08:\x1b\x82^\xb5\x19\
\x14oC\x85\xacW+vVd\xa6\xcf\xfe+\x82x\
\x8fj\xdb)\xde\xa1\x8a\xc5\xdaJ\xc1\xcdR\xf1\x14\xed\
Af\xc4\xd4;\xdcNe\xf6\xd8\xed\x0c\x05li\xf2\
\xd4\x86\x84\xc4\x83J\xb4\xc1H\x95\x88.\xeb}0K\
\x8a!\xa5\xd8+\x9b\xdd\xc4\xa9!9c\xb1\xfee\x9d\
/$\xd5\xcfn\xc1\xed\xf5\xb7\xb8Y\xd6p+\x93\x16\
\x0c\xb9\xbd\xe2m\xe8\x13\x84\x06.N\x12\x886\x9e5\
\xe4P>\xc1aR|v\xa7\x14\xad_\xdaz/\x0f\
\x99IP\xbc\xbc\xc5\xee\xf5\xb2\xaed\xb0^2\xd6\xd8\
-*\xe9\xafs\xf1\xee\xa5\x013\xed\x99$&\x02\xa9\
y\xd0d\x89\xc9\xc0\xe34\xa8\x1e\xa7ag\x89Ch\
\x14W\x9f\xab\xd3\xf8:UP `\xf2`\xd4\x90@\
\xca\x83\xfb\xa5\xaf\x1f\xe8\x09\xa1q-\xc75\xcb3\xc6\
\x8a1j\xe8p\xb6\xa1\xcbC\xfb\x01\xe37=\x02\xd2\
\xca\x03\xc3g\x1bTfc\xa6\x9a:%\xa5bc0\
\x83\xa2\x10q\x92N\xf9\xbe\x02\x03\xc6/A\xa8TD\
\xf2\xb6\xfc4\xabXf\x9c\x01}S\xb5\x1e\xde,\xe9\
\xbb\x80[\x87P4i+\x9d\xc1W\xa3\xfa\x8e\xc50\
_]3\xec\x1c\x0c\x0bc\x10\x8d\x9b\xfa\xc2B\x19\xd5\
\xb0\xed]\xca\xd6\x16\xe3\x1e\xaf0\xc9\xcc\x0c1\x9b\xb5\
\xb0\x9daaA\x0c;\x864)\xe4\x0a\x186\x9b5\
\x9b\xbd-m\xdd\x9e%lK\x9a\xa5\x8d\xfb\xb5\x98\xf7\
\xa9Y\xc2}\xdbx\x00K\xd8\x13X\xdaz\x04K\xd8\
\x8e7K\x1b\xcfd1o\x83\xb3\xc8\xcf\xd8*\x8c\xe9\
\xc1-\xad\x9f\x5c\xdf=g\x91\xd7\xf278M\x1b\x1e\
D\xaa5\xc1\xfa\xf3\x98%\xf3r\xff6B\xe9\xban\
0\x88S\x95a6\x84$\xb5q\xba\xc1\xc3\xac\x89\x16\
\xba\xd4\xdd\xb4Z\xed:vj\xd0\xe6\xf6i\xd8\x1e0\
@#n\xd40\xebQ\x19q\xb3F\x84fA\xc3u\
\xceZ\x0d\xd7\x0bN\xfd\x8c\xfa\xa0\xdb\xa5\x91\x85\xcc\xce\
\xd5\x89\xafN\xc7\x01\x03\xd4\xaf\xd0 \xb4h\xd8\x9d\xad\
\xdf\xb5\xdba\x80zp\xb7W\xbfk\xb7/\xcb\x80\xb3\
5\xec\x0d\xea7\xaatmd\x5c\xafG\xef\xf3\xb0~\
\x98O\xbf\xb4\xb2HR\xc6\x01\xfd\xda\x86 ~k\x93\
\x8em\x1a\x0cX\x0d\x89\x1a0\xa6p\xa0^\x87\x8dz\
B\x04\x95\xe5\xe821$E\xd0p\xdf\xc1f\xfd~\
\x9a\xac\xfa37\x89;\xfdY\xf7\x84Y\x8fN=\x17\
4\xbb\xf4\xab6\x1b^F\x8b[Y\xce%w\x0d$\
\xa8\x17\x17\x03\x97+em\xd9\xbeN\xe5q\xcazo\
\xc0'\x8ez(\x0b\xafd\x22/\xc52,\x1c\xd39\
\xeb\xd0z\xeb\x98i\xeae\x9d\x10\x8fb\xdd\xc8P\xe9\
\x5cH\xa1\x8c8\xa0\x8c\x0a\x8aS\xf8\xcczpJ\xf3\
$\xea:.\x15\xeb\xd72)\x0a\x11\x1d\xad\xd7\xa7\x11\
\xf39\xba\xa42yB\xcc8<k\x10\x94\x81|\x8b\
f\xa3\xab\x824P\x95\xa5\x8fYe5\x8a\x0d\x11{\
nA\x03\x16y8\x22\xcd\xea\x10\x97A\x89#\xa8\xc6\
\x81\x89\xff\xe5\xd9J7\x14\x1ay\x85\xb0\x9a]\x9b\x8d\
o\xbfY\xcb\x13Jm&v\xba=N\xd6\x1b\x97\x93\
#\xd3xm\x95d\x1a\x879T\x12~\xba\xcc\xeb\xfc\
N\xb7\xba\xfc\xc0b\x8cK%\x16c\x5c\x16S\x5c\xca\
\xb9\x1a\x91-\x89,c,*\xc92\xc6\x92\x15\x1e\x8b\
\xbag+$\xf6\x83\x95<\x9cm\x8cF%\xd9\xc6h\
\xb2M\xd1\xa8'\xcb,\xa8v;s\x8c\xd1\xa8$\xc7\
\x18M\x8e)\x1a\xf1D\xadF\x0e\xdb\xac\x93k\x8cK\
%\xb9\xc6\xb8T\xd2F\x0ca\x922\x926\xcc\x18\xa5\
J\x86\x19\xa3\x1c\xd6v\x94!_\xad<P<\xdc\x18\
\x83J\x86\x1bcP\x89r\x82\xb8\xb6\xd9\xe7\x93\x87U\
\xf3\x8c'\xab$\xcfx\xb2JX\x06dv++\xc8\
\x82\xa7N[\xbd\x11.j\xdc\xe8\xc9\x8aM\xb3\xd5\xca\
\x8a\xbf\xb5\x85u\xa2\xfd^\xa7Cq,j\xc7A\xfd\
\xa2\x93\xf2\xe1#\xd6\x9d\x95\xd6\x5c\xfb\xbdnAe\xe2\
\xbae\x15\xd7:\xd9\xb3\x88\x1f\x7f\x92i\xc0Zk\xf5\
;\xe5\x87\x92\x8f\x8a\xd5b\xfa\xc6\x82\xfa\x99\x04\xd3\xb7\
\x15\xb4\x0f\x81\xf8\x02!q`L\xf9\x8c\x0a\xc3v1\
\xfb\xe8\xfbyUf\x17\xa7l\x82\xdaW}d\xa2\x5c\
\xb4N\x5c#h\xb3\x9b/\xab]\xd7|a\xed\xca!\
q\xedrP\xdb\xfa\xcb\xb06\xea\xe7\x0f\x89\xd3n~\
\xf1\xe3a\xcd\x824[S+~.*|*6\x5c\
4q\xe3\xaa\xf9\xd6\xbaI\x0a\x0f\xa3\xb7p\x8b\x5cb\
\x8a\xcbk\xbd\xa5\xb5b\xe2\x1c\x844\x97&\xf8M\xd3\
\xa8*1M\x9f\xd6k\xebi\xc5)\x12W\xc8\xa3L\
0IH\x1b\x91\x13\xcb\x9d[\x9cV\x15g!\x83N\
\x9f\xa7\xd1\xad\xb4\x10\xa6\x95.\xea2\x17\xd3\x8a\x16u\
9\x8b\xba\xd5[\x04\xe2`\x9c\xdd\xef\x94Vw\x18\xb1\
E\x8cX\xb4\xdd\xd4\xed\xe3\x8d\xe6\xbd\x05*1m\x1d\
P\x89\xfc\x05Qq5\x89\xe8\xfa\x05\xb1[mX2\
\xa2R\x05\x99\x96\x8c\x18\x14\x85\xe8zP\xde\xf7\xcf\x92\
H\xfaH\x8a\x96\xeb\xda\xd0U)<\x88\xe6%\xbd\x16\
\xbf\xf4\xe1\x84\xb0@a>\xca\xe4\x89!\x90\xc6C\xb6\
\x10;\x84<\xf2\x1b\x0b\x89\x03Q\xec \x0e>\x89}\
p\xbb]\xdc?,?J\xb8\xdc\xe8\xf4\x87\xe4\x83\xa5\
I\xfa\x16J\x8b\xe0\xf2\x05\xe4\xaf\x04\xabS\xb3\x1a3\
N\xce\x86\x89\x1a\x97\x80\xf6\xa9V=\xac&\xe9L\xff\
\xc4L\x98\xa6\xd3\x80\x14{[Q\x19|Z\x89mE\
l\xf4\x92\xd4\x16}\x81\x8bF\x85\xc64e4M\xb6\
\xfd5Z\x1b\x12\x5c\xcc:s\xfb\xd2\x1cNA\xdb\x19\
\x15&\xea\xdc\xe4\x9ba\xccW*\xc90\xe6V\x95\xf8\
\xbd\xda\xf8\x93\x02\x83\xd6\x06A\x9d\xda1K2\x93\xbf\
\x8b\x10\x08\xd9\xe4\xe2\x12\x08\x89v\x9c\x04\x83\xe2\x8c\x95\
Wo\x82\xc2z3ba\xa8\x13\x9a\xe55\xcd~\xab\
\xfc\xda\x1c\x82\xd5\xa1\xaf&1*2\xf1\x8aKR\xd3\
\x04m\xf5Y+U\x12\xb4\xc5\xf5\xda@`+5\xa0\
\xae\xe4m\xdb\xab\xb5\x1a\xfc\x1f\xa1\x83\xad\xa5\x96\xff\x11\
\xb4\xa5\x95$\x09nA\x5c]m\xce`\xbaf\xa0a\
\x99\xca J\xdc\xe3U\xbe\xc2$f6-\x94QU\
\x05\x1f\xab2\xd55\xdba\x9aJ\x95\x8f&\x85G\xa5\
\xcb\x92\x22V\x0d~\xf5\xd3\x1e&E\xfd\xd2 \xb3]\
u,\x7f?Te\xd2\xc8\xadF\xc4oI\xaa\xc40\
d\xabi\xd2\xa20cd\xfar3\xb3d\x8aVV\
\x8cq\x87/J3{\xd4I\xdfY0*\xe2\xfc\xaa\
Y\x91F\x84\xcdR\xc8g\xe6\xcd&\xaa\x11S\xec\xa6\
\x88\xcdq\x1a\xa2\xd3b\x0a\x98\xa2\x0a\xd8\xc4\x81\x10\xad\
\x22\xd6\x18\xab/tU%\xd2\xbe\xab4\xab\xb4\xa4\xc7\
\x1aPX\xc0iM\xb3\x86\xc4\x99(\x97\xd3*k\xe2\
Z\x05\xf1\x03\x0b\x01o(X/\x85\x90uq\xdaQ\
,\xb0\xb5\xe2\xf9r\xbf\xce\xaa\xeeAR\x99\x0c\xf4\x01\
$\x03W\xb6\xeb\xa8\xa3\xea:U\xf7\xf1\xa8\xfb\xa34\
*\xa3\xf0\xd1\xfcV\xaa,h\xfb\xd6t*#m\x92\
\x5c\xa72\xd2G\xf8\x0d\x5c\x86\xea>,\x85\xc8n\xb3\
ASg\xcd\xd8#\xab\xab\x95\xd9\x0d+\xd0\xb8n\x5c\
_\xbfl\x08\xab\xe7Y\xa3\x10\xb6\xde\xd9\x18cxn\
5\xca\xe2\x93\x1a\xb9\xf8\x80F.=\x96Q\x90\xbe\x7f\
\xa41\xf5I\x0c\xd1\x18b0\x9e\x1c\xf2\x05\xec^q\
n&hmv\x1a\x9b\x7f\x8dZ\xdd\x0eq\x08\xd0f\
\x953\x83\x86\xa5G\xd5\x98\xf4\x95\x18\x8d\xb0\x87\xd4\x88\
\xe1\x095MM:\xb3`\x8eQK\xbe0\xc5\x18w\
x\x12\x9a=\xc4\xa77+b\x22\x98\x15)-\xccR\
\xc8g\xe6\xcd&\xaa\x11S\xec\xa6\x88\xcdq\x1a\xa2\xd3\
b\x92\xf2[@\xcfz\x01O\xa3\xd3\xe1\xb4\xaa\x93\xb3\
\xfa\xd8\x86A\x088=\xd6\xb4&\xc1ico\xcb#\
\x16\xe7\xb4E\x8b\x9a\x9c\x0d\xe2\x87\x8b\xd8\x99\xca$\x88\
\xbaIP\xe3\xd2\x8a>\xbf\xd5a\xf5K\x93[a\x1d\
\xd80\xcd@\x95\xc2bR\xc4\xc5\xac\x86\x194\x95\xb1\
K\xf8\xed\xac\x03\xc6Z,\xd1T\x10\xe7\x97\xc4ED\
V\xe5\xcbO\x0a\x96&\xe2}V\xa9+\xa3,\xc0I\
k\x96\x07\x15\xb3e'Gvr\xc5\xd5\xab>\xab\xf6\
mp\x99\xa8\xae\xc5\xa4ZT\x90e\x92\xb3T\x90m\
\x92\xb3m~qK\x9f8\xf3/\xce\x0disT\xca\
\xa7\x87\xa4\xf5\xbf\x06(4\xfb\xbc\x81\x90_]\xf3 \
~\x90\x86\xf5o\xd4\xaeN\xc0\x15\xaa\xabS\x87\xad\x14\
\xacl[\x12\x97 \xd5\xa9[\x98$\xe2\xf1\x8a\xa3\x18\
~\xc1\x11\xb2\xcb{DX\x87D\x9d\xf0Q\x89Z\xf9\
\xf8\xdd\x01\xbd4\xb3&W\xfc\xe2\x90\xb8CT-\xbc\
A\xab\xbc\x1b\xc3!./\x08\x13\xd5\x09}\xab\xab\xc1\
\xc0\xea\x05A\x9c\xb8p\x8a+\xbf\xc5e\x0e\xe2\xeaC\
\xed\xc3\xc8\x1aq\xd5\x85s\x15\xaa\xae\xc5\x14\xc0\xd2\xe8\
\x14\x87\xf9\x82BfzF\xd8\x7fK\x1a\xfe\xbf\x94r\
\x1cX\x05n\x02\xab\xc1\xcd`\x0dX\x0bn\x01\xb7\x82\
\xdb\xc0\xed`\x1d\xb8\x03\xac\x07\x1b\xc0\x9d`#\xd8\x04\
\xee\x02w\x83\xcd\xe0\x1e\xb0\x05l\x05\xf7\x82\xfb\xc0\xfd\
\xe0\x01\xb0\x0dl\x07\x0f\x82\x87\xc0\xc3\xe0\x11\xb0\x03\xec\
\x04\x8f\x82\xc7\xc0\xe3\xe0\x09\xf0$x\x0a\xec\x02O\x83\
g\xc0n\xf0,x\x0e<\x0f^\x00/\x82\x97\xc0\x1e\
\xf02\xd8\x0b\xf6\x81W\xc0~\xf0*x\x0d\x1c\x00\x07\
\xc1\xeb\xe0\x10x\x03\xbc\x09\xde\x02o\x83w\xc0a\xf0\
.x\x0f\x1c\x01\xef\x83\x0f\xc0Qp\x0c\x1c\x07\x1f\x82\
\x8f\xc0\xc7\x5c\x14\xd7\x17\x9c\x00\x9f\x80\x93\xe0S\xf0\x19\
\xf8\x1c|\x01N\x81\xd3\xe0K\xf0\x15\xf8\x1a|\x03\xce\
\x80\xb3\xe0[p\x0e|\x07\xbe\x07?\x80\x1f\xc1O\xe0\
g\xf0\x0b\xf8\x15\xfc\x06\xce\x83\xdf\xc1\x05\xf0\x07\xf8\x13\
\xfc\x05\xfe\x06\x17\xc1?\xe0_\xf0\x1f\xb8\x04.\x83+\
\xe0*\xe4 \x80\x10\x22\x88!\x81\x14\xf20\x02F\xc2\
v0\x0a\xb6\x87\x1d`G\xd8\x09F\xc3\x18\xd8\x19\xc6\
\xc2.0\x0ev\x85\xdd`w\xd8\x03\xc6\xc3\x04\xd8\x13\
\xf6\x82\xbda\x1f\x98\x08\xfb\xc2~\xb0?\x1c\x00\x07\xc2\
$\x98\x0cS\xe0 8\x18\x0e\x81\xa90\x0d\xa6\xc3\xa1\
0\x03fB\x0b\xcc\x82\xd90\x07\xe6\xc2ap8\xcc\
\x83\xf9p\x04\x1c\x09G\xc1\x02X\x08\x8b\xe0hX\x0c\
K\xe0\x18X\x0a\xcb\xe0XX\x0e\xc7\xc1\xf1p\x02\x9c\
\x08'\xc1\x0aX\x09\xab\xe0d8\x05N\x85\xd5p\x1a\
\xac\x81\xd3\xe1\x0c8\x13\xce\x82\xb3\xe1\x1c8\x17\xce\x83\
\xf3\xe1\x02h\x856h\x87\x0e(\xc0ZX\x07\xeb\xa1\
\x13.\x84\x0d\xd0\x05\xdd\xd0\x03\xbd\xd0\x07\x17A?\x0c\
\xc0 \x0c\xc1F\xd8\x04\x9ba\x0b\x5c\x0c\xaf\x81K\xe0\
\xb5p)\xbc\x0e.\x83\xd7\xc3\xe5\xf0\x06\xb8\x02\xae\x84\
7\xc2U\xf0&\xb8\x1a\xde\x0c\xd7\xc0\xb5\xf0\x16x+\
\xbc\x0d\xde\x0e\xd7\xc1;\xe0z\xb8\x01\xde\x097\xc2M\
\xf0.x7\xdc\x0c\xef\x81[\xe0Vx/\xbc\x0f\xde\
\x0f\x1f\x80\xdb\xe0v\xf8 |\x08>\x0c\x1f\x81;\xe0\
N\xf8(|\x0c>\x0e\x9f\x80O\xc2\xa7\xe0.\xf84\
|\x06\xee\x86\xcf\xc2\xe7\xe0\xf3\xf0\x05\xf8\x22|\x09\xee\
\x81/\xc3\xbdp\x1f|\x05\xee\x87\xaf\xc2\xd7\xe0\x01x\
\x10\xbe\x0e\x0f\xc17\xe0\x9b\xf0-\xf86|\x07\x1e\x86\
\xef\xc2\xf7\xe0\x11\xf8>\xfc\x00\x1e\x85\xc7\xe0q\xf8!\
\xfc\x08~\x0cO\xc0O\xe0I\xf8)\xfc\x0c~\x0e\xbf\
\x80\xa7\xe0i\xf8%\xfc\x0a~\x0d\xbf\x81g\xe0Y\xf8\
-<\x07\xbf\x83\xdf\xc3\x1f\xe0\x8f\xf0'\xf83\xfc\x05\
\xfe\x0a\x7f\x83\xe7\xe1\xef\xf0\x02\xfc\x03\xfe\x09\xff\x82\x7f\
\xc3\x8b\xf0\x1f\xf8/\xfc\x0f^\x82\x97\xe1\x15x\x15q\
\x08 \x88\x10\xc2\x88 \x8ax\x14\x81\x22Q;\x14\x85\
\xda\xa3\x0e\xa8#\xea\x84\xa2Q\x0c\xea\x8cbQ\x17\x14\
\x87\xba\xa2n\xa8;\xea\x81\xe2Q\x02\xea\x89z\xa1\xde\
\xa8\x0fJD}Q?\xd4\x1f\x0d@\x03Q\x12JF\
)h\x10\x1a\x8c\x86\xa0T\x94\x86\xd2\xd1P\x94\x812\
\x91\x05e\xa1l\x94\x83r\xd104\x1c\xe5\xa1|4\
\x02\x8dD\xa3P\x01*DEh4*F%h\x0c\
*Eeh,*G\xe3\xd0x4\x01MD\x93P\
\x05\xaaDUh2\x9a\x82\xa6\xa2j4\x0d\xd5\xa0\xe9\
h\x06\x9a\x89f\xa1\xd9h\x0e\x9a\x8b\xe6\xa1\xf9h\x01\
\xb2\x22\x1b\xb2#\x07\x12P-\xaaC\xf5\xc8\x89\x16\xa2\
\x06\xe4Bn\xe4A^\xe4C\x8b\x90\x1f\x05P\x10\x85\
P#jB\xcd\xa8\x05-F\xd7\xa0%\xe8Z\xb4\x14\
]\x87\x96\xa1\xeb\xd1rt\x03Z\x81V\xa2\x1b\xd1*\
t\x13Z\x8dnFk\xd0Zt\x0b\xba\x15\xdd\x86n\
G\xeb\xd0\x1dh=\xda\x80\xeeD\x1b\xd1&t\x17\xba\
\x1bmF\xf7\xa0-h+\xba\x17\xdd\x87\xeeG\x0f\xa0\
mh;z\x10=\x84\x1eF\x8f\xa0\x1dh'z\x14\
=\x86\x1eGO\xa0'\xd1Sh\x17z\x1a=\x83v\
\xa3g\xd1s\xe8y\xf4\x02z\x11\xbd\x84\xf6\xa0\x97\xd1\
^\xb4\x0f\xbd\x82\xf6\xa3W\xd1k\xe8\x00:\x88^G\
\x87\xd0\x1b\xe8M\xf4\x16z\x1b\xbd\x83\x0e\xa3w\xd1{\
\xe8\x08z\x1f}\x80\x8e\xa2c\xe88\xfa\x10}\x84>\
F'\xd0'\xe8$\xfa\x14}\x86>G_\xa0S\xe8\
4\xfa\x12}\x85\xbeF\xdf\xa03\xe8,\xfa\x16\x9dC\
\xdf\xa1\xef\xd1\x0f\xe8G\xf4\x13\xfa\x19\xfd\x82~E\xbf\
\xa1\xf3\xe8wt\x01\xfd\x81\xfeD\x7f\xa1\xbf\xd1E\xf4\
\x0f\xfa\x17\xfd\x87.\xa1\xcb\xe8\x0a\xba\x8a9\x0c0\xc4\
\x08cL0\xc5<\x8e\xc0\x91\xb8\x1d\x8e\xc2\xedq\x07\
\xdc\x11w\xc2\xd18\x06w\xc6\xb1\xb8\x0b\x8e\xc3]q\
7\xdc\x1d\xf7\xc0\xf18\x01\xf7\xc4\xbdpo\xdc\x07'\
\xe2\xbe\xb8\x1f\xee\x8f\x07\xe0\x818\x09'\xe3\x14<\x08\
\x0f\xc6Cp*N\xc3\xe9x(\xce\xc0\x99\xd8\x82\xb3\
p6\xce\xc1\xb9x\x18\x1e\x8e\xf3p>\x1e\x81G\xe2\
Q\xb8\x00\x17\xe2\x22<\x1a\x17\xe3\x12<\x06\x97\xe22\
<\x16\x97\xe3qx<\x9e\x80'\xe2I\xb8\x02W\xe2\
*<\x19O\xc1Sq5\x9e\x86k\xf0t<\x03\xcf\
\xc4\xb3\xf0l<\x07\xcf\xc5\xf3\xf0|\xbc\x00[\xb1\x0d\
\xdb\xb1\x03\x0b\xb8\x16\xd7\xe1z\xec\xc4\x0bq\x03va\
7\xf6`/\xf6\xe1E\xd8\x8f\x038\x88C\xb8\x117\
\xe1f\xdc\x82\x17\xe3k\xf0\x12|-^\x8a\xaf\xc3\xcb\
\xf0\xf5x9\xbe\x01\xaf\xc0+\xf1\x8dx\x15\xbe\x09\xaf\
\xc67\xe35x-\xbe\x05\xdf\x8ao\xc3\xb7\xe3u\xf8\
\x0e\xbc\x1eo\xc0w\xe2\x8dx\x13\xbe\x0b\xdf\x8d7\xe3\
{\xf0\x16\xbc\x15\xdf\x8b\xef\xc3\xf7\xe3\x07\xf06\xbc\x1d\
?\x88\x1f\xc2\x0f\xe3G\xf0\x0e\xbc\x13?\x8a\x1f\xc3\x8f\
\xe3'\xf0\x93\xf8)\xbc\x0b?\x8d\x9f\xc1\xbb\xf1\xb3\xf8\
9\xfc<~\x01\xbf\x88_\xc2{\xf0\xcbx/\xde\x87\
_\xc1\xfb\xf1\xab\xf85|\x00\x1f\xc4\xaf\xe3C\xf8\x0d\
\xfc&~\x0b\xbf\x8d\xdf\xc1\x87\xf1\xbb\xf8=|\x04\xbf\
\x8f?\xc0G\xf11|\x1c\x7f\x88?\xc2\x1f\xe3\x13\xf8\
\x13|\x12\x7f\x8a?\xc3\x9f\xe3/\xf0)|\x1a\x7f\x89\
\xbf\xc2_\xe3o\xf0\x19|\x16\x7f\x8b\xcf\xe1\xef\xf0\xf7\
\xf8\x07\xfc#\xfe\x09\xff\x8c\x7f\xc1\xbf\xe2\xdf\xf0y\xfc\
;\xbe\x80\xff\xc0\x7f\xe2\xbf\xf0\xdf\xf8\x22\xfe\x07\xff\x8b\
\xff\xc3\x97\xf0e|\x05_%\x1c\x01\x04\x12D0!\
\x84\x12\x9eD\x90H\xd2\x8eD\x91\xf6\xa4\x03\xe9H:\
\x91h\x12C:\x93X\xd2\x85\xc4\x91\xae\xa4\x1b\xe9N\
z\x90x\x92@z\x92^\xa47\xe9C\x12I_\xd2\
\x8f\xf4'\x03\xc8@\x92D\x92I\x0a\x19D\x06\x93!\
$\x95\xa4\x91t2\x94d\x90Lb!Y$\x9b\xe4\
\x90\x5c2\x8c\x0b\x90\xe1$\x8f\xe4\x93\x11d$\x19E\
\x0aH!)\x22\xa3I1)!cH))#c\
I9\x19G\xc6\x93\x09d\x22\x99D*H%\xa9\x22\
\x93\xc9\x142\x95\xa3\xa4\x9aL#5d:\x99Af\
\x92Yd6\x99C\xe6\x92yd>Y@\xac\xc4F\
\xec\xc4A\x04RK\xeaH=q\x92\x85\xa4\x81\xb8\x88\
\x9bx\x88\x97\xf8\xc8\x22\xe2'\x01\x12$!\xd2H\x9a\
H3i!\x8b\xc95d\x09\xb9\x96,%\xd7q\xed\
\xc92r=YNn +\xc8Jr#YEn\
\x22\xab\xc9\xcdd\x0dY\xcb%\x92[\xc8\xad\xe46r\
;YG\xee \xeb\xc9\x06r'\xd9H6\x91\xbb\xc8\
\xddd3\xb9\x87l![\xc9\xbd\xe4>r?y\x80\
l#\xdb\xc9\x83\xe4!\xf20y\x84\xec ;\xc9\xa3\
\xe41\xf28y\x82<I\x9e\x22\xbb\xc8\xd3\xe4\x19\xb2\
\x9b<K\x9e#\xcf\x93\x17\xc8\x8b\xe4%\xb2\x87\xbcL\
\xf6\x92}\xe4\x15\xb2\x9f\xbcJ^#\x07\xc8A\xf2:\
9D\xde o\x92\xb7\xc8\xdb\xe4\x1dr\x98\xbcK\xde\
#G\xc8\xfb\xe4\x03r\x94\x1c#\xc7\xc9\x87\xe4#\xf2\
19A>!'\xc9\xa7\xe43\xf29\xf9\x82\x9c\x22\
\xa7\xc9\x97\xe4+\xf25\xf9\x86\x9c!g\xc9\xb7\xe4\x1c\
\xf9\x8e|\xcfE\x93\x1f\xc8\x8f\xe4'\xf23\xf9\x85\xfc\
J~#\xe7\xc9\xef\xe4\x02\xf9\x83\xfcI\xfe\x22\x7f\x93\
\x8b\xe4\x1f\xf2/\xf9\x8f\x5c\x22\x97\xc9\x15r\x95r\x14\
PH\x11\xc5\x94PJy\x1aA#i;\x1aE\xdb\
\xd3\x0e\xb4#\xedD\xa3i\x0c\xedLci\x17\x1aG\
\xbb\xd2n\xb4;\xedA\xe3i\x02\xedI{\xd1\xde\xb4\
\x0fM\xa4}i?\xda\x9f\x0e\xa0\x03i\x12M\xa6)\
t\x10\x1dL\x87\xd0T\x9aF\xd3\xe9P\x9aA3\xa9\
\x85f\xd1l\x9aCs\xe90:\x9c\xe6\xd1|:\x82\
\x8e\xa4\xa3h\x01-\xa4Et4-\xa6%t\x0c-\
\xa5et,-\xa7\xe3\xe8x:\x81N\xa4\x93h\x05\
\xad\xa4Ut2\x9dB\xa7\xd2j:\x8d\xd6\xd0\xe9t\
\x06\x9dIg\xd1\xd9t\x0e\x9dK\xe7\xd1\xf9t\x01\xb5\
R\x1b\xb5S\x07\x15h-\xad\xa3\xf5\xd4I\x17\xd2\x06\
\xea\xa2n\xea\xa1^\xea\xa3\x8b\xa8\x9f\x06h\x90\x86h\
#m\xa2\xcd\xb4\x85.\xa6\xd7\xd0%\xf4Z\xba\x94^\
G\x97\xd1\xeb\xe9rz\x03]AW\xd2\x1b\xe9*z\
\x13]Mo\xa6k\xe8Zz\x0b\xbd\x95\xdeFo\xa7\
\xeb\xe8\x1dt=\xdd@\xef\xa4\x1b\xe9&z\x17\xbd\x9b\
n\xa6\xf7\xd0-t+\xbd\x97\xdeG\xef\xa7\x0f\xd0m\
t;}\x90>D\x1f\xe6f\xd2G\xe8\x0e\xba\x93>\
J\x1f\xa3\x8f\xd3'\xe8\x93\xf4)\xba\x8b>M\x9f\xa1\
\xbb\xe9\xb3\xf49\xfa<}\x81\xbeH_\xa2{\xe8\xcb\
t/\xddG_\xa1\xfb\xe9\xab\xf45z\x80\x1e\xa4\xaf\
\xd3C\xf4\x0d\xfa&}\x8b\xbeM\xdf\xa1\x87\xe9\xbb\xf4\
=z\x84\xbeO?\xa0G\xe91z\x9c~H?\xa2\
\x1f\xd3\x13\xf4\x13z\x92~J?\xa3\x9f\xd3/\xe8)\
z\x9a~I\xbf\xa2_\xd3o\xe8\x19z\x96~K\xcf\
\xd1\xef\xe8\xf7\xf4\x07\xfa#\xfd\x89\xfeL\x7f\xa1\xbf\xd2\
\xdf\xe8y\xfa;\xbd@\xff\xa0\x7f\xd2\xbf\xe8\xdf\xf4\x22\
\xfd\x87\xfeK\xff\xa3\x97\xe8ez\x85^\xe59\x1e\xf0\
\x90G<\xe6\x09Oy\x9e\x8f\xe0#\xf9v|\x14\xdf\
\x9e\xef\xc0w\xe4;\xf1\xd1|\x0c\xdf\x99\x8f\xe5\xbb\xf0\
q|W\xbe\x1b\xdf\x9d\xef\xc1\xc7\xf3\x09|O\xbe\x17\
\xdf\x9b\xef\xc3'\xf2}\xf9~|\x7f~\x00?\x90O\
\xe2\x93\xf9\x14~\x10?\x98\x1f\xc2\xff?\xec\xbdw`\
\x15E\xd78\xbc}fwC@e\x03\xd8\x90\x22h\
\xa4\x09\x22\xd2\x8b\x884\x01\xc1\x1bD\xaa E@\x91\
\x12zHHH\xb9\xd9T\x12J\x08$t0\x91\x12\
AQ\x8a\xa2 V\xec\x01\xc4\x86\x8d* u\x81\x1b\
\x92o\xa7l\xb9!@\x12\xc5\xe7y\xde\xef\xc7\x1f\xc3\
\xe4n\x9b9s\xe6\x9c3\xa7\xd6\x03\xf5A\x03\xd0\x10\
4\x02\x0f\x83\xc6\xa0\x09x\x044\x05\x8f\x82f\xe01\
\xd0\x1c\xb4\x00-A+\xd0\x1a\xb4\x01mA;\xd0\x1e\
t\x00\x8f\x83\x8e\xe0\x09\xd0\x09<\x09:\x83.\xa0+\
\xe8\x06\xba\x83\xa7@\x0f\xd0\x13\xf4\x02O\x83\xde\xa0\x0f\
x\x06x@\x08\xe8\x0b\x9e\x05\xfd\xc0s\xa0?\x18\x00\
\x06\x82A`0\x18\x02\x9e\x07C\xc10\xf0\x02\x18\x0e\
F\x80\x91`\x14x\x11\x8c\x06c\xc0X\xf0\x12x\x19\
\x8c\x03\xaf\x80\xf1`\x02\x98\x08&\x81P0\x19L\x01\
S\xc140\x1d\xcc\x003A\x18\x98\x05\xc2A\x04\x98\
\x0d\x22A\x14\x98\x03\xa2A\x0c\x88\x05q\xc0\x0b\xe2\x81\
\x0e\x12@\x22H\x02\xc9 \x05\xa4\x82\xb9 \x0d\xa4\x83\
y`>X\x00\x16\x82\x0c\xb0\x08d\x82\xc5`\x09\xc8\
\x02\xd9`)X\x06\x96\x83\x15`%X\x05V\x835\
`-x\x15\xe4\x80\x5c\xf0\x1aX\x07\xd6\x83\x0d`#\
\xc8\x03\xaf\x83M`3x\x03\xbc\x09\xb6\x80\xb7\xc0\xdb\
`+\xd8\x06\xb6\x83\x1d\xe0\x1d\xf0.\xd8\x09\xde\x03\xef\
\x83]`7\xf8\x00\xec\x01\x1f\x82\x8f\xc0\xc7\xe0\x13\xf0\
)\xf8\x0c\xec\x05\x9f\x83/\xc0\x97\xe0+\xf05\xf8\x06\
|\x0b\xf2\xc1>\xb0\x1f\x1c\x00\xdf\x81\x83\xe0{\xf0\x03\
\xf8\x11\xfc\x04~\x06\x87\xc0/\xe0W\xf0\x1b\xf8\x1d\xfc\
\x01\x0e\x83#\xe0(8\x06\x8e\x83\x13\xe0Op\x12\x9c\
\x02\xa7\xc1_\xe0\x0c8\x0b\xce\x81\xf3\xe0\x02\xb8\x08\x0c\
p\x09\x5c\x06W\x80\x0f\x14\x80\xab\xa0\x10\x14A\x06\xb2\
\x90\x83<\x14\xa0\x08%\x08 \x842T\xa0\x0a\x03`\
\x05\x18\x08+\xc2J\xf06x;\xbc\x03V\x86\x1a\x0c\
\x82U`UX\x0d\xde\x09\xef\x82w\xc3{\xe0\xbd\xb0\
:\xbc\x0f\xd6\x805a-X\x1b\xde\x0f\xeb\xc0\xba\xf0\
\x01\xf8 \x0c\x86\x0f\xc1z\xb0>l\x00\x1b\xc2F\xf0\
a\xd8\x186\x81\x8f\xc0\xa6\xf0Q\xd8\x0c>\x06\x9b\xc3\
\x16\xb0%l\x05[\xc36\xb0-l\x07\xdb\xc3\x0e\xf0\
q\xd8\x11>\x01;\xc1'ag\xd8\x05v\x85\xdd`\
w\xf8\x14\xec\x01{\xc2^\xf0i\xd8\x1b\xf6\x81\xcf@\
\x0f\x0c\x81}\xe1\xb3\xb0\x1f|\x0e\xf6\x87\x03\xe0@8\
\x08\x0e\x86C\xe0\xf3p(\x1c\x06_\x80\xc3\xe1\x088\
\x12\x8e\x82/\xc2\xd1p\x0c\x1c\x0b_\x82/\xc3q\xf0\
\x158\x1eN\x80\x13\xe1$\x18\x0a'\xc3)p*\x9c\
\x06\xa7\xc3\x19p&\x0c\x83\xb3`8\x8c\x80\xb3a$\
\x8c\x82s`4\x8c\x81\xb10\x0eza<\xd4a\x02\
L\x84I0\x19\xa6\xc0T8\x17\xa6\xc1t8\x0f\xce\
\x87\x0b\xe0B\x98\x01\x17\xc1L\xb8\x18.\x81Y0\x1b\
.\x85\xcb\xe0r\xb8\x02\xae\x84\xab\xe0j\xb8\x06\xae\x85\
\xaf\xc2\x1c\x98\x0b_\x83\xeb\xe0z\xb8\x01n\x84y\xf0\
u\xb8\x09n\x86o\xc07\xe1\x16\xf8\x16|\x1bn\x85\
\xdb\xe0v\xb8\x03\xbe\x03\xdf\x85;\xe1{\xf0}\xb8\x0b\
\xee\x86\x1f\xc0=\xf0C\xf8\x11\xfc\x18~\x02?\x85\x9f\
\xc1\xbd\xf0s\xf8\x05\xfc\x12~\x05\xbf\x86\xdf\xc0oa\
>\xdc\x07\xf7\xc3\x03\xf0;x\x10~\x0f\x7f\x80?\xc2\
\x9f\xe0\xcf\xf0\x10\xfc\x05\xfe\x0a\x7f\x83\xbf\xc3?\xe0a\
x\x04\x1e\x85\xc7\xe0qx\x02\xfe\x09O\xc2S\xf04\
\xfc\x0b\x9e\x81g\xe19x\x1e^\x80\x17\xa1\x01/\xc1\
\xcb\xf0\x0a\xf4\xc1\x02x\x15\x16\xc2\x22\x99\x91Y\x99\x93\
yY\x90EY\x92\x81\x0ceYVdU\x0e\x90+\
\xc8\x81rE\xb9\x92|\x9b|\xbb|\x87\x5cY\xd6\xe4\
 \xb9\x8a\x5cU\xae&\xdf)\xdf%\xdf-\xdf#\xdf\
+W\x97\xef\x93k\xc85\xe5Zrm\xf9~\xb9\x8e\
\x5cW~@~P\x0e\x96\x1f\x92\xeb\xc9\xf5\xe5\x06r\
C\xb9\x91\xfc\xb0\xdcXn\x22?\x227\x95\x1f\x95\x9b\
\xc9\x8f\xc9\xcd\xe5\x16rK\xb9\x95\xdcZn#\xb7\x95\
\xdb\xc9\xed\xe5\x0e\xf2\xe3rG\xf9\x09\xb9\x93\xfc\xa4\xdc\
Y\xee\x22w\x95\xbb\xc9\xdd\xe5\xa7\xe4\x1erO\xb9\x97\
\xfc\xb4\xdc[\xee#?#{\xe4\x10\xb9\xaf\xfc\xac\xdc\
O~N\xee/\x0f\x90\x07\xca\x83\xe4\xc1\xf2\x10\xf9y\
y\xa8<L~A\x1e.\x8f\x90G\xca\xa3\xe4\x17\xe5\
\xd1\xf2\x18y\xac\xfc\x92\xfc\xb2<N~E\x1e/O\
\x90'\xca\x93\xe4Py\xb2<E\x9e*O\x93\xa7\xcb\
3\xe4\x99r\x98<\x0b\xb2<\xc3\xb0\x0c\xc33\x82\xb9\
\x11>a\x94pF\x1d\xc3\x04\xf4c*t`\x02\x0b\
\x99J\xef0\xb7\x871\xdax\xa6\xca#L\xd5\xbaL\
\xb5\xaf\x98\xbb\xba1w\xefa\xeem\xc3T\xff\x90\xb9\
\xef\x03\xa6f$S\xbb+S\xa7&\xf3\xc02\xe6\xa1\
\xfb\x98\x87\x1a0\x0f\xb5c\xea\xadd\xea\xbd\xc94\xd0\
\x98\x06\x0f0\x0d{1\x8d^g\x1a\xedf\x1a?\xca\
4\xee\xc24y\x8ey$\x8ai\xba\x8ei\xba\x93y\
,\x90i\xde\x97i>\x9ci>\x99i\xf9\x06\xd3\xea\
\x07\xa6\xcd\xfbL\x9b|\xa6\xdd\xbd\xcc\xe3\xdd\x98\x8e\xfb\
\x98N\xcf0\x9d\x862\x9d&1O.b\xba\xccb\
\xba\xa40]\x0f0]\x0f3]/1\xdd$\xa6[\
U\xa6\xfb4\xa6{\x22\xf3T\x16\xd3\xa3\x80\xe9\x19\xc8\
\xf4\x8adz\xcdg\x9eNaz\xbf\xc5\xf49\xc4\xf4\
9\xcfxZ1}71}w2\xfd~b\xfa\x9d\
e\xfa\x1fb\xfa_a\x06\xadg\x86\xacb\x86\x8db\
F>\xc4\x8c\x1c\xcc\x8c|\x97\x19\xb5\x96\x19\xfd\x17\xf3\
\xd2\xdd\xcc\xb83\xcc\x84\xe3Lh?f\xca(f\xca\
Vfj03}\x1d\x13\xd6\x81\x99\xb5\x89\x89x\x80\
\x89\xe8\xc7D$2Q\x03\x98\x98\x86L\xccf&\xe6\
 \x13[\x89\x89\xed\xc2\xc4\xedc\xe2=L\xfcL&\
>\x93I\xb8\x8dILb\x12\xb3\x99\xc4\xb7\x98\xa4\xfa\
L\xd2r&i\x03\x93\x5c\xc8\xa4z\x98\xd4\x11Lj\
8\x93:\x97\x99;\x8b\x99\x1b\xc3\xcc]\xc3\xcc\xab\xc4\
\xcc\xaf\xc6d\xfe\xc6d\xa71\xcb\xe72\xab\xb2\x98\xd5\
\x12\xb3z\x1a\xf3\xea\x07\xcc\xab\x87\x98W/3\xb9\xcb\
\x99\xd7\x8e3\x1b\x9a1\x9b\x1ea\xde\x9a\xc4\xec\x88c\
\xde\xdd\xc0\xec\xde\xc9|\xd4\x85\xf9\xf4\x0f\xe6\xd3\x93\xcc\
\xa7W\x98\xcfF3{;0{=\xcc\xde\x1f\x98\xbd\
'\x99\xcf?b\xbe\xc8a\xbe\xd8\xc1|\x05\x98\xaf\xaa\
2_\x7f\xc4|;\x91\xc9\xdf\xca\xe4\x7f\xc6\xe4\x1f`\
\xf6\xbd\xc1\x1c\xa8\xc3|\xf7\x1b\xf3C\x7f\xe6PW\xe6\
\xb7\xbe\xcco\xc9\xcc\xef^\xe6\x8f9\xcc\xe1\xbe\xcc\x91\
\xae\xcc\xd1\xd6\xcc\xd15\xcc\xb1L\xe6\xf8\x8b\xcc\x89\xa1\
\xcc\xc9/\x98\xd3=\x99\xb3k\x98\xb3\x17\x98\x0b{\x99\
K[\x98K\xbb\x19\xdfU\xa6\xa8\x12St\x0f\xcb\x8d\
b\xc5\xad,\xfc\x95U/\xb2\x01<[q4{\xfb\
\x9b\xac\x96\xc6V\x9d\xc3VMe\xab~\xceV\xe3\xd8\
\xbbz\xb0\xf7\xb6a\xab/gk\xfc\xce\xd6T\xd9\x9a\
\x8f\xb25\xfb\xb35\xe7\xb05\xb7\xb35/\xb2\xb5\x1e\
bk\xbd\xc0\xd6Nek\xbf\xc6\xd6\xde\xcc\xd6\xa9\xcf\
\xd6y\x8c\xad\xb3\x85\xad\xa7\xb2\x8d\x17\xb0\x8f|\xce>\
\xfa(\xdb\xbc\x80m5\x89m\x15\xcb\xb6\xcad\xdb<\
\xc1\xb6\xf5\xb1\xed\xa2\xd8\xf6\xf3\xd8\xf6k\xd9\xf6\xdb\xd9\
\xc7\xbb\xb2\x8f\x0fb\x1f\x7f\x85}b\x11\xdby%\xdb\
Ud\xbbVe\xbb\x0de\xbb\xfd\xc8\xf6\xe8\xca\xf6\xfc\
\x99}\xfa.\xf6\xe9\x06\xec\xd3-\xd8\xa7{\xb0O\x8f\
d\xfbTc\x9f\xf9\x8c}\xe6\x0c\xeb\xf9\x90\xf5\x1cd\
=\xe7\xd8\x90\x14\xb6oC\xb6\xef\x13\xec\xb3\x9f\xb2\xfd\
Yv\xc09v\xd0\xb3\xec\xe0'\xd9\xc1\x9f\xb3\xcf\xff\
\xc0\x0ee\xd8\xa1\xb7\xb3C\x83\xd9\xa1-\xd9\xa1=\xd8\
\xa1\xcf\xb3\xc3\x82\xd9\x17&\xb0\xc3\x07\xb3#5v\x94\
\xca\x8ey\x9e\x1d3\x8d\x1d;\x80\x1d;\x9b\x1d\x9b\xc6\
\xbe<\x9f\x1d\xd7\x93\x9d\x90\xcaNX\xc0N\xfc\x8a\x0d\
}\x9d\x9d\xfc*;\xad&;3\x8a\x9d\x99\xca\x86\xd5\
d\xc3\xfe`\xc3\xdb\xb0\x11w\xb0\x91/\xb1\x91\x09l\
\xd4(v\x0e\xc7\xcey\x95\x8dNbcF\xb3\xb1\x1c\
\x1b\xbb\x80\x8d[\xc4z\xa7\xb0\xf1\xb7\xb1\xf1\xabX=\
\x9eM\x18\xc9&\x14\xb2\x89\xf3\xd9\xa4\xe9l\xf2cl\
\x0a\xcb\xa6|\xc3\xa6\x5cbS\xab\xb1s\xe7\xb1\xe9w\
\xb2\xf3\xfa\xb2\xf3\xb3\xd8\xf9\x9f\xb2\xf3\x0dv\xe1\xebl\
FE6\xf3av\xf1~6\xbb\x12\x9b\xfd \x9b\xdd\
\x85\xcd~\x9a\xcd\x1e\xc5f{\xd9\xecT6{\x15\x9b\
\xbd\x93\xcd6\xaf\x1a\xecR\xc0./dWTaW\
4fW\xf4aW\x0c`W]fWWf\xd7l\
a\xd7\xecg\xd7\x1cf\xd7\x5ce\xd7\xde\xcb\xae\xad\xc3\
\xaem\xc1\xae\xf5\xb0k\xc7\xb2k\x13\xd8\xb5\x8b\xd9\x9c\
G\xd9\x5c\xc8\xe6j\xeck)\xec\xba\xf9\xec\xfa\xcd\xec\
\x86\xa5\xec\xc646\xcf\xcbnj\xc4\xbe\xf9\x11\xfb\xf6\
 vkuvkcv\x1bd\xb7\xdd\xc9n;\xcb\
\xee\x88e\xdf\xbd\x87}\xf7\x0fv\xe7z\xf6\xbd)\xec\
\xfb\x1a\xfb~M\xf6\xfd\x86\xec\xfb\xad\xd9\xf7\xbb\xb2\xbb\
\xb6\xb3\xbb\x87\xb0\xbb_b?\xb8\x9d\xfd\xe0Mv\xcf\
s\xec\x9e!\xec\x9e\xaf\xd9\x8fk\xb2\x1f\xd7g?\xee\
\xc2~\xd2\x91\xfdd0\xfb\xc9t\xf6\x93y\xec'9\
\xec'o\xb3\x9f\xff\xc4~\xb1\x8d\xfd\xf2\x02\xfbu3\
\xf6\x9b\x89\xec\xb7o\xb0\xdf\xeef\xbf=\xc8\xee_\xc2\
\xee\xcfe\xf7\x7f\xca\xee?\xc3\xee\xbf\xcc\x1e\xa8\xc0~\
\xf7\x01\xfb\xfd9\xf6\xa7\xa7\xd8\x9f\xa6\xb1?\xadc\x7f\
\x19\xcd\xfe\x12\xcd\xfe\xb2\x9a\xfd=\x80\xfd\xfdn\xf6\x8f\
_\xd8#\x13\xd9#^\xf6\xc8B\xf6h[\xf6h\x0f\
\xf6\xe8\x0b\xec\xd1\x89\xec\xd18\xf6\xf8\x07\xec\xc9\xee\xec\
i\x9d\xfdk*{\xe6\x17\xf6|?\xf6|4{~\
+{\xf1\x0a{\xc5\xc7\xfa\x1ed}\x83\xd8\xc2\xfb\xd8\
\xc2\xfalaK\x8e\xe9\xc9\x89*'\xb5\xe4\xa4\xae\x1c\
L\xe2\x94\xfb85\x81S\xb3\xb9\x80\xa7\xb8\xc00\xae\
\xe2S\xdc\xed\xe7\xb9;\xaerU+q\xd5\x96qw\
\xdd\xcb\xdd\xfd\x15w\xcf\x02\xae\xd6\xd3\x5c\xf0\xe7\x5c\xe3\
\x19\x5c\x13\x83k:\x9fk\xd6\x90{\xecK\xae\xc5d\
\xaee>\xd7\xa6-\xd7\xa6'\xd7\xbe:\xd7^\xe7\xda\
\xa7s\xedWp\xed\xbf\xe3:$q\x1d\x96p\x1d6\
p\x8f's\x1d\xc7q\x1d\xa3\xb9\x8e\x89\x5c\xc7\x15\x5c\
\xa7\x0a\x5c\xa7`\xae\xd3 \xae\xd3H\xae\xd3\xf7\x5c\xa7\
\xe3\x5c\xa7\xcb\xdc\x93;\xb9\xce\x13\xb8\xceI\x5c\xe7\xb5\
\x5c\xe7\x8f\xb9\xce\xc7\xb9.\x81\x5c\x97&\x5c\x97\x01\x5c\
\x978\xae\xcb\x1b\x5c\xf7X\xae\xe7\x00\xaewO\xee\x99\
F\x5c\xdf\x9e\x5c\xdfa\x5c?\x9e\xeb\x7f\x1b7\xa0\x1f\
7p?7\xf8\x05n\xf0K\xdc\xe0\x19\xdc\x90\x9f\xb8\
\xe7\x0b\xb9a\xcfs#gr\xa3\xabqcs\xb8\x97\
Vr\xe3\x8fp\x13\x8b\xb8I\x95\xb8I\x8frS^\
\xe7\xa6\x9d\xe0\xa6\x0b\xdc\xf4Z\xdc\x0c\x89\x9bQ\x83\x9b\
\xb9\x93\x9b\xf9#7\xf3\x12\x17V\x85\x9b\xf5)7\xeb\
(\x17\xceq\xe1\xf7r\xe1\x8fq\x11*\x17\x11\xccE\
<\xc9E\xf5\xe5b\x05\xce\xfb\x0b\xa7{\xb9\x04\x95K\
\xd8\xca%\x8e\xe6\x92\xc6rI3\xb9\xa4o\xb8\x94\xe1\
\x5cJ\x18\x972\x97K\xd9\xc0\xa5\xec\xe6R~\xe1R\
.p\xa9\xb7s\xa9\xf9\xdc\xdcM\xdc\xdc\xf7\xb9\xb46\
\xdc\xbc\xcb\x5c\x86\xc4-\xbe\xca-\xdd\xce-\xef\xc3\xad\
\xd6\xb85)\xdc\x9aln\xcd\xeb\xdc\xda?\xb9\xb5E\
\xdc\xab\xc7\xb9\x9c\x83\x5cnE\xee5\xc0\xbd6\x95[\
\x7f\x84\xdb\xb0\x99\xdb\xf01\xb7q\x06\x97\xd7\x8c\xcb\xeb\
\xc6\xe5\x8d\xe0^\x1f\xc9mJ\xe16\xa7qo\xbc\xc6\
\xbd\x99\xcem\x19\xc3m\x99\xcbmy\x8b{\xab\x05\xf7\
\xf6\x0e\xee\xedo\xb8\xb7\x8fq\xdbfp\xdb\xf7p\xdb\
\x7f\xe1\xb6\x17p\xef\xf6\xe4\xde\x9b\xcd\xbd\xff=\xb7\xfb\
anw[\xee\x83\xa7\xb8=\x03\xb9\x0f\x9f\xe1>\xfa\
\x81\xfbx\x17\xf7\xc9Z\xee\x93\xdd\xdc'\xbfp\x9f\xd7\
\xe7\xbe\xfc\x95\xfbj<\xf7U\x0c\xf7\xf5Z\xee\x9b\xbd\
\xdc\xb7_q\xf9_r\xfb\xc2\xb8\xfd\x0fr\xfb\xdbp\
\xfb\x9f\xe1\x0e|\xcd\x1d\xec\xcb\x1d\x9c\xc8\x1dL\xe1~\
\x98\xc4\xfd\xf4\x22\xf7S\x0a\xf7\xd3y\xeeP\x1a\xf7k\
}\xee\xd7\x81\xdc\xaf\x9fp\xbfw\xe7\xfe\xc8\xe7\x8e\xfc\
\xc6\x1d+\xe0Nt\xe6\xfe\x8c\xe7N~\xcb\x9d\xfe\x93\
;]\xc0\x9dm\xc0\x9d\x7f\x9a\xbb\xf0\x0bgL\xe3\x8c\
\xd9\xdc\xa5\x15\xdc\xe5\x8f\xb9+\x1b8\xdfJ\xae \x8e\
\xbb\xfa2w5\x86\xbb\xba\x8cgv\xf0\x9c\xc1\xf3\x80\
\xe7\xef\xe4\x85V\xbc\xf8\x02/u\xe3\xc19\x1e&\xf3\
r}^n\xcd+\x11|@%\xbe\x82\xc4W\xb8\x9b\
\x0f\x1c\xc0W\xac\xceW<\xc6W\xea\xc5W\xda\xc5\xdf\
>\x91\xaf\x5c\x9d\xaf\x9c\xcekUx\xed\x04\x1f\xb4\x9b\
\xaf\xba\x9b\xbf\xf3w\xfen\x95\xbf\xbb:\x7f\xcf`\xbe\
\xfad\xbez$_\xe3\x0c_\xfbc\xbe\x8e\xc4\xd7\xd9\
\xca\xd7\xd9\xcf\xd7\xdd\xc8?\xb8\x9a\x0f\x8e\xe4\x1f\x1a\xcd\
\xd7\xab\xcd\xd7\xab\xcf\xd7\xef\xc47\x9f\xcc\xb7y\x8d\xef\
t\x80\x7fr5\xdf\xa5\x11\xdf\xe5\x09\xbe\xeb{|\xf7\
'\xf8\x1eM\xf9\xa7\xbb\xf3}\x16\xf2!\xc3\xf9g{\
\xf3\xfd\x22\xf9~\x97\xf9\x01\xed\xf8\x01O\xf1Cv\xf0\
\xc3+\xf2\xc3\xab\xf0\xc3\x9f\xe6_\x8c\xe6'6\xe7g\
~\xc0\xc7\xe6\xf1qo\xf2\xde>\xbc\xde\x94\xd7;\xf2\
\xfas|\xe2$>E\xe4\xd3\xbe\xe3\x174\xe23\xf3\
\xf8%\x1f\xf0Y\x07\xf9\xec\xb3\xfc\xd2\x9f\xf8eG\xf8\
\xe5'\xf8\x15-\xf9\x95^\xfe\xd5 ~\xfd\x9b\xfc\x86\
a\xfc\x86p\xfeu/\xff\xe6\x0e\xfe\xad0~k\x05\
~k\x10\xbf\xbd\x1a\xff^0\xbf\xbb\x0f\xffaK\xfe\
\xb3\xd7\xf8/\x92\xf9\xfc\xaa\xfc\xfe\x83\xfc\xf7M\xf8\x1f\
_\xe3\x7f6\xf8_\xfb\xf3\x87k\xf2\x87\xbb\xf2G\x1f\
\xe1\x8f>\xcb\x1f\xef\xc0\x9f\x1c\xc6\x9f\xfe\x96?W\x87\
?\xbf\x86\xbf0\x8d7*\xf1F5\xdex\x987\xba\
\xf3\x86\x877\xc6\xf2\x86\x97\xbf4\x9b/\xd8+0\x8b\
\x05\xae\xaa\xc0\x8f\x14DU\x10\xc3\x041A\x80@P\
S\x84\x80\xa1BEF\xa8\xb4V\xa8\xdcA\xa8\xdcK\
\xa8|Y\xd0\x02\x85\xa0AB\x15M\xa8R_\xa8\xd2\
V\xa82@\xa82F\xa8\x12.T\x1d-T\x97\x85\
\xeag\x85\xfb\x0e\x0a\xf7]\x11j\xdc)\xd4\x98'\xd4\
\xac/\xd4\xec)\xd4Z)\xd4Q\x85:\x0f\x09u\xba\
\x09u7\x0bu\x0f\x09\x0f\xb0\xc2\x03w\x0a\xf5\xab\x09\
\x0d_\x17\x1a~$4<$4\xbc(<\xfc\xbe\xf0\
\xc8$\xa1\xa9Gh\xce\x0am\x87\x08O\x8e\x12\xba\x04\
\x09]\xee\x17\xba\x0c\x14\xba\x8c\x15\xba|)<\xf5\x8e\
\xf0t\x9e\xd0\xa7\x82\xd0\xe7\x1e\xa1\xcfs\x82\xa7\xae\x10\
RU\xe8\xfb\xb1\xf0\xec6\xa1_\x1b\xa1?\x10\x06\xdc\
&\x0c\xcc\x15\x06w\x14\x86\xb4\x15\x86\x9d\x12\x86\xf7\x14\
FL\x16F\xdd&\x8ce\x85q\x7f\x0a\xe3.\x08\xaf\
\x8c\x11^\x99(\xbcrN\x98\xd4I\x982\x5c\x98\xce\
\x0b\xd3\x0f\x09\xd3\xcf\x09\xb3\x9e\x11f\x85\x0a\xb3r\x85\
Y\x9f\x09\xb3~\x14f\x9d\x14\xc2\x7f\x10\x22_\x13\xa2\
#\x84\x98mB\xec6\xc1{\xbb\x10\xbfUH\xf8E\
H\xda$\xcc\x15\x84\xb9\xc1BZ#!=K\x98\xbf\
EXxI\xc8|H\xc8\x0a\x10\x96?\x22,\xcf\x17\
V\xac\x14V\xd5\x15VG\x08kc\x85\xb5\xeb\x84u\
\xbd\x85u\xfd\x85u\xaf\x08\xeb\x12\x84u\x99\xc2\x86u\
\xc2\xebm\x84M\xe3\x847\xd2\x85-k\x84\xad\xf9\xc2\
\xb6_\x84\x1d{\x84w\xda\x08\xef~)\xec\xfc^\xd8\
\xd5G\xf8\xe0\x94\xb0g\x8f\xf0Iu\xe1\xd3\xb7\x85\xcf\
t\xe1\xf3)\xc2\x17\x15\x84/\xee\x17\xbeh\x22|\xf9\
\xbd\xf0m\xa4p _\xf8\xe1\x90\xf0K\x15\xe1\xb7\x8e\
\xc2\x1f\xbf\x08GV\x0bG\xde\x14\x8e| \x1c9(\
\x1c9-\x1c)\x12\x8eV\x10\x8e\xde-\x1c}H8\
\xb9\x5c8=N8=[8\x9d)\x9c\xde \x9c\x19\
+\x9c\x99&\x9c\xdd!\x9c{S8\xbfZ8\xbfA\
\xb8\xa0\x09F]\xe1\xf2\x01\xc1\x17)\x14t\x15\x0a\xb2\
\x84\xab\xfd\x85\xa2wEa\x86\x08z\x8b\xb0\x85(\xbf\
)\xca\xbf\x8a\xcaVQ\xf9^TO\x8a\x01\xa2\x18P\
G\x0cxD\xacpN\x0c\x84b\xa5p\xf1\xb6c\xe2\
\x1d\xad\xc4;\x06\x89\xda\x9bbP\x94X\xa5\xa7Xm\
\x8fxo\xa8X\xbb\x85x\xff\x09\xb1\xce&\xb1\xee,\
\xb1n\xac\xf8\xc0\x1e\xf1\x81\xcf\xc5\x07?\x15\x83\x17\x89\
\x0f\xbd$>4]|(Y|(K\xac\xd7Z\xac\
\xf7\x9eX\xef+\xb1\xdeA\xb1~\x1b\xb1\xfe9\xb1\x01\
'6\xb8ClpNl\xb4Nl\xb4Kl\xf4\x99\
\xd88V|\xe4\x82\xd8\xbc\x8a\xd8z\xb4\xf8\xc4\xafb\
\xe7\xd7\xc4\xce\x1f\x88\x9d\xbf\x17;\x1bb\x97\x8ab\x97\
`\xb1K[\xb1\xcb\x00\xb1\xcb\x18\xb1\xe7wb\x1fE\
\xec\x1b!\xf6\x9d'\xf6\xcd\x15\xfb\xbe/\xf6\xfd^|\
\xf6M\xf1\xd9\xdd\xe2\xb3\xdf\x89\xcf\x1e\x15\x9f\xbd\x22\xf6\
\xe3\xc4~\x15\xc5~5\xc4~M\xc4\xfeo\x88C\x9a\
\x89\xcf\xf7\x17_H\x13G\xd6\x13_\xfcQ\x1c\xbdY\
\x1c\x9b!\x8e\xfbH\x1c?^\x9c\xd4[\x9cr^\x9c\
\xf6\xa58c\xb283O\x0cO\x10\xc3\xe7\x89\xe1\xaf\
\x8b\xe1{\xc4\xf0_\xc5\x88\xed\xe2\xecT1\xf2n1\
j\x948g\xa58\xe751\xfa\x84\x18[C\x8cm\
*\xc6v\x11c\x8bD\xef\x8b\xa2\xee\x13\x13\x02\xc5\x84\
\xbb\xc5\x84\xfb\xc5\x84\x1c1\xb9\xb78\xb7\x96\x98\xbeE\
\x9c\xbfK\x5c\xf8\xb5\xb8\xa8\xa1\x98\xd9G\x5c<W\x5c\
\xf2\x9b\xb8\xb4\x82\xb8\xe2>qE}q\xe5^q\xe5\
\xf7\xe2\xea\xf1\xe2\x9a\xdf\xc4W\xc7\x88\xafN\x15sR\
\xc5\x9c\xa5b\xee\xeb\xe2k\x87\xc5\xf5\xf5\xc5\xf5\xcd\xc5\
\xf5\xdd\xc5\xf5\xfd\xc5\x0dg\xc4\xbc\x17\xc4\xd7/\x8a\x9b\
xqs[qs\x0f\xf1\x8d\x14\xf1\x8d\x85\xe2\x1bk\
\xc4\xad3\xc5m\xbc\xb8-Y\xdc~\x9b\xb8\xbd\xae\xb8\
\xbd\x91\xb8\xf3Wqwg\xf1\x93\xab\xe2\xbe\xde\xe2\x8f\
\xdf\x88?\x9e\x17\x7f\xd2\xc4\x9f\x9a\x8a?y\xc4\x9f'\
\x8b\x87\xa2\xc4CK\xc5C\xef\x88\x87\x0e\x8a\x87\x0c\xf1\
\xd7\xbb\xc5\xdfZ\x8b\x87G\x89G\x96\x88G_\x11O\
\x05\x8b\xe7\x16\x8b\x17\xc2\xc5\x0b\xd1\xe2EA\xbcx\x87\
h\x1c\x11/},^\xe9&\xfa\xde\x11\x8b\xf2$\xb6\
\xaa\xc4\xfd(\xf1S%a\xb2$DI\xc2BIX\
#\x09oK\xe2\x0cI\xda%\xc1\x8f\xa4\x80\xc9R\xc5\
\xef\xa4\xca\xdd\xa5\xa0\x85\xd2\xdd\xa3\xa5{*J\xf7\xc6\
I\xf7eH\xb5\xbe\x94\xee?&\x05GJ\xc1oI\
\x0d\x06I\x0db\xa5\x06oH\x0d~\x92\x1a\x06H\x8d\
\xb6I\x8d\x87JM*KMjIM\x8eH\x8fl\
\x95\x1e\xf9Bj\xbaQzt\x99\xd4l\xa8\xf4\xd8\x09\
\xa9%+\xb5\x94\xa5\x96U\xa5\x96\xf5\xa5\x96\xad\xa4\x96\
\xbd\xa5\x96\xcfK-\xa7H-c\xa4\x96\x99R\xcb\x1c\
\xa9\xe5\xbbR\xcb\xcf\xa5\x96\xbfI-\xcfH\xad\x1f\x96\
Z\xff%\xb5\x91\xa56\x9fI\xed\xdaK\xed\xfaJ\xed\
%\xa9\xfdGR\xc7a\xd2\x13\xab\xa5'vJ\x9d~\
\x94\x9e,\x90\xba<,=\xb5E\xea\xf3\x92\x142Q\
\x0a\x99#\xf5}Z\xea\xb7J\x1a\xd0Z\x1a\x14$\x0d\
i$\x0d\xdb/\x8dzI\x1a\xdbA\x9a\x14\x22M\x99\
-\xcd\xd8#\x85EI\xe1\xa9R\xf8\x22)b\x96\x14\
\x11+E|#E\xfc*E\x18R\xe4gR\xccQ\
\xc9\xdbFJ\xf8^J\xb9 \xcd}XJ\x7fKJ\
\xffKZ\xd0AZ\xb8CZ\xf8\xab\xb4H\x912\x8b\
\xa4%\x92\x94\xb5W\xca\x8e\x97\x96\xf5\x94\xd6\xac\x90r\
\xbe\x906\xac\x926\x0e\x966\x8e\x92^\x97\xa5\xd7+\
J\xafW\x956\x09\xd2\xa6\xd6\xd2\xa6~\xd2\xe6\x08\xe9\
\xcd\x86\xd2\x96\x1f\xa5m\xd5\xa5\xed\x11\xd2\x8e\xdf\xa4\x9d\
}\xa5\x9d#\xa4\x9d\x1b\xa5\x9d;\xa5\x9d\xfb\xa4\x9d?\
K;OI\xef\xbd)\xedzQ\xfa\xe0\x84\xf4a\xb4\
\xf4\xf1Z\xe9\xd3\xcf\xa5/\xde\x97\xbei.\xed\xffV\
\xda\xff\xab\xf4\xdd\xed\xd2\x8f\xdd\xa5\x9f\xbf\x96\xfexV\
\xfa\xe3O\xe9p\x82t$M:\x96 \x1dO\x91\x8e\
/\x97N\xc4H\x7f\x9e\x93N\xf2\xd2\xc9*\xd2\xc9\xda\
\xd2\xc9\xe6\xd2\xc9\xf6\xd2\xe9o\xa53A\xd2\x99\xc6\xd2\
\xd9?\xa5\xf3\xefI\x17;H\x97\xd2\xa5\xc2\x9f\xa5\xa2\
_\x01?\x16\x00\x1e\xc8\x0d\x81R\x17\x04>\x0e*\xce\
\x05\x15w\x82J1\xe0\xb6\x85@\x8b\x07\xd5V\x80{\
.\x80\x9a\x1d\xc0\xfd[@\xdd\xab\xe0\xa1>\xa0\xd1k\
\xa0I\x7f\xf0\xc8N\xd0\xec\x04h\xb1\x0e\xb4|\x17\xb4\
\x05\xa0\xad\x06\xda>\x08\xdam\x04\x8f?\x0c:/\x07\
O\xcd\x00\xbd?\x03\xcf\xde\x05\x065\x03C\xa6\x83\xa1\
\x81`dc0\xf2\x0d0z\x0b\x18\xb3\x19\x8c\xff\x1e\
\x8c\xbf\x0c&g\x82\xc9\x1f\x82\xc9\x17\xc0\xf4^`V\
\x1e\x98\xdd\x01\xcc\xb9\x03\xc4U\x00\x09\xbf\x81\xf9O\x82\
\x8c\x99 \xe3=\x90\xf1\x1bX\xb2\x0ad\xb3`\x19\x07\
Vt\x05\xab~\x06k\xf6\x81\x9cF`]3\xb0\xfd\
O\xf0N4\xd8Y\x03\xecN\x04\x1f\xff\x05\xf6\xe6\x80\
/d\xf0\xd5\x1c\xf0\xcdY\xb0\xef'p \x04|\x1f\
\x08~\x5c\x0a\x0e\xd5\x05\xbf\xbd\x08\x0e\xd7\x06\xc7\x96\x82\
\xe3\xbb\xc1\xc9z\xe0\xccIp\xae\x168w\x00\x5c|\
\x0f\x5c\xfe\x11\x5c\xbd\x02\x8a\xba\x83\xa2I\xa0h\x01\x14\
'@1\x03\x8a\xdb 8\x88\xf4s\xf0a\x08\xfbA\
8\x13\xc2T\x08wBx\x0c*S\xa1\xb2\x14*\xbb\
\xa0\xf25TW\xc1\xc0\xb6\xb0b\x01\xbc\xa3)\xac\xfc\
8\xacr\x1eV\x8b\x82\xd5>\x84\xf7\xfe\x04k\x07\xc0\
\xba\xa908\x16\xd6_\x0e\x1b5\x83M\xe6\xc2G7\
\xc3\xe6\x87`\x9b\xd6\xb0-\x0b;\xd4\x87OT\x84\xdd\
\x9e\x81\xdd^\x81\xdd\x12`\xb75\xb0\xdb\xfb\xb0\xfbU\
\xf8Tu\xf8T{\xf8\xd4\xa7\xf0\xa9#\xb0\x07\x0f{\
\xdc\x0f{<\x09{\x0c\x83=\xc2a\xcf\xee\xf0\x19\x19\
\xf6\xfd\x0c\xf6\xfd\x13>[\x01\xf6\xef\x0e\x07\x028\xd0\
\x07\x07\xf1pP\x08\x1cR\x07\x0ei\x02\x9f/\x84C\
\x83\xe1\xb0-\xf0\x85\x1d\xf0\x85\xe3p\xb8\x0e_\xdc\x04\
_<\x04\xc7\xdd\x09'\xd4\x84\x93\xee\x81\xa1\xb1p\xf2\
gp\xeaGp\xfa\xd3p\xc6$\x18V\x0f\xce\xbe\x0f\
Fn\x87qkarm\x98R\x0b\xce}\x12\xce{\
\x15.h\x0f3\xb2`V\x0e\x5c9\x11\xaeN\x859\
\x8f\xc1\x9c\xd7`n$\x5c\xd7\x1b\xbe\xf1\x04\xdcv\x1b\
\xdc\xb6\x01n\xdb\x0b\xb7\xef\x81\xefT\x81\xef\xec\x85\xef\
\xa6\xc3\x9d\x1d\xe0{u\xe1\xee\x07\xe0\x87\xf5\xe0\xc7\xdf\
\xc0O\xdb\xc3\xbd\x8b\xe0\xe7\xf1\xf0s\xb3\xcd\x87\x9f_\
\x84_W\x86\xf9\x1f\xc0\x03\x0f\xc3\x83\xcb\xe1\xc17\xe0\
\xf7m\xe0O\xef\xc3_>\x87\x87\x07\xc2\x13w\xc2\x13\
\xad\xe0\x89!\xf0D\x0a\xfcs&<\xf5\x1d<u\x0a\
\x9e\x9e\x00\xff\xaa\x02\xcf\x1c\x85g.\xc2\xb3*<{\
'<\xfb0<\xdb\x1e\x9e\xed\x0b\xcf\x8e\x80g\xc3\xe0\
\xd9\x0cx\xa1\x0d\xbc\xf8\x024\xc6@c\x0e4\x96\xc2\
\xcb\x0c\xbcr\x12\x164\x82\x05\x9da\xc1`x\xf5Y\
X\xd8\x0b\x16\xad\x97\xd9\xdbe\xbe\x93\xcc\x0f\x94\xf9S\
\xb2\xd8N\x96\xd2d\xb8UV~\x97\x03\x1a\xcb\x15&\
\xc8\x15W\xc8\x95?\x96\xef\x1a)\xdf\xd3O\xbe\xf7\x03\
\xf9\xbe\xc5r\xcd\xdb\xe4Z#\xe4\xda/\xcbuV\xc9\
\x0fv\x91\x1f\x9a+\xd7{CnpQn\x5cU~\
\xac\x85\xdcr\x80\xdc\xe6\x03\xb9c_\xb9\xe3\x12\xf9\xc9\
\x0a\xf2\x93\x1d\xe4'\xc7\xc9\x9d3\xe5\xee\xef\xc9=O\
\xcb}\x0e\xcb\xcf<,{x9\xe4\x05\xb9o\xb0\xfc\
\xec\x08y@/y`\xb4<\xe8-y\xf0Ly\xc8\
\x1cy\xd8\x19y\xc4>yD\xa1\xfc\x92&\xbf\xbcS\
\x1e\xb7C\x9e\xd0M\x9e\xb1R\x9esQ\x8e\x0b\x96\xe3\
7\xc9\xf1\xdf\xcaI\x15\xe5\xa4\x86r\x92GN\xca\x95\
S\x81<\xff\xb2\xbc\xa8\x9e\xbc\xa8\x9b\xbch\x9a\xbc\xe4\
19\xfb^yE5ye\x8a\xbc\xa6\xb2\xfc\xea|\
y\xfd\x22yS\x07y\xd3NyS\xbe\xfc\xf64\xf9\
\xeddy\xebPy\xeb\x0cy{M\xf9\xfd3\xf2\x87\
u\xe5\x0f[\xca_\xa4\xcb_\xac\x95\xbf\x8c\x91\xbfy\
R\xce_#\x7f\x97'\xff\xf0\xa2\xfc\xe3\xeb\xf2\xcfC\
\xe4\xdf\x86\xc9\x87\x7f\x91\x8f\x7f*\x9f\xee)\x9f{_\
\xbe\x5cW\xbe\xfc\xbb\xec\xd3\xe5\xc2\x8f\x14\xa1\x8e\x22\x8c\
W\xc0\xefJ\x85\x0aJ\xc5\xe3J%A\xa9TE\xa9\
t\xbfR\xa9\x85rG_%\xe8q\xa5J+\xa5J\
O\xa5\xca@\xa5\xcax\xe5\xce\xa6\xca=\xd3\x95\xea\x1f\
)\xd5\x7fP\xaa\x9fP\xeec\x94Zo+\xb5\xbeU\
j\x07(\xb5\xeb(\xb5[*\xb5C\x94\xda\x13\x95\x07\
f)\xc1\x15\x95\xe0ZJpc%\xb8\x93R\xffu\
\xa5\xfeA\xa5a+\xa5\xa1Gi8Vi\x18\xab4\
\xccU\x1a~\xa34<\xa54b\x95F\x81J\xa3\xfb\
\x94F\x1d\x95&_(MG+M\xe3\x94\xa6\xab\x94\
\xa6{\x94fM\x95\xe6IJ\x8b\xc3J\x8b\x22\xa5e\
\x15\xa5\xe5\xc3J\xcb\x16J\xabt\xa5\xd5\x12\xa5u\x81\
\xd2.Ay<A\xe9\x94\xact\xdb\xact\xfbA\xe9\
^A\xe9QY\xe9\xfd\x8b\xd27X\x19\xfe\x812\xaa\
\x83\xf2\xe2Ue\xcc\x00e\xcc8eL\x982&U\
yy\x9f\xf2\xcaJe\xc2\x08e\xb2\xacL\xf1)\xd3\
~Uf\x8eR\xc2\xdeV\x22\x06*\x11\xa1JD\x9c\
\x12\xf1\x86\x12\xb1_\x99\xfd\x8c\x12\x19\xa4DvR\xa2\
?U\xa2\xbfSbN)\xb1\x97\x948E\x89\xab\xa6\
\xc45S\xe2G*\x89\x91J\xd2*%e\x88\x922\
MI\xd1\x95\x94\x0c%e\xbd2w\xb62\xbf\xa3\xb2\
x\xbd\xb2t\x80\xb2\xfc9e\xe5\xcf\xca\xaa^\xca\xaa\
\x17\x95U\xe1\xca\xaa\x0cemS%7@Y\x17\xa1\
\xac[\xab\xe45W6uT6\xbd\xabl:\xa0l\
:\xa9l\x06\xca[M\x95m\xe1\xca\xb6$e\xfb\x0a\
e\xfbFe\xc7\x0ee\xc7g\xca\x8e\xb3\xca\xfb@\xd9\
SY\xf9\xf0\x8a\xf2Y\xac\xf2\xe5D%\xff7\xe5`\
M\xe5\xc7w\x94C\xf7*\xbf\x9cU~\x0bU\xfeX\
\xaa\x1c\x99\xa8\x9c\xcdR./T\x0a\x8f\xab\xc26U\
\xec\xa7\x8a\xd3T1[\x95\xba\xaa\xe0Y\x15\x8eU\xe5\
i\xaa\x92\xa0\xaa\xb3\xd4\x80Ij\xc0\x1c5`\x91\x1a\
\xf0\x99Z!A\xad\x14\xa5\xde\x11\xa5V\xde\xacV\xdb\
\xa1V\xfbD\xbdw\xb3Z=K\xad\xbeE\xad\xfe\xb9\
Z\xfd\x88Z+P\xad3M}(Am\xd4\x5cm\
\x0c\xd4&M\xd5GF\xa9\x8f\xceS[<\xa3\xb6\xee\
\xad>\xde@}b\x8f\xdai\xb0\xfa$T;\x87\xab\
]\xe2\xd5.\xcb\xd5.[\xd4._\xab]\x0e\xab]\
Y\xb5\xeb\xbdj\xd7\x0ej\xd7\xe7\xd5nS\xd4\xee\xf3\
\xd4\xee+\xd5\xee[\xd5\x1e\x1f\xab\xbd>S{\xcfR\
\x9f\xa9\xa1\x864W\x9f}T}\xae\x86:@V\x07\
tR\x07D\xa9\x03v\xaa\x03\x19u`\x07u\xe0,\
u\xe0Vu\xe0EuPSu\xd0du\xd0\xeb\xea\
\x90\xdf\xd5\xe7\xeb\xaa\xcf\xbf\xa0>\xbfL\x1d\xfe\xab:\
\xe2^u\xc4\x00u\xc4Ru\xc4O\xea\xc8\xbb\xd4Q\
\xbf\xabc\xea\xab\xe3>S'y\xd4\xd0\x0e\xea\xf4*\
j\xd8\x1e5*]\x8d\xf9I\xd5\x8f\xa8\x09\xac\x9a\xb8\
WM<\xa6&\x16\xa9Iw\xa9I\x8d\xd4\xa4\xa7\xd4\
\xa4\x17\xd4\xa49j\xd2Ru\x9e\xa4\xce\xbb[]0\
R\xcd\xb8_\xcd\xe8\xa4f<\xaff\xccT3\xd2\xd4\
\x8c\x0dj\xc6\x07j\xc6au\x91\xa2.j\xac.\xea\
\xa1.\x1a\xad.\x8aQ\x17\xadR\x17}\xa4.:\xac\
fnP3\xbfR3O\xa9\x8b\x03\xd4\xc5\x0d\xd4%\
\x8f\xabKF\xabK\x12\xd4eo\xa9\xcbW\xab+\x97\
\xaa+w\xab+\x7fVW^QWi\xea\xaa&\xea\
\xaa\x10uU\xb8\xbaj\xad\xba\xeakuU\x91\xba\xba\
\xa1\xba\xba\x9f\xbav\x8d\xbav\xbf\xfa*\xa7\xbeZO\
]'\xa8\xeb\xae\xa8y\xab\xd5\xbc\x0f\xd5\xbc_\xd5\xd7\
\x19\xf5\xcd(u\xcb\x06\xf5\xed\xd5\xea;\xac\xfa\xde!\
uO\x1d\xf5\xf37\xd4}\xb3\xd5\xefN\xa8\xdf\xcfW\
\x7f\x9e\xa4\x1e\xae\xa1\x1en\xab\x1e\x1e\xa2\x1e\x9e\xa5\x1e\
\xceV\x8f\x0a\xea\xf1\xc6\xea\xa9\xc7\xd4S\xfd\xd5s\x15\
Uc\xa8\xeaST_+\xd5\x97\xa4\x16\x5cR\x8b\xe4\
\x00&.\x80\xcd\x0c\xe0\x8d\x00\xb0& \x80\x0b\x08\x9c\
\x16p\xfb\xca\x80\xa0\xc8\x80*a\x01\xf7\xdc\x16P\xbb\
k\xc0\x03w\x06\xd4\x0b\x09h \x074L\x0ch\xf4\
b\xc0#/\x064o\x1b\xd0\xa2C@\xcb\xd6\x01\x1d\
\x1b\x06t\xda\x10\xd0ed@\xb7\xaf\x02z\xec\x0ex\
\xbaO\xc03\xd5\x02B:\x05\xf4\x1b\x100\xf0\xa1\x80\
\xe7\xa3\x02\x86}\x140bg\xc0\xa8O\x02F\x17\x04\
\x8c\xb9\x140\xe1\x0d=\xd0\x10\x8d-Z\xbc\xa4\x17\x15\
]\xf5x\x12\xcc6'7\xd1\x9b\xe8-b8\x8f'\
\xdelsru\x98>E\x1a_TT\x90\x93[T\
t,\xd8l.D0EE\x7fz<EE\xa7P\
\xe3\xf4\xce\xe6\x87\x14\x15\x1d\xf7\x98\xcde\xf4\xe7a\xd4\
X=\xf3\xdd\x87\xcd700'w\x82\xd5\x06\xe6\xe4\
\x14\x15\x9d0\xdf\xc6T\xce\xc9\x9d\x01#\x22D\xaf7\
\x1e\x8f\x81\x8c\x87\xb4E\x0c\x93o\xbe\xe3\xaa\xf9r\x86\
E\x83(D\xbf9=.\xd8|K\x9190<Z\
\xbb5?\x99\x98\x0832\xc4\xec\xa2\xa2\xf3\xe8\xcb\x1a\
\x1a\xc9\x15\xf4D\x10\xbe\x83\xb4\xe8WF\xcc\xc9\xcd.\
bT\x8f\x07f\x84\x89\xfe\xb3\xb7[\xf3+x \xf8\
\xcb\xc5\x1b|\xc1\xbcEw=\x14\x8f_\xe3M\x84\x11\
\xf3E<\xc3L2c\xa62\x9a\xb1\x09\x81\x95\xa4M\
(b\xaaY\x90b\xaa\xa1i9=\x04QFC`\
BPfnC\xbf9=\xb4\x1a\x8c\x12\xc1\x8c/b\
xs\xec\xd9\xe9\xc0\x7f\xf6\x89\x89\x09\xb8[|T\xc1\
9^<n/\x05\xe3Uk\x0a\x18\xe8\xb0\x8fdC\
\x1f-(\x02-\x86t\xf1\x06_0o!\xcb\x04\xdf\
\xae\xaf\xdd\xa7\xf8j%jE\x0c\xf0x2\x8a\x18\xd9\
\xc4\x04&\x00\xbd[EC.\xd6\xe0\x0b\xe6-\x19\xf8\
vse\xd0\xdf\x12\x9e>\x02\xb5\x80&m\xe4\x90U\
\xf5\xeb!\xe81\xe8\x09\xc3\x84\xae\xd5^B8\xe9C\
S\xb8\x8c_\xe1\xdf\xe0\x0b\x97rr\xbc\xf8E\xd0K\
\xdfG\xde\x82\x96\xa4\xf87P\x0f\x8f\xe0\x12ZXs\
T\xd1\xd0\x18\xb4W\xcb@o\xc9%c/\xba\x88\x1e\
DS!\xe8\xe5\xf4\xd0\xbc\x8b\xce\xa19\x9a\x13\x0b\xc3\
\x8f\xa7\x92\xd71\x80\xa2\xa9\xb9\xf2\x18u\xed\x1e\x1a\x8a\
\xd9\x0b\xf1\xe2\xbfIK\xc6m\xbe$\x84L\x83\x91<\
\x1ew\x0f\xcd\x99\x11\xd0\x22\x980H\x84\xe4?\x02\xa0\
\xa2\x22k\x1ax\x07\xb9z\x08\xb8E>\xf4\xca+\x14\
\xd5`\xa0\xd1\xc4\xe8g\xae\xdd\x88\xb3\xda.\xc9\x85A\
x\x85\x13\xf1b\x936\xc1\xb5\xdc\xa4%\xbb\xd5k\xfe\
\xc3\x9dx\x8aA\x91S\xa4U\x84b0A\x08\xf4\x88\
b0w\xa0\xef!:\xe1\xeaU@\xa3A\x14\x83\xac\
<\xa2\x18v/\x9eP\x0c4\xab\x09V{\x06\x0d\x1c\
Q\x8c\xa2\x13\x1e\xcf\x0c8?\xc2\xdc\xad\x09\xd7R\x0c\
\x1b5KF\x5c\x07\xad\xedGt\xfc\x92\x04s\xb7\x86\
e\x88S\xc8B\x16\x1dG\x0d\xa2\x18E\xc7\xf0\x1d\xa4\
E\xbf\x22\x8a1\x85P\x8c\xb00\xd1\x7f\xf6\xee\xcdC\
vU1\x82\x85{\x84`\xf9S\x0c\xb2[M\xaa5\
\xdf\xa4\x18h\x86\x99d\xc6\x98b \x08\xac$m<\
\xa1\x18\x18R\x98N\xb8z\x08\xa2\x98b`(c:\
\xe1\xea\xa1\xd5@\x14c\x15\xa5\x18\x91\xc05\xda\x04\xd7\
R'Z#\xf4\xa7\x1e\x0e\xa5+\x99\x0e:T\x12s\
\x8e\xac\xde\x9aI\xaf\xf0\xc4\xf1\x92\xa3\xd5\xbe\x8c r\
:'7\xc2j\xcd\x9d\x12\x169=rzlQ\xd1\
\xc9\x08&aJ\x82\x09X\x11M\xf8d\xbeg\x1e\xbe\
\x89\xb4\xe6\xdc\x22\x98Y\x8b\xcd\x8d\xe7\xf1\x90\xb6\x88\xb9\
\x1do\xfb\xe0\xdcl\x1df\xeb\xe4OF\xc87/3\
rN.i\xf1c\x0b\xe7\x151\x95<\x1e\xd2\x92\xd7\
3\xb7\x07\xe7&d'd\xc7\xe2\xc7\x22\x17G.\xc6\
C\xc9\xc0\xdf\x9ao\xb5h\xc8\x8c\x84P\xe5O<I\
\x13h\xd1\xe6\x0cM\x82\xa0G\x9b 2\xff\xf4\xd5\x88\
\xd4t\xf3\xc5\x5c\xbe'\x1d\xe3E\x9a\xd5\x02\xcaZ\xd2\
1\xb0I\x8b\xa8\x03\xda\xeeh\x00\xb2M{\x9d\x1e@\
\xd0\xf1\x05\xe7\xa4bJ\x13F\xe8\x0d&&\x98\xde\x10\
\xbc,\xd6\xe0\x0b\xf8\x16\xf4\x08D\xdb\xdb\x83\xe8\x8dy\
\xa9\x00\xad\xa1\xe8\xf1\xc4\xa5\xc6\x99o,D_\x95\xf0\
\x8a\x9a\x08\x03\x8d\xd4\xad\xda<=\x1dc@\x1a\xa6\x07\
i\x94\x0c\x8b\xe8\xd9K\x08\x89x\xf2\xe5\x5cw\x0f\x0d\
\x9e|\xf4*\xf9|\xae\xbbg\x0e>\x8a\x0e\xfb2\x1d\
S\x06%\x96\x01\xd6\x90\x8b\x93\xcds\x040!a\x18\
h0\x19\x8f\xd9l\x82s\x93\x09\xad#\xb8\xe7\xea\xa1\
\x99\xb0t\x0f\xe8&\x05\xabb\xac\xd3\xf0\xe0MT\xf6\
\xa1\xf1\x15\xa25+@//\xd6\x14\x12N\x11\x82W\
\x11\xc3\x0a\xfaz\x01\x9d\xce\x1c\xefM\xf4\x022_\xf4\
\x84\xab' \xf2SHa\xaa\xc3<\x89t\xcc\x0bx\
<\x08\xefy\x0c+\xff\x06_0o\xd1\xf1\xed\xd0@\
\x9f#\xeb\x83\xdf%\xa0mA\xbe\x94\x93\xeb\xee\xf9\xac\
\xb7\xe2\x89\x99\x98\xe6\x8b\xd5\xa6\x82\xf2\xd3\x17kk\xd2\
\x9b\x12\xad\xd6\xbc-\x81\xeeX#n\xaa\x96\x05\x5cB\
O\xbcKR\xf0ZR\xc2\xdf!\xb7\xd0\x17\x17\x94e\
~\x06\x04\x1a\xc1x\xd1\xca!j4[\xf23\xa0S\
\xb2'Z2\x18\x1c \x91o/\x12\xca#\xd0\xc1C\
\xd3\x1e\x05\xe5\x91F\xa1O0\x82\xb5\x1aJ\xa0\xb1\xd2\
\x9ckMe\x9cO\xd0\x86[\xc8Fp\x14ckI\
\x88J\xd0\x185\x183Ml\x85\xbe\x9e\x92\x1b\xc9\xc9\
g\x8b\xe1(\xee\x11\xbc\xf2\x84P\x8c\xcb\x03:\xddR\
\x16*\x96\x8c\xa8\x0e\x1ac\xfc6z\xfa!8yk\
1\x1c-\xb0\xde\x8aFD&fnGq\x97VK\
\xa9\x7fL+\x17\xd70\x81-\x95\x07\xc9\xa1\xb1(\xa8\
\x5cX\xd1l\xda\xcfR\xb9\xd0\x22pMy1\xd8\x17\
\x07\xfe\xe6\xe9\x06?\x98\xe8\xda\xc8\x09~\xa0\x88\x03\x98\
=Qp\x14\xa2\xd7\x97\x16\x1ck\xdcHj\xafm\xc9\
+/XHJ\xd0\x0b!\xa9\xd1K\xc2\xd4M'\x94\
\x8d\x00\x8e\xb7X\x88\xabGp\xf1Z$\xa5\xd8k\xed\
\x8bk\xa8\x22\x06\x15\x1e\x15\xde\xd2\xbd\xa4R\x12~\xba\
\xdbl$\xad\x92\xe5\xb0\x0c\xc4\x9e\xf0;\x0brl\x1c\
\xb7{\x85\x1e\x7f\xfa\xdd\xd3\x82-\xd9RX\xe8(\xe5\
\x96\xca+\xdf\x8e\xf2\xf5,\x13\xd1@\xb7P\x96a\xc4\
iK@yP\xb4\x5c\xe4\xce\x88[\x828\x94\xb3\x97\
\x12\xfc9\x8d\xc5\x7f\xfc\xb8R\x19Ix\x5c\xd04\xf3\
3 0kk\xf9\xc8\xcb^\xfd\xa41HL\xc4H\
\x98\x84oI\xd6\xe1\xd7\xd2-\xe5y]\xf4\x07}\x83\
D/F\xaa8$\x0d\xe7\xc4\x92\xcd\xd2\xb1\x9c\x94\xae\
g\x90sd\x08\xceq\x93\x01\x878\xd0\xf9\xee\xf2\xa3\
m\xe4M%-\xa5\xb5\xd0\x7fc\x9a.\xcd\x01]\x16\
\xb7\xa2!\xde\x8ft\x9e52\xb5\xf8\xad\xb7\x16W\x06\
\x98\xe3\xf9\x0b/\xdc\x99|\xb2Cfa\x81t\x16\x15\
P/\xe0\xc3)Q\x0e\xe4\xda\x97\xf0F2\x1f\xd0\xf1\
\xc3\xb0> \x1d\xba=\xcf\x903\xb9\xf9&\xda*\xc1\
\xe4M\x0b\xf1\xf3\x0b\xa9\x8a \xd0\x22CLE4\x92\
c\x12\xe9\x90\x0b\xe8M\x0b\xf1\xf3\x0b\xe91A\xc1\xaa\
\x1c\xd4\xd8?.\xa4\x14\xc4|@\xc7\x0f\xc3\xad\xe5\x12\
zJ\xb7\xf9\x11\x87\xa0\xb7x\xc8\x83p\x00\xd0\xc3\xcd\
^0:\xa4\x99\xa7\xe0\xd9V{\x09\xbd\xc3lf\xbb\
~6o)\xc8\x0f\x09'G\xa2\xfaR\xb8\x1e\x914\
;uv*\xbe/\x0d\xdf1\xcfj\xcd\xfb\xe6\xe3\xfb\
\x16\xc0c\x00\xef\x82\x05\xe6L\x83s\xe6\xe3s\xc7<\
\xab\x05\x18\xce\xe8\x08\xe8\xfc<\x1f\xdf\xb8\x80\xf2\x99~\
S5\x02\x18\xf3\xcd\x88\xcaV0G:?\xc2|\xf7\
Y|\x86A\x94\xf0/<s\xd2\x9e\xc5\xa7\xf9\x08&\
\xc2\xfcGi\xe9Y[\x0b\xf4\x97\xa5\x84!=\xfc0\
\xbe\xaa\xa03*m\xb1\xb6\x023\xc5\x8a\xf4A\xe8t\
\xcd\xcb\xf4\xc9\xf9\xf8~\xd2\xd2\xb3\xa6yI\xcf4Y\
\xceP\x84\xf4>\x01\xcc\xa0\xa7\x8f\xb3X\xbc\xcb\xf7\xd0\
1\xe1\xaf\x9aD\x7f\x86)7\x02}\x863\x0esR\
\x17<\x1e\xd2\xe2\x03-\x1eG\xa6Ip\x05)S'\
\xbf \xbeR\xec\xd3\x08K*\xe0]\xec\xf1d\x9a\xf7\
\x02=\x93N\x00\xbf\xc2~\xa5\x0bf3\x90\xcc\xbaD\
3\xdf\x9b\xa1\xd3\x13[\x81}N\xbbli\xefP/\
=\x92\xeaj\xce\xdb\x9a\xbb\xf3\xf6A\xd1<\xd1\xe9a\
x\x16aTu|\xce\xd6\x06\x9f\xb7\xcf\x86f/2\
\xb2\xd8\x0f\xb4\x87o7\x1f\x0cC\xe3\x91\xc2tzH\
\xe4\xed\x83\xa3\xdf\xa7#\xd3\x8b\x0d\x8e\xf6\x0a\xa8\xb6N\
\xcf\xc0\xb3\xcf\xa0\x92G\x80\xad3Qm=\x8a\xd9K\
O/\xf6\x03\xed\x05\xd0ie\xa0\x93\xe6\xec,\xcd\xd7\
A\x223\xa4\x9a-\xcc\xca\x0dt\xd0\xa7-\xd6\xdb\xa9\
x\xdfV@\x02\xc3}\xc6\x22\xdf}\xc0\xc2A\xac\x8d\
<\x9fO\xd4r\x91V\x8b\xb5\xea\x98}\x9f\xc3l\xee\
N\xf3\xe0P[\xf1u5\x04\xcdX.%\x9b\xaf\xe2\
\xa9\xac\x95\x14\x97\x14G\xc4\x8e\xa2\x02\x13Yba(\
\xd0c\xe9Q\xc1\xfc!\xce\xfc\x87;\xf8\xa7X\xf3U\
\xcb\xa5X\x9d\xfc\x82\x9e2\x9fN\xa22\x9b\xf9F=\
\x19.\x03z2\x15c\xcc\x1f\x92\xcc\x7f\xe4[\xe8\xa7\
d4\xe5L\xa1l\xe2\xa0}@v&M\xae\x98\x93\
N\x8fDx\xa3ZB\x0c\xde\x19\xd0h%\x91\x1e\xb9\
\x82nNOG\xab\x81\xa5'7 A\xb9N\xdcy\
\xe5<p/*\x93h\x89Y'\xd2'\xe4\xf5\xd6\x8c\
I\xbe\xfb$\xbc\xc9\xa3L\x12\x8a\x1e\xbe\x1cl)\x13\
\x8b5\xf8\x82Ie\xa3\xcc\x0f\xb6\x92\xa2t\x8a\xbf\x5c\
\xbe\xc7\xad\x8dqzX*\x93L\xf6\x94\x06\x8dX\xa3\
\x9f6\xdc\xb7(\x0f\xec\xab\xa5\xdd\xaf\x04\x1e^\xaa\xed\
\xdb'^O\xed\x8f\x8c\x11\xdeD\xa2\xe8t\xb3\x06d\
s)4\x994\xec\xd5K7\xba\x89z\x9a\xa5d\xc9\
\xb7D\x5c1'\xd7\xdd\xc3\x9b\x82\x8b`\xd2\x08\xb97\
\x82\xa5[+\xf1\x99\xefGH\xa4\xd3]c\xaeEd\
$\xa2\x1b>\x8aS\x04\xc7\xa0\xee\xeb\xd6k\x8fX\xd2\
\x0c\xf1+\xe3\xf1'\xbcVK\xa4\x16\x7f\xa9\xce2\x80\
\xc1}\xedD\xa2_B\x80ItNR\xc5\x0e`d\
\x9eH\x85\xbe\xd4\x18\xae\x99\x0f]\xc7vt}k\x0c\
z\x00\xbd\xa0\xd7\x1e\xa3\x9b.\xa6\xe9\x04\xead\x8d\x8b\
\xad\xfb\x15\x0auJ \xcd!E\x99\xa0\x01\xce\xc8\xf3\
C\xdc\xcazG\x85_~C\x96\xb9\xb4@\xa7,\xc4\
G\xb7\xa2\xb9\x7f\xd3\xc9B\x90=}\x16\xef\x94n\xfa\
\x9e=b\xf9\xecM.\x911\xde\xeb\x85\xedL\xd0\x13\
u1n\xcciz\x8b\x1dH\xecW\x98\x80\xf3\x9a\xe4\
)\xd7\x84\xbd\xf9\xd4u\xb4\xf0X\xab\xefM\x8c\xbff\
d\xe6\x92\x10\xd8\xef\xd9c\x0e_\xb46\x1e\x11{\xaf\
X\x10w5W)o\xd1]p\x8f\xc7p\xf7\xbaP\
\x8b\xeaB\xaf5/\x94I\xbe\xb7\xe1n\x93@B\x10\
-\xf2h\x11\xcen:F\xf9\x12fw\xd3\x83\x81\x0b\
;\xe3\x8b\xa3<\x86\xb2\xb7\xd8I\xc0\x9e\x1b&\x16\x81\
\x87\x8d\x5c\x0d?\xc4\xd9T\x09O\xaf\x00o\xb5\x02\x0c\
\x9b\x02rH\xb0\x1e,\xc0\xcb\x83\xda8\x07\x01\xc8\x8c\
{\xed1\xb7\xaf\xa8G\xd1\xd7]\xa6<\x84Zl\x9d\
\x1ef\xfbW\x11\xed!B`\xf0\xad=\xb8\x15\xa3=\
\x08\xf4d\x03\xf8\xfc9\x93I8{\xf5\xba\xbe!\xa8\
\x14\xa6\x15\xdb\xf8cRp\xaa\xdbf\xd1\xcd\x18\xdf\xaf\
\xa1=h5\x12\xf1J\xc0\xc0,c\x96VG1\xaa\
\x0c\xd4JK\xedLR\xc9\x0c\xddD\xf6\x191\xa0]\
\xb3\x0fK\xb2\xc4\xdb\xe4qW\x9f\x1bR:\xb8kW\
\xf9\x99\xd0\xd0a\xba\xc1\x88\xfe\x8c\x82\xae\x8e\x0d?\x02\
Q\xbc@\x81\xc6\xac,\xad,j\xb12\x93\xa5\x7fA\
\xad\x07\x07\x1aU\xb4R\xdb\xe7}\x8c\xbei\xb3H\x88\
WBbi\x01l\x13\xd8>}\xc4\xbf\xb3\xb87d\
c\xc36\x1b\x8c.\x96z9\x90\xfbI0v?)\
\xa5.\xc3|\xfb\xb0\xcd\x22\xf9X|bI\xdb\x07\x11\
u4\xd0\x12i\x1c\x9e\xda\xb5\xf6b\xcb\x8aM@S\
N.\xb2i\xb3\x0fM\xfd\x06\xfa\x0fK\x8c\xc0\x0c\x98\
nj8\xc0WE+\x1fk\x8e\xfb{\xda\x00\xfa\xa0\
\x9bu\xc5\x97\x88\xca7\x17- 2\xe5\x88Z<\xf0\
\xe3\xd0\x18\xf5\xaf7\xa8b\xfc\xce\xdc\xf2C\x87\x11z\
Dp\xb3t\xb0\xb7H&\xa67\xe5_\xf7\x92\xd6\x1c\
\xdd\x8e\xa8#\x1c\xba\xc9$\x96\xa2?\xf3\xa0s\xb1a\
\xe7\xa77\xa1\xa6\x9a*\x034\x7fR@\x17\xd2\xc6\x08\
\xc2\xaf\xa8\xda\xf4\x16K\xd0q\xe5s\xe9A\xeb\x1a\x87\
\xec\x81EGl\x09\xe0\x18\xb6\x0d{B\xa6 \xdf\x04\
\x0fi\xa9\x22\xe3\xcf\x9c\xdc9\x13\xe7L\xa4_>\x8a\
]Z\xd0\xddG\xa9\xe3\x17\xed\x05\xa2\xab'#\x98\xa5\
\xe6c\x1e\x0fi\x97\x9b\xec=8we\xe2Js\xc2\
\x1a\x9a\xb0\x8c\xe6w;\xba\xbd\x12V\xb3X\xdd\x05E\
Le\xe4\x12\x81O#Um%|U\x02|\xf3B\
\x15\xaa\xd9\xc0\x0e^6\x9fDW\xf0\x89\x99\x22\xb4E\
\xefL\xbe\x839\x0f>\xdeY\x18\x11om\x0f\x0c@\
\xecoDE\x1cH\xe7q\xd2\xa6\xe1\x7f\xe2c;\xfa\
\xed\x04>A\xd2\xde\xec\xe9D\x93\x84\xe6\xe6\xee\x9dD\
\xe0\xbf\x84\xbdXl\xa0;\xbd?\xd1\xb2\x09\xe8\x96S\
\xb6\x0a\xc3\xe9\x9dC#\xa9\x88\x9e\xc5\x1a\xc6;\xa8u\
\x9d\xf6\x8a\xa8gMj6L\xcd\xa6\xda\x0b\xec\xecP\
\xc9Va8\xbd\xdb\x91\xbd\x03\x9b\xd3+#\xfc\x1b'\
\xe8\x96\xb8Th[\xc1\x8b\x9c\xcdj[k\x18O\x08\
%w[6ZR\x0aC\xc5\xc5\x04\x1d\xff\xa0S)\
\x92<\x84\x0d\xe6\x96\xe7\xc4\xe0\x8d\x88t3\xf4\x1c\xae\
[8\xe7`\x9f\x8d\x82\x85he\x1c\xf4c\xaa\xda\xc3\
\x08\xc2\xb3\xf6\x84dc\xc4#-Ug\x99\xe87w\
\xe2\xdc\x89\xf4\x15G\xa9\x8b\x18A:W\xef\x0c\xbaj\
\xa2\xdfd\xbc$\xa4\x9d\x84\xd1oB\xe2\x04\x13W\x8e\
#\xcc\x93\x83\xadU\xc6\xe8gw\xc3\x09\xfa\x91\xc3X\
U\xdbo\xad*\x11cs\x08\xfa\x11\xed[\x10\x85\x0b\
\xde\xc89T\xc1B\xa9\x96E\xbb\xf4\xc4xD\xd7X\
\x8a~\x096\xdb\xc6\xcf\x06\xe7R\xdd\x81\xad\x92\xa5\xf3\
8iK\xaa\x7fb\xfd\x13\xc6\x22\xace\xa1\xbdy\xd3\
\x89b\x12#\x9d\xabw;B\xd9K\xd8\xa5\xc8&\x18\
N\xef\x0e\xecx\x87p\xf06[\x01\xe6\xf4\x02,\xf4\
#\x1a\xeb;\xa8\x83\x1b\xed1\xd4\xd1(:\x1bF[\
\x1e\x97\x08\xfd\x8aN[\x0a7W\xef$\xf6\xf8\xa2\xb8\
O\xd1\xcf^\xf8\x92\xd1\x02+n\x18\xec GQ\xc9\
9\xa8\xe0[\xfc\xd1\x8f\x8c\x87\xc5\xdb\x9e\x8a\xd2\x08e\
-q\x9a\xcd\xc77\x96\x80\xe6\xd6&\xc0\xe8\xb7\xd3\x94\
N\xea*\xbe\x1a{\xb5\x07\x14S\xcc\x0e\xd6\x1eT\x8c\
uA\xf6/\xf8z\xb0\xe2\xe3wjm\xdb\xe8\xef\x8a\
\xb7T\xb4lW>\xc9r\x9fT~\x0f\xd6Rq\x19\
\xcc\xe2m\xb6\xd7W?\xb0\x9f\x1e\x09]\xa69\x1e\xb3\
:\x1e\xc3\x86\xb7\xe1\xc1Q\xfdY\x82\xdd\xba\xcf^\x94\
\x03\xb9\xa1\xce\xbf\xa7=\xa4\x04\xe6\x05\xd5S\x8c\x87\x8c\
\xc1\x9a\xfb3\xbc=9\xfb+\xf1\xf4\x0bdG\xd9\xdf\
\xa1_\xc0\xdf\xb2?\xd3\xa6\xed\xbb.\xb1\xf5V\x1c$\
\xdb\x95\xcf\xd0\xb7\x0f\x94\xc7\xc6Y:\x83\x1fY9\xdb\
\x13\x0a\xc1\xa1/\x084\xd6\x19\x99Z}\xc5\xb7.\xa8\
\x81b<\xdd\x0bC|\xab\x86\xb4\xe7\xa5\xf4!*-\
\x18\xa1\xde\xd8\xe8m\xf4\xbe\xa1\xe4vCi\xdd\xd7\xdb\
\xd7\xfbw\xff\xd3F\xe9<Vo\xac\xb0A\xf6\x86r\
\xad\x95\xc9\xae\x84\x86\x8aaR\x83\xfd\x0e5(\x83\x1e\
\xa6\x0c\xd6Y\x87\x1a\xfc\x1bXX\x06\x14D8Eo\
6!\xf2\xae\xdef\xbf\xe8(y\xe8{y\x8c*<\
\x86\x0do\xc3\x83\xa3Zx\xe7\x92\x9b\x90\x95@\x0dz\
\xbf\xa752ipf\xd0\xc3\x8a\xaf\x9eI\x0e\xbcT\
\xf0\xb8js\x85\xf2\xd2\xda\xebh\x1a\x0f\xb4\xed\xeb:\
\xe0\x95J\xa1\xfc\xaf\x10k\x87H\xdc\x02\xbbp1.\
T\x9c@p\xbd\xc8\x22\xb8(\xc4M\x94\x107UM\
5\xf6!\xaap#\x15\xc6\x0d\xd5\x17\x86I\x15\x1a\xfb\
\x1f\xc4ot\xce-\xf5\x19\xd7\x10\xa42\xe85\x82\x8d\
\xd0\xf29\x86\xe9>\xf6F\x9a\xb9R\xce\xe5\xefj\xe9\
J#\xbf\xf8i\xecX\xb1\x5c\x07\xd3\xc0<c\xa7\xd6\
X1*4\xd3\xfe5\x14\xfe\x9f\x84\xb0\xe8\xbf\xed\x9a\
\x0c\xc0\xf2\xe7\xd8,\xad\xd4\x0e7\xba1\xbeW/\xd1\
\x91y\xe2,A\x88\x88Gd\xabQ\xd6\xee'\xac\xd9\
\x22\x9c#o!\x1du\x22\x95\xac9[\xdav\x00\x90\
h\x1f\xff\x880\x0d\xb1i\xec\xfa\x81\x1a%\xe8SJ\
T\x02a+\xc1x\xb1|\x9a\xfc\xaa\xc6\xa2\xf2n\xc9\
\xf1\xff)\xbb\xe2\xdf\xb5\xe6\x8e/\xf5\x99\x04\xfe\x0dw\
\xec\xbf\x0f\xa0kx-B\x18z\xc0\xe3lm\xc2\x8d\
\x01\xe5o/)Y_v}CB1%\xb9\x1bx\
e\xa5i& wjM\x94\xbd\xbe\x1a\xda#~\xc7\
\xc6f\xe9\xf8\x87\x9f\xb5\xd2\xbb\xe3\x8f\xc7\xf6\xbd\xf2\xea\
\xbb-t\xf3:\xf0\xbd\xc6\xa6\xe7u\xac\xad\xf0FV\
\xd4\x1bR\x97b\xfa\xd8={|\xe3\xfdD\xa5\xb2\xf8\
p\x1bU\xb5\xf2)9\xc7\xff\xc7l\xd0\x7f\xd3\xf2?\
\xde\xef\xecyC\xf5\xaf\x89]\xa1&B\x95\x0f@,\
\xb2\x1b\xe1'\xed\xf7\xe6{\x8a\x1d\xcc-\x8ct\xf1\x85\
\xb8\xe2\x87\xf2\xf2[\x90J\xa5\xdcv[\x93X?\xd0\
\x94\xc13\xdf\xd8\x99\xa7\x19\x93\x90H\xaaP\x1f\x9ft\
\xaa-\x05\xb6\xde\x14X*B4\xf7\xd9&\x80B%\
\xac:\xd6#\xa9\xa6\xe0\x12\x89\x83\xf2k\x0a\xe8C\xfa\
l\xe8\x9b\x0c\xf4\xd9\x14p\x86\xa5\x0e\xf3\xffH:u\
/R\xf0n\x9e$\x91^:\xe5\xac\xc0\xd6\xa19\x8d\
y!\x9d\x8c\x1a63*h\xff\x9a\xef.\xc2\x8e\xa1\
\x94\xe8&x\xff\x16\x97\xee\xb3K\xbc\x99\xb9\xc6\x91%\
\x92,\x01\x83\x88\x1d\x04g\xe8\xf7J\xd0\xdb\x5c\xa5\x03\
\xf6\xc2aC\x8b\x09Eck!\xf2j\xfe\x14\xac\x95\
\x0f\x02&\x01\xe9u]CQ)\xbd<,\xdf\x09\x82\
\xc1\xed\xf6\x89\xfe\xac\xfe\x9apJ\xfb\xfc\x8b\x98\xd7\xcd\
\xe4\xaa\xb2\x86\xe5\x9al\xac\x18q)\xbd\x86\xc1\x94.\
\x8d\xd6\x1aB\x84B\xcc\x0e\x08\xab(\x22\xcc\xc4\x13b\
=nIx\x1b\x07\x8b\x96j\x1f\xaf\x9b%\xff\xb9\xb4\
\xb2!\xb6V\x96*d7n\x11\x9d\x9f\x5c\xfa\xd8D\
\x97{\x83\x89\x8a\xd0\xf7\xdapk \x09\xee\x1btk\
\xef[\x06\x06\xfcB\xeb\xf5\xc5>I\x07b\x0d\xcd\x1a\
*\x19\xb8\xcb\xef\xc5\x9a\x9a{\xc2\x18\x04\xe6@\xf6\x1a\
\xa2\xb6L\xa7\x01\xcc84\xfc6\xec+\x8e\xe3ki\
\xcf\x0a\x1a\x15h\x041\xcc\x92bi\xf2\x01\x1c=y\
;B\xba3\x96u\xc6\xeeM\x9b\xefD\x16\xfb\xf5\xd0\
\xaa\x14ak\xc5el\xad\xc0>J\xa7\xb0\xe7\x1b\x0a\
\x98DZu/u\xb1-\xc2\x1e\xa099\x09.\xea\
M$EJ\xa4\x8a\xb0\x05\x8b\xb7\x95\xddX\xa8\xc7P\
\xe2\xec\xa8\x1cH\xbd\x9eQ\x93C\xa3\xd3\x03p\x04;\
i+x<I\x19:l\xe8\x13\xb5\xa9R2\x1d\xaa\
\x8c\xad\x12\xe8m\x81X\xd3\x8f\xcd|\xb4\xb7$\xc2\x9d\
{\xc1\xd5\x0b&\xb1\xa4K\xb1S\xcfR\xeaVx\x1b\
\xf6\xab\xc9\xc9\xc9\xc0\xe6\xaaD:(\x86Dd\x86\xc4\
\xbb\xe8\x04\xe16\x94\xbe\x22m\x93\xd3\xa5\xea\xdd\xc2\x1c\
\xaa\x9a&\xe09\x8f\x03jq$\xc0E\x8fg:6\
\xddL\xa7\xbe]\xa7l\xf8\x9d\x22\x81\x9e\x1e\xa77\x93\
\x1a\xfd\xcea\xef~\xd2\x1ah\xf1+\x06\xe7\xc6\xe2\x85\
\x87(\xbeo\xe5\x0d\xdco\x0a1\xf5@\xb8\x04\x1f\x06\
ew\x0b\xfdg\xbc\xeb\x5c\xc8lK8^\xc7\xaf\xeb\
\x86\x12\xce\xc1\xd6\xffX^\x0c\x87\x14R\x0b{\xf7O\
\x90\xefc\xa9\x1c\x80\xff\x00z\xe25\xf4\xaf\x98C\xd0\
\x1a\xb4\x12\xc5\xb4\xc8\x94&[+\x80\xdd\xcc\xf2=\x96\
\x9b\x99\x15\xe6\xef\xea\x11/\xcc\xe0\xdc\xb4\x7f\xcc\xc7\xce\
\xed\xb2U\x1a\xb9\xdc\xedk\xd7\xaa\xf5?\x96c\xe0\x1a\
\x96\xf3\xc9'\xc8\xfb\xb1TNn\x18\xfa\xc5\x15_\xfe\
\x07\x16r\xf8i\xaat1\x0f?\x8f\xfa\xdb\xcc\xc6\xa6\
\xa3_\xf69\xdc\xb9\x8c\xa1e\xacnr|\x9b\x16\x97\
\xa0d\xbd\xbe\x83E\xd9\xdc\xd3\x90\xfc\xe2(\xad-O\
E\xc7w\xd1\xf1h\xf4\xf3s\xa4\xa3\xa0\x03\xf6\xc2M\
C}\xac\xff!\xa8\xf4~\x17y\x82#\xbbb\x89\xb0\
$Y\xd1\x92\x22\x8b\xcb\x96d4\xd7\xca\xa2\x8e\xa4\x8a\
d\xd7PdA\xb8@Mp\x91%\xcb\xba\x06\xbd\x8c\
d\xe3\xc9\xd2l\xdd\x91\x96K\x96\xa5\x91\x94Me\xd7\
\x9f\x91\xec\xfa\xaf\x85\x1d\xfe\xef\xe1\x86\xbf\xec\xfas-\
k\xb7\x94o\xfe\xe3u\xec}Z\xf2\x99\xac\x94~\xe1\
eU\xa8\xf8\x13qS\xd2\xbd\x89\x01\xa6l\xaa\xd5=\
\xbd\x8a\xab\x10\xca\xe0\xb5D\xed\xf25\xbah\xcd\x8a\xd9\
\xed\xf1/\x96]\x9f\x0f\xd1\x1e\xf3\xbfN~\xa1J\xe9\
\x87|\x96\x8d\x99,\x89c\x90r\x9b\xa9,\xe3\x95\x9f\
I\xcb6t\xb9<\x9c\xdb\xec\x7f\xb7\xf4\xe7\xfcr\x1d\
\xf0\xdbI\xff\xa2gA\xe9\x04\x00b\x0f\xf4\xf3x|\
\xb7\xb8\x8d\xd9\xd7\x82\x00=UC\xf1be\xdd\xb67\
S\x98\xe8\xbf#\x8bP\xd9\xf53\xd6\x86G\xd6\xa8\xdf\
K\xef\xd3z#\x05m1\xcb\xf2\x8d\xed`\xc8\x9a\xdc\
\x5c1L\x8c\xdc\x7f@\xef+\xde\xd20\x8f\xf2\x19\x10\
\xcb\x89o\xe5\xa2p\xef\xeam\xda\xb8\x8c\x17\x8e\x13\x87\
\x9f\x8a\xc0v\xf8\xf0w\x03\xe1\xdd\xce\x11T?\xe4g\
I\x0e\xd1Z #\xa6\xb9\xed[*\xbez>dK\
&\x9a?Kj\xfe\xc7\xa5\xae\x03\xfb\xfdm\xc9\xff|\
\xee\xa5}\xd2\xbf\xe8XP.UoqB\xc0\x99\x84\
\x80\xac\x83\x8b\x12\xdc\xc8G\xf7\xe6\x903w?\xf2\x12\
)\xbbW\xb7\xa5\xaaB\x1e*\x8do\xec\xd6}}=\
\xb8\xbfn\xbe\x98\x05\xf9\x1a\xef\x16\xb4\xe3\xf7i\xe5\x82\
\xa4n\xb07r\x9f.\x8b\xea\xfeo\xb8R\x97FC\
\xe6\xe7V\xcd\x96\xcf\x92G<\xc0*\xfc\xac\xfdk\x98\
\xfa?\x09\xdf\xe2&c\xdf\x93X\xf6\x09\xce*/\x8e\
\x8d\xff\x9b\x11N\xe5\xd5v\x96\xe1\xd8\xfc\xafY\x93\x03\
\x93\x92\xb4\x1b\x86\x83\x1c8\xf0\x7f\x93\xc0\xdf\xd4\xcd\xe0\
]\xcc\xa8\xaf\x1f\xc8\x01\x8d\xad\xc6V\xadD\x1c\xf7R\
\xe5T\x9b6\xff7\xbd1o\xa2\xbb\x87z\xdf\x03\x07\
\xe8\xa9+\xb1d\xea\x10h\xb0\x06\xab\xb5R~\xfcQ\
kMN.m\x14\xa3\x8a\xf9_\xf9\xec\xf6\x1dC\x97\
\x12\xb3}\xbe\xc7Y\x0e\xd2\xe6{\xae\xe7h\xe5\xa5\xbb\
q\xe3\xf0\x1b;\xbfl\xcc\xbby\x8c\xdau\xbe\x0bC\
'\xeb_\x97\xcf\xfa\x1e\xe9{E\xebx\x0b\x0f4\xc5\
$g\xfd\xebe\x93\x09\x18\x82s\x1dj@\xda\xe0\xdc\
\x9b\xd9~G\xe4\xdd\xd0\xcf\x0d\x8e\x18^\xa2R\xc3/\
O\xf3u\xbe\x0b-\xec\xa8d\xd4\xd5\xda*s}\xdd\
\xb5v\x8a\x8d>A7z-<\xd0\xa6oy\x1c\xe8\
JH\x1d\x9d/\xdd\xe8\xa4\x05\xf3\xff!\x97\xc1\xbem\
\x0e\x887\xf4\x85\xf9Qh\xad4\x0f\xba\x11:\xc26\
\x07\xde\xfd\x87Ny\xed\xa5\x1b\xb9+\xc2\xf6\xe0F \
+\xfd\xb9\xf6\xdd\x03mJ\xdc\x80\x08\xc4\x98\xbd\x06\x1a\
\xb5\x8c\x1d\xf6\xda\xfb\xea\xbe\xaa\xb5W\x8c\xa7\xe6j\x1d\
\x94\xc0\xbd\x82\x13i\xed\xc4W\xe7\xe4\xba{\x12U|\
\xa4\xe1\xf8\xb44\xdd\xca\xfb\xe0\xe4\x82\xf0o8\xfa\x10\
\xcaK\xd1\x0a\xe8iN\xa6\x8a\x92\xf3X\x90,\x17\x11\
L\x14\xcd\xa3\x1a'EQ\xbeN\xc2\xf0\xad\xcc\x87\xd4\
&b\xf7h\x1a\xe3\x5c=\x0an\x8d\xd4J\x97\xdd*\
\xc1\xa2\x13N\x8c\x9e\xffI\xb2\xa4,\xc6\x03\x06H\xff\
\x9a\x84\xb9\xbb\x5c\x9c\x05\x1aC}\xc1Z\x9fR1\xb3\
x\x0bBv\x96\xeb\x22\xff \x8d\x92\x8e,[\xb7J\
\xb7\x94\xe3\xf5.u\x1a\x05\x14\xe8-<\xae\xac\x99\xa7\
uT\xe6\x8d\xd3z\xff{$~\xeb\xf5\x93\x94Y\xea\
?\xc6\xc6\x7f\xc6\xdf\xd5\xfd\x16\xa5Z7B}U\xb5\
\xdd\xb76\x94}\xc0\x00p=\x02l\xc7G\xdaY1\
\x8a\xfcS@\xdc\xcc\x97zW\xd9\x5c\xa9wj\xe5\xca\
\xf0\xa8?\xf0\xe8\x0e\x91fC\xe6Hjb|\x06\xc9\
\x89\xc1\x5c!\x86\xeax\x0a\x82QJ><\x0d\x9fM\
\x14|\xe4\xe4\x11B\x1f2\xe9i\x0ci\x93hRe\
\xc1\x8aI\xf8\xe5\xb9\xa6\xcf\x11f\xe9\xa5`1)\x97\
7\xce\x1b\x87T\xff87M\x01\x1e:\xf6\xa4J\xc4\
7&ZZa\x8bx\xd0$\x9dN\xbaN\x94\x99\x90\
\xea\x901\xc1\xb7Z\xcb\x9f\x81\xb7\x5c(\x0e\xed\xd0\x1f\
\x10\xcb\x93\x9b\xa9\x5cy\x94\xf4S\x87\xfa\x89V\x8aY\
2\x8e\x10\xcb\x95\xc0\x1eg\x92[\xd7\xc6\xda4\xc6\xb1\
\x8e\x12\x9b)\xf1BCG\xa6$\xd7\x04\xb1m\xdf\x14\
6\x92\xbcIV\x94\x18\x8d\xdaM\x84\x8fn?\xb4\xdd\
v_\xe3(\xf7HLJL\xc2\xc1\x22\xb9~oI\
\xf2\x12K\x8b\xa5\xbf\xb7h\x14\x01<k\xa3+\xebg\
\xc4q-V\x0e\xd5\xfb\x15X~\x22\x8f\xf6\xd3O\x89\
\xa5\xccP\xea\x9fF*\xd0\x887\x9ak4s<\x89\
\x10>\x8d\x86\x82\xadk\xe7l;\x1b\xee\x9d\xc7\xc9\xfe\
\xf3\x89c\x88\x8es\xd2\x98s\x8cI\x8eI\xc6\xd8d\
}\x9e\xb2Z\xe8\x95\x9c\xb44\xb1(\x93\x9c\x95\xd7\xbf\
\xc0\xe6\x99\x05v\xde\xb5B\xe4L`\x19z/x<\
)Q\xf3\xa2\xe6\xc5.\xd43\xf5L\x5cG`!\xf6\
\xf6\x98g\xb5J\x04\x93B\x92\xa7A\xc2\xd7Q\x22t\
K\x08\x17\xed\xc4pN\x8f\xc7\xe8\x97c..\xde~\
\x89\x8b\xb2\xdbI:\xdd\x7f,\xde\xb38\x02\xd6V\xd1\
\xba\x94\xb5\x185\xf3I\xd6r\x1d\x8b\x1a8\xae5'\
7\x05\xfb\x96\xa4\xd0\xb4\xe9\x08\x17P\x1c\xaa\x8ecZ\
u\x1a\xd9\x8a\x01_\x01Wk\xc0\xc1\xaa\xb6uR\xb5\
r<2rp\xce,\x02\xb1YT\xb09\x13l\xa5\
\xaa;\x8di\x1cjg\xc6b\xe8DY\xed\x05\xf4\xce\
\x0b\xc1\x965\xf4\xac\xed\x12x\xd6&9\x7f\x99x7\
\xcd|\xfcw\x1c\xe2\x8en=\x8ex\x0b\x89|ub\
`q\xfd\x11\xb48\xd8o\xe4.D\xfa\xf1\x94\xcc)\
@+\xbe\x9c\x01\xb6s\x94\xd3\x13\xf3\x89\x1fS2\xd9\
\xee3@x,\xf62\xf2Z\xe3\xfe\x19\xb7\x7f \x22\
\x22\xdb\xd5A\xee\xb0\xea\xb2\x90\xde\xc5\xe0\xdcU\xe6\x97\
\xee\xc3 \xablg\xa5\xbd=\x82I\xc7\x03L\xa7\x91\
\xe28\xc2\xd7\x5c\xf0\xcc\xf4\xcct\x9c\x1f\x9f\xdeX\x99\
\x8c\x17\xfd\xb7$\x16\x03=\xcaj\x03\x10F`\xa7\x01\
\xec\x22s\xc6\x8e\xf4?c\x87#\x9f6\x89\xe04\xe8\
\xbb+L\xa3\x06g\xb2\xa5\x0dOH\x0aF\xcc\x14*\
\x0aJ\x96\xdf\x8e_E\x0c\xab'\xa1\x0b\xbc\x1d\xf9/\
\xd9b\xa7\x93\x14\xde\xfc\xae>_\x9fOC\xf6!\xa2\
\xf0\xe8j\x8cU8\x83\x98\xe4\xa8\x05\x9c\x84R\xeb\xd4\
\xcf\xc6\xdcZ1\xb8\xb4F\x0c\xad\x18\x82\xa5O\x03q\
!\xe46D\xb9\xd0\xd8\x19\xa3bf\x8c\x990!\xf5\
\xc5\xe8Q+'d\x8eY\x1f\x933#'s}J\
f\xee\xca\x95\xd1\xeb\xc5\xd4u\x13V\xce\xc8\x1d\x95\x22\
\xd6\xf0=\xaf=a\x1e\xb6\xba\x18\x1b\xb5\xf51\x99c\
VN\x88~1u\xd4\x84\x093\xc6\x8c\x8a\x19;c\
l\xe6\xa8\x94\x19\xb9\x13V\xa6\xae\x8f^'\xae\x5c\x99\
\x99\xbb>%'S|\xef\x05\xed\xe5\x94\x09\x0b'\xcc\
z9f\xd6\x84)SR\xc6\xc5\xbc\x9c=e\xe1\x84\
\xb51+g\xad\x5c\xb86e\xe1J1;;fm\
\xca\x9a)\xd9\xa2\xaf\xa6\xefa\xfc\xfeL\xa1\x93\x92\xb7\
D3\x1e,SRa;M\x1dIbU\x9a\xa4\xc2\
\xf9!\xd6-vN$w\x16\xf2|O\xc9t\xd0\xa2\
\x92V\xde\xe4`+\x0d\x1f\xe5+h\xa7\x94\x22gr\
\xa0\xb1\xd5\x88\xd3P\x92\xfe\xd9\x8e\xfb\xed\xcd\x1d\x16\xaa\
Ix\xedtZ*\xc2\xc4\xc5(\x8c\x15\xf0\xe1\x0b\xa2\
E\xb1\xa8\xf0\x93\xac\xdb\x19\xab)\xabJ\xb6\xb2U#\
\xb7\x97\x0bb\x1a\xf5\x8b\x93-\xacF!\xf1\xa6\xf8]\
M\x9a\xa7S\x84/\x95\xd3\xc5S\x1em\xf30[\x95\
|]\xdf\xabrg\x04\xb7\xcd\xf7\x9b6\xdb\xce\xbc\xd7\
\x8d\xa0(\x7fE\xa3a\x9b6m*M\x94\xb7ud\
 \xd0flN\xc1\xe0,\xc8\x96]\x0d\xb9\xf2\xdaY\
}na\xfcf\xa0\x11'\x10,*\x83\xcbvUi\
\x81\xee^w@}$\xe1\xe1\x0b\xa2\xdbm\x92-\x8e\
E\x08\xf4\xc9\x96\xe7\x80\xb9\x22\x8d\x10\xd6]\xb2\xe9\xa3\
\x85\x93\xe1(2\xa9ln\xe7\x86\x89E\xc3\x86m\x1a\
\xf6\xcf\xba*\x0f\xdbl\xbb\xd0\xfcsvO\xdb\xec\xb1\
i\xd3\xb0M%\xfa\xd0\xfd\x9d\x83\xa5m\x18\xd84\xd4\
N\x88\xf5\x0f9N\x07\x1aO\x19C\xb4\xd2x\xb4\xd8\
.\x95\xb7\x04\x89m\x9d\xdc\xa6a\xc3\x86\xfd\xb3\xe5\xd1\
\xcaJ.\xca\xa4\x12#$\xe2\xc6\x8e\x15u\x0fh\xae\
\xed\x85\x05c;$\x03\x1e\xaeae\x16,\xa0\x1b8\
\x96\xb0-*Q\xa2\xa1\xc6:\xde\xbd\xb0Q\x0d\xd1\xcd\
\x03.b\xbe\x95\x93\x1b\x8e\x19A\xa9<\xd7\x88\x001\
\x0f\x97g\x99G9\x11,9J\xc3\xdf\xf3\xae\xea4\
\x0d3\x1b:8\x9bY\x96\xe2\x88\xea\xae<C\xa5\xe7\
k\xaa\x0f\x14P\x96\xe8\xa5\xc2?N\xb9ZUJ\xa5\
H.\xd8\xe7*\x93\xca$\x9bd\xa9\x91\xcd\xde\x04Z\
\xe0\x06_\x8f\xd6\xb1\xf5`\x88V&\x93[ivV\
\x99#S\xec]v]*\xf6w\x8cS\xb7\x96\xa2]\
c\xc44w\xce\xa6\xb2\x05y\x18\x0f\x1c\xd0\x8aI'\
\x08U\xa3\x08\xe2?\x5c\x83.\x1f=z\x16G|4\
\xb4X\xab\xe0\x8b\xb9B\x7f\xd40\xa5\x13\x82\xdd\xce6\
*.\x9d\xdc0\xdc\xc8\x1f\xf1\xed\xadp\xf3p\xa9j\
\xd34\xf3\x1b\xeeb\x1f\xa5/h\xd1\xab\x98\xec\x99\x93\
cm\x13\x9b\xdb\x15\xd0j\x1f^[\x1d\xe3A\x9b9\
\xda\xa9\xdc\xe4\x84\xaa%\x9b\xfc\x15sd\xde\xaa}e\
o\x8cT\x84\xf8\xbd\x8d^\xda\x93\x8a\xef\xf1\x8dZg\
\xe5\xcf\xe6Z\xf8\xe2\x05t\xdcv\xe6k\x5c\x0c\xc2.\
\x09\x81O\xb3\xc5\xf89\x99\x90%\xcd8\xb4\x89\xb3\x92\
zc\x05\x91\x1e\xa3\xd3\x14\xdf\x85\xf6\x22:1\x08W\
m\x14F\x8a\x86X8Y\xa2\xe8![og\x00\xae\
\xd2e\x1d\xad]=\x99\xa6\x85^\xa0c\x9aI\xf5\x22\
s1\x18\xe7R*\xc2\xd3\xfc\xc0z\x94\x1eE}Q\
/\xdbZ\x07\x1f\xc54\xabG\xf4!\x96\xca\x00\x817\
\x1e\xa4Z\xa5M\xc8\xeb\xd1\x19\xcd\x87\xcfh>\xfb\xe4\
f\xbe\xd0|\xfd\xec\xd8\xa8\xa8\xe8\xa8h|\xc0\x8e\xc3\
\xda\x0b\xddjM\x8cN\x9a\x93:'\x95\xaa\xca\x80\xcd\
O\x90\xdc\xb4T\xd2c\xaf\xa9\xb5r\xd5F\x16\xdc\x13\
(\xf8R\xf5T\x9d\xfcu\xb3*2\xe61<EO\
\xc1\xc8\x94\x8c\xd1'\xc9j\x89\xfe.\x821\xe9\xdf\xfb\
\xcfi\x86\xb0\x19\xe0\x90\x0d\x94\xdc>\xdfR\xefA\x8b\
e\xb8z\xb8\xb0\xe2Y|\xbc\x9fF\xa1v6\xd8\x8f\
\xbd8\xbds\x96\xa2\x10\x1f\xcaa\xe0!\xa3\x96\xb6x\
\x01\xf8\x7f\x18\xf6\xff;\x0c\xfbD\xeb\xa2,?\xa6u\
U\xbe\xdd\xa5uS|\xa1YZw%\xf0s\xa3\x9a\
F}\xf9\xef\xc05\x1an\xa74z\x09L\xe8\xf3\xa2\
\xf4\xb2\x11d\xde\xb5\xe5\x09-\x1e\xcc\x18\x8fT\x80V\
Q\xddK\xb4F\x05\x9c\xf6\xde\xe4\xa5K3\x96\x84}\
;\x06\x18\xf7\x04=\xa5\x04\xfea\x0c\xd5r;dL\
\x0b\x9b<y\xa9g\x89Di9\xce\x17\xad\xd2Dl\
\x99\xab\xe8\xf0\x1d\xab\x9d\x90C\x15\xafpR\x07m\xdd\
\xaex\xc2\x82\xa6E\xd0\x84r8\x18\xe0O\x14\x83\xdd\
\xfd[\xad\x87\xb2!\xcf\x99\xc1\xb7FG\xcdu:&\
\xba>?\x8c\x16\xac\x0c\x8b\xfe\xdae\x1cMG\xb1?\
\xcejY\xaav/&\xd0a\x9c\xa5))\xe2\xac\x16\
3\x06\xab\x0a\x1a\xd2\xda\xb8\x0b6\x91x\xb7\xdc$\xab\
%\x1b\xc8\xdaV0\xae\x9fFF\x92\x88\x05\xa8d\xbc\
\xa8\xa4M\xc1\xcb\x8aV\xdf\xbd\xa4\xa4Mt1*\xd2\
z\xf1\x07c\xf1gH\x1b\x83?f\xaex\xb4\x1e\xe3\
b\xc9\xa4\xf5\xba\xcbZ\x8d1\xee1!x\xc2w\xaf\
\xe6\x98D\x1dC\xa8\xf9Hr\x0c^\x93h\x22\xb4$\
\x00\xab\xac\x94\x9d\xfc\x9b\xa3\x88i\x8f\x9f\xa8F0\xdd\
\x00D\x87Hy\xe6\x5c\xca\xa9E\x9bg\xe3\xdeE\xeb\
-\x08\xb7t\xab\xbdH7\xc3\x1c<\x969\x96\xba8\
\x82\x99C\xa4ehU\x22 \x9al\xdb\xac\xe0\xb3\xf7\
\x94\xcf.\xecp\x15\x9d\xd2,\xd5\xb4\xb9\xc7\xa3)m\
r\xf2\xa6\xfb\x88\x82\xba\x84d\xea\xfa\xec\xe4\xa8\xb4\xe8\
\xb4h\xacq\x8e[\xa8/\xd4q/)-5-5\
9\xcd\x94K\x8e\xfe\xa0\x99(\x7f\xf8\x88\xe6\xd2]'\
E\xa5F\xa5\xc6\x9aW\x9dj\x05\xfevi\x01C\xca\
2L\xa7\xda\xc0\xa5\xc2\xb6\x9d\xd1\x9eCL\xa0\xc0\x8e\
\xf9sz\xc4R\x82\x95WD\xf9\x0d)\xf5\x9b;\x17\
\xbfw.}\xbbl\xeb\x1fU|\x1bi-\xda\xe9.\
n\xec\xf4L\xe8\x15\x032\xad\xd9ek\xe0|\xb6\x14\
\xe4\xb3,\x0a\x18\xc8Td\xc2@N\xc5\x9d\x14\xfc\x9d\
\xe4X\xb7\xe9\xde2\xec\xfb\x11Q\xbc\x9dpm\x91/\
\x04\xf7\xfe,\x1bw\xa2T\xd5\xder\xceF\xb4w\x8b\
\xee\xde\xb5\xee\xbdl\xedp\xaa\x7ft\x09\xb4\x94\x8e\xbb\
\x89\x84C:\xb0\x12\xb0\xaf\x80\xb6\xaa\xa3\x9a#m\xa2\
k\xa7\x91\xd6\x8b12\x16\xc3\x98\xb41\x18\x83\xa3u\
\xb4S\x11\x98c1`I\xeb\xf5\xb3\x17\xe2\xff\x12\xf1\
\xe8\x93\x89T\x89\xdb\x14<rS\x8c4\x1e9Y\x8c\
.\x1a/\x1a\xb5\xb5p`/\xa2cu\xb1\x08E,\
\xfe\x82\x17\xfb.\xe8Vk\xfe\x92\xe8\xfa@\xb2cT\
![\x1a\xa6\x03\x9d\xd2t\xd6f\xce\xf6\xa4\x93\xf1\xa4\
\x13\xaf\xb1\xe3y]\x93&\x0c0F\x8f\x86\xf7\xc7h\
\xe3\xf4\x8c\xb7\x13t\xb1\xe7w\xe6\x90\x0d\xe8S\xb5Y\
@\x0fO\xc2\x14 \x15\x8f\x9c\xb4ix0\xf30G\
t\x91 \x17\xfb\xb0#\xf6\xb1\x18a]\x86\x09a\xcb\
\x0c%tp\xbc\xe4\xb5\xca\xceb\xee`e\xc6%B\
\xba\xd3\xbb\x92O\x0cB\xd1\xfal$B\x14 \xda\x87\
\xbeO\xda8<.=\x1c\xb6\x9d\xac\xe5\xe9\xe9//\
\xd7G\x18\xc2x}\xb8OX\xa6\x8b\x81_\x1e\xd3B\
\xf5<CX\xa5o\xf4\x09\x93\xf4\xc8\xb5\xc3u1\xfb\
c-^\x0f\x1b\xb8F\x17\xf7\xbf\xa9\xe1\xc1c\x0dK\
\xbe\xb5\x93\xaf\xda\xa6\x08bl\xa2\xa6\xa8D\x82\x85\x09\
[\x96\xf9\x94\xd0\x0c\xc4\x0c\x0b\xa9\xe0\x82\x10\x16Kt\
\xfe\xe6`\xa70Da\x0e\x1d<Z\x8ehR \x1c\
\xb7q\xc4\xaa\xb3\x00.\x04\xfa\x82$\xfcG\xaaU\x00\
\x5c\xc2E\x81\xcd\x07\xe6\xe9p\xeetw\xe9A\xaf?\
\xbe\x14\xd2\x18`\x1d\xd3p\x18\x09tJ\xccY;<\
\xd5f5\xb1\xb6j\x00\xe3\x0ei\x0549?|a\
sl\xb3/2\x82-\x00z*\xde\x0b).\xb6\x97\
l\xe1%f\xb4_\x1eta\xb9hT7\x91h!\
B\xa2\x1f\x93\xb5\x9e\x8a\xaf\xcb\xb7\xe69\xea\xfb\xfb\xb5\
\xc8\x97C\xf5\x8dh5\xf2|\xc2D=j\xad\xb8\xf9\
'\xad\x97\x12\xf85Z%\xf7\xef\xe6*e\xa1U\x9a\
\x85V\xe9\xf0\xe7\xda\xd3\xca2\x8f\xd6[\xf9\xf1}\xe7\
#yF\xa6\xf9\xdf\xae\xb6\x9aEo-Ckq\xd6\
l\xd2\x8fh\xb8,Q\xa2\x12\x9fbs\x22\x98\xef\x89\
\x9a\x1b5\x17\x93:\x8a~\xa4H\xd3\x19\xc2\xf5\xec\x02\
K\xee\xb2KX\x8e>\x87kn\x85\xe1\x92[X\xee\
?\xe7\x9c\x05rr\xdd=\x15\xbf\x04]\x0d\xc4\x83\x0c\
\xc0\xad\xe2!\xf8\x9e67m.\xd5\x13\xc3|KW\
\x82\xa2!\x13C\x81\x1e\xed\xc5\x83w\x93\x1f\xf7\x09\x98\
\x90\xebh,\x7f\xc7\xe2\x95$-\xaa\x05\x8fU\x10\xe8\
=\x19X5\xc5\x05\xd3J\xd1\xe4S\xa2\xad\x9c&u\
z\xb0C\x01\xadRg\x12-\x10t#\x88Z\xbb\x93\
\xb8F\xe4F\xc3\xa5\xffc\x90\x9dL\x8aqFS\x15\
\xcfM \x8cw\x12\xa2\xc38.-\xdf\xa2K\xa2=\
U\xd16\x5c\xfc-\xa8\x07~e4\xd4\xc2h\x88m\
\x22\xb2\xfb\x86$\xe3\xbdK\xdaT\x1a\x5c\xee^\x19D\
\xb0\xdd\x22j\x22>\x97\xe8\xa9p\x99\x97\xae\x08\x91\xd0\
\xb1@`\x04\xe7F\xcd\x89\x9aCV\x84\x14\xfb*\xbe\
\x22\x84\x14\x1bvz\x06\xa7\x87O\x92\x08\xbe\x99hj\
\xc4\xf8O\xad\xbf\x10+7I\xab\xda\x85M\x8b\xaf\x08\
\xfa`\xda\x9c\xb49\x94\xac\x1a\xc1\x96\xb2\xdb\x1c \xf4\
\x9a\xb8\x9e\xea\xc5\x83w\xb3a\xb7\x9a\xb3\xf8J\x90\xac\
.>\xdb\xc5\xcf\xe9\xe1\xf3\xe5%s\xcb\xcfF\x88l\
\x01\x94f\x881p\xbat;\xa1\x84\xd3\x13qr_\
z2\xbc!\x90\xa9^N\xa08\x95\x0a\x97\xfe\x8f\x01\
\x9b\xa2\x7f\xaa\xc5\xe6\xfea\xa0\x7f\xf7\xbb\x8b\x0d\xf4#\
J\xb4\xda\xfb\xcc\xbf\xfe\xea\xadM\x1a8\xe0\xedP\x93\
-o\xdb\xda\x7f\xb9\x94\x1d\xb4Yr+V\x08H\xa1\
\xa5\x96t\xf5\xf0\xfc+\x98\x98\xbdD_B\xc1S!\
\xdf\x06\x99\x03F\x9cr\x83d$\xf7\xe0\x04\x1d:\x1c\
*\x05\x1a\xd5\x8fi\x93\xb6\x0d\xe8\x1fj\x08\xcb\x06n\
}\x1b}\x98\x9e\xb8\xf7\xee*\xceL>j\xa7\xe5.\
i:-\xb7\xfe2\xe9\xd3}Z\x82\xbe\xbaG\x86\xbe\
\xfa\xa3\x04]o\x97\xad\xeb\x86\x10\xaa\x8f\xe9\x10\xaf\x8f\
\xf9v\x92\xae\xfb\x84lS\xb88e\xb2\xadcc\x96\
\xfc2m\x8c\xf4i}m\x8a!,\x97r;$\xe8\
\xb9\xdf.CwL\xd1\xf5}\xf1\xfa+=\xc2\xf4W\
>\x8a\xd7\xc5\xd3\xfb\x5c\x90\x99a\xd4\xb2\xbc\x1b\x08\x19\
2\xf2-\xf9\xe1\x8a-?\x90\xb4\x1e9VZ\x0f\xec\
\xdc\x831\x90\xd62\xb6\xc8\x90\xdd\xbbJ\x9cJ\x5cd\
\x88j\x110\xceB+\xcb\x0c%E\x8e>\x87jq\
\xd2\x88'\x8d\xc7\x8a<\x17l\xf1\xc1\xe9a\xe2o`\
\xf5<B'\x9f\xe7\x02\x92\x11\xc7\xd4\xd0P\xa5H\x82\
\xba\xc5\x8b\x1b\x9e\xc7\xdf\xc5\xd551.\x91\x16\xfdZ\
j\x1e@\x91?\xd2jU\x0c-\x92_\xde\xa3[\xad\
\x8a\xd1\xa8\xf8F\xb1\xb6\x8f\xb9\x9f|5\x9f\xd3LY\
p\x82>\xa1I\xbc>\xe1\xb7\xf1H\xda\x10\x03\x0f\x1d\
\xd3\xfa(F\xcd\xed\x9a\xf9={\x00\xfe\xc3r\x06[\
|\x0a\xd7\xa9\xe5H\xbew\xc3\xfdk\x0f\xb6\xf8\x14\xc8\
\xc4\xdc\xd3\xb5\x80`B%4\xc8\xcaPf-v\xc9\
\xa8`!\x8a\x836t\xfb\x96\x80b\x16\x02\xd25u\
\x11M\xba\xd8%\xa3\x82\x85(\x0e\xda\x10~V\x12\x8a\
Y\x08H13\xf7/\xd7^\xe8b<m\x8b\x88\x06\
\xef\xab\xa2\x99\xc2;\x12\x05W6I\xd0W\xfe\xb6R\
\x17\xe7\x05\xf5\xc2Q\x9eq\xf6C[}\xad\xcd5;\
j\x08\x96`\x18h\x84\x0a\xe6\xd3\xe3Fix\xbaX\
\xff\xe7\xc3\xe7\x04\xd2^E\x90\x98\x0dK\xcb\x0f$\x9a\
K'M'\x87\xc8\x9b\xf0\x80\xe2\x0c\x97\xba+\x11\xc2\
DNzN\xef\x02=\x11\x87\xdf\x0a<BjX%\
\xd8R\x03C\xbb\xb8\xa9\xd3C\xb9Z(?@\x8eJ\
&\xf3u\xf1\x83\x94\xd8\xe4\xd8\xe4\x98\xc4h\x1d\xfa\xe0\
4mj\xeb\xa9\xfa+&\xd9\xd4\x17\xb5H\xd0\x97\xfc\
`\x92_\xf3\xff\xcc\x1f\x96\xe9\xaf\xf8\x84\xa9\xfa\xd4\xef\
\xc4@#\xc4xX\xfb\x7f@-%Po\x88\x9a>\
\xae\xbbvcp\x9b<\xc4x\xe4\x1b?\xf6:K{\
F\xc9\x0a\xf2(\xe1\x8d\xb4\x10\xf3\x87!F]\xad\xaf\
\xe21\xee\xd4\x9eU\xf6\xf6\xd1\xfa)\xbeN\xe3\xb4\xe7\
\xfc\xee\xac][\xdb'%\xa22\x224\x9a8\xdf\xa3\
\xbb\x22\xaaH>\x12/\x8eA\xf1\xfa\x85\xbd\xb9B\x9f\
\x83suW\x04\x11\xb6\xe9\xe7^\x13\x09\x10x\xd6\x10\
\xb5\x1b\xc6\xfa\xe0q\xd81>\xfe/%\x9f\xf1\xe2A\
\x16\x1fG<\x1d\x9d\x17n5Z\x15\x9f)\xcaIK\
\x7frO\xbbw;m\xdcZP\xeay\xbf<\xee\xdf\
\x8b\xe4X3\x0e\x94\x1b\xc8k\xd6H\xb7\xae\xdc\xc35\
\xf9\xfd\x82\x8d&\xe5\x8b\x1b\x1c\xe77E;\xc2\xc9\x7f\
\x09\xc8\xa2\x5c\x83%k\xec\xa5\xb8\xf5\x91\x1bk0\x8a\
\x94\x0e%_\xb6A_\xb6xC#P\xb8\xee\xe6|\
\xa4\xb5\xd6\xdf\xfc\x01\x98\xdbx\x80\xb2\xfe\xdam\xecB\
n\xfaS\xd61m\xa0rl\x9f6H9zL#\
)\x9a\xca^u9\xcf\xcf$_j\xe7~#\xb4\xb4\
U\x92\xf1\x92Q\xa1U\x87\xc3\xcbW$\x99\x14C\x1f\
\xacX\xffg\xf9B5#4\xcf\x9ct\xfd\xa0\xe1F\
\x95<\xa9\xbe):\x8c\xd8\xb5Q\x0aL\xc7\x01 \xe5\
\xa9\xc6\xb8\x1e\xfc}\x1f\xa9\x1bU\x93\x5c_\xea\x10\x1c\
\xb8v\x9c6\xf5\xdf\xac\xe0\x03\xb3\xfe\xcd\x9c.pc\
;m\x88\x92\xd7N\x8b\x9f*\xdd\x92\x8a\x0aY\xa5\x87\
\xb4;\xc9N\x09\xb1\xab\x96\x17\x90_\xdd\x1b<\xfc\xc0\
}\xe6\xc9a\xc4.`T\xd9\xa7\xf9\xaa\x988\x08\x8c\
\xaa\xc7\xb4\xe1\xbe\xd0<i\xb8\x11\xab\xe5\x95\xc9\xd3\xc5\
\xf1\xb2\x0e-\x9f\x97\xf5\xf0r:Y\x87\x96\xcf\xc9\xda\
'\xf8\x04\x93\xec\xd4og\x12\xa0\xc0\xe3\xc6\xabZH\
\xe3\xd1\xa5\xafv\x02G\x94:q\x13\x9cW_\xba\x99\
\x0b\xaec\xd1\x9cg\xa2I\xaf\xd2\xb91Y\x99\xe7\x8e\
\xce\x03\xa5\x0e\xa2\xdd\x08J]hv\xb4\x1e\xf2\xbbU\
5\xc2r\xf2t\x9c\x8c\xfd\xdc\x8d\x8b\x8a\xb0N\x9f\xb8\
x[i\xc4\xbd\xae\x0a\x91\xeeZ\x91H\x04v|\x94\
\xb7\xb5\xf2u\xd0\xb7\x1dtr\xaf\xe1\xe4\xacn\x87L\
w\xcf\x19\x8c\xbf\xdf\xa9'\xa4\xf8w\x8aez\xf7\xc2\
\x97}\x1d\xb4>\xb7\xb6\x88\xf5\xae\xd2\xc7\xb4&\x14\x0f\
\x9f\xa4=\xcbi\xb7x\xaa\x9c\xadA\xff\xfdcw\x0b\
c\x0e\xc1\xc2\x8a7\xb7s0|\xdb\x9e\xcb\xbf \x9d\
\xde\xaay\x15+\xed\xb5\xf5\x96\xce\xa9\x10\xeb\xda\x83s\
\x9c\xad`\xcf\xeb:)Y\xff\xa3s\xb9Y\xca\x94[\
8\xf6@\x831^\xd3\xcaL\x1cB\x1aOB\xb4\xbf\
\x1c1\xb7S\xcb'\xb26\x03$0\x91^8\x9f\xef\
I\x8fL\x8f$\xc9\x80\xc9KH\xb9\xfbVR\xa9\xd2\
\x04\xff\x0c\xca\x15\xde\x8a\x85\x8c\xb2\xc7wN\xfa\xaf\xe6\
\x0c\xf0\x09\xdf\x83\x9a1\xa9\x99\xe4\x9fv\xdaI6\xed\
\x9fb\xe12E_\x94v\xba\x95\x14e\xf9\x00qn\
\x97%w\xcfrh\xd2\xd3\xe0T#P3\x16M\xf5\
-\x92v\x8d\xd0\x9eW\xf2\x82n\x98\x06\xa3\xcf\x8d\xca\
K\x07\xe7\xfa\xa7H\xb2\x12\x9b\xdcXH\xdcu]!\
\x91P^\x927\x0an\x0cB\x83\x8b\x97\xbc\xa8\xf8\xef\
\x7f\xd7\xb0\x02\x0d\xde\xc8\xd6\xfa\xb72:\xe8\xfd\x0f:\
^\xe5\xc8\xdb\xc2\xcf\xf9\xde\xdd\xc3\xe9\x82,\xacp\xf9\
\xe9[i\xdd\xfd\xf1#\xd1\xa9\xc7\xeb\x85;\x1b\xbfV\
\xfaDKpj\xf9j\x0e\x86\xeb\xa3|\x15D\xbfp\
j\xec\xcd\x84\x1b\xbb\xdc\xab\xabg\x116\xec\xc0\x0a}\
\x8fJVT\xf6U\xeb\xfcc\xcb\x97\xee\x1e\xf6\x15\xe2\
\xacr\xb98\xe6j\x94Q!\xbc\x9cuh\xb2J]\
\xef\x12\xbe\xa6\xef\xfc]t\xaf\xc35K\xc48a5\
8<\x9a,\xab\xbd\x0e\xd7\x92\x0az\xab;\x07\xf8H\
_\x03m\xa8\xb2+h\x98\xb2o\x89\xe6\xefge\xe9\
2\xfd\x1d\xe8\xbd\xf4HQD\xad\x03p8\xf8\xd7\x12\
\x05l,\x1f%\x0d\xdcg\x88t\x92\xbb\x83\xe2\x87K\
\xff\xe5\xe3-\xcd*P\xa4v\xce\x83-\x8d\x96\xe5a\
\xc8e9\x8c\x95S\xd1\xb0@_\x8f6\xaa+N\x93\
\xb56\xaa}2\xf2\xebY\xfb\x1c\xe7]\x80\x86\xb9Q\
i\x06\x06\xce\xdai\xf6\xbeq\xf7Xk\xa3\xda\xb9,\
\xe0z\xa3\xc2\x82rV\xfa\xc9\xfa\xbfr\x84\x83\x9d}\
A\x9a\xf1\xb2>\xc6<\x8a7\xd0E\x22\xba\xbd\xa0<\
\xe5[\xa6\xf9\xadI\x8e+\xa94\xcdr\x91\x14o\xad\
Ag\xba\x06I\x09\xae\x0c\x1bV\x05r\x87\x16!\x98\
\xaf1\x02|\x8b\x9d\xef\x0c\xf6ehF;}\x8d!\
,\xd1\xc7\xf9\x02\xfc\x09\xb6\xc7U,\xd9K\xda\xb8x\
\x8b@w\xa6\x04:.\xc1\x95\xdd$\x91<\xe5\x9a.\
\xfa\xe68#`\x09\xfadg#\xc5\xd9\x04\xf9\xb4\xc0\
\x87;\xa9\x8c\xdd+\xc4\xba\x16\xea\xad\xef\x85uk\x88\
\xee`\x07R\xf1\x04oJG\xffb\xf7\xb0a\x1d\xf9\
;\xe9p\xa3>\xb9\x93H+yY\xd5 \x9cP1\
\xcc<H)v\xc2\xe3)\xca\xdb<\x9eEHD\xa2\
\xb7N\xfb\xc7\xfd\x92\xca$\xb4~\xbb\xa5\x92qb\x0d\
\x82\x09\xad\x89\xd5\xe1\x08}\xe9\x97ds%\xea\x89\xd7\
\x94\xb9\xb1\x19/\xd2\x18\xd5|E+S@p;\xdb\
b\xc7#\xf3\xf6\xcdb\x9a\xf3\xf4\xd4\xac\xc1\xfe\xf2}\
\xa9\xd5K\xf9\xc0\xe5HC\x89l)\xb4K\x9f\xe8K\
\xb2\xc4\x16#\xb4v+@T2\xf56\x93lP\xc9\
6I\xb1\xb2|\xa4Q\x7fn\xe4\xac\xb8&G4\xe0\
FmU\xd9\xea\x1b\xb4\xbbiy\x03\x0b\xb8\x08\xd0\xb0\
\x939\xc0w\x10\x05*\x07\xf3\xc8/\x1f\xb3\x1b#\xe5\
6\xd06\x02+>\xd1\x11\x9fph\xe4\xb8\x97\xc4\xd7\
>\xd6\xe8N\x17\x89\xa3\xa7\x15H\x83\xb7\xd2\x02i\xdf\
pm8ru\xe9\xa5\xb53z\xee\x03\xbe\x9e\x1b\xb5\
\x11\x8a\xd1s\xaa6R\xd9\xd7\xc7\xbett\x1fhP\
\xfc\x82\xd1K(#\xce\x18=\xcbV\xba,\xff\xa6\x95\
\xd7\x22)T0\xf8}=\xcb\x16\x02\x8f\xb2^\xf4,\
_\xd6\x8bv\xa5U\xc7\xda\xc7^\xbcZx\x84\xff\xde\
\x861\x16\x91\x85\x0a\x0e\x1a\xa5d\x19\xb9\x1a.\x9c\x84\
\x8a\x0d!\x9e\x8b\x97-\xd0C\xbc\xa2\xdc=\x10L2\
\xc0\xe8\xa1\xfa\xec\x04|\xa0N\xc4!i4\x5c\xf4\x84\
\xc7\x93<\x8d\x9ax\xfe\xb2S\xfc\xfdi/\xcd9\x8f\
'-\x1a\x9a\xe7\xb7\xb4T\xba\xa2\x01vd\xc5\x1d\xb6\
/xE\xf3-K(\xf5\xab\x8c\x99K%\xf3\xc0\x83\
\xa26HB\x9b :\x92l22\x5c\x18\xcb\xd5C\
3 ^L\x1aJ\x99\x90l%\x8f\xa0D<\x09\x92\
\xff\x9c\x0cOI\x89I\x89\xd8k;\xa1X6\xac\xe0\
\xdc\xf8$o\x92\xd7J$D_\x10\xe7\x9f\xd4\xc9\x5c\
\x88XH\xe0h,\x16\x16\xc5\x89\xb4RW\x01\x81\x5c\
\x08\xd5A\xab\x1eO\x98\xd5\x8a9\xb93pR\x9f\xcb\
\xb6Hp\x91r\xf7p\xca.\xce\x10I($\x8cB\
\xf6l\x8e+\x9bPr\x18\x851\xf2\x1d\xf0=#Q\
\xb8\x99/O\xce\xa0p\xabd\xf3\x8f\x0a\xf4M\x19\xf4\
\xe4\x10H\xbf\xb4\xc0\x8a\xdas\x85\xf9\xdcf{\x9bV\
\xa4/\xcc\xb0Z4\x13\xa2\x22\xbf\xcd\xe2\xb5FU_\
\x0f\x8d\xee7\xf3\xad\xd1K\xa9?\xd1]\xf6\xf4+\xdb\
\x14\xb8\x12u\x8b\x08\xa2\x85\xcd\xb2\x8b\x155\xa3=\x5c\
\xd8L\xa1\x05\xca\xd0\xdaQ\xf1\x8f\xb2\xbf$\xab\xb5\x12\
w\xc5%B\x94\xf2\xac\x00\xa7y\xf5\xcb\xaf\x95\xef\x89\
\x8f\xf3\xc6\xb92\xa6\xe1G\xe3\xac\xb6\x88\xfa\xe8\xeb\xb1\
\xf8S\xb1\xe4\xd3\x84\x9e\x9f\xb1\xebu9=T\x8b\x8d\
 >\x8a\xe28g\xd3\xd2\xd3h\x81\xb1\xa4p\xc2\xf6\
\x91\xfa\xdd\x84\xc5dJR\xce`?a\xc3\xbev\x99\
\xaa9b\xcd\x0dH\xf6{2\x85\x9a\x84\xb7\x1f\x0a/\
\x0c<+\xbc\x88\xf2\x10\x8eV\x8c~\xb35\xda\xf5\xdd\
w\x16\xd9\xf7\xca\x92TsI\xd9rjf\x01+M\
\x94\x8d\xed\x12\x0e\xbb\xf1/\x5c%ZJ\x1c\xe2-\x06\
\xa7\xd9:\x1c\xe20v\xfd\x8c\x9aX\x87\x87\x02\x0e\xd6\
\xa4kK\xa4R\xa7p\x9cz3E|a\xbe\xeb|\
c\x8e\xe7F\xd9\xf7mi\xfe\xe6\xa5\xb5\xe0\xb8H\x13\
\xe2\xfe1\xfdv\xfc?\xde\x90h\x86\xe1\xc8\x91\xd5\xc2\
\x9c\x0b\x94\xdf\xd0\xde%\x84\x1c\xe7\xa8\x1d;\xec\x9a\x9c\
1\x0c\x92\x15\xe1,\xb2}3\xd02\xe4X\xaeE\xa8\
\xca\x1fm\xb1\x83\xba\x1c\xc1,H\x83\xfd$ol\x1c\
\x063\x09\xe2\xb0\xdb\xa2\xfc\x90X\x92\xc2\x82\x92\x0fZ\
\x97/\xc4I\x0f\xe3\xee\x91\xccz\x08\xc0\xc8\xdbJ\xa7\
^\xe6,\x09\xbf\xf2\xab\xd5\xe7\xf4x\xaa\x9fJN\x80\
\xc9\x09\xc9Xv&QE\xc9\xf6\x9e\xb4b\x8e\xa0Q\
o\xbcF\x08\x0f\x82\xd0\x02\x02!\xb2\xad/X\xc5\xff\
H\x0f\xa0\xb3\xc69\xea\x04\x18vM6\x03\x06\xd5`\
\x84\x0bI\xea\x8b\x0c\x84e!\x96\xbf(\x0as\xa5-\
~\x93\x09\xa1\xf04\xb8CJ\x8cM\xc2\x10r\x0f.\
\x19C\x88d8K\xb6&J\xc9b\xc9\xb3\xb5`\xe1\
\x07!\x1bn%C\x95\xc0\xdc\x5c\x9b\x04\x18\x9b\x10\x8b\
!\xe4^\xa68\x92\xb7\x91@\xa8\xcdT\xc7_\xc8\x9d\
<\xc2\x8b\xb2*\xa7\x12C\xfe%'\xd0\x8e\x06\xa9Y\
;\xd0\xf1\x90\xcb\xb1<\xe4`\x96d\xfb\xa2\xdb\x93\xba\
v\xc3'Qz`\x828-\xc3;\x7fNZ8f\
\xaa\x84\x9fL\xd6\xc7\xe9\x94[\xb34\xaf\x1a~\xd1,\
\xab\xc5@\xb8\x10\x8cb\xbaPdaR\xdc\x18\x1d\xe5\
\xa3!\xe1t\x1c\x0e\x8a#\x81\xaa\xac\x1dN\xceP\xc7\
\xefx\xab\xc5\x89\x0f\xad\x12VVD\xb9\x93\x8c\x02\xb3\
T\x9c\x15\xcdG5\x1f\xb9Vn\xbf\xe0\x1c'\x1b\x83\
\xbb\xc7\x93\xd3q\x8e\xb3H\xd0\xbd^\xd8a\x8f\x09\xce\
I\xb6b\xfb(\xf3\xcf\xf7$&\xc3\x03\x92S\xa9\xcf\
!s\xfe\xb9\x84%w\xa4%\x02t\x19\xa9\xaanQ\
T\xbcbV\xd2\xe1\x92\x93\x15c\x8a:U\xb2\xbc\xe8\
/\x93\xa8\xcc\xeb\x14p\xc4\x17l\xaa:\x03\xafZD\
J\xb4\x95\xff\x89rp\xbcw\x96\x9b\x83\xa8\x89\xc9m\
u\x9bST\xf5X\x92\xdemtx\xc9q~\xb9a\
\x90\xdaJJ\xb4\xe20\xaf\xa2\xf8fgOQ'\xe3\
\x22\x1a\xa4\x92`\xb58\x83\x1e\x17\xecJ\x19\xe3\xee\xb1\
\xc1\xb9%\xed\xab|\x8f\xb5\xafl1\xc7\xe9\x15\x10\xe5\
t\x88\x85\x0c\xa8\xc4\xa8\xdd\xa5\x0e\xd8\x98\x00\xfa\xef\xb5\
\xe0\x5co,l#\xe1\x98h\xfb4Xl\xff\x88\x94\
/\xd1}\x86\x80nB\xdf\xe1g\x0e\x17\xf3o\x9c\xd8\
bh2\xe7,\xe9Vk\xb8\xa7J\xb7Z\xc5l\xf4\
\xf4\xf5rO\xe4o3\xe5\x7f|\xf0\xa5LX\x1d\xb8\
\xcf\x18\xab\x95\xdeUd\x864c\x82\x88\x05\xe9d\x1a\
g\xc3\xd00v\xbaNN\xef\x22\xd9\x87!$\x8dN\
\x94[\xaa\xbb@\x15m\xe1\xb4%\xf0;\x9f\x8f\x1cz\
/\xe0\x18\xd8\x0b\xb6'\xb0\xc3\x0b\xaf\xd8\xbc\x10\xf7T\
\xdb\x81JE\xf5U\xc8\x7f\xc8\x918\x87\x04\x9c\x12\xe9\
\x1b\xda%t\xa1Mn\x14s\xa1\x16`\xaf<\xde\x92\
s\xac%F\x9b\xf8\xf5\x8f\xd3g\x8ax\xab\xcf\x8e\xa6\
Y`\x0b\xa9l\xea\xea\x91\xbc g\xf3\xa9\x98\x8f'\
\xee\xea\xe1\xe8\xb9K\xe8j\xa0M\xcc\x9c^\x05\xbc\xeb\
qvO;\xbd\xa8\xd3\x83\xc1\xb9\xf3\x93\xf1\xed\xc9\xf4\
!L\x99+P\xba\xb7\x10\x92\xff\x90WvH:N\
~\x9ab\xb7\x98\xc8\xe4#\xe9\x09Y\x7fg\xaeH]\
\xbc\xe0\x16\x17\xb9\x9b*\xe1R\xd0\xc1V:\xa7B\x1b\
L\xae\x9e]\xfd\xb7\xc8\xe29sB[\xebz\xbaX\
\xba\xc2o\xd7X\xe9\x90\xf9^\x87/\x97\xcf7n\xcd\
@\xed\xd5\xfe\x93u\xabn\xa4y\xa6\x8e\x9eO\x19\x80\
\xc9\xdc\xe1\xae\x09\xdaK\xdb>\xd4\xc5G\xfahS\xf4\
y\x99\xa2;o\x17OI\x5cb4\x9c\xb0J\x9b2\
V$\xcaW=\x8e\xd0\xfdDw~\x98B+\x0d\xb3\
\xc9\x16\xbc\x98Z\xc6b\xff\xf4\xe8\x98\xe8\x18+\xb2\xfa\
\x12f\xf2\xb4\xa5a\xd8s\xf0Ss\x9c\x8f\xa5Pu\
\x86d+6$\xdb\xbe\x06\xecR~\xc0\x96\x05\x81\x15\
\xc4\x84r\xfd\xa7\xa4\xc2\x94T\x12\x1c@x;\xb0Y\
\x8c\xbb\x17\x82\x99\x82\xc3z\xa1\xf1\xe0l-\xeb%\xb1\
\xe4\x19\x95\xbcs\x12\xa9\xaa\x9b(\xc1\xe1\x94\x1c\xd1J\
r\x83UNE\xd4\x8f,\xd6j%z\xc2K\xc6\xb4\
!\x99\x9e\xfc\x19\x1a\xe1\x87\x87\x11i\xb5(#FT\
LT\x0c%#\x85v\x98*\xeb\xa8\x03\xc8\x19\x82(\
u\xa2I\xdc~\xb45#\x92U\x88V\x1c \xa3r\
z\xbc\xbf\x823\xf0gc\x9d\xe6\xc8-\xb6\xca\xef\x9a\
\xc3\xa3\x93\xd6\x01F\xb6K\x078\xf5E\xbe\xc7\x9d\xc0\
Gt\xe2Q-q\x86\x00\x0d\xcbF[\xfbh\xed\xa6\
K\xba\x93Y\xccQ\xa5{\xe1\xf4(\xd1\x1d\xe7\x8e\x03\
\xe0\x0b,\xd9\x8a\x04\x07:=\x12)\x8f\x05A\x9c\xcd\
\x8b7\x845\xe0:\x95A\xa7g\xea\x8b\xc4R\x9f\xea\
v\x95\x9e\xc9\xe93\xa7\xcf\xb8N&U8\xce\x10\x0c\
\xde\xd1\xcb\x92\xd0H\xebd \xd8\x84Q\xb0\xa6J\xb3\
\x15X\xeeD\xd3\xd3Dk\x83\x15:\x89\x10\x11\xb5^\
\xdcn\xeap\xe0\x13|\xad\xb41\x8a\x11<\xcfl\x11\
GK\x07\xb7Z\x90\x89\x04\x81\xbb\xcc\xa3\xc7 p+\
\x96\xafz\xd94\x17\xbb\xca&c\xef\xfa\xaf\xc2\x8c>\
\xb7t\xaeF\xf5[\x81to\xddr\xf4\x1a0|+\
(9?\x91\xbbg\xb9\x02\x95p\x0a\xba\x9e?\xd1U\
;\xb7A1Y\xbc\xa4\x0a\x88\x91\xc3\xd3K/\x13\xaf\
\x1d\xae\xc5\x8f\xbb\x99\xb7ya\xbe\xcb\x06\xe9\x8fB\xd7\
\x96#Z\xb3q\xba\xe3\x22a\xe5/\xa3\xc9\xd7\x9c4\
l$k\x8b}\xe6G\xe3\xce\x8c\x22\x99\x07\xbd\x89n\
-R\x01\xa6\x8c\xedV\x80\xcc\xcc\xeb\xd4RFRt\
Y\x80\xde\xa7l\x8b\xea\xf2\x03\xf0\xcf\x84\xbcx\x86>\
\xb1\xad\xae\x1b\xbc\xe8\xd8\x83\x13\x1d\x05K\x22\xccL\x13\
\x1d\xdcN\xa6\xday\xce\xcex\xe0\xf4H\x0e\x98|+\
\xd9\xd5b`\x88YZ|\xba\xe4\xe7\xa0d\xa9\x06\xae\
\xb7\x92e8\xa1E\x82<\xdfPm\xac\xd2.h\xac\
\x12\x88\xd2\x82\xbf\xa4\x1c\xeb\xa3\xdd\xa4\xb2f\xa9\xcfB\
\xc5B\x07\xca]\xe9\xb3\xb7P,\xb6\xa1t\x99\x87K\
\xa1>\xb5F\xe8\xb7\xa4\xfe\xe2j\xc9\xa3\xbc\x09q\xad\
\xdfG{YY\xf4\x97\xe6*d\xe2%\x05\x91\x88\xb3\
V>M\xda\x1a\xef\x86YA>\x19U,L\xb1c\
#\xf01\xa5\xd0\xaa\xffA-\x01n\xec\x8b\xd3\xb1P\
\xa9[\xde1X\xa5d)\x17\xa8\x93\x81\x93\xd1\x90\x1a\
\xfec\xf5h\x9a6).9.\x99~@t$P\
\xact(\xb2MT\x0c\x8e\xf7\xb4\xd1\xce\x09G\xe5m\
\xa441:\xc9\x95\xf5\x8a\xa4\x05r\xed\x80\xb4\xd4\xe4\
9\x84\x1c{\x1d\xe3,\xcd\xf4\xbc)(:\x1aW\xc2\
t\xad\x92c\xc3u\x1c\xb8\xe8d\xcd'n=|\xac\
\xfc\x0e>\x94\x19\x0ak\x8b\xac\xb6\x90J\x874\xb5\x14\
\x89\x0eI\xc0\xf0I\xb4\x12\x8d\xf0V\xa5\x95\x9b\xc2%\
\x1d\xc1%\xd6\x1b\xe7\x86\x07\xdd\x88}\x84[\xb1\x0f\xcb\
\x93\xa1\xf7f\xac\xa3\x9c\xfb\xb3\x84\x1aa\xfe#\xfd\xe7\
\x8b|\xf6\x11^V\x8c\xa7\xff\xd2lo\x1fRo\xce\
/\xf4\xc9qd\xf2si\xb2p/\xc6NM\x8d\x85\
\xc2\xc2|\xcf5hd\xa1\xb0?\xeeQ\xc5n\xbe\xe5\
\xbe\xe4\xaaYd!\x06Nro'X\xb1\xf3K&\
[-\xeb\x9f\xd6\x8c\xe0^<\xc6=\x92\xad\xcck9\
\xcaP\xdc\x8bs%\x81\xa3y\xc4\xac4\xa8\x8902\
5v\x8e\xe8\xf8=\xe5\xf8\x95LB\x19\xd8\x83R\xa3\
\xc5[\x03\x9b\xfc\x908\xaa-/\xb0\xab\xc7\xf9\xc1\xc8\
]\xd9)\xe9?\x03\x17$\x80$\x15\x87\x09\x8a2\xcd\
\xd6\xc6)\x81F\x13#I{E\x89\x5c\x8c\xfe\xc82\
t\xcd\xd7\x03`\x1b|\x1a\xaa\xec\x12\x92\x82M\xfc\xe6\
0\xab\xd9\x0c\xde\xfc5\x0e\x9b\xfb\x89=\xc1\xe8\x06\xc2\
\x17\xd0\xb22XC\xf1\xbb\x0d\xa3\x13\xe6\x97'S\xa9\
\xef8= C\xe3>\xe7{y\xe9\xdax\xc5h\xd1\
A\xeb\xdd\xe7\xc6\xc5a\xc7\xad\x11\xafW\x8f\xfb\x1a\x0e\
\x16\x9c\xeb\xafP\xb2\xbc\xb1Q\xa1\xd4e\x93\xb7\xef\xf8\
\xc7\xf3\x96;g\x09\xea\x8d\x86B\xf4\x87h\x13\x14_\
\x8b=\xdaDe\xe3\x12m\x12\x9d\xea\xbev\xc5\xc2\xf2\
oF\x02\x89\x13g\xf1\xd0\xf8\xf2K \x81g\x8dN\
Z\xa8\xd2\xf5\x903.#S\x8b\x8f\x17\xad\x142\xc8\
W\xe7\xe6\xa9\xed\x83\xcb\xe6t\xe5\x9b[\xecxJ3\
@:\x09\x89m\x03\xbf}.B\x06\x83\x07\xde{\xc0\
#:\xfc3\x0e[\x84l\x7f\xc7\x5cw\xaf\x10\x9b\x1b\
\xfc\x9cG\x11\xc8\xe3\x8dT\xe9\xff\xe0\xd4\x0c\xc1xA\
\x9b\x8cC\xc5_2\xff\xf7\x09o\xfb\xe3\x99Qa@\
\xf1D\x08\xa5\xc6\xb4k\x92\x22\x94\xa2n\xf6MX\x5c\
\xb1\xe4\x07\xe5G\xdf\x7f5\x11\x02\xda\x19\x14\xaa\xfb\xfa\
hS,\xd0\x82a\xda\x82\x89\x96;t!\x915\xad\
\x903\x06\x0dru,9\xd6\xe9D\xe0\xa4W\xec\xa3\
\xbf\xddC\x18\x11Oi\x07\x92\xe1\xa7N\x15\xad\x0b\xd4\
\xcf?\xde\xf9\x0aL~\xc5\xfdMr\xd5u\xb7\xbb\x87\
\xf47t`\xb9p\xd2\x02\xd1\xf9\xcb}\x15\x7fsR\
\xb8x\xfdg\xdd=\xf3{\x09\x14\x01\x11\xfa&\xaf\x16\
\x9d\xbf\xe8U\xe7\x9bS\xb3D\x07 x\x9e\x09T\xcf\
\xc9\xda\x1aO\xd2\xb3\xa2\xad1\xbc\xe0\xead\xf2V\x9d\
\xc0\x94\x5c\xb1\xbf\xb9`\x85\xeb\x9b\xae\xc1\xe8\xa4Mp\
\x7f\x92\xb0\xb8\xba\xc6D-|\xa2\xe8\x0f\xa2\x10\x07\xe4\
:|%\x96\xcc_Gx\x91cC\xde\x81\xb2\x0d\x84\
`{5\x10\xdc\xb2\xa6\x8a\xd6\xd4\xa9\xabw\xbc\xcb\xa8\
\x10\xfb\x8ah\x831\x82\x89'#\xb3\xc6\xc7\xe2p4\
\x96\x0e\x15._ :\x7f\xe1\x9an\xba\xf3f\xb8<\
\xdc\xef;\xceU\x07\xf8\x14J\x9e\x10\xfb\x03\xe6s\xb1\
\xabE\xe7/z\xd5\xf9fV\x96\xe8\x06.\x83$`\
\xa2\x17g\xad\xf9\xd3\x9e\xa5\xd6\xc70\x82\xaf$\x93\xb7\
\xea\x04\x8e68\xc87\xc3W\xb8\xbe\xe9B]\x02\x0a\
\xdd\x85\xea\x04J>v\x93?\xd5:\xdcK[\x1a\xba\
t\xd9?[\xb1't\xf2\xb2P\xabd\x8ce]\xa4\
>\xea\xf1nG\x86\xab\xd4q3\xden\xdd\xf6%B\
\xc6&/\x9d<Yt<\xde\xe9\x01\xac\x88\xc6@&\
X-\xad*\x99\x1boW\xae\xa4\xdfMrjc\xc1\
e\xcbB\x97\x8a\xce\xbb-\x979|\x18\xe11\x01\xe4\
\xdd\x951\xe9\x9f\x8c\xed\x18Jz\xee`W$w\x00\
S\xee\x98\xaa\xb4\xd9\xe3\xc7\xde\x9d~\xa86Myc\
\x97f\xdc_>\x1fY\xdd7>9N\xb4r\x99\xf3\
\xd4\xc8\x97d9g\xb0\xb6\x134G\xd3;%Cc\
L\x19=~\x05\x7f\x05b\xa1\xad@,\xb0\x15\x88\x05\
v\xeak\x1f\xfd3\x1a\xd2\xc9m\xcc\x22J\x9f\xd2O\
\xceI\xf3\xec{\xee\x89\xb7E\xff\x1a\x0b9\xbaS=\
\x01>1P7\x9e\x13\xcb\xe5\xb6\x9b\xb2Q\xc3PK\
\xa5W\x04w\xf6fwO\xb2b\x16h\x92V\xa14\
\xd2\x88\xe5\xad\x8a0\xc1\x94H\xc6\x02\xe4\x1eYH\x9d\
P\xe2\x5c\x1e\x94\xf4\x84\xc0\x04['\x84\xd8$\xdd\x18\
/\x962\xbdK\xb1\x98\xac\xad\xff\xa9\xf4+e\x89\x02\
\x9ag\xf4\x9a\xfd_\x93\xec\xa5|I\x95|\xbd\xd6\x94\
/eK\xbao\x91\xb6\xcb\xe8\xd5\x07\xf8z\xed+\xd6\
\x094\x02\x8c\x16\xdat\xc5'\x0b\xef\xac3\x8f{U\
\xac\x0a\x11$\xd7\xdai\x8f\xa7:-\x8de\xbb+]\
\x93\x0d\x94\xa4@\xa5Z@R\xb4\x08\xb64\xc9\x8f)\
A\xcf\xb3jwa\x8c\x92\xedC\xb1\xd3\x834\xad=\
\xa9L\xe0W\x9f\xc0\xc8\xb7\x83\x0fH\x8bq\xee\xa2\xb9\
Og\xe3\xd2\x94\xb3\xa9\x95\xff\x22\xf5\xd0\x8f\xb4\xda+\
$\xbf!*\x5cp\x09\x17.\xb8D\x7f\xa0\x09\xf4/\
\xda\xc1\x02\xae\x1e\x0d\xcf\x98M\xcbW\x92B\x02\xe7h\
\xe6{\xeaD!\xd9\xee\x14\xb8w\x11\x17UE\x8bp\
\xd9\x06\x9b\xd3\xc3\xe4\x83\xd4\xa2\xad`\x17\xb7\xac`\xbb\
R\x05\xd85VT\xdb\x87\x1e\xf7\xd0\x0bIS\xec\x82\
\x94c\xa5\xae\xb3\x1c\xc3u\x98\xed\x0b\xd5>\x93\xb0\xbf\
8z;v\x93\x93q\x1eq\xd2\x0a\xf9\x9e\xf9z\x06\
\xae\xda\x84\xd3\xad\xd2\xe2)s\xad\xd6\xf8\xff\xd8{\x1b\
\xf8\xb8\xaa2\x7f<m\xe7\xce\xdc\xde\xd2\xa1\x05N\xca\
\xae\x8a\x14X_F\xdbUqe\xdd\x1f\xd5\xb8\x22X\
t\x97.u\x82`}Y\xb0\x01\x94%\x82\x14\x92\x96\
\xa6yi\x92In&/\xcd[\xdb4\x81\x0a\x1a\x9c\
\x08\xb6\x82\xa2\x15\xd6j\x10\xd7]*\xab\xfb\x9b\xac\xfe\
\xf7\x05\x17W\x97\xf2N\xdar\xda\xde\x92\xfe\xcfy\x9e\
\xe7\x9cs\xef\xccd23m\xea\xf2\xdb\xc5\x8f\xa7'\
3\xf7\xde\xb9\xe7\x9c\xe7\x9c\xf3\x9c\xe7\xe5\xfb\x85E(\
Fa\xaf\xb0{'#\x0aY\x1e\xc3\x9a+\x15M\x82\
!P0\xde.\xb98\xf5\xba\x83\x14-h\xc0Y#\
\x1a\xe3\x16j\x07uj\xa6D\xc4\xb5?\x16\x8e\xee\xe4\
1\xe6~\x15\xbe\xbe\x07\xc2\xcfw\xda\x83\xf5V (\
\x93\xf2\xb7\xfc\x81\x7fj\x1b\xd4\xbbJ\xcf#>\x0f\x05\
\xd8g:\x13\xf0j\x09\xb5t\xe3qIrsHU\
c\xcd&\xabU\x99`\x892\xa1\xdd\x17\xe0\xe8\xe7!\
Vo\x02\xef\x85!\xe3/(|\xcc\xe3\xcf\x91\xe0\xac\
\xa3\x12\xef{\x16b+\x9f\x05 \xc0g!\xb2G\xfe\
\xc6\xf3\xf5e\xdb!\x0c};ea,N\xc7\xeb(\
\xb8\x9eS\x92\x04\xd5\x18\x04a\x96ku\xc7\xd4\x180\
\xdbJ]\xf8,\xca\xb9\xb1MU\x8c\xbf\x8a\xec\x91b\
1\x8c\xa58\xce\x9e\xa9\xf19\x99\xc6\xe7d\xa4\xc5\xef\
$\x1fR\xb9\xf6&\x95c\x98TJ\xdeW9M\x80\
\xbf|\x83\x85\xb2U\xcfi\x0c^S{\x16\xa4I\xce\
\xb3\xfd\xc8\xa0K\xcb\x9cP}Q\x0bS%\xda\xd1\xc4\
\xdcH\xb8\x09\xea;\x9f\xf10\xc8\xfd<Ws?\xe3\
B\xbc\x04vt\xa6C\xdb\xcf\xa4L\x0a\x7f\xedt\x80\
n\x05\xcc\x07\x22\xcb\xb1M\x95\x226\x9f\x85\x0d\xff\x19\
\x98\xe7\xcf\xe8\xc5\xecY\x80\x97PD\xc9\xbe\xda\xcb\xea\
\x91\x99_\x1cT-\xc7\x07\xe8\x07\xba\xd4\x1f\x96f]\
6/\xb0@=\x11\xdfT\xbd\xbd\xedo\xc8Q\x12\x08\
l\xb2=y)[\xc7\xcf\xf9ax\x1ba[ !\
\x06\x86\xa4ip\xca\xc3:\xb0\xf3\x10\xec\x1b\x07|D\
.\x10v\x9d\x8e\xb7ln\xd9L\xeb\xb8\x17\x03\xb8\x07\
\xf1\xf0\xd4\x95\xb7\xba\xd5{ov\xad\x1d\xa1\xaf\x87\x0d\
\xba\xab\x02\x05FW\x9e\xa9\xcd%xO1\xf5{U\
\xaaAL\xf2h\x84\x80M9d\xdc\xcd\x12\xc7\xd8\xbe\
9\x1c}v\x82\xf1\x0b\xff!\xa2\xc0\xab\x17\xe8\x148\
\xdb :\xe9\x1a4@,\xc8\xee&\xb7\x89\xf4\xeb\xc3\
\xda}y\xc4 Q`\xb8\x8e\x9c\xda\x87\xd5Q\xaf-\
B:&\x9c\xb9`\xb9\x83\x95)\x0c\x01LX\x22\xc5\
\xb3\xdcF\xdc\x8d\xd0\x09\xf5\xf0kM\xaa\x9c\x84`T\
 \xea\xba\xeew\xb87>\x10F\xca<b\xe3\x86\x8e\
\xc9\xc0w\x0f\xe9\x85)\x0ccf\xc3\x0c]dB\xf1\
H8\xce\xb91\xec\x9d\xf6+\x86\xdc\xca&-\xe8\x80\
\xda\x0e2w\x1a\xd8_`\xa7\xc9\xd8_\x8e\xa8]\x04\
w\x1a\xc4?\x89i\xfc\x13\xb3Q\xe4\xdaF\xcc&\x93\
k\x0bR\x1bT\xd6\xd6\xa57\xb5\xdc[\x9e\xd9\x10s\
m\x97f3\x9d\x84\x84\xb9\xe06\x8b\xea\xf5AMF\
oj\xf2\xa9Xd|qP\x9f\x01\x0e\xc0\x5c\x96L\
X\x13\xe3\x0c:\x01\xe1\x95\x17\x92v1P?PO\
\x84b\x93\x80B\xf9\xb2<v\xc2\x10\xbc\x9cR\xbc:\
\xe2\x9bz\xf1\x1fT\xe8\xa3\x97\xf5\x8b\x22\xc8\xecd\x1a\
y\xc9\xc4\xe3\x06\x88\xf2h!\x9c\xe2O\xd7\xddt\xba\
\xa2.\x93\xdf\x0c\x88\xff\xf0-\xf0\xa3\xd3\x91\xaezo\
\xc8\xdb\xcb\xc5\xff\x22\xde\xfd5\x8cG=\xf1\xbf0?\
W\xa2\xa3P=Z\xcbd\x85G#\xb5^\x94\xc9\x0a\
\x8f\x86\xa3\xc3B\xd1\xde\xe0|\xb3\x86\x8d\xec\xa8\x89\x0c\
\x97S9\x5c\x13\xd9\xd1\xc1\xeet\x1e\x80\xaa\xfe\x18\xca\
\x8d\x8ew\xef\x8d\xacf\xc7\x88xd\xf9\xf0\xfaZ\xf1\
+;\xd8\xc8\xfa\x9a\xb0\xb7\xfd\x86\xdc\x1f_\xcfj\x86\
\xf1\xe3Z\xf9\xf10\x1b\xa9\x15\x1f\xdf{\x03\xabs\x86\
\xcb\x87w\xd4Ft9\x5c\x1by\xa0|\x93\xb3\x03j\
\xc1\xef\xea\x1d\xef\xe1\xf5p'_:\xcc\xe0I\x17\x96\
\xcb\xe7z{\xaf\x87\xdf\xe1Kw0\xf8]\xf1\xf1\x0e\
\xf9\xf1\x0d\xb9?\x16\xef\xce\xf7\x8eD~\x8f-\xbf\xff\
\x06\xc6\xf7\x0e{{\xc37\x84NB{*Y\x83\x13\
|OhD\x1fk\xcc\xd5\x88>\xd6\xe4L\xdf\xf4\x07\
\x84d\xf0\xa5\xb5\xdeRoi-\x17\xc50_*\xde\
.\xe2-\x12r\x94\xb7?\xb6\x97\x07\xfaA\xfdI\xed\
\x17\x7fB\xbb\xaf\xc2\xf1\xdb\x1bl\xe7\xde`\xfb\xf6\xe6\
m\xd7\x0f\xa6i\x92\x90\xff\x11ooM\xf8\x9b2\xac\
\xb1\x88\x01\x8d\xadg\x81!;\xb76\xfbo\xff\xd8\xb5\
\xdd\xc0\x8a\x90X\xf9t\xdf\xc8^x}`\xe8.\xbc\
!\xf0\xe7\x8eJv\xb2F\xf1~!`\xb5\xde\xde\xc8\
\x03\xb27Nx\xdc\xa6\x99\xa9?\xc8?Kge\x94\
\x97r\x94\xfe\xda\x10\x95\xa2w\xcf+tH\xbc\xd3q\
8\xf4\xcd\xa2\xf4\xe4\x13\xf9^O\xfc/<\x22z\xcb\
\xdb\xce\xc5\xff\x8a_\x1d\xbe9\xc2\x84\xf8\xc9\xe5w{\
\xa5\x7f-\xf0\xa27\x04\xff\x0c,\x09\xde\xd9\xc5,\x82\
\xde\x8e\xe0\x02(&i`I\xc8\xfe\xfb\xfab\xd6\x86\
\xe8\x08\xafc\xb5\x85cj\xf2D\xb8`\xcc\xcb\xe1\xc2\
\x01S\xbcD\xb8`\xd0\x99\x8a\xd0f\xa7\x22\xd4\xec\xf0\
Xy\xb3SQ\xae*\x13l3\xac\x08|o\x8d\x1c\
\xd6\xd7\xf3nU\xc2\xea\xce\xebBU\xc5\x98\xa5\x82\xe1\
\x8a\xfc\x81\xf0l \x99z\x0f\x14>\xaa\xcbC5'\
\xfe\xfe\xca\xb8\x0fN\xbc\xe9<y'\x07\xbe8\xd8\xb6\
\xc2\xado\x15\xa1\xc2\xe7Z\xe1\xa3rJ\x9b gY\
m_{_G\x87(\x22\x0f\xd4H!\x96\xab\xb7(\
\xf7\xca\xcdCL\x90\xe1\x0e\xb7\xcf\xed\xabmt\x1b\xdd\
\xf0\xdev9'\xe4W\xfa\xb2\x87\xcb;\xfa\x86k\x1b\
\xdb\x1b;\xda#\xde\xd0zV\xb3\x1e'\xdf\x0e9\xf9\
\xd6\xcb\xe5\x17\xa7\xea4\x1f\xd7\xe2\xc7\xc3\xf2\xe3Z\xb9\
\xd7\x85\xbd\xa1J\xe6v\x0c\xb7\x8b\xdfk\xac\xeds\xc5\
\x0f\x88\x09%7+Q\xee\x95\x93Z\x94\xae\xeb\x0e\x8b\
\xff\xbb\xb5\xae\xab\xff\x19v\xad\x07\xe8ks\xc3\xc3\xe5\
n\xdf\xb0|\xf5\xf6\xda\x0e7\xe2=p\x03\xfc\x84P\
\x91\x18\xfc\xa4\x98\xa5\xb54yw\xc8\x8f\xd73xA\
\xf1\xf1\xfa\xe9?~\xe0z\xd6'\xba\xabC\xb4\xb96\
\xd0\x15\xba\xc7D\x7f\xb9\x1d\xb5\xed\xd0c\x8dY=&\
.\x18n\x14w\x8b.\x0bGw\x8b=\xab\xc5Y[\
\xcb\xdaM\x88\xf9a\x8a\x13\xde\xac\xca0\x99\xd8{\xdb\
l\xef\x9d\x11e{\x15_\xb5\xd0\xb1\xd7\x1c\x85\x0f\xa3\
e9E\xa6\xd220\x92\x96\x91\xc14\x05\x0cM\xf4\
\xbc#\xfa\x10\x06\xb5\x08\xba\xb8d\xb2\xd6qL\x85Q\
\xa6XL\xa9\x8e\xe8\xc8uU\xeb\xdeB\x13\xd5\x86\xfc\
p\x9a\xb6\xf2\xe5\xba7\xe7\xa60\xb5q\x9dH\xf5\xc1\
+\xf5\xa9@\xcc\xb4\xe2\x98\x0e\xeb#\xa7)\x90|\x9a\
\xda\xa2n\xc4\xdc`[a\x13\x04\x7fls7Y\xce\
\xc0\x02/\xfa\x0bs\xeb\xc4_[\xba3\x9a\xa0\xf3\x8b\
*\xe9i\xba\xe9}\x14m\x1f\xd1y\xc4\x19\x9dv\x18\
=G\xa9F_'\x93A\x19\xba?cHDM\xda\
X^S\x81Q\xde;UL\xee|\xa4\xb7\xac\xa4\x0c\
\xa7\xc3:8\xdf\xd48\xa4\xe1\xbf\xaa=\xcf\xa6\x068\
\x05\x1e\xf1ioV%Dx\xf24\xd9y\xec=U\
\xc8\x8f\x98$ka\x06\xdd\xbd)\xc8\xdf$c\xa6\xc2\
8\xa6Ij2\xa6y\xc5+\xfdyf!\x1f\xdb\x90\
\x8aN\x09KO#\xc8\xe8\x11\xd8\x19\x8ej,\x0dO\
gV\x9a\x82\xbcv2\xd4\xe4\x08\xf6I\x9b\xca C\
\x1fX*\xeb\xa7\x88z\xa8\x92^\xe9\x88\x0c/\xe57\
\xf1\xeb\xc4$\xf2\xd6y\xeb\xc4?|]y\x8b\x13\xdd\
\xcf\x87\x18\x0f\xed\xda\xbf\xac\xca\x0b\xedZ\xb6l\xb7\x17\
Z\xbbl\xff\xee0\x0f\xad\xdd\xbf?\xc2C\xab\x99\xf8\
`\xad\x17\xda\xbd\x96\x87v\xef\x16\x9f\x86G&\xd8\xea\
\xf1\xf1\x88wmh\xf5\xea\xf1\xb0wm\xf9\xf8\xea\xd5\
\x11~mh||u8\xca\xcf\xd9\xc7\xa6\x0b*\xc3\
\x05<)\xd6\xf8\xc5\xa5\x81\xee\xf3U%n[\xabJ\
[\xf3\xbd\xc5\x11\xb7-\x0b\xe2>w\xec\x8e\x82\xdbH\
\xba\xa2\x9b\x17\x17\x9f=\xc6W\x15\x97\xa2\xe6\xadR0\
\x09\x1a`$7\xfc\x88\x02'\x91\x90\xb3\x8b%*k\
6,\x88w\xce\x95l\x7f\xc1\xa9!ysL\xdcK\
\xf8;\xf92+\x18pTX\xd42\xc4\x19x\xcb\xbc\
w\xfebz\xd4\xd4\x0e\x83\x1e\xa2\xe1\x01\xe3\x19I\xe5\
yc\x9f\x97\x95\x96\x8f\x1d\xe5\xefSr\x9d'\x83U\
\xf4oIO7r]\x5c\xf8\xb2\x90\x99\x92b\xb2P\
\xae3\xc3\xc7\x02zXV&\x8f\x91\xeb\xe22\xa5\xc4\
\xdc+*\xab\xc6\xc8u\xe1\xf0\x1fb=\xf13\xd1h\
\xb9\xe6~\xb9\x9eQs\xcf\x8b\xa7\xec^\xe2I\xb9\xf6\
G\x9a\x98\xc8\x16\x7f\xbc\xcbk\xe4\xb0n\xf7}\xac.\
\xd3\xea;\xa4\xe4\x0aI\xbfdz\xd8\xd1\xf6\x00`\xa3\
\xc1J\xf1\x0fg^\xfe\x8f\xfd\xa5\xad\xb1\xd1}\xdcb\
\xad\xce/\xbd\xb9,\x01ts=\xac\xf0\xc4\x82E\x85\
\x1f}\xbc+J\x83Q\x05`\xbaB\x83\x0a\x16\x95\xbc\
\xa8\x05\xc0J\x95/\xd3[\x14)\x1e\xe6\xfb\x8a\xe2`\
\xbe\xf9\x15\xb8w\x80\x8e\x90\x8egm\x1b\x96\xd6\xf7\x80\
\x83R\xb41\x7f\xd2\xdf{\xbdX\xd6\xda~2\xc3=\
\x91r!@\xf7\xa2\xf6\x80\xd9\x8e\x0f\x9fa\xaf\xc8\xcc\
n+\x09|\xa4\xe4\xfdb\x81\x9e8\x85p\xf5\xcc0\
\x88z\xb2\x142\x09\xaf(8\xc6\xdd7A\x0a_\x1d\
\xb3&\xf6\x94N\x9f\xf2O\x94\x02\xa0\x85H?\xeb\x85\
I]\x5c\x1e\xf0\x15\xbe\xcc\xcet|FP!\xff\xc2\
\x94ku\x7f\xda?I\x8a\xd2-K\xd2+\xc5f\xb2\
Lm&I\xb5\x91\xe8`\x9a\xe3\x1a$SS)\xd1\
\xe3\x83_\x1c3\xa9\xb0*Af\xa6M%s\x15.\
i\x05.}cY\xc5\xda\xf4\xc6\xb2\x8a\xd7\xb1\xf6\xaa\
\xfc\x09\xc6\xedj@\xb46p<\xb8L\xe5\xb7\xd8\x15\
(!\xf5eM\x94\xfd\x19\x0b7Q\x8f\x1e\xd1I\x08\
\xd3#\xfa\xc5\xc6\xa4\xbarqq\x09\xef<V\x9c\xa4\
\xef*\x5c*;25b\xaa\xf9%s&\x82\xa9\xe9\
\xf2\xf0b\x05\xe7\xe1\xd9\xfc\xe2\x22\x80\x97b3\xac{\
s\xdf\xc5\xc6W[A\x92\xc3\xe2\xcc\x83\xed\x0a\xff\xfb\
\xba\x87\xf8\xfbK\x03A/\xed\xcc\xf9~\xf7\xc1\x87,\
\x05\x10^F\xe1\xbc\xed\x10\x99\xd5\xae\xd2\xcfT\xff\xc8\
S<bxv$\xccZN\x88\x0a\xab\xad\xe0j\x15\
\xa4\x09\x15[\x8d%\xa6RU\xfe\x0d\xa2=S\x87\xa4\
\x9a\x7fO\x9bn@w\x15\xac\x90H\xe0\x154M\x0b\
)\xa7=?\xac\xf3\xecr)\xf1sI[\xd23I\
\x1f\x05r\x1f\x14$\xce\x8eo\xb6\xbaf\x95\xcf=\xc3\
\xd5\xfc\xf7\xcf\xa4\xd9\xe5f\xaa\x8a\xe4\xa5q\xf5K\xfc\
LN\x073\x93\x0a\xf0:\xc4\xb2v8\x9f\xbedt\
3>\xe7]\x0c$\xca?\xbf\x8b\xcb\xb1\xed \x1e\x0e\
\xfb\xc1\x87\xbc\xf7\x97\xc6\xffQ\xdai\xf7\xfd\xeeu\x0f\
\xe9M\xf38\x81\xb0f\xc4\xf9\xfb\xb1\xf7\x10\xd1\xb8\xa3\
\xd3l^\xd8\x07\xb0\xa2\xe4\xb1A\x88S\xcf\x1eV8\
!\xe2\xa2\x22\xd6\xc6+\x8a\x01\xa5\x9bam\x5cT\xb0\
\x033\xf30\x1f\xa0L\xd1\xf6\xdfE\xc5\xa1e\xf8\x0e\
6\x85\x1d\xec\xaf(r\xa7\x5cT\xf8A\xef\xbd<\xc6\
\x96\xcdb8<blhp.\xf9\x93\xee/\xf8;\
=y\xc8\xc1`\xb9@_\xba'\xb4\xcb\x04Q|\x84\
\xa6\x98q\xc89\xf9>\xb1e\xa5\xba\xc4\x16\xeca\x05\
c`\x04\xc73\x87\xb1\xe6\x0a_\x06\x00\xe6\xe1k\xa6\
\xe3\xecsM\xb6\x0eo\xe6\xc3\x09$\x5cN\xa5+s\
\xcf\x8b\x99\x8c\xb9\xd4\xcc\xe0Y\xa60C\xee\x15\x85\xed\
{\xda\xa0\xb0\xa8\xf0\xf3\xdd\xd3\xfey1\xfb\xf4\x87\xee\
/\xc4\x91|\x99\xa58]\x02gB\xf7\x84\xf6\x09C\
q\x03n\x0c1'\x82\xa7\x9c\x93\x0f\x0d\xb1\xbf4\xd3\
\xaa2\x9f\xf19\xac]\x9cr\xac}lW\xfe\xc4\x96\
\x13\xd4\xda\x9b\x8c\x0e\x95\xcfL\x0a\x90x2g\xb1\xd8\
\xf3\x87\xd4AN\xc59\xaa\x888\x8e\x13;\x15\x16\x05\
\x9d\x14\xd4\xd6\xf2c'I\xfd\xb5\xc0\xf5'C[\xeb\
\xc0\xb5\xeex\x96\xb1L\x9c\x7f~\xf9\xfa>\xff\xa0\xa6\
\xd8\x91\xcc\xf5\xa0B-\xf1\x05\x9c\x80V\xedc\xed\xbb\
\xc2\xb3\xc6\xf3Y\xe5[\xa1\xa7C\xf9\xf7\xbb\xd9\x8a<\
\x99\xe0\x1c\x9b\xfd\x13VU\xe1;\xc1\x09\x9e\x17\xf3\xee\
\xe3\xb1\x22\x9c\x04\x17\x17\x11\xa4\x17\x9bA\xbf\x98\xf3\xcb\
\xd7\xf7\xc9\x07\xe7q{\xb284\xa6\xe0\x19\xa2\x80\xb3\
\xcf9\xbcnZ\xc35\xf6K\xb6\x07\xbfp\xcf\xe3\xaa\
\xd20\xc03<\xf8\x85{V\x17G\xdcdV\x9e{\
~\xb7_\x9b\xdb\x06\x1e\xd2b\xb1\xf1}\x1e\xfc\xc2\xb6\
\xd6U\xc5\xa3\xe3\xa3\x07?\x87\xf2{\xcec'z\x00\
\x9a\xe9\x8c\xa5\x0e<\xb9\xf7\xa2\xbc\x80\xcfr\x15\xc8:\
\xc8\x14\x01\x11\x9du\xe6.\xf9\xc0\xf2>-\xdcy\xa0\
[2\xdc\xf8\x85\x87\x8b\xac*\xd1\xa5\xb9\xaa\xc4p\x18\
\x10\xee\xccA\xcb\x1f\xaba\x84[c\x87N\xe3\xc2\xd4\
\xb8\xa3\x99n\xfc\xc2\xdc\x98Z\xb8I\xe4\xd5\xfe\x94\xcf\
\x95\xb98'\xa8\x93\xcd\xfd\xc2=;$\xe1\xe2\xe4\x22\
\x85{\x9a\xcd!\x07\x95N\x10_g\xa6\x13I\xbb\xe6\
\xa7\x1d\xcbT^\xf5\xa0\xe6=<\x97~\x1a\x01\x9f\x0b\
\x9dF\x96\xf11\xf6\xed\x0d^d\xcdg\x86y\xe8\xbb\
\xa4\x9c\x01_\xa2\xcc\xfe\xfb\xd9\x97\xd8wk\xbd\xc8\xa7\
?3l\xf1K\xb63\xd7\xa9\xf5\xde\xce:\x9cv\xbe\
\x98%\xe9f\x1e\xfa\x8c\xb8\xc0\x8b|/\xc7\xed\xfc\xac\
\xbf\xca\xbc\xe7A\xfevv\xbc\xec\x0c\xe8\xf1\xf9\xf1x\
\x83[k\xdf\x18q\x1b\x92 SH\xfd\xe4#\x80\xa2\
a\xb2e{\xbbk7\x871\xdd\xb9\x9el\xe5\xd9\x80\
\x17\xe0\x01\x1bp!+\xd2\xbe/\x22\xd3\xb4_K\xc7\
\xb7(\x0cY,\x0f\x8b\xc9\xd1\xe0\xda\xf7Fd2}\
$\xa6\xe9\x055\x5c\xa5\xa9\x81\xed0\x02\x22!\x13\x84\
Gu>\xda<$\x13\xa9\xcc\x85z5@_\xcb\xcc\
L{K\x8dD\xbc\xe3 \x02G\xc8\xc0\xdf\x0ao\x82\
e\x1b\xbc\x8f\xdb {\xa1\x16\x22\x0e\x1b -\xba\xcd\
\xe6_*\x87\x1a\x06/\xf6\xbb\xc3\xf6\xfd\xa2Am\xf0\
\xca\xc0M\x88\x0c\x85\xc4\xa1\x854\x9a\xf2w\xec\x96\xe1\
-a\xfc\xf5\x01\xca\xbc\x8e@ ,\x96\xd0s\x07u\
\xce^\xb5f%\x84\x07\x00\xa1AH\xbb\x12M\x0d\x88\
\xee\xa6b\xe2=\xec[#\x0d.\xbcu\x9b\xaf\x1d\xad\
\xd0\xb2\xcd\xa2!7\xcb'\xbeB7\xd6\xe7\x22\x16\xac\
'\x97%\xa4\xaeo\x1e\x96P\x9d6\x08r\x98\x8e;\
]\x10\xaa\x88e\x12\xb7\xd2~\xd9\xfaa\x90\x99~\x90\
\x9f\xa4X\xba\x1f\x0e]Y\xda\xf2z_\xd5\xcd\x85k\
\x9c\xabK\xfc\x8d\xb5%\xb2\x17\x94\xd8\xa6`\x94|\xe1\
[\xc6c\xa5\x05PV\xef\x1a-=\xd7`\xbcp/\
\x86\xfe\x9dS\xd4\xaeR\x93\x01\xc6W\xb2_W\xbd/\
<\xb9\x0b\xfe\xb9\xa0\x82\xfdz\xad\xf8k7\xfc\xe3\x9d\
\xcb\xafeOT]\x1e~j\x17\xdb_\xb5,\xcc\xad\
]\xf0\xa7wu\x05{b\xad\xf8x7\xdb\xbfV~\
\xbc\x1b\xfe\x84\x8f\xb3\xaf\x96I\xab\xf7\xb3\xf1\x22i\x0b\
\xf6E\xcc\xf5\xd3\x19\x84TT\x1d\xd1\xd1\xb9\xb7x\xe7\
\xafU\xe0\xf6\x88\x5c\x1f'\xa0\x22\xe2\xcb=\x7f\xb7\xfb\
U\xab\xe8\xcd|__\xd8\x1cj\xa7\xd3\x86\x95\xae,\
\xae\xaf\x0du:\xde\xa5\xde\xd5\xcc=\xc4\xdfv]\x97\
\xcb\xdf\xf6\xa0\xbb\xd4*\xce#\x98(\xee\xdc}\xca\xfa\
X\xe6J\xcffC0wz\xf6\xc7\xe7v\xaf\x9c\xe5\
\x93\x94E\xdfp\xdfj\xcdJV\xddK\x11\xaf\xe7\xf1\
\xd2p\x92\xdc\x9b8\xbb1\x0f\xfc\x9b\xcd\xd9\xfdn\xca\
*i\xfd\x90\xc8\x91\x09\xd6\xe5\xf0\x98\x17c\xdd\x8e\xd7\
\xd3\xc0z\x1c\xbe\x96\xdbl\x8b\xe3\xfd\xe5u\xac\xd7\xf9\
\x97>\xd6\xe7\x14xYM\xa8\x1f\x80d\xaff\x03\xce\
~\xcfb\x83\x8e\xf7\xc5~\xb6\xd5\xe1\x9f\xd8\xc7\xb69\
\xde{\xb7\xb2\xed\xce\xbf\xb4\xc2\xf3\x0a\xb8\x08\x9f\xb6\x8e\
\xc7\xd8\x90S!\xca\x1d\x8e\x97\x08\xed\x10\xef\xb0\x9f\x0d\
\x8bj\xf9\xb0\xc3\xd7\x1cb#\x8eW\xe1U\xb0\xbb\x1c\
^q\x1d\xbb[\xfc\xc1+\xd8N\xf9\xc2\xfb\xd9W\xc4\
#\xeeq\xf8\xbaPqw\xe2/\xae\x9cd\xf7:\xde\
\xb5\xa1\xaf:\xfb\xf7\xb3\xaf\x89Z\xf9\xa8\xc3?6\xc1\
\xees\xbc\xb7xo\x11\xff\xf0\xb3\xcb\xbf.\xea\xfc-\
\xec\xeb\xfe\x9f\xeb\xe3\x97\x16s\xe3c\xbc\x95\xa5\x9c\x07\
\xafcc\xce\xa1\xad\xec\x1b\xce\x83\x0f\xb2\xfb\x1d\xaf|\
)#\xc7\x03WI+@G\xe9\xf3a\xaa\xda\x16B\
\xae\xb1e@\xe1y\xa7\x0eQ\xeb`\xa4_*;0\
Qcc\xdd\x80p\xd1M\xb4VBC\xed#\xb7\xe2\
|\x8d\xc61_'vD\xd2\xf1\xa6\x9e\xa6\x1e\xa4\xd5\
A\x80\x97W\xe1<+\xcb\xa6\xd6\x5c\x09.\x80\xfa\x94\
\xbb\xb3>\xb1\x94= \x06\xe0Q\xfe\xb7\xec\x9b\xfa_\
o\xadw\x0b\xdb~\xa7E\xb3\x1b\xfb\xd2\x03\x0cg\x9d\
\xa1r\x8c\xf0b\x9aiM\xe3\xa0NQ\x19C:\xc3\
F8\xe84\x92\xf5\x90k*\xfa\xc3\x04\x8d\xd8\xd3\x85\
yF]\x98F\xd3\xbb\xd5R\xa95\xf1xg\xb7b\
B\xa0\xa2\x07?\xeeq\xed\x07\x12\xac~\xa0g\xab\xd5\
C\x84\xbea\xc4\xd0PyQb,\x87\x88R\xf9,\
\x8d\xfe\x03\xc0\xcb\x00\xd0\xa5j\xf7\xde}\xbc\xecl\xf9\
\xfd\x19\x8a\xb1\xf9\xf8o\x00\xa7H&\xd3<-_\x13\
\xc0\x96\xff\x83\x08y\xa9\xf6\xbc\xfc\xf6\xbf\xe4\xb7@\x8d\
\xfb\x82\x922,^\x8dW\x22Q'\x12\xa1z\x80\x9c\
\x7fL\xe1\x7f\x13k\x96B\xab\xb5\x97_\xc9\xdc\xc8\xcf\
\x1e\x13Et\x8fP\x1av9\xa3\xe5\xbb\x1d_\x95\xff\
e-\xf3>\xe7\xde\xe3\xfd\x89eB8|\x8c\x04\x86\
\xdb^y\xa1\xfd@\x86b\x85}c\x866eD2\
\x1e\xf7\xd7 -\x87\xc2\xf4\x9e\xe1\xbbXO\xad\x05g\
\x9f\xfe\x1d\xdd\xd0=.\x96;Z\xe0\xd3\x06\xbbg\xd8\
\x0f\x1c\x85\x0f\x9fK\x00\x81\x14\x90\xd1\xe9W\xf72\xb0\
\xcd\xcb$\xde7\x051\x8a\x9fl\xba\xc5\x22\xb25\x8e\
\x9bN\xaa\xc1P<\xfbks\x09\xb7\xc4\xdd$\xed\x11\
\xee \x1d\x93\x17h)Y\xa0\xf3\xb5\x16\xd0\x93\xfa\x15\
_\x9c\xfc\x9d\xaf*dMB\x92\xac\xd4<\xd8\x06\x1c\
\x0b \x18\xcb\x08<M\x87k\xcd\x8d\x11q\xa7\xe1\x1e\
\xe1\xefx\x07k\xef\x8bd{(3\x8f\xf2eY#\
c\xf7E\xf2\xe1\xf3\x16A\xd7Q\x94\xe7\xb8\xb1f4\
|B\xe1\xd73\xb9\xb5\xaak\xfa\x8aT\xa6N\x9do\
\xba/\xbfW\xa21\xecnP'\xd5\x98:\xbeNj\
\xf0$\xa8\x1d\x02\x80\xbete\x1d\x08j\x1dM\xf9W\
\xc8l\xbbA\x9c\xe2W\xfc:r\x81\xb7\x82mH\xe2\
\xc7\xb2\xd1u {u$\xe0\xf2\x11\xc8uxX\x93\
\x00\x9a\x1a\x1c\xbe\xa3B\xa5\x1b\x12\xefS\xf0\x91\xb5\xb1\
\xe0\xd8\xf0R;\xae\x98|\x84\xbe\xe1\xea\xd9\xe5l\x18\
\x1di,\xce\x14\xd9wr2\xdb\x1aK;\xa9\xf7\xd5\
\xfc:\x1c\xfd7\xfe\x1dfr\x18\x14\xed\x8b\x09\x92\xf0\
\x85K\xa4|\x0bM\x9b\xdd+\x96F\xdf\xf6\x22v\x96\
\x06\xda~\x0f\xea\x8d\xf8 \xdd\xbc\x09!\xcb\x94\xe8\xa8\
\x1d\x03\xdes:}\xb6\xa8IR\x8cD\x16\x13\xe9\xd5\
WS]\xd21\xbc\xe0\x93\xc6hMc\xb1tp\xb3\
\xeaJ)\x82\x86\xabOF\xc8\xbf\xa8q\xdd^\x96s\
\xc1\xd6\xa8\x82\xa6\xb6\x00\x91\xf0R\xa8\x11!x\xa4\xa9\
\x9d\x9e\xa2\xe4g\x82\xba\xc4\xf2t\xa0\x8d\x8e\xd1\x95\xa8\
{\x9a\xda\x02\x04\x00\xacT_(\x186\xac\xc1m\xa7\
\x033\xd5b1\xe2}\xe1\x82\x12\xa8\x1a#\x85\xa6\xc4\
\x94\xa4T\xf7\x15\x97\x15\xd28<:\xbbX\x13\xd5#\
}\xc5\xb9\x04\xfbNB:N\xb1\xbbC\x90\x01\xabQ\
FQ\x9cF#7H'\x0eE\xa4M5\xb1\x0a\xf5\
\x93\xae&\xd5\xaa\xde\xaf\x06PD\x8f\xc7R\x9dY\xcc\
K\x88)\x9a\x9d,\x89\xb9-q\x9f2\xd8,TO\
\xa9\x8c\xf7\xaf\xef\x06\xed\xda\xc5r}\x0b|\xda`7\
\x0f[F\x91\x22\xda\xd49\xb4\x00t\xe8\x92\xf0\x991\
\x06\xda\xde\xec-d\xfb \xee\xe0y\xfdZf&\x1d\
H\x8dmS\xe5\x113G\xc4\xf9\xc1~j\x82\xed\xab\
\x08\x13/<|)\x91\x0d\xe1\xe2\x8d\xaa\x94\x0fB\xbc\
\xdf\xe7U\x80\xf1>\xbe\x82\x89\x9fS\x8c\x19\xa0\x19\x03\
\x9318\x1b\xe6k\xb7\x03\xd4\x80\xcb\xd5\x8e\xa5\x90\xb3\
t\x1b\xa1\xdc.\xd2\xdb\xea\x99 \x82X.\x22\x09\xde\
\x06p}\xbd\x0ae\x01\xbc\x01\xda\x98\xff\xaa6\xe6\xbf\
\xaaM\xfd\x08hyH\xba\x84&x\x0f\xfb\x963^\
\xfe\xa0\xb3\xaf\x9f=\xe4x\xd1\x95\xec\xdb\xce\xbe>\xf6\
\x1dgO#{\xd89\x7f\x0d\xfb\xae\xac}O~6\
R\x9a\xdb\xa9\xa6\xf0H\xa8\x9apQ\xc1\x98#\x91\x82\
\xe3M\xbd\x0b\xf9\x12\xe6m7\x94\x83\x1a}{\x9ev\
t\xcc\xf39?*\x09g\xd9\x22_\xbe\x1f\xfd\x1c\x9d\
F\xb9\x10\xca\x15~91\xf4\xf1\xed\x86\xa02F\x00\
\xe6\x85\xc0\x80C|\xc3Q\x98\xb4\x1e0/\x11\xb68\
\xa9\xa4\xa6\x06\xf3\xd6\xa0\xad\xf3k\xcb\xbd\xed\xab\xf7\x14\
\x8c\x9dm\xaf\x0e\x04\x8ffB\x1b\xf8R\xceL\xca\xc0\
\x9a+%L\x18\x8f\x8d\xb0=NM\xe8\xfb\xcex\xa8\
\x98\x0dD\x16\x19_D\xd5v&\x1f\xe0\xfa\xf6$\xda\
\xa3`\xb7\xca\xd8\xc1\xa0vP=\x119\xbbm\xf2+\
Q\xede\x00\xdd\x88\x8d\x11\xfa(\xfe\x83\x1f#\xf0\xc7\
+\x0aV\xd9W;\x08\xfb&\xa0\xbb\x06\xbf\x80\x1a\xdc\
\xf62X9\xf1a/i\x88\xd8\x97\xd5\xce\x98\xf9.\
\x0b\xd4\x13\x0b\xd8\x89\xed\xda\xd0#\xa2?\xd1\xf45:\
\xc1\x1eE\xa6\x81\xbfuv5\xb0\xc2\x13\x05\xce.<\
H\xb1\xaa\x88\x18\xc5\xb3\x0b\xcfkX\x1b*\xf8m\xf3\
\xb1Qb.q _\xa5\xa6\xf0\xc4\xd7\x9a\xd2B\x84\
\xfa\xaa\xd9\x0f\x9c\xc6\xcb\xd9^g\x1f_\xca~\xe84\
\xac,<\xa6}\xb8p\xd2\xdc\x22\x1aR[x\x80w\
\x7f\xb5\x5c\xb7'Y{8/\xe1O\x11\x14\xa05\xa5\
\x05h\x95\xde\xf9%\xee1\x15\xb3\xfb\x9e\xb8\xf7\x04\x8c\
6\x13\x85\xef=\xd2\x0a~?\xfb\x91\xe3\x89Es\xdc\
Y\x93\x85R\x97\xcf+r\xf6\xec\xa0\xd2\x9d]\x0c\xd6\
\xe0\xb7\x9c\xd5\xa1o\xc3\xff\xc7y\x88=(j\x8f\xc1\
\xff\x1f\x13\x7f\xb5\xd7\x84\x0b\xcek\x1f)\xcd\x9b;R\
x\xbbj\x8ap\xed\x87\xda+\xc2\x19v\xd4\xc2\xcf\xf1\
%6e\xa24\xc7tM\x89\x01n\x13\xfca\xf6c\
\x87\xaf\xf3z\xd8\xe3\xce;>\xcc~\xe2H\x12\xbd?\
c\x7f\xe7x\xe7\xf0?d?u\xd6T\xb0\xbfw\xe8\
\xb2\x97\xbd\x8f\xb1\x7fp\xf8\xa2\x8f\x88k\xbd\xc5\xde[\
\xd8\xa0\x8b [\x80BOP\xd7\x06\xf4Z\x9b{\x17\
\xc6\xcc\xae\xbd\x94\xd4a\xda\xbf\xffKA\xa6K\xc3\xe4\
1\x15=\x89\xc10\xa6v\x8c\xbc\x01n\x83\xdb\x00\x88\
\xe2M`\xc3o\xb6\xf1\x1f\xf0\x8b$t\x9c\x08\x94\x00\
\x00=Gi\xb6\x99d\xc9\xf3\x08b,\x09\xd6_\xdb\
\x8d\xb8\xc49 \x0e\x02\x0d\xc4\xb1qX\x11M\x13\xcc\
\x98\x22h\x81\xf8\xb6f\xed\xc7\xd4\x98Z\xf34b7\
\xf1\xf4\xd0I\xb6\xcb\xaeSRtX\x93\x07\x1d\x91\x9a\
P\xae\x18\xd1\x88\x8e\x11\x9d/\xc75\xfe\x0a\xdb\x14&\
c\x8eG\xbaFK\x13\xearu\x88\xbf\xd6\xd3\xdb\x0d\
\xbe\xdc.\xfb\xbd[\x85\xda\xb5\xf0_Y\xdd\x7f \x99\
Ok\x93\xba\x89L\x18\xf6\xd6H/\x1d\x22\xc9}D\
\x96p{0\xbc\xf3\x83l+\xbegk\xd2p2h\
\xa2\xcb\x10\x1d\x9ez\xd0q,{XJ\xa0\x09\x89\x8a\
\xe8\xbe\x8e\xd0)\xa2\x1fO\x86\xa2w\xdb\x94\x0b\x88\x90\
\xf0\xa8__\xd3|&hc\xd16.\xe4\xce\xc5\xb8\
(\x80\xec\x9b\x9bV\x91Lx&\xd7\xb5c\xd2\x86(\
\x0eK\xf0F\x8e6\xd5\xdbR\xd9\x0akW\x8f\xaa\xf5\
\xd2\xc8C\xd7\x923\xe7\xb4\xb8:\xa4\xfd{j\xec\xcd\
d<A\x89\x9bL\xa5\x14(\xba\x96\xc7W5J\x9c\
h\xd1&\x92]\xf5\x96\xd3A\x1c\x1dKW\xf6\xd0\xc6\
 \xddV?z\x98=\xe1xg\xf3wd\xcc/\x98\
\x86\xfcbo\xaf\xb7\x22\x02\x82\xae]\x1c\xd9\xfcC\x8a\
\x99\x08\xd9\x13o\xd3|E8\x22\xd9qg\xc8\xc3H\
\xa1j\xef\xe6\x11\xb6\xcf\xd9R\xcf>P\xf7\xcb\x88g\
\x7f\x80\xfd\xcc\xf9\xe9\xe7\xd8\x93N\xf47O\xb1\xba\x97\
\x1e\xdf\xf4\xe9/|{\xd3_\x87\xc5G\xbf\x1cl\xe8\
\x88\xd0<\x9a\xa7I\x0a\xa4\xcf#\xd9\x99\x04\xc5\xb6\x83\
\x0e@]\x9b\xc2\xcd\x1d\xd6\xa6f\x9a\xb1b2\xbd\xf9\
S\x91\x07\x9fe'\x0c$3E\xd4L\x09,]\x8a\
C\x9d\xd2\xa69S\xc3==5\xa3\xf1\xda\xceR0\
\xc4\xc1\xcaM\xda\xc9w\xb2_n\xfd@\xc4{\x07\xbf\
)\xd7\xc8<\xee\xac\xacb\xff(\x16\xc8k\xf9\xa5b\
\x8f\xf3$\x84\xbc\xbal\x9f\x9f\x95)\xc7A\xa9\xdd\xbf\
\xea6\xd4F\x90v\xab\xd1\xac(Y\xc51\x9a\xb8n\
\x83]\x03h\xbd\xb3-\x14\xfcZ\x08\x89<Ff\x9a\
\xdc\x11\x94\x9cnj\x10[N\x7fxV\x19\x98\x1a\xbc\
X\x7fi\x9bap\xd0\xbc+\x96\xb3\x9f;\xd1I1\
Z\xbfp\xaa\xc4\xd0\x05\x876\xe9\xbd\x89\xfd\x93\xc3\xff\
8\xc9\xfe\xaf\xb3\xf7\xcf\xe5\xf5\xdd\xe2\x93\xfe\xaf\xefr\
\xfb\xfff\x9b{\xfdKu\xee\x0do\xb5x\xec\x97\xac\
\xeeSa\xb7Y\x1d\xa8\xcd!;Xx\xd4\x9af\xd7\
\x16s\x01W\x1f\xb1\x06\xbe\xf9\xfbuWE\x5c\x15^\
\x00PP\xf5e\xdd\xb0\xf8uS@A\x98(\x9dz\
]\xb9\xc4\x86T\xa2\xba\xe6\x04\x9fK\xb3#\x89T\xa4\
\xae\xeb6lu\xad{\x9a\x99\xde]\x8e\x00\xd5\xb12\
\x9b\xb7\xaa2\x22Q a\xc9Se\x04tU\xa0\xc0\
\x80]\x00\xcby\x18\xce:\x86\x97\xd9\xff\xbc\xa9\xbe=\
\xd2\xa6\x96\xff\xb9\x92\xa5C*V\xad\xa4^\x19\xfa\x1e\
Oo\xe1\xb8\x0c\xe2*\x7fTo\xde\xa6\xf6\x9a\xa2\x02\
A\xcb\xd2f\xd9#\x07\xc9\x13D}c\xc9\xf8\x00*\
qS\xc7WF\xb6v\xb1\xbdtt%\xbb\x92\x9d\x9d\
\xc9.\xd9\x03\x9b,\x18\x91\x98\x0e1\x08\xda>\x0ca\
\xdd\x14m\x80\xae\xdfhB\xecC\xdaQ\xacjm\xd0\
\x5c\xe3\xf9\xb5\xa3\xdf\xff\x0dK;#?d\xae{\xe7\
g\xbf\xeeZ\xcf|\x93}\xb0\xae\x1f\xb6\xb5c\xba]\
\xafi\xfd\xe05\xfd\x02P\xf3(\xb6\xa1\xd9mr\x15\
\xda\x1d\x12\xb7\xa4\xc6ZhcER\x170nH\x0b\
\xe9\xdfn]\x13\x815\xb4\x07zn\xf0\x9c\x1e\xe2\x8a\
\xc3\xd5r\x9e^\x8eM1\x87vr\xb7\xc7\xde\x13\xf9\
\xd12FB\xa4\xee0\xb7\xe9\xda\x1cb+\x12w\x0c\
\xa8\xb6$\xa0\x1d\xad\xf0\xe6\xad\xea\xfd\xf1x\x13\xcf\x1e\
i\xe4v9\xaa\xc3\xb1M\x0d\x02\xddl\xb0\xf6/\x10\
\x1d\xd8\x13q\xc9\xc3\x0eRl\xa7+\x95\x1f\xd0x\x04\
aIR\x0f\xcd\x1cux\x81.x!,;\xe1E\
\x93h\x02\xee\xe8\x1f\x04\xa3\xeb\xab\xa4\x11\xc8\x05+\xa5\
\xa4O\xe9\x0b\x84\x18\x1bS\xf1\x14\xd8\x0cjL\x8a\xe2\
\x11p\xf6\x84\xb4\xd3)\x04\xc2\x0fL&z\xf7\xde\x1a\
6N\xfd$\x8e;\xb1Wi-\x10_sJu\xb0\
\xfd\xeb\x10\xea4-\x8a\xefR\xf7\xab\xa9M\x11\x16\x22\
\xae\x12v+\xb8\xc4\xe6hmg\x9e6\xa9\xabZ7\
\xfdbXk\xbd\xdd\x06\xca\xc2\x0f;k\x04',\xf9\
\xc3\xec.\xf0z\x80\xb91l\xec\x99\xda\xdc\x18RB\
+\x1f&\xd61\xefO\xf8\x1f\xe5\xde\x0e\xbd\xa5\x97\xb3\
S\x86\x81U\x1d\xe02\xce\xcah*\xf8\x889\xaay\
\x96\x0b\x87\xc1\x98\xe9\x5c=\x0a\x9c\xcfy}xy\xb0\
@1<GF\x16\xde\x1c\x96\x91\x7f+\xd8\x84s\x11\
_\x92\xdd\xe7Q\x064\x9d\xb4\x82)\x92MZ\xeb\x82\
\x05\xae\x89\xca\xec\xabM\xdaD\xbd\x99\x9b\x98\xd3\xd0v\
\xa2I;\xb4<L\xe1\xff\xc4\xf4\x97KM\xe1\xf4\xb5\
d\xf2\xbb=\xdc\xe0\x1a\x15a\xda\x14\x0c\xa5p\xec\xda\
\x1f\xd16s\xa9\xaf\xa3\xcd<\xb8H\xcd\xd3\xb2\xabm\
\xe6\xda^\xae\xcd\xf0\xd9\xc7/X\xe0\x93\xd4j\xd9\xb3\
\xcb\x9e\xe1{E\xe7\xae\x10\x9d\xfb\xcf\x8e\x17[\xcb\xaa\
&\x8a\xfaqqa\xb7\x98_\xeaG\xf5O\x99\xd3\x1f\
N\xe4\x94\xdfH_-~-\xf7\xc4\x89V\xb1\x82\xcd\
\x10E\xf0N\x8c\xcc\x0a\xed\xc4\xae\xf2\x7ft\xbc/\xae\
d5\xa5\x054\x9c$\x9bN\xde\xa5e\x8eZ\xd6\x91\
\x07\xbbp\x1b\xcf\x13\xfd\x85\x0f\xc4\xeb\xa6\xfd\xea\x84\xb2\
\xba\xfc\xc4_y\xa6\xd0\x84\x91\xfcaRE\x0c\xc5\xb2\
\xd5\xec1\xe7\xb1\xf2\xdf\x83\xb9\xb0x\x1b[\xc1\xae\xb0\
\xac\xe3\x86Z\x01>\xb8\x8a\x15\x8a\x0d\x9c\x8e\x07x\xb3\
\x81I\xdb\x87N\xb5\xf3\xf6u\xeb\xac\xd26\xc3`n\
\xad}\xf7\xddw\xdf>}\xben\x81\xdb\x1b\xe4\xee\xae\
\xdb\xb9\xf3n\xcb\xb0n#\x0bw\x80\x97[\xb3u\x07\
9\xbc\x8f\xf9\xad\xef\xd8\xbe\xdbo\xb7$\xc1\xf6\x9f\xb1\
_:\xd7\xf8L\x92\xf2\xc4\x1d\xac\xf3\xbf\x5c\xcd~\xe5\
\xf0wysY%\x981\xdf\xca\xae\x92f\xcce\xe2\
\xbb\xea*\xf6\xff9}k\xd9\xbf\x88/.\xe1e\xec\
\x1f\x1co.\xff\x84\xb9\xe9L\xef\xe3\xac`[\x0e\xf0\
\xb4\x92F(65\xdbo73^\xe2\xe0\xa6\x14\x22\
\xd1\xfa}\xd8\xcf:A\x87\xecQ%\xd8\xcc\xfa\xc5Y\
\x9fle\xb1\xb1\x92me/\xe9c\xd6\xa4f\x0c|\
\xd5P\x09j\x83\x99P'7\x811\xf3\xaduOG\
\x94i5\x1eoj)\xc46\x19\xe5\x0b\x7f\xca\xea\x9e\
\x0e\x17{\xdf`xg\x05\xfb\xdf\xb1)hlJ\x96\
\xfd\x1f}\x07m\x99\x1f\x08N\xb2\xc0\x8c|\xdf\xbb\xa6\
\xb16>\xa1\xaa\x0f>\xc7\x5c\xa5\xa3\xcc\x99n\x15\xcf\
g$\xd4\x01\x1b\xaf\x99\xd5\x1b\xd7A:^h>\xf6\
\x80\x910'\x8c\x92\x0c\xf4V\xdb\x00\xc4\xe3\xab*\x81\
Y\xe0&\x92|\x872\x16n\xca\xd3\xf4\x8b+\xd8\xbf\
\x82\xc5\xf0B\xf6o\xd2b\xb84x\xad\xdc\x13\xfe\xdd\
\xf9\xd2\x1a\x06#\xa5\xc9{OD\x1b\x94\x0f\x90\xc2#\
\x14\xf8\xcf\x85\xb1\xa6\xb0H2\x00N\x86sm\xdd\xb8\
\x0a\x83O\xd2\xdf\x90'\xbc%l\x22g\xb6\xfd\x8c\xe8\
\x08\x15\x05{\xa7gp\x97\x22\xfa\x92\xd2\xe8\xa3\x93\x93\
\xec)\xa7\x8a_\x1d\xec\xd1_\xf2\xe5\xda\x9c\xe7\xad\xe4\
\x7f\xa5[\xe0}8\x94\x16\xeb\xfc\x1e\xf6kg\xd7\x9f\
\xb2B\x8e\xf0*\xc8\x87\x82\x98\xdd`\x80O\x01f\x95\
A\xb1:\xb4&\x12\xadm\xadm\x9a\xf5:hB\xe9\
\x84\xd9\xd5\xa3J4\x9b g\xaf\x18\xeb-\x11\x1d\x11\
\xa6\xe8\xc4O\xaa\xd9d`\xf0\x83\x19f\x13r\xb3\xb4\
\xa8\x12\xcd%\xc4\xe2\xee7\x97\xe0\xd9\xaa\x0b\xcb\x04-\
\x0f\xdaD\x12\xfd\xfe?J\x83\xd9\x8f\xc4H<\xb3K\
t\xf8\x8f\xdeY\x9c=\xea\x7fl\xc7\xcd\xaam)-\
#\x95[f\xcf\xae\xd4\xad\xe1i\xa6\x80\x99}f\xbb\
\xd2\x9f\xe6Z9\xabW\xce\x14\xcaT_\xd6\x91s\x89\
\xcb\x8e\xc1\xaf\xcd\x05S\x1d'}Z\xbc\x82\xb8\xdd,\
\xbc3@\xb1.\xac`\xd5`\xe7)~\x09\xbcY\xdb\
\x9cN\x00j2\xe3}F\x03\xf6\xb0\x93\xb7\xae\x8e\x8e\
\x86g\x8f\xfc!\x1bndo@\x04&+\xd8\xff\x1a\
\x07\xa73\x0e\xea\x81)\xd2\x1b\x16PH\xce\xad`\xcf\
\xac]\x1e\xb0\x22\xa2\xc5*W\xd0\xa9\x0aI\x0d\x18\xde\
t\x08k\xee\x00W\x13\xfe\x0aV\xc4\x8a\x0aF\xd6G\
m\x93\xccm\xb14\xf6L\xb0\x9dU\xec\x9e\x08\xfbW\
\xc7\x10x\xb1\xb2\xb5\xf7$Y\xdd\xca\xc8\xc4\x9f-S\
<Z\x016\xbf*\xb6v\xe2\xd4\x19\x1c\x83\xbd>\xaf\
\x82\x8d\xe4Gg\xae\xcd\x0f\xa8_Sxl\xe5p\xe1\
\xc9\x22\x8f\x95\xff\xab\xe3\xbdw\xc6\xf8\xc5\xe0\x021\x9c\
\xbf!\xb3\x13\xb7\xb8\xef>vJc\x12gz\x9f\x19\
\xe3\xca3\x94\xd5,\xa1\xbcp\xa58\x10\xac.\xff\x0f\
g\xd9j\xf6\xb4\xf3X\xf9o\x82\x07\x87\x7f\x8d\xb1O\
9\xd2\xec\xf1V\xb6\xc6\xb9&\xd3\x84\x91\xf9\xb4\xe8n\
\xf1\xc1\x7f:k\xbd\xed\xec\xb7\x0e_\xb7\x9a\xfdN\xdc\
;$>\xfb/\xa7\xe6\xc3\xec\x19\x87_\xbb\x8a\xed\x97\
\x1f\x85\xda\xf9^\xa5\x1b\x81)~F/\xbf\xb7.\x5c\
\x5c\xacB\x88\xef\xf5\xae\x9d]\xc7\x81nn\x8c\xf1P\
 \xee\x1eW\xac\x5c\xce\x0d\xe5\xfa\x088DfZ\x92\
@n\xe4\xb7\x9e2\xadz\x96\xd0\xfcf5\x0ac\x89\
\x17\x8a\x14\xb3:\x93g\x22\x13\xa6*\xff\xaa\xccC\xbb\
=\xe9\x0f\xf1\xcbH\xc8\x8b0/\xb4kv{\x14\x9e\
\xa8q\x0be\x8f\xee\x1eg\xa7\xa0\xb9U\xe1\x1cs\xc4\
[r%{\xd6\xd9\xbf\x9b\xb5\x17\x95\xbc\xa1}A\xb1\
1?\x08Vf\xc2\x06\xdd\xd0\xe2\xb6\xb8J\x0d\xcf\xef\
\xad\x13}\xd0b\x0b=\x9ez65V\x90\x9bN:\
\xb3\xf4\xce\xac\xdb\x9ekW3{^\xe6iv6\x06\
Y\xee\x93G\x096\xd76U\xed$\x9bf\x1bU\x9b\
,\xe5\xc7\xe4X\xc6\xc4\x82\xf9\x9c#\xa4\x06jA\xd1\
1\x0d\x08f\xec\xd0HU\x96\xae\xc7\x94\xd2[v\xc9\
s\x22\xd0\xeaI\xd9\xe8\xf1r\xf9\x7fu\x0c\xf6\xd2\x95\
'k\xa2\xd0k\x8bK\xf5\xc97\x7f\xeb\x94\x94j\xa1\
-H\x9d\xf3.\x9e\xd5\xb1*\xba\x15\xc5\x8eQ\xf6N\
0^\xfe\x9c\x83\xff\x0f`\x9e\xc0\xc8L\x97\xc4U\x92\
>=\xebm\xcb\x96?\xef\xe2+\xd9,\x9e\x10N\xcd\
h\xa9\xd841R\xcf;\xf2\xffFmz\xc1\xe1\xad\
W\xb2\x17\x1d~\xc5\x1a\xa1\x85\xe5\xf8<\xb6\x86\x15\xe1\
v\x9f\xdc}A\xe1n\xce\xb5\xabY\xc9\x8e\xdd\x0b\xd6\
N\x96\xcc\xa5\x96\xb3\xe9R\x01\xadZ\xcd~\xe3\x5cY\
\xfet\x8e~\x88\xf2\xab\xf9R\xa6\x12|=\x89^\x09\
F/d\xd6V\xb5z\xb2\xed\x1c\x80\x0e8\x00\x18\x9c\
8%L\xb0t l\x1a!&\xeb\xdc:\xb8\xb1\x1e\
\x1e\xd2\x88\xe5\x00\x09\xdci\xb2_\xf1\x9f\x01\x12\xa5\xf9\
R]\xa5\x12![ Vq\xa1\x04\x12\xbb\xf0)\xf6\
\x92\xd3W\xc5\xda#\xb3\x99\x9f]\x1a\x9cXIp\x8d\
+\xd60\xb4e&\x84Z\x98\xael\x86\xe0v,\x9b\
z\x1b\xc0\x86\x89e=\xd887\xb9\x9bd\xa7\xbf\x16\
\x93\x00\xa1G\xe3q,\x9b\x9a\x9a\x85\x1a\x0e\x88K\xa2\
L\xd4\xbb\x00\x86c\xe3?\x9d\xe2\xc3\xd8XOCO\
CoS\x7fs\x7f\xf3@b\xd0\x1dt\x07:\xfb{\
\xfa{z{E\xd1\xdf9\xe0\x0e\x02[X\x82\xbd\xec\
\x8c\x8b\xf5[b\xf9\xc8\x1e'\xddc\x004\xd6\x01\xb2\
\xb4B\xc2\x05fz\x9cN\xc9\x9ec\xe8\xf7\x92CT\
?P?\x009\xc8\x14M\xf72\xa5Z\xca\x12\xdcS\
\xe0 ;\x04\x98\xa0X\x1e\xc5\x08\xfc1\xbc\xcc\xc6\x7f\
\xe8$\x0e\xcfq\xa0\xf1X.D\xa6\xf7\xf8\x10\xce\x13\
7\xf4\x8a\xa3^|Y9x\xd3\x08\xd3'\xb7\xfem\
kw\x9fN$p\xf1S\xc27\xcd\xd2\xf1\xd5\x09@\
\xb6Wv.\x96\xea$\xa4\xf0Z\xb2\xce<:F\xf4\
\x10\xc87\xdd\xc9\xc1\xcc[\xc0\xc1\x87\xc7V\xb3W\x9c\
I\xefO\xd9\xe5\xf7\xb9\xff\xf6\xc4}\x96\xb7}#+\
\xc9,\xc3\xcf-I\xcb\xb7\xc5\xe1\xa4$s\x8ewn\
I&'\xd1b\x1ec\x1b\x5c%:\xd0ut\xb6\xf2\
\xd7`\xe7\xca\x14>\xec\x96\x85t\x91\x96\xd6\x85\xb2\xb7\
AZ\xf5\xa5\xae\x92\xa0\xfa2!\xa7\xf5$\xa3Y\xc2\
\x87B*>\xae\x17\xffI\xb9E\xa1C,0\x10\xbc\
\xb5\xe3L!\xe6\xce\x938f9%\xc7\xc8U\xa6\xb4\
\xe5=!\xaa\x80Z\x93\xebB\xb1\xfa\xf2q9O\xf1\
Z\xac\xb2\xa4\xad\xa0\xa3|\x94_\x1b\x9a\x94\xce\xcb'\
\x99w\x06\xbf\xe4\x05\x89\xc5\x8e~\x12;\x86\x8e\x8f-\
\xe0D\xd8B\xae\x04Hs>\x0c\xe6bZ\xfc\xed\xc7\
\xbf*1\xd7\x10\xc9\x02P\x1b\x94'\x06_\xdd\xd4\x10\
\xb5\x12\x16\xcd#rA?7\xe2\x1a\x8a\x0c\xf8\x86\x02\
\xc9\x8fi\xfcq\xac\xc9o\xc5S\x9bq\x9f[E\x88\
]M\x89\xcd \x14\xcd\xb6w%_\xc18\xf3V\x9e\
+\xd1\xb6\xd1\x90Q\xd8\x5c\x13\x92\xdeC\xa9/VZ\
%\x8eY\x06\x99\x031\x885r\xa6\x0c\x14\xe7\x1f\xf3\
nc\xdb\x07\xbcU|\xe8\xcez\x0bzn\xd3\x90\x95\
4\xe4rr\xfc\xe0\xc2Pii\xff\xefs\xebF^\
\xa7\xe3p\x19_\xce\xea\xb7[\x81\xdc\x09<A\xa4\x12\
pMB\xad+\xe2)\xea\xe7C\x91\x99\xa6S\xc0\xd8\
\xf2\xaa\xe8\x9ew\xbaV1\xc7$\xb3\xd2\xc0\x90d#\
\xaft\xd9|\x8bw\x1es\xf9\xb9\x97\xdf\xec\xbe\xdfZ\
\xff\x8e\xc0\x00\x8b\x09\xc2o\x8a1\xb9\x18\xbb\xde\xb9\x96\
\xd7\xca\xff\x88\xbdn\xd6V-\x84\xc5\xed\x1dQ~\xff\
\x04\xe3V\xc4U\x913\xf0X\xb5\xaadI\xb0\x1e\x04\
P\xc6\xd7\x85\xcdj\xae\xd7p\xe9\xb3\xdd e\xe3\x18\
!\xb1\x93)\xdd\xb5?\xeb\x87\xb9\xc0\x1c\x85V{\xc3\
\x9d\x16\x99\x17\x0f\x92\x92\x00\xa2\xb8A>\xdd?\xf63\
\x19\x5c\xd2\x84Fk{V\xa4\xb4\x10i\xf1{\xcai\
\x1cK\x15\x8e\xfa!\xc4$&\x14V\x1e\xf2\x96\xb0\xbc\
J\xee\x80\xbb\xd5\xdd\xaa\xa0tbc'S\xfb\xb6g\
T\xbfkBB\xa9\xec\x14\x0abOS\xafP\x10\xfb\
A\x15\x95R\xbd\x00\x1d\xed\xa9\xb1\xce\x81\x1e\xd8\x89\xb0\
\xec\xed\xed\x87A\xc5r\x00\x16\x93A\xd7\x1e\x94H\xf3\
b\xf5\xe8\x87A\xc2\xb2W\xc2\x91\x1e\x82\x88'Qv\
\x92f\x8ae\x02\x14\xd3\xe6\x86\xe6\x86\xa6&Q4\xd7\
'6\xb9\xf62\x09\x0f\x1b\xdd/\xba\x8d\xf6j\xb4k\
\x9d\x86y3c\x84\xe9\xa8j\xb2\x0b\xe5x,\xd0A\
S\xa6v\x1a\x99\x9a\xb6\x89\x06R\x1a\x1e\x80\xf4\x91\xbb\
\xfe\xa0L\xcd\xa1\xf2\xd5\x18R!5\xc1\x8e\x88e+\
\xfa\xf2\x1bl\xfe\xa6\xfd\x0c\xa0\x86\x06\x8f\x1f\x7f\x0e\xd2\
M\xe5\xd5\xfbu$\x91\xa9=\x07\x18\x9f\xf2\x17\x00\xfc\
SB\xae\xd5\x85KZ\xfekJ\x03}\xd9\xacI\x06\
\x0eS\xc4\x02\xa6ib\x99\x80\x80\x0aJ;ARD\
\x0e\xc7\x03\xf1i\x8f/:Mm\x91\xe98q.\xfc\
s\x98\xa0P\x0f r*\xa5\xdc\x94\x95\x83x`y\
\x16\x80\xac\xca\xef\xcf\xa0\xce\xb7wkD\x7f\xd4ld\
\xac\x80\xbc\x04\xcbN\x88\xca\xa0<(\xa4\x9b\xb7!\xf9\
3\x02\x9b\x0b\xa6{\x87\x8d\x16\xae\x89\x0d\xbc\x0d\xd5\xec\
\x80\xc3\xd7Io\x16\xc6\xbe\x81m\x0a\xd0\x5cx\x5c\xa3\
\xb9\xe8\x9a\x01ryE\x81\xad\xf8j/\x13\x9a\xcbz\
w\xbd:y\xc0\xb6\x9a\x81\xa2f\xe3\x22\x94\x22\x14\x97\
\x5c\x184\x0a\xa1\x063\xe0m\x02\xae\xd1p6\xb9\xc1\
n\x00F\x0d\xa0p2`\xd4\xa0v:=`\x87\xbb\
C\x9d\xb3\xe0W\xa2\x0a\x8c\xc6W3\xe82\xb6B\xa9\
\xf1\xd5Bq?^\x8dX\xd9\xdf\xc8\xbf\xc1\x0e:W\
y\x1b\xd9!G\xfd\xc5\xff\xc0{3\xab,)\xf1\xc4\
\xaeY6R\x9a\xa6S\xe9\xf2\x05\xfcLk\xa5w\x8b\
x\x13n\x95\xcb\x07E\xf9\xbd\xe2H\xf7\xaa\xe3%F\
\x18/s&W2>\xc7\xa9\x1eb|\xae3\xfa.\
\x96\x97F\xf9\x99\xf0L\xb8\xab\x85\xf8\xe3\xb3\xd0\x91\x96\
\x87\x0bN\xfa\xc5\xf7\xcch\xc2\xa8\x17\xcd\xff\xde\xfc\xe2\
\xf0I!@\xf2..\xfcM\xd7\x86\xf8<g\x7f\xa8\
\xa6`\xec\xbd\x8c\xb7,<a\xe0$\xbe\xb4<\xee_\
\xcdx\xc8y\xdf>\xd9\xb1<Q\xc3\xbcD\xe1V9\
\xd7[\xe1\xf6?\xf2\xb0\xe2\xa8\x81\x18\xd0$\xac\xdf\xaa\
\x94\xda-1\xd7<\xfa\x85\x9f\xff\xdcR\x98\xc8\xda\xef\
\x92q\x87J/W8\x14p\xe7/\xaewy\xc8*\
8\xf3&CZ\xf6y\x16+\xcd\x9c\xb4$\x5c| \
\xffL\x83\xb3\xa44\xc8\x91=\xa1\x22\x9a\x80\xa8:\x04\
\xa4\x91\xd1\x8c\x13\x98\x0c%\xbe\xfa\xb2\xd0\xef\xb9\xf7\x83\
\xd6\xe0`3f\xc8]\xda/4vgM\x88\x87e\
\x11\xc9Z\x87\xc4Rj\xcbo\xe6\xcbb\x9e\x5c\xfa\x7f\
\xc7@Mj\x05%\xb1\xad\xc7\xa5\x14d<\xccv\xd9\
\xbf\x9d\x0c\xe4w\xcc\xc1H\xca\x14\x89\xfe<\xcd\x979\
OO\x82y*\x04\x9e\xfc<\xbe\x88\xc6\x94\xca\x82\x81\
x\x1eU\xa6T$\xb2\xf7\xd1\x0c\xbdg\xba\xec\xfb\xa9\
\x18\x81\xa5I\xfc\xf8\x16*\xd1\x1d\xa3\x80\xfcZ\xa5s\
-\xb4\xdc\x99\xa8`\xed<\x16\xe9R;\x82\x1f\x1f\xa2\
\x95JxoJ\xf1V\xd9(\x15\x17Ym\xeaO\x83\
\xc4\x9bI\x1d6\x07\xb3\xc8\xc5 U<e\xf9\xf3|\
\x8ek\xe7\xec\x1c\xb0\x1f`)~=\xd9%\xa6\xfb\x93\
\xbc\x82M\x5cd%\xfd\x00\xe8S\xa9\x5ch\xb1\xb8H\
\x01`\xd0S\xc1D\x1b\x0dX8\x05dYX\xbeF\
\x01y\xad\x9ap\xb7Ue)\xf9e\xbf\x95J\x04\xdd\
?f 9\xc5=\x97\xfd\x8e-w\xf8\xfd\xe5\xcb\x9c\
\xe8O\xf8\xb5\xec\xb7\x17\x08\x09\xf0*7\x05\xb2\x98\xa6\
\x94\x14 ]\xd9<M\x5c6\xcf\xbc\x9a\xc6\xe5\x99\xa7\
\x97\xcfy\x8at\x81\xc0y\xa0m\xaa\xac\xd4\xb1\x9e\x1f\
\x0d\xfb\xa3\xb7p\xb4r\xa5s\x80o\x19\x14\xa22\xc8\
\xb3\x87\x92\xbcw\xd4\xaeV\xfb\xdd\x17\xe0q\xb3\x15\xce\
Dm\xcd\x0a\xd1\x07\xe5\xaf\xcb\x8e\xfe\x13\x7f#kU\
X>\x10\x96\xec\xf6$\x15\xf5\x94\xb4\xe1L\xfe6\xd0\
\xf1 \xfcs\xf4\x11:s\x1a@\x0a\xb9\x19\x9b\xe04\
 \xdc\xd3\x94O\xf8\xc7@\xf8\xa5uYF\x1c{\x1f\
5\xa6\x01\xe5C\xcf\x8d?\x01r\x1cK\xb5\xf8\xa6\x80\
\xd2\xad\xea\xcbZ\x09\xcf\x00f\x00\xbf\xda[\xc5\xdcV\
R\xd9^\x8b\x05\x0e\x0f\xbe\x9a\xbc7 \x0f\xf6E\x13\
V^r\xbb\xa7&\x14-\x03\xf6\x8cz\x02Y!\x8c\
=B\x1bA\xc4\xaf\xbb03\xf9\xfd\x8c;\x8e\xb7n\
\x84\xbd\xc7\xe1\xcb\xbc:f\xd8\x10\xa0?\xa4\xd4\xa6N\
\xc1\xabH\x06\x9e\xd6\xb6D+\x90\x05\xff\x84\x09a\xff\
\xadU\xe7U23!H\xd0\xa7\xf4\xc32E\xde\xfc\
TP\xd0\xe7\xf8\x08\x04*}\x82\x9ea!\x94#\xae\
\xf3\xe5(\xf6QE@\xbe\xa6YJ\x8e)J\x06\x7f\
\xcd\x8c\x98&\xe2\xf5\xd5\xb4+[\xafi\x17\xbc\xdbj\
\x85\x07`.\x93\x98\x0a\xcdIE\xb6w\x0c\xc2\x11j\
\xc4d\xe8R\xafJ\x93\x01\xa7\x05\x89\xd4\x05\xbf\xb5\xb2\
\xd2\x19\x8d\x1b\xbcL\x1b\xab\xcb\xd4\x0b\xfa\xd6\xd6)\xb3\
~\x9b\xa5VY{\xdaL\xeac\xf6d \x8c\xd6T\
j\x9a\xbc.\xa4\xa5KuC\xd3\xbbi`B4\x19\
\xba\xfc\x93aR\xcc\x05\xc9\x8a\xd4E\xb6\x9a\xb9\xe9@\
,\xa8\xaf\x16\x9c\xc8\xb2\xfb\x9e\xaa\xc8O\x91{Q\x85\
\xe5\xdfE|\xad7\x00bF\x81\x88\xe1n\xe4ve\
N\x87_\xc8\xd9\x10X>*q6h\xf9\x96\xd2\x9e\
\x97RU\xcc\x16\xff\xb2\x9e!(\x19\x13_-\x0bj\
6$\x13]r6X?a\xaf\xfc\xf6\x8f~k\x0d\
\xca\xd9\xa0e\xc8/W9\xa5.\xb8\x8adH\xac\x92\
g\xbf\x94\xb7g\xcf\x06_\x8c\x93l{.\x18\x94\x10\
\xa29Uv\x83\xa8u\xd3\xea\x1b\xa2\x10\x07\x92\xe7\xc9\
w[]:x\x18\xe5\x1d%\xbfU\xc9\xfb\x1b\xf9Z\
\xeck\xa2\x19\xd4\xeaO\x1b)\x11\xbf\xbd\xc0\xf2/\x05\
(\xea\xe0,\xce\x10\xf5x\x5c\x0d\xb6\xce\x00\xcc\x10\xfa\
\xd74\xc5\x8b\x16w(S\xed\xb9\xd5\x9f\xe9 \xe7P\
\xfdA\xa1\xd7\xe2\xdeM{\x92\x0a\x0a\xebR\xea\x8f\xb7\
\x82\xb5\xbaJ1\xd0\xcaOpU\xa4\xe5KG\xb2\x82\
\xba\xf1kk\x1a\xf2\x11\xe4\x8b\x9ex_\xa0c\xcaT\
\xc7dm+\xda\xa7 \xe4\xac\xd5\xcd\x14\xf6Q\xef\xd3\
\x0c:\xa9+C\xc6g\xf7-\xa4b\xe4&\x94\xe2\x0d\
\xcb\xc3O\xf63\xb1\xf8_ t\x9d\xc1\x80\xbcO\xe9\
gf\x8a\xba\xf9E}\xf6\xcb\x10zX\xba_#\xa1\
\xf5\x09}e{n]'\x0f\xecO\x9a0\x8c\x8d\xb8\
w\xd3\xa6\x14\xa2\xd9\xd6e\xbf{\xd2\x98\xd6\xc5\x0a\xae\
u\x1deO\x8f\xf6\xc9\xae_\xe0\x1c\xf0Z\x19?\xcd\
\xe1K\xca\xf9B\xe7&~>\xc3\xc5$F\x1d\xebj\
\xcb\x848\x87\xe7\xa4z\x90I\x17S\x92\x86\xe2\xeak\
n\xbf\xdb:I\xf9\xed\xa3\xd5y9\xa4\x85\xe4\xdc\xc8\
W\xe6aj\x072^\xbbz4\xa8\x87\xc7\xc6:;\
\xcc\xae\xab\xe2\xe438\x89\x942\x1b\xf3+\xc2w\xdf\
\xfe\xe8#x\xfa\xc7\xee\x99\x86\x07$M?\xee\xea\x97\
J\xc7\xc5f\xe0}\xee%\xd9\xd5i\xef\x0a\xc6\xa3\xce\
\x8f\xe4?\xaa\xc7s\x0e\x83\x17\xe5KXfn\x8b/\
\x8d(+\x81U\x19l\x0a:\x9aN\x94\x14NT\x84\
\xfd\x22*\xbd\xaf\xa7;\x9e\xc5C\xd36\x9b\xdf\x1b\xe2\
\x8b\x9c\xfd\xde\xd5\x8c/\x86\xcf\xcep\xbc%5\x8c\x9f\
\x09\x7f\x9c\x95\xbb_*\xf8\x85lV\xe1\xe7r\xa4\x14\
\x9d\xb4n/%\xcd(\x87\xc1\xc3\x1e\x1d\x8d\xcc\xea\xf8\
U\x03d\xce\xd5\xac:\xf0;ys/JJ\xbc\xa8\
V\xfd\x91\x91\xfd\xe2\x83\x82\xc8\x91\xa8\xddQ\x10bt\
Iyr9 \xb1O4/n&\xbco\xef\xbdO\
\x15\xb50,\xe5\xef\xf2\x9d\xbd5Y\x86ZF\xdb)\
\x1dt\xa6\xd5\xf5\xeeu\xb7\xdf\x9e\x13=\xa4d*\x1b\
D\x12\xd9IH\x22\xb1\xb1v\xdf\xe6\xe1\xd2\x12[8\
\x92\xc8\xed\xe2Q\xd6\x8c\xfbP:\xde\xe1[l]l\
\xb6Xm\xd7I\xec\x90sx%\xbb\xfb\xf6\x9dw\xa3\
\xca\x10\x1b\xeb\xc8z\xa1\x99\x16\xed\xdb\xd7\x010J!\
9\x9f\x8a\x9e\xc4g~S/$\xb7!\xf1\xa0\xdb\xa7\
\xdb\xa8\x8a\xc0A\xcf8\xe5\xde-\x9a7\xd3\xf6\x16S\
\xc4\x22\xfaCC\xb9\xa7\x84\xc1cO\xcf\xb0J\xffx\
\x0d\xe3\x9fuo\xf5\x96x\xcb\x5ck\xa0f\xba\x15\x9b\
\xf7\x848s\x1e\x17\x17\x7f\xda\xfd\xf2ro\xb9k\x0d\
^\xc9x\xb9\xb3\xb6\x96\xf1%\x0e_1\xcc\xf8\xd9N\
\x95\xf8\xe3\x0f\xe0\xc1%\x99U\xefv{o\x1a\xf5\xde\
N\xfc\xb1\x1dmh\x9c\xd7\xe5qI5o\xf3\x15\xb3\
\xbb\xc3y\x7f\xe26\x8f\xf2\x8f\xf4Y\x12\x16\x02N\x8e\
\xf9\x7f\x01\x81fG\xf6+\x06\x1ce\xdb\x86\xac\xe66\
\x0d?\xa9S\xbe\xe7\xe85\xd2\xbb\xd9\xdd\xfcu\x8c\xaa\
QT'\xbeN\xd2\xa9\x13s\xb4\xa7M\xf2\x81\xb9v\
\x894\xe3r\x9c?\xe3\xdeY\xe1}\xb0\xd1\xbak\xe5\
\x8c\xc3\xfc@\xd5-\xe1\xef\xeeb\xbb\xaa\xaa\xc2\xe3\xfa\
\x9f\x07\xdc\xc6\xaa[\x5c\xeb\xee\x1a\xd6PU\xef\xba\xbb\
\xac\x9a\xf2\xaa\xaa]\x11]n\x8a4\xee\xb2\xee^6\
\x9d\x5c\x8c\xf0\x04\xe3\xdb\x0bu\x94\x07\xa3L\xbc\xdb\x8b\
\x0a\x041\xf4(KdN\xd9\x1f:^L\xe8+\xf2\
\xd4\x1b\x88\x0aI\xa5\xb2\x10\xdf\x8e)\x8b\x02\xf6>F\
\x85l\x0f\x17\x03\x15\xa1s]\x90\x95\xb9\x04.\x98\xed\
\xa5\xf9f\xc7\xcb\xf9\xaa\x19\x93\xd9\xc8[,\xee\xefw\
\xed\x8a\x88\xca\xd3\xcb\x1b@\xd8H\x00\xaf\x92s\xb3\x98\
\x5c\xc3\x89H\xbfKQ\xba3\x04B\x8a\xc6\xf6\x03\x99\
\xb2\xc5\xf8\x1b\xa6\x19\xadBcx\xb6\x97\xc8\xdc\xf3{\
\x19-\x13\x0dGt\xbe\xa2S6\xab\xd2&K\x0b\x8e\
\x94\x8f\xd1\x18#\xed\x0e\x03\xc1/\x96\x14\xa7<v\x12\
FJ6/\x22\x89\x91\xa9\xa4P\xd5\xb8J\xd6\xe4\xe7\
\xf3\xc5,\xa9\xec\x9e\x8ag0\x87r\x84\x0b\x9b\xf4\x92\
^b\x19\x87P\x86\x85J\xb9(\xb4\xe3\xa2\x95\x9ca\
\xe7\x85\x0b\xb5g(\x88#\xb4,\x9d\xf7 \x1b\xa9\xf9\
\x96k\x15\xc5\xbb\xc6\x97\x14\xcc\x1cW_\xe6#i7\
H\xcd\x14ntT#$\x9b\x1a\xf2\x0a\x8a\xb1i\xb2\
\xbd%\xc51#~\xcb\x1d\x19\xf9+\xd7*\x89ZE\
\xb6\xa9`\x0a\xa1D\xe1\xc9\xd8\xb2\x0d\xa5\x1c\x0a\xa2|\
/\x17\x8b\xf1\x1b%\xa57\x7f\x933!\x8b\xf1\x1a\xf6\
<\x86\x81\xf1s\xe4'\xe7\xe0'\xde\xc7\xbd3\x19\x7f\
\xb3\xb3\xfd\xc7\x8c\x9f\xeb\x00\xf5\x14_\x0a\xf9\xce\xfc<\
g\x7f\x05\xe3\xe7\xcb\x8b\xcf\x97\x17C\x1a\xb4T\xa7/\
\x00K\x13\xff#g\xdc\x13G\xd3\xb7\xc8\x0b\xa8\x80L\
Q\xf1\x05\xdd\xcf\xdfp\x15\xe3ou~\xf1Y\xc6\xdf\
\x96u\xf3\xfe\xf70\xfevy\xdb\xdb\xd5\xe5\xfb\xc4\x06\
\x19\x93^\xd4w\xc8\xe2\x9dYw\x0c\x8b\xddt\x99\xf3\
\xe9\x10_.\xbf\xff\xe3\xac\xefM\xb3\xdf\xff\x15\xa6<\
\x89s\xc0`\x14\xb4\x97\x86 \x05d\x0e\x85\xc4\xb7)\
^\xcfx|#\xad\xc4\x07\xe2\xf1M\xf4\xe9\x94)\x14\
EM@;\x9dRl\xcf\x84\xa4\xa5\x8d\xcc\x84z\xa5\
26\x8fS\xf4\x8cm\xaaZ\xb1\xa9Ts\x5c-\xd6\
\x92\x96\x82&T/\xc9\xf71-\xe4\x80\x91\xaeqq\
\x80\x020\x03\x07Ma\xb1a\xac\x98\xadi;\x22\x04\
\x5c\x0e\x85m\xaa\x84k\x9e\x0d\xe7\x93R\x00a!\xa5\
\xe7\xba\x91,\xef\x9b\xd4\xec \xf8\x86$Y\xf4\xa8\xfd\
\x8b\xcf\xb1\xd9z\xef\x93\xff\xda\xc1cmNr\xac|\
2\xb3\x99\x08P\x0e\x12yv\x1bZ\xf2\x90\x7f\xd6\xb5\
\xdb\x5c\xa3U\xe6\xd69\x89G\xa1\xd2\x7fFS\x0c\xe2\
\xa0\x9ci\xdfW.\xf9\xb0\xa3\x8f\xfe\x92\xf1w9\x8d\
\x7f\xce\xf8\xbb\x9d\xdfI\xab\xd1{\xe4\xb4z\x0f\xcc\x87\
!\xc6/\x14\xcb@\x85\x9e\xa7b\x22\xf3\xf7\xca\x89*\
f\xce\x9f8\x5c\xce\x9c\xf79\xde\x8a\xac\x99\x0cy\xb4\
\xe2+\xf3\x90\xf7_\xc5\x82B\x9e2|\xe8I\xe3\x1c\
I(\x1f\xfc\x1c\xecwr\x0d{\xd2\x1d\x1d\xc4\xa2\x8a\
\xc9\xf0u\x1dL\xd9\xac\x01\xc8\xc74\xca\x1f\xa70G\
\xdaKu\x08c3\x0c=A\xdcK\xff\x82\xa5\xf9\xd5\
\xd5~c#\x15w\x8b_\xc1\x12\xfb\x00\x99\xa2\xda\xc0\
\x16bJ\xa5\xe9f\x1d\x07\x94\xa58\x00\x15\x02\xe5\x1c\
y\x94\x01[\xe6 \x05\xc9\xc2\xe8\x9c\xa6\x9d\xf12\xbd\
.I<\x9eS\x94v\x05=\xd0o\xff\xecz\x96\xfb\
\xf5\x02\xa2#\xfe\xa7\xf6\xa0\xe9P\x81\xe6\xa4\x15\xb4\x9e\
\xf8_G\x92~N\x16[\x0a{\x95\x00\xc1\xa7&\x81\
\x0cPC\xaa\xe0\xad\xa4\xcff\x924\x86\xf9\xdf\xe7\x18\
g\x8a\xf1\x12\xff\x9e\xa2\xe4\xb6\xae\x86\x9d\x14\x84\xa3\x22\
B\xf5\xf2\x02\xfbz\x17\xaf\xc9\xf9BA\x0b\x0a\xdaT\
\x0a\x8dj,\xc4\xd1\x90\xf9\xc3y\xa3\x02\x0b\x09\x09=\
\xd1`\xb2\xcc\xd1\xbb.s\x7f\x0f~\x0fZ\xc2E\xd3\
)%\x7f\x8aZ\xc0\xfb\xa7SJ\xde\xaf\xee\xcf\xa5\x94\
\xe8\x9b3\x95\x92\x8b\xa6SJ\xf4\x1d\xd3(%\xfa{\
\xa3\x94\xdc4\xce\x82\x8cs\x05\xa3}\x15\xa1\x04\x06)\
\x86\x8b \x96,\x89 ^\xb4\xf8\xcfD\xdb'\xf2\xe2\
\x1a\x15\x0cjT\x11.\xdd\xa0W\xd0\x8bg \x0b\xf9\
\xf7\xcd\xfby\x9c\xf1\xff#\x87\xf0bQ\x94dU\x9b\
\x98\x9dX\xc5\x8a\xc2C\x15\x03-\x8a\xf2\x8b\xf9u\xec\
\xf2\x8b\xae{\xd0\x9f\x1dD\xfb\xdaQ\xad\xd5\x9a\xda1\
\xe3k\xd7\x19j\xba\xe6\x0b\x05\x0c\x91Zg?ru\
\xc0U\xac\xf4\xab.\xb7\xcb\xf5S\xab\xe8\x03\xe3\xc43\
\xc1\xc0G\xbaI\x5c\xde\x15\x08j\xd4\x1b\x92\xcf\x09J\
7\xb4\xba\xadnv\xc4\x8bx\xf6\xfa\x18\x1b\xfeJ_\
\xc3\x13\xffn\xf9!\x16\xc9\x88\xa4\x08\xe3\xa6\xf4\x01s\
J\x07\xa4\x1c\x0b\xf4If\xef\xc8\xc8\x86V\xbbb\xb9\
e\xe2\x0c\xd4\xcf\xfb_\xc6\x1f\x8b\x01\x07w9\xe7\xdf\
\xea|\xe8\xb1@\xd4\x93\xf2b\x8b\xdbZ\x03a\x0c:\
B\xb2\xc8\xdf\xb9\xfa\xd1\x80\xe9z\x8a\x82\xe9\x5c8\xb3\
\xbb\xca\xf8\xa2\x02\xae|]?\xd7?.*\xa4\xa7\x0c\
b6\xca\xccP\xea\x08b\xf9n\xdf\xba\x0e\xfavn\
\xd0\x9d>G\x0f\xb7y\x01\xd5\x1a?\x8f\xb1\x90\xc4\xec\
\x88?2.\x98\xd7%\x01\xea\x84\xfb;\x03\x01\x22\xaf\
\xef^+\xd3\xd1\x8ce4\xad\xcf\x81]\xe9=\x0e_\
\xb5\x9c\x05\x02\x8bHP\xfc\x82n\x02\x85\xc4\xdb_\xfe\
\xa7\x9f\x7f\xd0j\xedR\x1c\x8a\xd3Nf\x88\xf5\xd3\x81\
3G\x95\xe6G\x93\x99\xb2\x9c(\xaa\xe7\xd1\xd9\x9d\xc8\
Y\xd1\x89\x17/g+/\xfa\xef\xde\x0cC\xe3\x88N\
\xc2\xc0:\x04\x03\xe5\xea2\x00\x8cM\xc2\x7f\xad\x90\xf9\
\xff\x8e\xad\xd4\xc0\xb8\xc7aO\xc0r\xca\x1f\x96\x97\xbd\
\xfa\xaaS\xe8\xcc\xad\xbe\x93\xdf\xcc\xbc\xb3\xbd%\x16\x9e\
d\xdar\x87\x94\xac\xdcg\xb5\x19\x0fN'M\x90y\
\xfa\xd8;Om\xaf\x05\x85\x95<\xbe\x8a/\xe2\x8b\xad\
\x19\x0c\xa5\xa5\xe8[\xfeX\xf56\xfbb\xc89\x95\xf6\
\x8dd\xeex\x1a\xbe\x84/\xc9\x19FX\x22X\x0a\xf5\
\x0f\x1a\x14lo\xb1\xb7\xb8\xa1\xbf\xae\xce\xba\xfe\xa7x\
\x10G5+x\xc3t\xc7\x1b\xf2\xf1\xd9;\xd6o\xdd\
jE\xf7@6($U\xe2v\xfe\xa2|\x81\xf9\x98\
\xd2\x16\xf7\xd7d\x9a\xe8\xf1\x03\x04\xf9@\xa9\xb3\xa6\xb6\
\x18\xb2\x06(G\xd1U\xe5b\x08\xa6SW\x22\xcd\xad\
\xa9A\xe2\xe9i\x94\xb1\x9buI\x88\x1e\x8b\x0f\xb3\xf3\
@E\xc6\xc6\x82\xc04\xdaE\x9e/V\xc0\xad%\x8b\
\xfe\x8bp\x0c\x05\xe0\x7f8\x7f\xeb\xda\xa1x\xe5\xc6\xe3\
\xc7'\xc1\xa0\x03\xd6:UU\x09\x91R\xea_\xd4L\
\x86\xfe\x1a\x80\xfb\xd3\xb78\x99L\xed\xa54\xd1\xaa\xca\
\xec\xc1~U\x1e\x8c\x8dmm\x1cj\x1c\x22\xe5c\x91\
\xd6x\x17k\xf9X\xac\xa2\xde\xca\x16\x93\xd9k\x07Z\
\xeev\x88n\x834\xc7t\x9cRs3\x0a\xf8B\x5c\
\xb2C]\x0e&\xb3\xc5:c \xf8\x1bX[D \
\x06Cp.O\x1a{O\x9b\xdf\x16\xa6kb\xf5P\
`\xddS\xa4\xbe\xda\xa6J&S\x8c\x98V\xdeZ\x7f\
\x0d\x13\x0d*\xd1h\xb8\x81\xc4\xeeEm\xb8{\x01\xa4\
\x17\xcb\x17\xc9\x1f\xb4\xa1qC#\x0a\xa4,\xc4\x1f\x1b\
\xc8\x19\xf4\x22\x08\xfc\x0b\xd2/\xd1\xfc4\xf3\x96\x88%\
(oT\xdb\xea\xf1i\xc3\xdf\xf33\x8ec)o\x05\
K\xe7\xa3\xd7\xf0\xc5|\xd1\xf4Qm\xf9\xc51\x18\xee\
\x1c\x1d\x1fe|UX\x99A\xc3\x8a\xbf\x17M\x1f\x19\
\x05|\x11\x06\xa7\x9ad\x93\xd8\x9f/90\x1d\x0f\xfa\
\x16T\x5cE\xfe\xc4\xc0e\xa5y\x1f\xbcU\xa5\x11\xd4\
\xf3U\x91\x92\x0e\xa1<v\x02&\x91XXY\xa3\x8e\
\x80\x98\xc6\xb4S)X\xc0\x17\xc81xX\xae\xc5\xf2\
]\xd1`\x85\x04\xcb\x1a\x15\xe4\xa8F\x05ANG\xf5\
T\x18S\xfb\xe5_\xb1\xd7\x9fT\xf2\xad\xfcN\xd6\xa6\
\xd4h\xbfY|\xda\xadj\x91\xb7x\xd5\xe3V\xae@\
\xd7\x99\x8f\xb1\x19;\xd6\x13+\xf3\x07\xb1N\xbb\xe9\xea\
@\xa8\xe8\x93w3\xbe\xc2\xe1\x03!\xfe\x01\xe7\x1a\x8f\
\xb1\x0f8\xd1'\xf9\xad\xcc\xef\xdc\x01\x83k0\x86\xcb\
\x9c\xc7e\x8fNT\xe4\x7f\x8d\x89\x09K'\xc0\xa6\xc6\
N\x9e\x06 c\xb1.\xbb\xec\xb2'\xa7\xebL\xbc\xe2\
\x1a\xef\x1c\xf6\x16\xd9\xaa\xb9\x8c\x7f\xd0\xf9\x97\x10\xafp\
\xae\xb9N\xb6\x93\xdf*\xc6.\xe72>\xdd\xd8UT\
LK\x89%U\x0e\xe8\x08\xe5G\xd1\x18\xe3\x99\x9aV\
q\xd1Bz\xa4.{\xf2\xc9'\xf3\x8f\xa5w\xce#\
\x8c\x7f\xc8\x89\xfeJ6K{F\x923{\xc6'f\
H5\x91\xcd\xf6o]\xc7\xe3\xf1\x93\x16d\xf6\xe4\x93\
0~y\x92\xad\xb8hV\xc1\x09\xdb^\x22R4M\
Y1\x90\x87<Q\x22y\xf4\x93\xbf\x0ax\x88 \x8e\
,h\xa33\x10\x02\xe2;9g\xf2\xe7\x22TXA\
\xa9=\x91P\xd9\x8c\x95\xf6\xb2'/\xbb,\xbf\x86p\
\x1b_\xcc\xda#\xbeWO\x06\x12\xd7s\x88\x9e\xcd+\
i+J\xd2\xbc\xc8p\x07O\xe9\xc5s\x0a\xe0\xef\xf4\
vL\xf26\xa5\x18\x99\xb2\x0a\xea\xcf6\xb1e]E\
\xdbk[>\xbf\xb3\xeez;z\x1f\xff\x10\xf3\x1f\xd4\
\x8e\xa7\xe3\x8a\xb4\x83\xd6\x13\x95\x86,\x7f\x9f\xa6\x0b\xb7\
V[~\x03\xc9\xdcT\xca5\xe7d\xf1\xf5\xb8\xa5\x92\
\xda\xe6\xd0.\x180\xa0\xe0\x89R|\x9aH\x82\xb3\x08\
\x9c\x1b2?\xc7\xf6\xca\xe2^\xd9\x0f-\xbfM\x0c8\
\x9c\xcbh\x13hW\xa5Q\x1e\xe1\xf4\x15\xe5\x1f\xe2\xf7\
\xb0\xa2o[\xedYVF\xaeq\xa5\xb1\x08\xd9\xe3\xe2\
k\xed\xbc\xf4\x07\xbf\xe8\xd6\x80\x9e%z'\xd9\x99\xec\
t\xc1SE\xf9-q^\xf6C^f\xf9\xd3\x12\xcb\
`\xba\x00\x8f\x14m\x14*\xdfE\xba\x0bq\x0b\x15\x0d\
9S4D-6S\xd4\xef\xed\xbeV\xa8V\xe9$\
\x18\xf9\xa6?\x84\x8e\xb3\xda\x14\xed\x8a\xe8R\xd1\xb5\x09\
\xf5\xda\x14\xb3\x95\xf1\xda\x9a\xf4|\x9c[\xbe7\x85\xa1\
L\x19o\xb8\xbd\x9aS/%)\xa2a\x0e)\xedF\
H \xf7.\xadsx\xc0\xac\xf3\x16\xfeI\xe6II\
\xa1\xd4\xab)R\x95\x5c\x9f\xa5@=+6\xd6\xd9\xd6\
\xd9\x06\x1d\x88\x86\x0a\xb1\xea\xc9\x0e\x8c[:\x8bG|\
#:9I\x89W\xd9\x22\xa5a\xd6d\x02\x9a\xedI\
\x19\xf4\x8bC\xbc\xd2\xf5\xbf\xdd\x93\x0f2\xb1\x0d\xf2/\
\x85\xc4\x8e\x18M\xf1\x0f3\xfe\xe7\xceDH\x14Q\xfe\
n\xbe\x93\xf1\x0fK?\xcf\x87\xe5\xa6)\xfe\xb8D\xfe\
q\x89#C\xae:\x99\x17\xf2B\x96?cI,\x22\
\x89\x0e\x93[\xac\xe8\x17_#\x16\x0c\xa2g\xec4\xfa\
\x18\xf6\xea\xa1\x83\x87\xce;9\xb1\xdc^\x88\x87\xf2k\
\x00\x15!x\xeb\x82}\x9b\xb1\xb1\x1c>m\x19\xe2-\
v\xa3S\xf9\xdebdndyM\x16<$\xe7h\
^\x150\xc4-2\xfft$\xa7\xf5\xc0N\x17\xe9\xbe\
t\xe9\xd2CV\xde+\x84\x880&t\xc7o\x87\x84\
\x1a)\x93\xa6v\xb2\xbc9\x5c\x9e\x95g$@\x89\xe2\
\xf2\x8a|\xb6\xa4|g\x18{\xe9\xa1C\x87\xf2F\xf6\
\xdb\xd1\xa7\xe5;\xe6q+\xdb\x87D\xb3\xad\xc2\x1d\xcf\
\xb4\xadQ\xc4\x83x\x7f1\xae\xf9\x155yE>3\
\x15\x847\xde(\xe7\x9aE\x9aW{\xdb\xb4\xbe\xe7\x5c\
r\x08\x92z\xe8\xd0R+\xdf\x159\xdf1I+\xb1\
'\xe5&\xbft\xf2X\xe8\xfd\x14\x16\xb7=r\x8f\xbb\
\x13\xf0\x1a\xef\x02\x83\x10\x96\xc7\xcbN\x07\x1c\xd3\x18\xe2\
\xa7\xdd\xa1J+\x1d_\xe7~\xd9\xfd2\xdc\xb0\x0e.\
\xbdC\x95\xf2bY\xdc\xe1\xfbx\x1d\x5c\xf8e\x89\x1d\
\xc7?\x22~q\x95tB>\x17\x8fw\xd7\xf4\x83q\
\xa3\x9f,#\x0b\x01\xb7\x8f,9\x0d\xaa<#]\xd9\
r\xbc\xec,h'\x96g@&\xefbif\xa2r\
!\xdd\xde\xef\xfb\xb8\x1b.\xc4\x9bl\xfc\xa7\x05>j\
\xf0=\x9f~\x0f~Y\xbf\x89(_\x80\xfc\xf0\xe7@\
p\xb0|\x01\xe0\x13^\x94\xa1RTN\xd2\xed\x0d\xbe\
\x8f[\xd0\xa8s\x87\xcd[\x86\x99\xa1p\xa3\xed(,\
\xc4\xa7\xc7\xbe?\xac\xa2Jq\x85\xcf\x15\xbd\xa9b;\
e\xb4\xe7\x0a\x19\xedI\xf1\x9f&&4X\x1c\xa1\xf5\
\xbcI(Q+\xc2M\xae\x8a35\xb1\xa7\xc1\x1fy\
\x8d^\xcc\xed\xb5\xef\x8f\xc8\xa4\xfd\xb0V\xb2\xc2\x0aX\
\xe7o\x22%\xa2T\x97\x86F\xceW\x94\xa8\x9a\x1b_\
\x9c\xa4\xf7\xfd3\xf6w\x8e\xc7\x0e1~\xa9\xc3\xa3}\
\x8c_\xe6\xac\x16\x02\xfeQ':\xb1\x9f\xf1\x95\x0e\xb7\
&\x18\xbf\xdc\xb9r-[]RdxIQ\xe1\xe3\
%\x05\x85\x97\x14\x10\xbe\x9a/\xcdn\xfa$\x8f\xb2_\
8\xd52X#\xf3+\x1e\xe3+\xd8\x84S1\x99\xe3\
+\xa4W\xbe.W_\xf2{s\x5c\x8f\x9ea/\xf6\
\x14\xe3\x1f\x13\x7f\xbe\x97\xdf\xcf:F\xea]\xb7\xc6\xda\
\xd3\xc8\xb6\x0c[F(7'\xc9\xc2$\x97\xaa\xd6Z\
\xab\x07d\xaf\xa7\xad\x07\xf5\xc1\xaf\xd6\xb1\xde\xe6\x01\x09\
\xfdy\x94,\xa6\xcd\x84JwD&\xab7\xae\xcf\xd4\
\xdf\x95$\xca\x1d\xea\xfe/\xb0\xa1~D{\xed\x81\xb8\
-\xb2Yy4\xd7\xec\x8d\x9b,\xb2\xc2J\xb6\xc5\x16\
\xc3qho\xbb\x85u5\xee\xe8\x91\x0e\x9c\x88\x7f\x96\
\x80b\xd4c\xafo\xb2\xfc\x0e\xd79q\x19\xc2\xa5<\
\xdfv\xff\x1a6\xd2a)\xb2C\xa2\xc2%7\x12\x98\
1kZ\xf1\xf6f\x15\xef\x8d\xb69\xf1M\xdb\xcd,\
\xd18\xd2\x22\xf7\xf9\x88/ \x928\xc3\xf1\xe6\xa4\xa5\
\x9c\xa6\xc7\xb5_\xed\xb8\xfa\xed\xda\xcf\xb2\xa1\x06\xab\xab\
\x87\xdcKa\x7f`\xba\xbd\xbe\x17\x15\xbe\xe6\x84\xc2\xe6\
U\xach\xb5\xb7\xb1\xadu\xbd\xbdw\x0eZ*\xb7\x12\
Q\x8c\xec\xe5\xfc66\x12\x01\xb8J\xf1\xab\xcf\x02t\
\x8e\xbc\xf3y\x8d \xaaj\xeb\x09\xf1\xfa\x15\xa8by\
H~\xf0<\x84\xc4=+\x9b+\xcbvYVvA\
\x1dK\xc2I|>\x86F\xfdZ,\x87\x08\x83\xf0L\
\x0a;\xb5MU\xe2F\xa2\xa5r'\x8c\xf7N\x1au\
\x86\xbas%~\x8f=hjg@\xd0`jlh\
\xc8\xae\xdbjm\xdc\xb8\x01\xde\xaf\x16\xba\x1fKB\xe0\
\x04\xc4\x85\xe75~\x88\xa9\xbd\x80f\xea\xd4\xfa\xe3e\
\xf3e\xfbd\xb9Q\xbcm:^?T?\x844\x9f\
e\x8b\xc9\x95?B%\xaeng\xa4a\x1b\x12\xcd\xe8\
&\xacK[9C$5\xf3v,\xb7\x13\xaa\xe3b\
\x19\x12M\xe5\x19\xe0\x81?S.p\x8dUy\x83\xfc\
\xec\x0b\x22:\x18\xc0\xef:m\xb3\xf7U\x19s\x16\xe2\
?\xa4\x02.\xc4\x8cP\x5c\x8d\xc14\xd7\x00\xd2\xa0_\
\xbf\x92\xc0\x09\x8e\x1b+L\x10\x89\xca\x9c\x00\xff\xf2\x01\
\xf7\xf9b\xa0\xecb\xbcN\xae\x16^\x9dX\xbe\xf9\x12\
\xe9\xbb\xbb\x07\xb4\x85\x9d>=\xe4.\xd2A\x846r\
\x87O\x13Y\x07\x9a\x88\xd0C\x5cT0\xfc*\x87Q\
D\x82\xea\x89TX\xdc/\xdbBw\x01-&\xa8\xd7\
(m\xc7\xaf\x03\xa1Vt\x8f+\xf5#y\xcb]p\
\xf1]\x04-{z\x9a\x94$\xf3\xe1]p\xd9N\xf7\
\x1eh\xdc\x10\xe3\x1fw\x1e\xf6\x18+8\x8ep:\x7f\
\x06&\xae\xba\xbf\xb0N\x1dG\xc5%\xeb\xee\x9e\xfe\xf0\
PD\x88\xa5\xbdk\xedLvU\x12\xc5\xa42#\x9c\
\xff\x1c\xab\xda]\xb8\xbf`:\x87\xa9\xb4\xb4\xed\xf4u\
\xda\xec\x93\x97\xba\x97\xe4K).\xc67Q\xb5v&\
\xab-Y\xdch\xe6]!w\xfe\xbfp\x0672\xfe\
\x97\x8e\x91\xbd\x18td1\x1e\x0e\xf9\xc3'\xe3\xa8\xbd\
\xf3n\xf7\x12\xeb\x84\xd2\xc6\x8bQ\x1f\xdd_\x9c\xac\xe4\
ryx\xfb\x1c\xfb\x9f\xde\x0b\xc5J\xcd\x15\xdf\xc8%\
}\x7f\xcc\xf8\x15\xe2\xcfJ\xfe\x17\x8c\xafr\xbcy?\
\x08^\xb4\x97\x01\xf0\xb1\xc4+\x86\xfd3\xa6P\x8a\x0f\
+lc\xac- \xbe\x8a\xbe\xba\xbe:\xb1\xbe\x02\xe6\
2mW\x1b\x00\x1c\xb9\x8d\xc29\x8e\x10\x81\x06)\x0c\
\xa6\x06\xf7L\x02Z\xd8\xcb\xa91ED\xa9\xa9q\x90\
\x10\xc1T\x01\xe7\x1a\xa8\xb9\xe9\xcf\xa3\x1a,\xfd(\xbe\
\x8b\x82g:(\xcf<\x17O\x86O\xd9\xb2|\xc1G\
\x22\x0a\xd7\xfd`l\xac\xb3\xbe\xa7\xbe\x872\x0d@\x9f\
:\xa2s L\xed\x18\xeeP)\xe4lr\x87\xb0;\
\x10;\xda\x89\xab\x18\x0bS[\x18\x1b\xeb\x1d2\xc0t\
\xbd*W)M\xd99\xb6J\xd2\x09\xc3\xc7R@#\
\x1aJ}>\xdc\xe0(\xf0s\xcc\xda\x08Q\xea\x06\xd4\
\x06I\x18\x01O~\xb3\xf7(;Y\xae\xe1\x87\xaes\
\x7f:\xec\xba\x7f\xf1\xd0\x83'\xc7=<\x13|P\xf4\
\xdf\xf9(\xe3\x7f\xe5\xfc\xc4\xbb\x97%\x9c\xe8\xaf\xc4\xd1\
\xf2J\x87\x87\xca\xf9j\xe7\xf2\x9b\x19\xff\x04\xd4\xe3\xce\
6\xfe^\xc6+g\xfc\xfe\x8f\x1fc\xfc*G<\xb3\
AN\x92\xe8\xf8\x1e\xc6\xe7;kC|\x99\xc3\xaf\xe2\
\x972\xfe\xc9\x9c\x9f\x89\xbb$w\xc2+\x10\xc3\x1c\x1b\
\xab\x13R\x1a\x8fc)\x0a)i\x07tJ\xe9\xcb\x81\
)\xab\xf7n\x95\xd7\xa5\xe6t*\xe5\xf7\x13c\xb0\x0c\
\x8f+L+\xaeM\xc7\xa6v\x18N\x08\x14`\xb0\x19\
\xe7\xd1f\x88\xfbk\x82'7R\x89\xeb\x09\x87#\x00\
\x87\xe8<\xae\xd9G \xce \xa2Oj\xa6f\xab \
\x1bH\x97\xb1\xf9\xa5\xe1B\x13\xc2\x8bd\xc61\x99\xcc\
\xeda\x95\xa0\x94\x81\x0a\x03H\x0dmt&\xe1\x92Z\
\x0a!\xdfOS@\xf1X{)F\x00\xf7\xf2\x18!\
\xd5\xdc\x0by\x82\xe9x\x1f\xa0KIS\x18\x1a2D\
\x99\x1a\x80\xcfOj\xae\xa8\x17\xc5Y#Ig,\xf0\
S\x1c\x80Lm,ax_\x8d\xc9\x83\x96\xe4\x0f\xe0\
o8\x09)\x18\xd3\x93\xd0#\xa5\x88\x18\xc7f\xb7\x19\
\x0f\xb26\xff\xc8\xc9I\x8f\xf0*\xc2t\x0c?\xacC\
\xa4\x8e\xa4R=\x84\xbf\xf0\xc9\xd9m\xd7h\x18\xf6\x10\
X\x1dS\xb46:zE45 \xfc9Mz\x17\
\xe5\xe5\x1d\x06\xca\x7f+\xc5\x0c.\xd0\x14\x1c\x0bd\x96\
\xad\x0e\x8aK\xb6\xee\xa4\x14\xfd3bcd\xec\x8c\xea\
\x80\xb0\xa8<\x99\x88U\x14\x89\x22PZ\xd61<\xfc\
\xc9\xb3b%-\xe5Q\xe2\x89\xf0\xd7\xec\xd8\xd8\x86$\
J\x99\xec\xf9\xa9\xe0\xd2\x96\xa4\x04:\xbbCO\x99\x93\
L]\xe6\xa3k\xdeT\x12\xa6H\xc1t\x8a|\xd3\xec\
\x8f\x12\xd8\x12\x1a\xe0\x08\xbea\xdb\x86m\x14E*S\
t\x8f?+\x1ee\xe3?\xa2\xbb\xf5\x8a\xfa\xa2\x8e\xa0\
4\xb5\x03\xb2\xf9/\xc1\xb0!\xd1G\xdc\x17\xdb/q\
\x0b\x13YQ\xc8\x0a9\xb6]A\x12\x18xd}.\
Qg\xa4.J\x12<\x1d\xa2Ya\x1f\x8dWn\x85\
\xc5\xd1\xdeJ\xf1\xa6QJf\x19\x12\xe3r\xe1E\x8c\
_-\xf7\x8ck\x9c\xe8\xcf\xb71\xfe)\xa7\xf7\xe7\x8c\
\xafq~\xf6\x91\xdc\xf5\xaf\xf0%\xb0\xd7\xf0.\xfeE\
\xda`\xf8\xa7\x9d\xf7x\x033\xdf\x1a\xfd\xcas\xac\xef\
\xeb\xbb\xdd\xbe\xbf\xb9\xd7\xfd<\x9f\x7f\x8b\xfbyo\xbe\
\xf5\x83g\xd9\xb6O\xdd\xecn\xfb\xbe\xf5w\xefd\xdf\
\x0f\x0f\xba`@\xe9\x04\xd1\xebQ\xa5hk\xaf\xabe\
\x14\xbc\xc3\xe1t\xbc\xa5\xbb\xa5[\x92\xa4(\xdf\xe8a\
\x95\xdf\xd4\x11Q$\x5c\xa1\xb42\xfe\x18\x16\xd1\x00\x9f\
(\xd0\xb6\xa1\xbd\xdd\x85\xdeI\xc0\x5ck\xeen\xee\xa6\
\xddg.\x91\x0c\xba\xf6\xa7\xc2_Y\xcf\xee2\xc8\x1f\
\xb1\xb1i\x936\xe2\x8a%\x884\xc9\xc3Z5\x14\x92\
t\xce\x9d\xe1\xf5\xa1\xbb\xc3\xeaG-?$pB\x95\
\x9a8\x17vK,\xdb\xe0\x93\xd6Dk\x82,S\xe0\
B\x07&\x93\xf5\xe1g\x1fa\x04\xc7\x81\xea\x93M\xea\
T\x8f*\x85\xba\xd5\xd9\xab\x9b*\xda\xd0\xd6\xd5\xda\xd5\
JZ\xcfQ\xad\xc4K\x8b\xe3\xced\x184\x81A2\
:\xcf\xd7\xf4$\x11M\x12\x02\xb5C\xda,\x8e*'\
*\xcf\x07!8:\xa6xQ^U\xf7`\x0d\xe0\xa6\
'\xd3\x8a?\xe4\xce\x08q\xaf\xc8\x0e\xad#5\xf5U\
M\x94\x823Q\x99\x18\x89M\xf24h\x82\xa3\x919\
l\xc8\xfa\xc5\x12)\x91T\xda9\xd0D%\xd7E\xa0\
9\xcd\xb0\x86\xb4\xb4\x8a\xff\xa0\xc5m\xe4DqA\x8a\
:\xa1w{T\x09\xa6\x16;\xae!I&\x9eb\xfc\
3\xce\xea*\xc6?\xeb\xecZ\xcbP\xc7\x12S\xe0s\
N\x9e\xaf\xe4\xec\xf8kG.\xd9C%o\xf0tD\
\x99\x03\x0c\x97@\x91}H\x87^\x9b\x1a'\xde\xa1\xcd\
\x8d\x9b\x1b\xa9\x8f\xc1\xd0:E\x0f\xb0_)h\x97T\
\x80\x84\xd9P\x85f\xa7\xd4P{j\x87\xfc\xa3pr\
\x03mQ@\xd2u\x9a\xa6\x5c4\xb5\xa8&\x0b^\x04\
\xeb\xf5\xa5\xfe\xf5\xba\x1b\xfa\xb8_\x95z\x8d\xde\xde\xb1\
\x9dP\xd9\x17j\x22\xab\x99v\xd1a\xe8\xb4mX\xde\
Ar\xba_\xf3\x1f\x84$X\xd3\x8a\xf0\xacB\x13z\
+Nm>\xe7\x9a\x95\x8c_+\xa4\xec\xec\xffd\xfc\
:\x87/\xe0o\x00\xb1|\xf4\x19\xc6?\xef\xf0K\xcb\
\x03q\x9d&\x9a\xc5\x1f:\xa4\x9dH\xca\x8ed7V\
[t\x1a\xa0\x98\x1ce\xe6\xeb0;\xb1\x89\xbc\xf3\xc5\
\xfdT\xaah\xa0\xa0\x9dx\x8e\x86\x9e\x9dC\xe2\x9c\xb4\
\xfbF\x83\x98f\xe9x\xae \xa2\x98\x0a\xd22,\x16\
K\xab\x19_+\x9b\xa6\x03\xe4\xd2\xf1\xc2\x9a\xd5@\xcd\
\xd2\xd2]\x19\xa0_\xa0R\xe1R\x17\xd34\x0d\xdb%\
-\x95\xd84\x7f\xd4\x91f\xb2\xf014\xe0\x8f\x05\x9b\
\xf6\x07\xf7\x9c\xecA\x9c\xf2\xa3\x22%\x14R\x9c6\xd1\
\xcb\xcdk:\xcdB\x22 \xe8\xf4\xb0\xdf\xdbp\x05\xd4\
#\xb2W\xe8\xd4\xb4Dg\xbb\x1f\x9fP\x91B\xc4\xc6\
2_\xbc\x84\xc1\xd8\xc8/4\xab\xf8\x97\xbcO\xc8\x91\
\x91\x9a\xcfm9>%\x9bV\xd5\xf9\x8cW\xe9c:\
\xda\xb2\x86?\xc6&\xc2I7Y\xa0q!x\x1a\x22\
\xd8\x8e@\x92x\xc1\x98\xa4\xf9\xed#\xe2,\xf1\xc5\xfd\
\x8c_\xef$\xf8\x87\x18\xbfA4B\xbaX\xf8\x8d\xce\
S\xab\x03\x9fR\xd3\xfa*\x18\xff\x02\xfcy5\xe3_\
t>\xfa\xa0\xcfZ\xf7\xab\x09\x96-\xa0\xa9T\x80\xf0\
\xc4\xc4t\xeaTk\xb9\xbe\xd8\x8d7\x9f\xa8\x90\x9ay\
\xd8\xa5\x854\xa9\x04T\x99:\x83\x02\xaa\xd0\x02\xc08\
>\x9e!\x98\xd3\xbe\xb82\xdca\xb4S\xed\x95'\xf6\
\xe20:*\xed\xcf\x1eyl\x16_<\xd8\xe3\x0d7\
[\x85\x1c:hfe%)\xe2\x0c\x0b\xf6\xf8\x1c\x8a\
\xbb\x8d\x8dM7\xb3\x02/\xfeX9\xbf\xc9\xe9\x92g\
\x09i\xf9z\xc6$Y\xa4\xb5\xf18\x7f\xdfWW\x04\
\xd7q\x0a\x1b\xcd\xb5E)\xf9\xc8vP\xfa\xd6\xf3\x0e\
U\x06\xbc\x9dI{t\xa2\xb45\xef\xb1\xf2\x8c\x80\xdd\
\x93\xd9,\x1d\xf7\xea\x83\x0255\xba1\xd9\x91\xecP\
\x9bm\x91\xcd!\xb6\x0b\x94-!d\x056%(d\
\xd0\x14\x7f\xf8\xb1\x09\xea5\xa9\xe9\x9a{\xa7\xd8Q\xa2\
W\xa4\xddvt\xa2\xa0\x05^\xe9^\xbe\xa6\xf1\xbfA\
1\xfc\xdc\x09\x88\xe1T\x06\xec \xb9\x1aq1Ht\
\xca\xd4\xf8xA\x1b\xec\xefC\xd8N\xf1\xcb\x9f,\xd1\
jS/\x1d\x1b;\xe1\x97>A\xc1\xa1C\x1e\xda\xef\
Od+\x99Y\xdb>\xa1IR\xda\x06\xc3W;\xfe\
\xc5\x9a\xdc\x10?\xe6\x9fc\xfcm\xde\xdb\xbc7H\xe4\
H\xedo\x02WP=\x18\xb7\xeb\xc9\xc4M\xbe'e\
\xa6t\x8c\x17J3\xc3.\x00\x13\x0c\x1e\xea\x17)w\
\x1cZ\xa9\x1cu\x8a\xf4\xd5\x16\x82y#66\x84D\
l]\x1d\x01\xe4\x0ai\xe9\xfe\x82w\x0e#\x1f\x80\xa5\
\xe06\xe5\xf9\xb4\xbb\xaf\xbb\x8f\x14\x86\xf9\x0al\xd4E\
[\x19\x9c\xc8\xf1\x98yH\x12\x11Sy\x80lM\x14\
wd\xc2\xca\xcc=\xd1xe#\x00\x8daI\xb1\xb1\
\x8eb\x89\x05\x8f\x98\xa9\x8a\xb3>\x98-\xe4#_\x82\
n{\x8eF\xb1\xa6\xd9\x1c\xf7m~\x91\xf7\x05\xc6o\
\xc6\x8e\x1e\xba\xb3\xbd\xae\xa9\xdd\x22\xd6\xea)\xc9\xbf|\
\xfc(\x99~\x94yE\xd7<z\x84[\xe7\xd6u\x83\
=\xa1\xbf\xa1\xbf\x01\xba\xae\x05\x8f\xdc6\x9f\xef\x0e\xd7\
\xfc\xb7\x1c\xb9\xef\x7f\x8dm\xa3\x81\x8bj\xc7 \x9a\x09\
\xb0\x5cHlH\x83\x9b\x077\x93]\xeaUm\x8d:\
\xa8\x8d\xd7\x07u\xd0\xe4\x01XSD\xc7\xd9\x8d}\x11\
i]tb\x8a\xfa\xd6\xd6\xb6,S\x03\xa3\xde\xab`\
\xe6\x96}\xd8D\xd3\xf80rF\xa9PZS\x13\xc3\
\xd0BU\x19i\xb7m\xa3\xf5\xff\x88\xdc}w\x0f\xe3\
\xd5\xce\xfd\xdfc\xfcK\xceC\x9f\xceU\xbf\xc5\xd9I\
\x1bg\xf0D\xe4\x85\xbd:\xc6o\xa5k\xe4\xf5\xb9\xea\
\xd1G\x9eb\xfc\xcb\xce\x0f\xaa\x18\xbf\xcd\x99,\xe7\xeb\
\x9c\xabv1~\xbb\xa8\xc2K\xb9dO9\x0e\x07\xc3\
\xe3p0:N\xbcH\xed.\xc6\x14\xb8\xf5\x0d\xdd\xa4\
-Iij\x97+\xa0\xca\x22;n\xf2[\xd5\x13|\
\x8f\x91%b\x86)\x03\xd7\x94\xe6\xe7\x98\x22^\xd6v\
\x93Pf\xf7\xb54\xb6\xa8P}X\x85]X\xbb]\
\xbfci\x8aV\xe9v]\xaaC:\x8a\xb7\xdc5\xfa\
{\xdcz\xcbU\xbf!Z\xd2\x01\xcf7\xa5X\xef]\
\xf1?x\x95\x0e\xb8\xa7Ca\xe8\x08%\xd0%\xd8\xc1\
\x81\xfef\x5c\xc9\xe1J}\xd2-\xd3\xb6\x08}\xb7\xef\
\x11\x1d\xd8=\x88\x0e\x7f\xdc\xe4\xcb\xf9\x11[;L\xa2\
\x9e\xdd(\x84\xd62\xef\x0e}\xd2\x91\xf1#\xeaNP\
\x99\xe9\xdcN\x8di\xf7\xe7\xe8\x05\xbaXu\xbe\x1a\x12\
\xbb\xa1\xc5\x1d\xb0\x5c\xf5,\xd1\xcev=\x9e\x08\xce\xe8\
\x1b$\xd7n\xe5o\x84C\x83\x10\xba/\xd1\x86\xf4\xbf\
\x1e\xee\xd9\xf2pk\x5c[(\xdb)\xc5\xa8\x8d8\xdc\
\xb9\x8ao\x94\xab\xccVU\xa2w[\xbe3x\xb7\xbd\
\xb9^\xfcu6\xd3Mf<\xcc\x8a\xf6\x8c\x1fQw\
\x22\xd9p\xdc'\xac4\x9f\xb3\xa7\x16\xe8q\xc7\xe9Z\
\xf7\x7f\xd7\x81\x93\xb0\x0e(\xdbU\xad\x0ct\xb9\xc3\xf9\
\xb9\x10\xaf\x1a\xc7{\xcbV\xc6k\x9do|\x9c\xf1\xf5\
\xceS\x1fd|\x83s\xff?2~g\xa6i\xab\xd0\
\x9b\xfe\x1f\x8aA{1\xfc\xd0u\xd3'\xde\x15\x13\xfb\
\x07\xf1XyR\xc7 .\xaa\x14\xa0\xd9\x8cT\xbb\x87\
\x1et\xdf\xf6\x91\x80\x92\xfa\xba\x0fgk\xf4\xeee\xa7\
,\xdas_mD\x87\xa0U\xb2\xf6\x0c\xa3\xb4\x98?\
\x92%N\xaa\x8e\xe2\xfa\x05\x94'\xd4\xd7\xd8\xd7\x08>\
\xd4zy~\x80\x8f\xea\x1b\xc5\x7fB\x9e\xe0\x8a\xd8\x18\
a~\x03\xc8\xea{\xc3\xa0\x9f\x8a\x16\x1d\xa0\x0c\xa8z\
\x18\x84z\x1a\x8a\xa3\xd0\xf04^\xbe\x9dJD\xba\x12\
\xbd\xde\x0f\x9d\xd4O]u\x1a\xa6\xc0UR\xe8\xc2\x1c\
\xf0Y\x9f\xa1<~x\xa6X\xa4G\xce\xd4\xce\x88\xa5\
d*\x84\x06a\xd2UH\xa4h\xda\x06IxX\xf6\
\xca\xcdi,y\x87\xfd\xe3\x8d\xac\x9f\xde#BT\x14\
\xdd\xfd\xdd\xfd\xb8x\xa1\x0a-\x86h@\x95\xd0\x0c;\
-\x15\xed0\xec\xe2\xe0s<\x04.\xe3\x83\xb4S\xb4\
\x92j~8\xa6\xa2\xbc\x0e\x22\xd0\x15\x94\x93\xf5e=\
0\xad\x936\xfeC\x0a\x0b\xd8\xc9'AW\xc0\xf2\x10\
D\x1b\xe0\xc4\x96i$\x8b\xe9d\xb4\xa3\x1d\xdb\xac]\
\xa8T\x13R\xdd8\x08C2\xa8b~\xe2\xf1;\x15\
\xb6\x19\xa5\x94\xb4\xf5\xfa\x03{\x8eB/\xa9j\x0f\xad\
H\xe2\x86&\x80\xef\x04\x8a<8Ox(\xd0\x95\xa8\
K!F\x95\xa9\x1d\x84 \x12\xf9\xedd\x91]PL\
\x0f\xd8\xbdjR\x96\xc9\x18\x10x\xef\xde>\x88\xda\x00\
\x19\xeb4e\x8avXG\x1b\xb4L\xcd\x86\xac\xb9X\
j\x0b(\x5c[2\x0e{\xb4\xe5\x1cT\xeb\x956\x02\
V\x1a\xc4|\xdbT)\xa7\xec\xb8\xfaZ#\xd4'\xb7\
\xb4\x83l\xb4\xaa2D(J\x98\xcfFYm\xa8\xee\
\x1c&^\xcb\xcd\xaa<\xaa\xb9\xc6\x0f\xc3f\x11\x22\xfd\
O\xa7\xa0\xc9q\xeb\xed\x22p,K\xadN\x1a\x10\x1f\
\xe2 `\xee\xdb\xd2\xe5\xb6b\x0f\xab\x95\x81\x15i:\
.\xc2A\x10C\x0cL\x0d\x22\x04\xc4\xc04c\x04\x06\
\xea\xc7S)5\xc7\x8f\xa4R\x0d\xd0-\x0d$\xe7\x10\
i0Ij\xcc\x9d\xaa\x04\xedU,\x00\x03\xb0e\x0d\
(\xd7\xbf\xa68A\x9b\x83X+p\x8e\x97\xc9\x03.\
F\xe6\xcc\x97\xbc1T\x8a\xf6\x0e\xb8[\xdd\xad\xf0+\
\x03\xb0\x93\xf5aYO9\x91r\x1b\x10\x9a)\xbc\xe1\
6\xd2\x8d\xc5\xaf4\xc1\xe6\xdb\xa4\xb6\xe0\xb4\xa4\xa29\
@\xf9\xb4\xfe\x1a\xbc\xb7X\xda7\xba\xf6\xbe\x8b\x00\xdf\
\x84\xd2\xa24]\xa0&\xd2j\xc3\xa0!\x22\xe5\xd6\x9a\
N\x88\x06\xbb\x9b\x06\xdf\xd2\x86AS\x0bA\xda\xdf<\
e%\xd05\x09\x12\xaf\x093L\xb4\xcdQ\xadh\x8a\
Ajk\xb1\xdbZ|\x0c\xf3\x09,\x15\x11=R\x01\
\xc95\xf7\x08\xac\xb9G4\x7f\xd5Qm\xee8\x1a\xcc\
\x16\x0d\x11fD\x8f*\xa7(\x01P\xc7\x01\x85uB\
j8FTU\x88\xb2fj!JW\xc5\xfc\xc1@\
\x16\xe1\x9cx\xa5/%X\xba8M\x9eN\x104F\
9\xc6\xbb\x86p6\xd2\xde\xab1\x10Um;\xfd\xf2\
\x22\x18\x05,!\xffZL\x98\x01\x18\xce\x01\x1aT\x0b\
,\x1dp\x16\x7f\x09\xb2\x82\xba\xf8\xc5\x0cU\xadAZ\
\xd4\xe6k\xe5\xca\xd4d\x94Q;l[X\xe2\xf2\x8e\
\x87\xc4C:\x0c\xc7\xd4\x0e\xc4U\xb8\xce+\x10\xdbq\
iX+$\xc8tL\x93\x09\x85L\xd5\x9a\xe8\xd8v\
TE\x1f\xfaj\xe0\x08Y@fY\xb2\x8c\x99\xda<\
P_bc[\xfa\xb7\xf4\xf7\xc1\xfe4\xd0=\xd0M\
7\x88\x81\x1a\xc4#Q/l\x8e[ac\x1c\x86\xad\
p\x986\xc43c\xb4\xb4\xc9\x9c\xf66U.\x16S\
d\xfb\xc6\xed\x1b\x01\x18q}\xd7\x1d\xd0_\xe7\x9a\x08\
\xbe(\xff$\xdf\xc9*\xbc\x84\xa5O\xc8\xda\xe6\x9e\xcb\
~\x0d\xf9\x90\xda\xba\xed\xc3\x0cS ?\x0aX'\xcb\
\x96NVvmu\xb7'x\xc2\xd2r\xa3\xa3(r\
\xc5X\xa0\x99[y\x1f3\x8d\xe0\xc6\x8f\x94\xeder\
\x03`\x8dB\x5c\xce[\x93\x1f\xc9b\xe5\xe5\xf9q,\
\xf6]~r\x94\xe9U\x8f?\xfe\xb8\x95\x17\xab\x81;\
\xe5\xb9\xb0\xa2tZ\x83x\x93\xbc\xf8^\xa2%\xd3B\
\xd2\x16Amj?\xfe8\x00\xdb\xe5H\xc4H\xea\xc4\
\xbc\x00\xda\xf1\xef\xde\xcbJ='@\x17\x8f\xaf\x9e\x0e\
\xfc\x04H\xa5\xfc4S\xfe\xec>\x1f\xf0\x5c\x00\xc8\xd3\
\xbe\xfa\xd1G\x1f\xb5\xfc\x8b\x92\x14\xb9\xac;\x8c\xb4&\
\xedo\x97\xe7E\xe9\x82\x17\xcc\xd3\xf3\xd3'\x88\x14J\
I\x10\x80\xde\xb2\x1f}\x14\x10\xbc\x8b\xc0\x19\x8b\xf2\xb9\
|-[\xb5\xea\xf1UVi\xb1\xf7\x19)-\x97?\
\x91\x1f\xcd\xed\x89'\xa6\xc75+&\xb5\xe6_\xca\x1f\
_\xb5j\xd5\x09\x1d#5F\x0e\xbcS\x1e\xbc\x16h\
\xd34bZL\x1akt<\xc47:\xbb\xf9*\xc6\
\xeb\x9c]\xbb\x18\xdf\xe4D\xf7\xc8\xfc\xe5zg\xd7n\
\xc6\x1b\x9c\x8b\xbc\x9b\x98\xb8\x82\xcf\xe7\x0b1X\xa6-\
\xe0\x1f\x97\xfe\x83e\x11\xa5I#{WLi\x10S\
\x06\xf1\x1ak\xca\xdf\x07pR\x13{\x10\xf2 \x19\xf0\
e\xce\x83\x06g\x90?\xbd&\xaf\xaf\xd8\x83\xc0U\x80\
\xff\x95R\xf8d\xd1\xdd\x92=S\xbd\xfb\x0f\xceg\x13\
k,e\xef\x9bc\xd2K\x09\x84+\x8b\x89\xa0\xcd\xae\
X\xa3\xf1\xb0\x8e)u\xdc\x97z~,#j0\x1d\
w\xbb\x10\xbd5\x1b\xbc;i\xcaJ\x97\x12\xd6\xdf\xe6\
\xbd\x9d\xf1D\xd8\x90\xee\xa55\xd5\x9e\xa1\xdf\xd3\x0f1\
\x00\xb1\xfc\xec\x88\x1b\x80l\xd0\xa1\xa89\xc9\xf7\xd2\x00\
\x93\x92\xd00)\x04\x8d:-\xe9\x9e\x81F=\xdb@\
\xa3\x12\x14\x81BV1@.\x1a3B<\xb5W\x92\
\xe2\x8d0\xf1[\xa5\xc1\xc6\x8a\xdfKf\xed5\xc5\x91\
\xee\xb5\xb9m\xf4\xde%\x90\xed\xe5\x92\xee\xd1F\x16\xfc\
\xcd\x22 ^\xa0=\x99\xabD\x06wn\x22?)H\
\xb0=\xc5A\xd3D\xb9%\xb6\xafe\xab\xf7\x87\x97M\
\xb0g\x02\x0c\x9f\xe8\x1a\xcf\x85\xff\xa2\xd0a\x14\xc0\x8a\
\x82\x8d\xd1\xc8+\xb9qY\x0c\xc3,p\xcf.\x0b\xf0\
{\xe2CsA\xc0(\x80\x98L\xe4\x18\x0d)\x93\x1b\
p\xc6\xc0\xd1\x10}\xa9\xb7\x8e-_\xfdLx\xf9\xec\
\xb7S\x87t\xc2\xe9e\xf9)mg\xc58[\xe6-\
\x11\xc3\xc9c\xa5\xb6\x13\x89(O\xd9\x80\x22\x9ff)\
#\xcaCl\xb9\xb7D\x0c\xe9\xa9h\xebI\x19\xd4R\
\xdb*\xe9\xa9\xbcu\xa7\x98\xb8W\xfe\x1e\x9ad\xb0\x15\
r\xe58\xf9\xc4\xbdi\x956\xc4/,\xe7Q/\xe6\
E\xc35!\x1e]-\xfe\xad\xe5\xeb\xd8\x95^\xf4\xb1\
\x88\xb7.\xc4c\xf2\xcbHt\x1f\x1fb\xed\x11M\x10\
\xab\x903\xf3\xc0xC^\xd2aX>\x0fkL\xc9\
#\x1a\x04)\x13\xc2;\x1dW\xfb\xd4\xe8h\x18\xc8k\
e\xe3\xc3\xda\xe4\x90q\xd3\x11\x05\xdb\x0e\xc0\xe2\xf6\x9e\
+Yz4L\xd6D4\x9e, \xc6Jm\xf5Y\
@2\xb1\xd5\xdd\xea\x0eLg\x81\x16Gmi|\x95\
\xc6\xa0Frq\x1cT\xe4\xda\x98q\x22\x1dU\xd5\x15\
2S\xd3o\xce\x06VbmG\x22a\x10w\x06M\
\xdb\xf5P\x15\x1f\xb9hh\x12\xbf\xdfG\x03\xb9 F\
1'\xf6hEu\xc4%S'X\xc1\xe0\x05\xf4\x0b\
5\xaa7\xca\xf9 \xb4k\xc9\x8f\x06\xfa\xc4\x7f\xaa\xd5\
\x10\xf8\xa1B\x03F\xd3\xd5ax\xbe\x8b\x8f\x92\xfd\xd5\
\x08\xbd\xd4H\xd6\x0b\xfdF\x81\x87\x0d\xe8\xee3F|\
\xdfm\x8d$\xb5\x07!\xa0Q\x86\xc1L|\x9aUT\
L\x84\x87\x9fa\xa3\xa8J\xa9\xfc\xb9<X\xfb\xe0L\
\x89\xc0\x8e\x1e!\xdd\x05>\x9dF\x0c\xe0\x80N4\x13\
Z\xde\x8e(\x856\x8fx\x22\x7f\xf1\xb9\xa1jd0\
N#\xa7\xf14\xc2\x89\xfe\xadJ\xb2\x7f\x96)\x9f9\
\xd6\xc2\x00f\x94\xae\xcc\xd2\x0d-%\xf6JA,\xb8\
U\xb11\xad\x1c\x9e[^\x8d\xeaall\xc66\xe5\
\x9er\x065?\xa8\x87\x86u\xec\x81~1W\xb5\xc6\
\x8cL\xae\xd6\x00Z_\x94?\xcc\xcf\x95\x06|F\x12\
sW#\xd8\x89\x1a\xc9c\x7f 56D\xfc&\x0b\
5\xd3\x09\xd4^\xc4\x99Yy\x87Z\x92\x01\x1f\x0d8\
\x9d,\xda\x07\xbaU\xe9\x11\xd8o\xb3k\xaf\x0dKf\
[O/=\xc7d\x94\x19\x95\xc0\xc8w\x94\xec1\xcd\
\x90\x84\xd5\x8c\x88^R\x1c\xd7\x03\xed\xc8z\x22\x1f9\
\x80\xa0Z)\x22$\xd9\xaf\xa9I\xf6\xa3\xb6Vy\x1b\
Y\xd3\x9fQ\x0e6\xac\xcd\xaf/\xbb\x9drx_\x00\
\xbf\x86\xaa\x82c\x083\xe9\xca\x98\x0e\x133\xb5\xf2\x94\
Z\xc1\x97\x80\xce\x8c%\x93\x1d\x0dRt&\xb1\x87\xfa\
k\xa7\x83\x0fJv\x09\xb8\xa4\xce\xd2n\xbe\xb3\xf4\x80\
\x94\x0b\x11\xbe\xc7\xbe,\xcd*\x97/\xaf\xdc\xfb\x8c\x15\
\xe5\xb1r\xf1\xaa0\xad\x9f\xa5S\xc0\x1d`\x07\xbc\x83\
\xac\x81/\xe9\xec8X\xc9\xce\x00S\xb5\xaeA\x88\xc5\
Y\xa9\xb1\xc4W\x12_!\xbb\x99\xf8\x89^\x18\xe0^\
\x027\x03\xb3\xe1\x19\xda?v\xba\xf2\x10a\xedL\xb0\
;\xa6\xe3;{\x90\xa0\xa4\x87\xb2\xc7,\xda2\xbbU\
\x19\xa2\x80\xdd\x1e\xd7\xde\x1d\x96\xb4\xa3!\x85* /\
hQ%p\xf4\x1d%[Z\xf3\xcefB;\x90\xee\
A\xf4K\xbd\xac\xfcs\xc4\xa3#\xbf}\xa1\xbe\xac\x17\
\xd2\xa3\xb1\xa48\xdb\xfd\xe9x\xe2\xb6\xc4m\xd8J\x8c\
G\x9b\xd4#\xa9\xab\xe4\x9bx\xa5\xbe\xec\x0e\xb0\xcb\xde\
A\xd6\xd9g\xf5a\xec\x198\xe9D\xa59\xb3\xd1\xf1\
\xce\xbb[t\xfe3{\xa1\xf3\xaf\xe0k\xc5\x0e\xb9I\
95\xb4\xb1\x1d\x0d\xb8T\x8a\x83\xff\xa6\xa4]\xfba\
k\xa8\x15z\xbd\x0dz\xdcU\xa5\xf8$9\xd4e\xdf\
\xf6[\xd6@\xcf9\xa4)\x92\xd0etP\xbb\xeb\xe5\
R\x8ed\xc9\xf6\xb6\xc7,\xe5\xc5\x9c'\xa1\xed\xe4\xc8\
'MYI9\xb8\xaa\x14\xd7\xb4\x12l\xc2\xf3^5\
\xfb\xcc`\xfd\xb7-\xf0\xe0\xb5\x02\x9a^\xdb:w\x9d\
\x0b\xb5$|\xdae\xd7\xff\xf5g6Ym\xae?m\
\xde\x00\xa6g@\xa7\xfb\xf1\xd6MPO6\xdd/q\
\xe1\x22\x86\xbb\xcdC\x80\x10\x07F&4\xec\x8b\x8fv\
Y*ge\x8e&\xd52\x16\xfe\xa0\xad?@\xeb\x1c\
\xb0\xc6\x19\xf4v?:C\x9bT\xee\xce\xe6\xc3\xec\x13\
\xde\xcd\x9f\xf71\xd2\x17M\x15\xbb.\x8c\xa4\xc0\xf9\xf9\
P\xda:\xc4\x0f^\xe7~\x82S6L\x0fq\x22\x86\
\xd4y\xdf\x97\x1aM\xb5\x94R\x90_\xd3\xce\x9b\xd74\
\xde\xa2Ga\x80\xcd\xa2\x157\xf1+\x18or\xaa\xab\
\xd9\xb4`!\xd3\xd8Y\xa7E\x07\xcb\xc2\xcf\xb0gL\
\x19\xfb^\x1f\xbbW\xbe\x03\xdf\xecx\xd1qV[[\
3\x5c3\x22\xfe\xab\x19\x8e|\xfa;\xac\xa3\xcd\xca\xb0\
\xe3\xb4\xb5\xa9x6C\xcd,\xa7\xfb!Y\x1c\xd1\xbe\
CS\xc34\xe6X\xaaU\x89\xea\x8b\xd4%\x1bh\x82\
\xbc\xa2\xa7\x8a\xf8&\xb9\x91\xb4\x91CA\xf4\xd9y\xe9\
xk76\xa9[\xa1\xdeBl\xbaES\xaa\x9fD\
n>\xc2\x7f\xa4\xc8gd\x07i\x09\xc5\xae\xd0\xdd\x83\
\xa0\x96\xbd\xbdV/]\x14Q\xa8\xb5\xd2\x02\xd4\x05\x8b\
n\x0f\xacJ\x9d\xdb\xdcm.\xd4\x12\xf0i3\x5c\xd1\
J\xca\xc0\x11\x08\x17\x90!7\xbdM\x12\x80\xf40\xa1\
\x06\xb4\xf8\x13\xa5\xe6\xeb\xb0\xb9\xf9\xa8\x18V*Zi\
K{%DK:\xba\xe1\xa6n\xf5\xb2i\xf9\x1es\
\xf5\xfe\x1d\x22_ur\x1b\xdd\xb2X\xdf\x1c\xa5\xee\x94\
+\xd3b\x09\x86J_\x1e\xc5\xc8\xbb\x00\xf6\x87\xaf&\
'\xa5\xe3\x0f\xf3#\x03'\x12Y\x83\x84iM)\x00\
\x87ojmH\x1fjrL\xaa\xfa\xad\x222\xfc\xd2\
\x8aT\x86\xa2\x12\xe6\xa0\x07\x960K\xa5\xab\xdfU\xe5\
\x01\x0a\x18\xdb\xe4\x0b\xbb\xa3w\x01\x02\xee\xccl!C\
\x80\x10\xf73\xfe^\xdf`\x99\xbf\xda\x0c\x85\x84!\xa5\
Oer\xdb\xdb\xbb\x9b\x98\x8a\xfc9C\xaf\x5c\x19k\
?\xcc\xa8!\x98(C\xfe\xb8\x02\xa0\x94\xcd\x05\xcel\
\xa1\x8e!\xe1i&aQ\x99\xd4\xa05\xaf\x10l\xfe\
\x9dX\xca\x18\x08\x05T g\x8am\xaa\xc82\x8f^\
w\xf1\x9bMm~\xee\xcf)E\xa7\x8aX\xb1\xcd\xf0\
\xb4\xe6\x9e\x00q\xa1T\x8cC\x84\x0e\xd0c7\xf6Y\
\xa4\xf78\xf4v\xbd\xf4\xb7\xa5\xf5\x8d\x08F\x00\x90\x13\
\x98h\xc5\xb0|Y)K\xb8)\x1f\x0eF\x9a\x89\xa7\
5\xd1\xdf\x87d\xceq\x83Eg\xa4\xa3\xf4&\xad\xc6\
H\xdc\xdc\xdc\x0c\xaf\xdel\xe0iu\xccE\x8a\xf8%\
\xe0\xd3^\xec\x01\xd4\xaf\xca(\x8c\xc0\xd4\x92\xc4\xf26\
\x0f=\xc6&\xae(\x1a\x93\xd3[\x1e\xd9zHk\xb3\
\xd0\xff[\xa9\xf4\xe6`\xe1\xe0\xbc\xaeD9\x10+w\
T\x1a\xf0\x9b\x9d\x9aIV=2\x1a9!d\xc8\x19\
|\x1ev\xf5\xb0\xfa\x81B\xb1\xcc\x8a\x84\x9b\x9c\xfd\x16\
D0\xb0m\x80\xc21\xe6kp\x06S\x13\xc3R\x8f\
\xca\x16@)\xcd\x22\xeeBu\xcd\xe8\xecBAU\xd7\
\xbe\xee[\x10v)\xb8\xc7SZ\xbb\xcf\x8aQO\xe6\
\x16\x88\xb4\xb99R\xb4\x93\xb0\x18\xef\xc5}57G\
N\x90\xcd(\xafVe\xdfW\xfb\xbao\x81\x86r<\
Df2\x9fm\xcaI\x13\x12\x8e}\xf3\xecR\xdd\xdf\
7r\xf3I\x803\x89\xc7\xa7\xf5Q\xdd7\xfc\xbao\
A\xd8\xa5\x80&0\xcb\xf9L\x9c0N\xb45A\x04\
\xf0,\xaf\xf8#\xefc\xc6o9\x1d\x1d\x84\x22\x8bp\
\x9b\xa4\x1f\xa7\xc9\xf0I\xe4Vh\x14\x17E\xafk\x8f\
\xfb\xbc\xaf\xc6\x12\x15,\x14\xb2\xbc\xdb+\xfd6\xbd~\
\x9c\xfc\x5c\x5c\x13\x0a\xf4\xbfI\x1c\xfe\xf6\xcbp\xfbB\
\xc9\xe0\xaa\x03\xb3C\xaegA\x13\xb1\xb4\xef\xd2\xbes\
s\xb88\x0a\xc6\x22\x1d\x87b!\x98]t;\xb1\x94\
\xbd\xde[\xa0\xf6\x1d4\xc2\x8b\x11C;\xbf\xa3\xbd7\
0;n\x9e]~?\xb1\x10DN(\xfc~\x86\xd8\
.\xb9\x94\xbd\xce[0\x1a\x991L\xd7\xbf\xf7\x04\xd4\
\x95\xc2\x82\xb2\x8aao\x11\x0al\xb8tv\xcd\x02(\
\x06\x84\x0a\xfezo\x81\xda{L\xdct\x86\x1e^O\
\xa7O\xd0\xeaF\xf3\xb1%\xab\xd7(\x1d~Z(\xb0\
\x91\x13g~\xcf\xb7\xea\xd7\xfe7m\x81\xdd\xb0\x9a\xf1\
\xb3\x03\x14\xd6\xe8Q\xca\xe5\xbcRN\xa0\xac\xc8!M\
\xb7\x9c\xdb\xa5d\xa8\x9a\xc1\xc3\xea\x9d\x1d q\xc6\xc7\
\xe6r^\xa1k+GD\x94v\x85\xe5v\xff\x19\x22\
n q\xee_\xc9x\x8b3\xda/\x0f\xc8Q\xbe.\
\xb4\x8c\xef\x85\xf8-\x87\x9c\xe0}3&\x96z\xeb\xc2\
\x88\xa6\xd9H\x06\x85\x5c\xb8\xb1\xe2\x8bF4\xa8\xdb\xfc\
\xa6\x1a\xb6+\x5c\xf0y\xb4\xa6`\x8d\xdf\xae*\x18N\
\xcb\x1e)Xg\xb3\xbd\x9b\xbc\x10\xe3{k\xc2*\x7f\
\xef\x98\x06g<\x0c\xa0\xccX\x222.\xa4\xf6A\x22\
\xd5\xed\xe1\x06\xd7\xf4S\xee^\x94\xfd\xab\xc0(\xf9\xb5\
\xfcjVS\xf0Vc\x07\xbb0\xef\x060R\xf0\xf4\
\xca\xe8\xc2\xfc\xcc\xbd\x17\xefc\x1fwx\xebZV \
\xd7\x95\xcem\x80p\x1a\xd1AX\xf3\x07\xda\x14\xc0w\
\xb5\x8co\x8f\xd4V0X\x00]\x0c\xdb(8\xe6c\
\xc4\xdb^SZ\x94\x89\x9c\x1a\x1fu\xf6\x9c\x02\xc9-\
\xe6\xb8:R\x1a\xc9\xfc\xea\x10ou\xaaB<\xe1\x8c\
\x97C1rr@\xbdkN-F\xe6c\xe5\xbc\xcd\
\x91\x01\xea\x09\xf61\x88O\xff\xb8\xb32TSZ\xa0\
\xe0\xac\xcf\xa6b\xf6+1>\xed\x12\xbf\xd9\x95\xe3#\
\x8b\x92\x9a4\x12.>\x7f!g{\xc0=\xac\x9d\x06\
5\x05\x1f[$\xd2P\x07l*5|\xef\xc8\xecn\
*\xa2\xcb\xf6.\x9b\xdd\x15z|\x9c\xe9\xc0/p\xb0\
\xc4(\x00\x9a\xd6*]\x9b\xa2\xe0A\x0a\xfc\xf2\xad8\
:\x9cl\x9e\x86n05H\xbc4+\xceHia\
m\xc3%1\x0f\xd2\xfa\xb6{\x84\xbd V\xf4\x0a\xb6\
\xac\xb4\x10I\x18\xb5\x12\xe2\x06\xf7GFV\xb3\xd7E\
?\xd5\x84K\x92\x81\xe8>\xfep~N\xb7\xaa\xaaH\
\xbe\xef\x0bW\x0b\xbc\xab\xc3\x05_\xcc?\xb96<\xab\
g\xdb\xdd\xbb#\xb3zR\xf2\x12\xbc5\x5c\xf0\xd5{\
\xaed\xedEt\xce\xb9\xde\xd2\xd9\xed\x1d\x1e\x8b\x14\xde\
\xd2X8S>\x14\xaad\xc0\xff\x19M\xf2\xcd\x8c'\
\x1d^\xef9\x8cw\x8a\xe5w\x1b\xdf\xc3f\xa6C'\
\x8c:\xe5z\xfdt\x8d/\x90\xc0\xfc\x94\xf4\x05\xfe\xb5\
e\xe0\xcbe\xa8\x8d\xca\x80\xc5@\xc7g\x91;W1\
tb\xfe1\xb9;\x8fh\x8f\xb2gr-\xb4\xe3B\
\x91T\xba\xcd\xf6\xb0WA\xc0\x83r)\xeel\xa6\x99\
\xea\x81\xd7V\xac\xf0#p\xe1Nw\xa7Kx\x02\x86\
\x1f\x01c\x01B\x14A\xd0\xe3#\xd4\x1c\xe6\x15\x96\xdb\
C\xfe^c\xa7\x0ciP\x9e\xb9\xe0w\x9dK\x1b@\
\xd2\xde\xf2\xcdo\xef\xb0\xfcIX\xb0\x84\xcc\x01\xa2\x09\
\x8d\xc9\xa70\xfa\xc0w\xae\xd2\x1fW\xfc\x1f\x96\xd8@\
\xeeY\xf9i\x03\x81\xcc\xc8\x0d\xed\x0ew=H\xc3F\
CC\x0a]\xa9\x12\x84\x8eQ\xd7v%\xbb\xf0_\xf8\
\xf1m];\x92w\xb9\xe0;\x95\x9e\xb9\xe3:\xf3T\
&\x8e\xf6|\x81\x99\xc0\x0a\x88D\xea0!\x7fvo\
r\x83\x17\xb3\xdc\xb6\x00\xe4\x8d\x8e\xe18\xa0Q\x8f^\
&@\xb4Z\xb7\x16\xf1J\xc8\xdb|@\xc5eh\xb0\
\x1eY\xab\xf4\xe5\xab\xd9w\xf2Xo\x9b\x05#\x00\xf1\
V\x92\x1b\x92\xc1\x9a,cw\xb7v\x805#i\x9f\
\xf75\xe6F\xf8\xd9\xe5n$\xd1\xc6\x8cx\xb5\x92g\
\xdcSl\xf7\xedn\xb2\xd7\xa2\xee9n\xf6\x8c\xd4X\
W[\x96|{\x7f3\xc9\xf8\x97\xdcj\xef,\x85\xf1\
C\xc8m)c\x1eo\xd5\xa5\xd0R\x9a\xc5\x5c\x9a\xa3\
\x13\xae\x8f\x0a\xfd\xbd\xa5\xab\xa5\x8b0F,?)\xb2\
\xd8\x14w\xf0A\xc6\xbb\x9c\xe8~\x09\x97\xdc\xed\xfc\xfd\
-l\xa3\xf7\xe7L\x7f\xee\xdd*\x8f\x86W?}\xa1\
w\xf5M\xff\xd7\x0a\xc49@\x07\x05\xa2-\x10z\x86\
\xf785\x09\xc6\xb78\xbfla\xbc\xd7y`=\xe3\
}\x8e\xf7vq\xfe\xeew\xbe\xb0\x8e\x0dn\xdc\xb4i\
\xe3\xa0\xc5o/\x17\x95\xc1\xc1m\xd67\xd70>\xe0\
x[w0>\xe8\xac\xbf\x81\xf1\xad\x0e\xffv\x0d\xe3\
\xdb\x1c\xefQ\xf1\xcfv\x87\xef\x15\xf7\x0e\x89\xbf>\xcf\
\xf8\x0e\xfcn\xd8\xf1\xbe^\xcb\xf8\x88\xc3\xb7\x8a\xc7\xdf\
\xe5x\x8d\x1b\xd8\xb6\xc1A\xf1d\x8b_S\xbeIT\
\xb7m\xb2\xd6\x5c\xcf\xf8\xdd\xf8\xcb;\xe15\xbe\x02\xaf\
t\x8f\xf3y\xf1z\xf7:\x1f\x948\xd9\x7ff8~\
o\xea\xc3?5\xf5r\x85\x04\xdf\xb9X\xe6\xc3\x89F\
}\xd5\xf9Ny\xcd\xfa\x91\xc8\xdfB\xf9\x83\xf2\x9aZ\
(\xf5'\xdf)\xe7_s\xf6\xdc\xce\xf8\xa8\xe3\xdd\xb3\
\x95\xf1\xfb\x1c>&\xde\xf7\xeb\x8e\xf7\x03\xf1\xdc\x94\xd3\
~\x03\x1bY_\x13\xe6{\xcbkv\x8c\x84\xbd\xbd7\
f\xfdY+\xfe\xbc\xbf|x\xa46\xe2\xed]\x9f\xf7\
b\xd1Gc\xa2W\xca\xf97\x1c\xef\xbb72~\xbf\
\xc3\xef\xa9c\xfc\x01\xc7k\x16\x92\xf3M\x87\x7f\xb1\x9d\
\xf1]\x8e\xf7\xd1\xf2\x91\x1d5\x91\x1d\xaa\x1c\xf6\xd5E\
\xe9\x9dO\x1d\xb0[\xb4\xef=\xce\xf7\xbc\xa5\xec\xc4\xad\
\xe9\x85\x12j\x9f}\x12\xec\x8b\x05\x93i\x07\x12|w\
y8\xaa\x134\xba\xdc\x92\x09a\xbb\x9d+\xe5\xe7\xdf\
r\xb8U\xce\x1f4\x9f~\xaf\x9a\xf1\x87\x9c\x0b\xbc\xa8\
\xfcn\xb4\x9f\x8d\xe4q\xa5\xe3)\x22\xb0W\xd5F\x82\
9\xa2\x19\x1c\x145\x05\xbb\x10Q\x9b+\xcc\xb1\xf7\xeb\
\x06&\x9a0\xc3\xcb\x06\xfd\xfe\xfaE\x0b\xf0\xc6\xe7{\
i\x08\xbd\x0e\xf0\xa1\xea\x17\x0f\x84\x0a\xeaT[\x9bz\
\xfa\xdb\x8eg\xc9\x01\xf8\x0e\x0c\xc0\xc3\xc0\x22\xf7]G\
\x7f\x89\xc3\xe0](\xc7\xe1;`\xcb\xfb\x9e#\x9b\xf9\
\xb0\xac\xff\xab\xf3\x94\xa8~\x97>\x8erq'\xe3{\
D\xe5\x03\xb2\xf2}\xe7\x8ez\xe6m\x8fL\xc3\xcb\xca\
\xa3<j)\xe8\x87\xb2\xd4X\xee\x8cl\x7f~\xb5'\
\xef\xc8\xcd#i\xeb\x1f\xff\x9ax\xedG\x9c\xe8\xb8\x5c\
:\x1eu\xf6{\x972\xfe\xb7\x8e\x8c\xd3\x891\xb7\xd7\
\xb8\x1bs;#\x95\xab\xb2\xd7U\x8eK\x8a/\xcc\xe1\
\xe7T^P\xb7\x09p?\xb5\xc2\x91\xcb\x85\xaa\x1c\xac\
M\xae\xad\xfc\xad\xbe\x80\xc6\x8c\xa7+\x07\xa8\xdb+\xfb\
h\x09\xe3?p\xbcU#\xb25Q\x9e\x08y\xab\x22\
j\x0b\x85H\xfb\xc9t|\xa0~\xa0\x9e@A!~\
\xfet\xc8]Z\x15V\xfc7\x80\xa3*.\x1e\x10\xff\
Q$\xf7\xc2\x18!\x8a\x8a\xeb\x22\x1a[\x94\xbe\x11\x8f\
\x1b \x00\x14\xf8\x89\x97\xc1T)\x9eGHc\xc0\x1f\
'.\xae\x17\xffQp\xf7d\x9a\xf8|\xecI\xb1I\
\xecuxTv\xfc\x0f\xe5\x1b\xcb%@\xb7`O\x05\
{\xd4\xe11!p\x8f\xea1\xf2\x7fv\xc1\x1e\x1c\xae\
\xe9\xef\xaa\x98\xf0\xdd:r\x81\xbc\x9c\xc7\xcaE9*\
D\xf4Q\xc7\xbb\xb4:\xcf\x13\xca\xc5\x05\xb1\x90,\xca\
\xb3~_|R\x8d\xd2\xe2EG\xc5'{\xf6\x14\xfa\
\xa0\x89\xfc\xafT\xbd\x07\x1f\xbaF\xd7gx\xe8\x04<\
X~&kz\x9b\x14\x13\xf3Gb\xb2\x96\xcff\x10\
\x89\x02\xe6\x05@\x90\xd3\xa5\xfem\xab\xc0R_m\x81\
\x86$Q_\xd8\xfekNWa\xd1\x04\x857{\x11\
P\xeadp\x80\x08\xd3\x894\xed\x08Pi\x1d\xd4S\
\xf2Uy\xd3\xab\x9aD\xcd|qP\x1f\x0e\x0c\xf0/\
_QN\x14S\x18\xa2\xfd\xb2\xd4\x9c\xb9\x0e\xb445\
\xe0^\x82\x22\xe3\x0b\x8e\xd9\x0c\x95\xf4\x80\x97J\x81r\
\xc82X\xda\xf9\xe2\xef0\x8d\xed4e\xd6@>q\
X\xccLm\xbe\xbc\x07\x8a\x8c/\x16\xe8\x90\xe8\xd3\xc0\
\x84\xb1P\xbdL\x91\xa6\xdf\x82\x8d\xd7>Mo\xb7\x10\
\xed\x07\x9c\xb5\x13l6\x8f\xf2j\x08\xcc\x90\xe4\x1a0\
3\x9c\x5c\x07\xd8\xfa\xaeQ\xb2\xe0\xfa\x06tv\xce\xee\
*\x05R\x0d\x89\x19&\xdb?bf<s\x8d\xb6\x91\
\x059\x9c\xf6S+KU1'\x15\x16\x03N\xb2\x5c\
\x13\xc8L\xaf\x8c/\xa0f\xe6\xe6\xa4\x7f\xaag\xbd\x85\
}\xe2q#\x1a{S/@\x19\x0b\x17\xd4\xcc\xea\x95\
kmS+\x1f>\xcc.\xd8\x1e\x1f\xe5[x\x9b8\
\x83~\xf3\xaa\xedW6\xff\x05\x00\x8f\xed\xa7D\x86[\
\xe9(\xfc\x9f\x124\xaf\x1d\xad|\xbd-\x84I\xe9\xd1\
\x11\xd8\xeep#\x0a\xa67\x1e\x97\xc8m\x112!\xd8\
\xae\xebv\xb4t\xb5\xbb\xd6\x97\xc1:r+\x1c6o\
qoqo\x05\xbf\xeb\x97\x91\xb6\xae\xddmi\xb5\xcc\
\xf1\xdb%<\xb22L\x0c\xd4?\x15\x11\xa7\xd5^\x84\
\x0f\xe9h\x0f+:8\xc8\xc0\xe3\xa4\x91\xe0K\x8a\xb7\
\xed\xbd\x95b\x05\xf6S\x9e\x01|!\x9a\xfbu\xa1\xb2\
\xbdQ+L\x7f\xa8a\x85\xdf\x14\x8fo\x15\xdf@>\
Zjl\xd4\x96M:SE\xfa\x96\x9d\x05\xf0_\xb2\
`Z\xbe\xcb\xb4\x05\xa4L\xbc\xb3\x8b\x16\xa2\xde\x0d\x96\
L\xb9\x93\xec\x94\xe50\x12\xe5\x80\x8f7\x17\xec/s\
U$=.Q\xe8\xaa\xd3O\xd0F\x848e5\x82\
\xcd\xe3,\x84\xa5OQ\xf6\x99\xcc\xd3\xf0\x96{ob\
\xda\xfd\x1e\xaf\xec\x84\x87\xf6\xa8\x12\x9e\x1d\x01-\x09Y\
\xfdl\x9dH >m\xe9i\xe9\x01\x9bSgF\xd6\
\xaa\xe4\xf4\x91]\xd8\xacJ\xc2{\x96_r\x10'\xa2\
\x89$\x8c2\xf8\xb9fU\x86\x01\x0d\x0e|\xe7/\x95\
\x17\xfdn\xf18\xb1\xea!N#\xa15\xa6R\x9d\xca\
\xe9O\xae\x7fI\xdfsR\xdeQ\x1c\x12&X\x85\xdb\
\xdcA\x11\xfc\xd8\xf5\x1e\x19\x99Z\x93~E\xd9\xab/\
\xeb\x22\xdb\xb7\xa5\xcd\xed\xcaF\xbe\x85`\x08]\x1e\xea\
\xe8Q\xb4 !\x9d!\x16\x12\xab\xab/\x05\xa6\x8b\xcc\
\xf1\x96F\xaeV\xb5-dG\xb31\xad\xcb\xedn\xb7\
\xc8\x08w\x5c\xe7\x81\x82\xa9\xc7\xafi\x8bg\xb5*8\
<M]\xab\xbc\xb8\x9b\xd1\x8bc\xbb^\xa8\xbdY\xcd\
.O\xe7\xcc\x89\xb6\xb6\xb5\x9a\xd0\xc9Vrg\x1c\xd5\
\xb6zS;Bm\x15G\x80\x0f\xea\xe8\xb69:\xc1\
T\xa6d\xd8\xdbr\xfaJ\x83Il\x98\xd6\x96u\xa0\
\xf5B\xe1 \xf8\x12\x02/\x05\x93\xd90\xbd-\xeb$\
\xb8-\xac\x0c\x9as\x14l8\x86kI\xcf\x8d\x17\x8a\
(O\x96\xec\x8f\xdc=\x85}\xa8\xfaT\xf6oH[\
\xbbT\xff\xdb=\xed\x13\xae\xa5\xe2\xc9\xa74.\xb1L\
\xef\xb07\x86KO\xdf\x0b\x85\x83\x10N\xf9\xd3\xf8\xfc\
\xd0M\xeag{\xe8UM\xcb'L\xe4\xea\x1c\x8d\x1b\
\x14\x905%\x85J*\xc9\xa4Jp\xbeJ\x82\xed\x8e\
\x1e!\xd4\x96\xe2\xa2\x95\xb2\x9e{\x16\xe0\xfcP\xf3E\
\xce\x1dO\xdb\xc1\xd5\xdc\xb2[:\xbcu2\xd1Qr\
\xb8n6\x98\x1a\x19\xb2\xa6\xa4PIe[\xab\x91V\
\xbf\x04c\xe2\x93\xd8$$\x0a\xceW\x87P\x05Kv\
u(\xf0\x8b\xdb\xc2]\xcaF\xaaz;;\xf5\x0bL\
AJA\xf4q\xcf\x98\xdd\xf1\x18h\xd6\xd2S\xe5Y\
\x0aES>6\xe1\x07\x84\xf2\xd5\xc0\x96\x93\xae4\xa6\
\x10\x7f\xed\x18\xd8\xc2\x8dSP\x06z\x10\xc2\x14\xe1\x8c\
&\xa0\xd3\x12\x86\x99I!\xfd\xe5`\xe9\xc1\xc6\xa5+\
\x15lGH\xa3K!\x0d\x10a\xa4w\xea\x92\xe8r\
5\x80\xdd\xbd\xe2\x18w\x9e\xe3%\xca\xf9\x87\x9c_{\
\xeb\xd8\xf9Nt\x84K\xcc\xe6\x12\xd4\xe7\x0c\x1c\xa4\xd2\
r9\xf2\x1e\x9b\xa6\xd2\xfe\x0c\xb8 6R~\x1b\x98\
\x97\x08\x15l\x04\x9b\x09C\xea\x84\xe9RK\xc4\xbf\x1a\
\xe1K\xd9R\x192 \xc6\x0c<^%\x00\xadx\x89\
\xea\xc8\xacFV\x97\x08\x86Ux\xf8\xa7\xf8\x81\x92\xa0\
i\xaa\xbc\x8b\x99\x1f\x7f\xd6SdQ\x05\xf8\xe0\x0b\xc4\
\xed\xa1K\xba\xddnW\xed\x1f\x05B\x11\x15\x13P\x00\
\xb8\xc9\xdao2\xce\x87\xd8\xff\xdcA-u\x1a\x8cx\
\x09\xc6\x13<\xe6%\x22\xaby\x88=\xebDGG\xd8\
(\xef\x09\xe7\x06\x98\x13?\xd8\x91\x94\xae\x87\x11+\x13\
w\x12||\x99\x89\xea\x0d\xfd\x91`\x5c\xac\x09Q\x0d\
\xc2\x9f\x10\x1e\x91\xccL\xf1\xeaF#\xff\x1d\x97\x9d\xc2\
\x97\xcdKyB\x88\xe2\x08\xaf+\xdcq\x0f\x9e\x93q\
 \x0c\xb7d\xe5a\xfe\x17\x0aC\xd5\xd8\xc6i\xb5?\
\xbb\x06\xe1\x1fbc\xd3\xc0\xe0\xf5\xbc\xeegA\x9d\x0f\
t\xca\x044\x07\x11\x15\x8fh\x1eL\x08\x89n\xe8\x0f\
g\xe0{n\xbd\x81\x15\xec\xbb\xf1\xeajx\x22\xe2-\
\xe9`\xdc\x1ar\xbdm\x9e\xe5J\x08\x17\x1e\x05\xd3w\
\x1f\x0f3\xfe\x98\xc3\xff\xf0z\x96p\x10\xd9\xe59\xe8\
\xbb\x17bc\xdd\xeb\xfb\xd7#\xca=\xe0U7\xc0\xe9\
\x1a\xcb\x168;\xbbw\xe9\xf8\x03@\xa2!\xf0\x98{\
\xe8(\x8d`\xceg\x11v\xcaNJ|>\x9d\x98\x11\
\xb6o\x03c\x86=<,\xb1\x08\x9e#\xc4\x81;\x08\
\xbb\xe7yH\x97>\x98R\xb0\xfb\x90\xc4\xbd\x98\xbe\x11\
G\xf6!\xa2\x02pRcu\xd4k\x5cg\xeb\xbeB\
F\x89\x8d\xaeA\xf2'0\x161%k\x1a\xe0\xde\x06\
Bv\x98$\xb4\xfe\xf5\x0d\xeb\x1b\xa0\xd9-\xd8\x05\xf6\
\xad\xfcFFZ(\xa6~\xc7+7+[\xad\x04g\
\xc7L\xf6\xc3:\x88\x00\xb0\xfdw4Y\xca\xb8%\x8e\
z\x83dr\x10\x0d\xef\xe9\xed\xee\xe9\xea\x12\xea\xd8\x1b\
\xf8n\xc6\x7f\xecl\xbe\x11\x0f\xf6\x1b0\x91\x1b\x81e\
\x16\xa88\x04\xb4\x85`v{\xbcr\x13u\x8a4\xf7\
u\xc8\xe3b\x94 d\xfa\x15n8\xa0sG4 \
\xf8<\x15l\xd1`o\xec\x08\x84\xab\x1c\x14\x1f\x22*\
\xc1\x86\xb6;a\xe1\xdc\xa8\xc8U@)\x17W\xb6m\
r\x1b\x5cD|i0b\x98D^\x16\x1d\x1e\x82\xfa\
JS\xb7E\x8e\x19\xdc=\xcf\x90\x86\x13G\x0b\x03X\
\x8a\x16\x13d\xce\xc8\x10@\x10\xc0\xf7\xdbH\x18\x84X\
\x0dbj\xfb_\xc9H\x82\xc7\x9dS\xdd?.I\x81\
G\xa8\x1f\xca\x9a\x0a\x5cP\xba\x86fW\x19\xcdP\x88\
\x15\xdd\x18r\x11w\xe5\x15\xe2\xb0\xb0M\x95\x90\xd6\x17\
(\xb3=\x82\x5c\x98\x1a\x90\xf9\x9d\x0e\x88:\x8b`\x8f\
Yd\xba8}\xc2]|\x16\xbf\x955\x0fS\xff-\
H\xab\x18\x17K\xb1$\xc8\xda\x06\x22O}\x9e\xc2\x83\
6\xd1\xa1\x08h,\x8e\xa4\xe3\xc8\xa0\x22*\xf5\xf0E\
\x1d\x95\xc8ft &y\xc0d\x9a\xe2\xf7\xbd\xf3-\
\xdf2/CB\xda\xa69\xa5)\xf4u\x13\xe0<\xd0\
e\x05Q\xa3\x0d\xc6z\x10I\x1d\xf1\xd3\x03!H\x8d\
_\xb5\xf0\xe5\xcb.BQ\x11\x0f~\x83\xb15\x9e\xa6\
\xdf\xe84\x08\xe0\x92\x0f8M\xfb\x18\xce\xd4\xbdM\x18\
\xfe\x95\xbd\xd0\x85\xbdd\xf5\x86_^\x04(\xfa\x84G\
eo\xb8\x96\xf9\x8f\xb0\xb8\xb1x\xba[M\x0d`,\
\x22Ze\x98\xafm<\xf3\xb5Q\xde\x8e\x8dul\xe9\
\xd8B\xe0X!\xd9\x99\x14\x09\xa5\x0f\xef\xb8}\x86 \
b\x0b\xcby\x804F;G#::\x1ai7\xe0\
i\x19cp\x18,1\x87\x09\xea\xa4\xb5\x157\xdd\x9f\
<\xc4z\x86i\xc5^\xa0Y\x0c,\xb5\xf2\xca\xda\x10\
\xca\x02\xda%=\xe0eA\xd0\x10\x92\x05\xcc{\x0c\x03\
\xd9\xe6<\xc9T\x87%\xc6[\x09YhEY\xf8\x94\
\x94\x05\xc3\x04-c\x84\xda\xb2\x8f\xd6X\xab\xcc\xe0\xac\
\xb3\xeb\xbb|X-m\xd3\x22\xf1+\x11\xd2T\x04R\
\x16\xfa\x84,\xe0\x98^\x84\x1d]\x89\xb2@&\xe8\x03\
\xfa\x8d\x0e(0~\x9c\x06\xf3h\xbfQ\x90\x22ts\
\x13HA\x13-:SH\xed\xa0\xb08\xa4,\x0c]\
\xcb\xba\x94aI)\x19h*\xb4\xb4\xd1\x90\x08)R\
D\xd73W\xb3F\x98\x1a\xe8\x18B\x16\xda\xb7\xb4o\
!\xb3nHv\xa6\x8e\x96S\xb4\x9d*\xa4\xb0Y\x95\
R\xc6\x90KK4K\xc8\x02\xfcC\x0a\x12\x07\x1a\xde\
\xc3`_:L\xb8e\xadhD\xb1\xa5\x92\xb6\x87\x0d\
\xdc\xf4\x8ck\xf9\xf3Kf\x1dZ\xf6\x06\xf7\xde\x0f[\
\x01m\x10\xc6\xde\xb0\x1bd\xe0\xf1\xc0;)\x0aA\x13\
\x05\xaaj)\x15\xcd\xe9\x8b\xf1\x9c\xd2\xa7\x0a\xbdD|\
\xe9W\xd7\xb8\xee\x1a\xeb\x84\x5c\xd5\xc5\x1c\xee\xf7\x5c\x13\
\xf9\xd2\x8a\xe0\x0c\xd0\x07\x1a\xb2\x92R\xa9\x80\xc6\x8b\xe5\
\xa1\xc8)\xfd\xf7\xfe\xd3\x8d\xd2\x1ew\x0a\xe1l\xff\xcb\
\x1dH\x19\xfa\x0b\xf5\xbe\x94uA%X\xc2\xea\xcb\x92\
\xae\x84T\xc3q\xa1k\x0c\xdb\xa8\x1af\x98\xf2\x14?\
H\xe7\x03\xbc\x9cr\xb2\xa8\xd4Gg \xd4\xae\xbfi\
\xb9k\x95\x94ae\xa4\xb8\xb8\x1c\xa9\xfb\xdd[?\x1c\
\xa4\xba\x074\xa7\x93\xcf\x11\x9f\x8e\xfb\x86\xf7k\xbfz\
\xc4uW[\x85\xbb\x1f\x0b\xcb\x0c\xb6\xc7\x1f\x89|m\
Ep\xef\xd6\xcd\xd5\x04\xdb\xed\xf8\xa2D\xbe\xad\x8d\x92\
\xa66\x07\x0e^E\xec\xdb\xb7\xfe\xd3\x03\xc1\xc5\xa7p\
@\xe3%\x91\x92\x12\xf1\x96\xbb\xf5)Kc\xf9\xa9\xf7\
\xa5\x80\x00*cHS\xd9&}\x18\xab\x19_\xe7-\
\xf1\xd6\x85e\xe8\xa0\x05\xacKeo\xd0\x07\xb87\xca\
\xee\x00%\xf3MZ\xdd\x14\xb5\x8d\xf7\x10,\xa68\x14\
\xd5\x82\x92V\x0b\xdc62\xd8\xb8\x168vj\xe9\x84\
\x02A\x1d/\x88;\xbeL'\x8c\xa7\x89\xc8\x98j\x90\
4\xfb\x1b\x80\xed\xfbOy\x14\xba\x83h\x16_\xd0$\
\x8c/j\x12\xc6\x17\x15!\x91\xdc\xbbv4\xech\x90\
\xea\xa3<\xbc\x05\x00\xc1\xd2\xf1\xee\x1d\xfd;\xfaI\xd9\
Y\xa8i\xe8\x16kz\xc1\xc5\x84\xfa6\x827\xc9\xa9\
\xb8\x9f\xf1\x9f8<\xc4\xe7\xb0~EH\xe6'\x03h\
R%\xec\x1f\xaf\xaac4\x92\x09\xe9\x1a\x10`J\xba\
\xb2VPF\xb1lnj\x82cV\x97r\xc6O\xa6\
\xe3\xadu\xadu\xa4\xba\x002\xc6!:\xf0\xd9\xa6J\
X\x98^\xbcr#\x0c&\x96\xa0\x8b\xc8\x03\x02A\x81\
I\x14\xbf\x17\xe4\xf0\xbe*\x8bg\xc1\xc2\x8f\xe5s\xb4\
]\xd7@\x84B\x0dqoA\x80\xd9\x22:\xf3\xdc\x8d\
\xa5\xec\x84\xb4b\xa5=K\x03{\xe2\xa9\xe3pL\x1d\
T\xc5$\xbc\x8bJd@\x12\x1d\xdd\x0f\xacEXn\
\xdb:\x0c\x9d\x86\xe5\x08L\x84\xbb\xa0/\x95\xea\xbe(\
\xa6\xf2\x95\x0d\x94\x9b\xa9-\x8e!3\xe4P\x93=\xd4\
\x04\xca\xda&P\x1c6\xa82\x14\xaf\x5c\x0f\x9dPk\
\xd7v0\x97^\x10\xe6\xc1B\x22e#,SS;\
\x94F\x04\xda:\x18\xbf:2RL\xc6\x94\x82\xfe\x8a\
\xd6\xd1T\xad\x0e@$IBq\x10\x8fITU\x19\
\xd3\xdeL\xcb\xc7\xcb\xa4Y\xdfIk\xed+\xc8(\xfc\
\x0a\xb0\xc4\x1d\xa4cE\xd3\xc6\xa6\x8d\x89;\x93\x1b\x92\
\x1b\x80nj#\x9cb6%u,\xa5\x86\x95;\xa6\
\xdd\xb8\xc7\x90\xbdCS\xae\xbe\x06\xda\x8f:\x85U\xf6\
 \x8dV\x0fM=\xa1\xae\xd6m\x87w\xdcNg\x9f\
E\xd0\x85\xb2\x83\x17\xeb5I\xd5\xb6\x93fv\x9a\xd6\
\x84\x0d,#\xe8m\xb0\xb4\x854\xe8\xa0\xaau\xd1\xbe\
?\x0f0Pmm\x07\x9cO\xbe\xf9~\xb8\xca\xee\xa7\
\xdb\xec\xb4\xe2>\x89(\xc6-_\x0d\xf6\xdeHZ:\
\xd7\xe7\x83w\x07\x0f\x09i\xd2bq\xe2\xcdW.c\
\xd7\x7fN\xe8Jv\xa2\xb3\xac\xa7\x8b\x02F,\xdd\xc6\
0\x84\xe9\xcc\xd5\xc1\x11e\x84\xd3\x8c\x5c\x7f\xed&\xaa\
\xb4\x87N3\x96&\x7f\xb3t\x10\xe6<\x0a\x1aM*\
]\xf4\x18\xa1\xed\xd2\xfe3O\xeb-\xf3P\x19J\xd1\
<(\x93X\xaf\x10_UL,\x8c\xec\x22[\x11\xd4\
\xfaj\xe2\xb6!\x17&\x14\x96\x89\x91f0:a\xd9\
\x04\x07f\xbf\xe9\x0a\x8f\xb0Bw\xaf\xac\x87\xae\xb3\xeb\
\x15\xb6DL9\x829\x08\x10\x96\xaf\x92\x92Z\x0f\x22\
S\xaf@\x01\x11\xdc8\xe57%5I\xeb\x91\x10y\
\xb9\x92`\x99\xa8\x91\xe6\x05x\xcc\x8b\xf4\xaa\x1bh\x9d\
|\x05F@U\xb1\x8d`a\xc0I\xca\xf5z\xc2S\
\x14\xe4\x886\x81E\x90\x84\x17*\xdaJ\xf7\x868\x05\
\xca\xca\x0dj\x00\xb6$,\xc5Mii\xb1[D\xf1\
0\xc3\xb0\xa4\x11\xfd\x9ak\x0f\xbb\xc3\xb0T\x0f\x93\x89\
\x0e@\x90\xc5V\xb3\xed\xcbd\x8dyZ\xd1\x99bM\
\x1ck\xaa\xc5{\xfdV\xe7\xd7\x14ku\x8b\xf27\xf2\
o0\xfew\x8ew\xa6\xf7I\xc6\x7f\xea\xe8\x0f\xf8\x1f\
xof^\xa3\xcb\x17\xf03-o\xa9\xf7q\xf9-\
\x1f*\xaf\xf5\x12\xc3\x11i\xba\xfc\xbe\xf3!\xfe%\xe6\
?L\x1e'\xb8\xe7\x0e\xdfY@\xeb1)\x84\xee\xb5\
G\x1a-\x93|E\xda\xbe\x0a\x99F5\xe1\x88\xe1\x22\
\xcc\x08)\xa0E\xc7\xb8\x83h\x91\xf0;\xe1\xfd\x1a4\
DL\xbb9\xe3=\xec\xa4\x0e1'\x85\xa8S\x95\x90\
L3Ws:J\xb7n\xd5\x88\x15\xe0\xf54\x19l\
\xbe\x83\x849'\x01\xff[\x97\xb7\x8c\x05,.\x0a\xef\
4\x8f\xe6\xa6h\xb7z`5\xee\x05>\xce~\x18f\
,\x07\xc0\xc11\xe8\x0e\xca\xac\xac\xd7$\x01\xaeT\x01\
\xb0\xec\x95\x87M\xb9\x08\xcb\x04\xe5\xa4\x1f\xcas\x8aV\
R\xcd\xe84\x97\xc6%\xd9\x99\xect\xc1\xa9\xadp3\
\x0fk\x130lMN,U\x07\x0bd\x1d\x81\xda\x22\
\xfeh:\xae\xe2\xbe\xb1|%\x8d\xa9\xceu`\xa0\xb5\
\xeb\xc8N\x0b\xe4\xa0\x87\x14\x8a,\x05yd\x1f:3\
\x8f\x5cFq7R\xc3\xcb\xfe=\x88\xc1P\xc8\xc0\xf7\
*\xb6J\xcd\x1d\x05\xa8\x0c}\x96\xa2\x86\x9aC\x1e#\
\x17\x1e\xe0\xaac\x19Z\x08R\x09\xb8 \xa1\xb8\xa7`\
-\x05/\x9aJ\x84\xab\xaa\xb1\xfcf\x94)8\x7f\xd0\
\x997A\xa5\xc6\xbaM\xb6\xa9\xec\xb3\xe3\xb4\xba\xa3\xe7\
\xac\x00\xb17\x0e/\x9c\xb2:T\xf6#?c\xfc\xef\
\x1d\xbe\x84\xbf\x9b\x9d\xaaw\x99a\x0a\xda\xbf\xa7\xa1\xf0\
\xa2\xe5\xbbj,\xbf\xbcc6\x9c\x89\x00\x81\x92\xf4\x16\
q\xb4hSv\x1d\x15\xa0\xa6{\x00u\xa6#\xfa\xb8\
\x9a\x11M\xe3\x91\x00\xb7\xb8-\xae2>j5\x09z\
 \x18\xc8\x96M\x13\x81m\x0d\x13\xf8l\x8f]\xd3\xa7\
3X\xc8lR\xe9;\xee\xe9\x94O\x95\x03\x99\xc5k\
\xa9\x9cm\x81\xa3+\xae6i\xdf\x12`\xe3\xa2\xfda\
\xfe9\xc6\xff\xc1y\xa6\x9c?\xe1\xfc\xff\xec\xbd\x0b|\
\x5cWu..Ysf\x8e'\xb6\x9c\xd7\xb1\x03\xb4\
@J\x9a\xd2i\x93>B\xc9-$\x17AC \xa1\
\x10\xd7B\x22\x01'\x90\x04\x09JC\x5cp\xe4\xc81\
\x8e\xf5\x1a\xcd\xe3hf4zXq\x1c+q\x12\xae\
a\xd4\xe4Z\x04\x0a\x84\x06(N{\xdb\x7f\x09Pn\
\xa5\xb6\x5c\xee?\x14(7\x06\x928\xf2\xe3\x8ct\xf4\
\xb8{\xaf\xbd\xd6\xda\xfb\x8cF\xf2hb\xb9\xb4\xb7\xf9\
\xfdr|4\x8f3\xfb\xb9\xf6z}\xdf\xda\xe1\xbf\xde\
\xf1\x9e1av\x0f\xc9w\xbf\x19\xbd|\xa3\xf8\x88\xb7\
\xc6_\xe3x\xdf\x8a\xaa\xef]'Ym\xbf-)\x22\
\xbe\x1d\xf5/jpV70\xb8\xea\x90\xb4 \xcb\x84\
\x094\x9cr\xbc\xefD'C\xde\xdfG\x8fn\x14\x17\
\xd5\xfbv\xefZ\xc7\xfbn\xf4F\xbf\xee\xdfN\xa6\xab\
j\x9d\x8br\x97\xcaz2\xa8\xc2i\xe9\x8aA\x8fF\
\xf3\xa2\xb6\x06\xddYF\xb4`e'\x82]\xfeHX\
\xa5\x13\xc1\xfb\x9f\xd1E\xd2\xf0\xab^\x9d\x9c\xa9\xc9\x8d\
\xe2\xa2|XWD\xdf\xf3{\x8e\xf7\x0fQo\xc3\xaf\
:\xdeD4\xfd\x92\xe3M\x9a\xdf\xfb[/$_\xf7\
7\xbc\x04\x9f\xaa\xdf\xa8\xde\xc6Y\x07\xd1\xc5\xf1\xe3\xb2\
yz8VZ\x22\xa8\xee\x94\x93\x1e$[\x84\xba\x93\
\xc0\x90\xcf\x1cx\x88\x17@aZ\xc0l2\x5c\xd8P\
\x9a\xd1\x8dP\xa2k\x1d:v\xb2.\x9c\xda8O9\
\x5c\xc7\xca\x02\x02\xbde\x01\xd8\xffk@\x10\x80\xd9\x03\
\xf1\x04\x99\xff\x98\xb3_lt\xbc\x7f\x8c~\xeckN\
\xa5\xdfX\xad\x01\xb0\xcf\xf0\x08\x98\x9b\xf8\xfb2\xde\xfe\
\x8f\xd1_;\xe2x\xff$\x97\xc2?\x05\xb7qc\x83\
\xdc\xe3\x9e\xf5d\xc9\x0a\x92{\xff\x9f\xa3G&\x1d\xef\
{\xf2[\xdf+\xd9\xfc[\x1c\xef\x7fE\xbd\x9a\xcf\xe0\
\xb7\xc4\xd2\xfa\xbdh\xbb\xc4\x87}/z\xe3\xd3\x8e\xf7\
}\xf1\xde\x9d\x01-\x05'\xa6|\x1e\xb1\x81\x14|y\
'\xce\xe2\x03\x07\x80\x82\x12\xdaH'pyU)\x90\
\xac\x0a\x8a\x85\x84\xa0\xfd\xef\xe8h\xe8\xf7\xa2o\xf7\xd7\
\xcb\x1e}u\x8b9\x16\xbc\xd3\xbc\xf5r(\xbe\xfa\xb4\
\xb9\xd3\xc4@\xbd\xd6\xbb\xc5\xc9o\xb72\xdd\xa8\xb4\x88\
.\x0d@'\x06\xb0\xdb\x91\x09r\xd6B>\xf6`\x98\
\x12lm)\xb0\xc0\xd8\x8f\xb0\x99Lw\xb9A*\xde\
P\xc2\x10\x8b\xb9\x98\x03\xee\x00\xa5\x05\xa9\x1a\x1c\xba\xc6\
\x80\xb0\x1es\x14\x8a\x9e\xa6\xa7\xab;\xdb4\xe8US\
luD\xe3\xa19\x00\xbf5`\x8e\x95hLf\xd0\
\xce?b\x05\xab\x1bi\xae\x18\xed\xab\x86\x89C\xe7m\
\xdc\xb5o\x5cQV\x15\xfb\xc6S\x918\x0a\xbei\x16\
\x86X\xba]]\xd1\xb0\x89+\x99\x98\xa9\xce%\xfb>\
\xa3\x04\x13/=_G\x8f\xe0\x81\x13\x14~\x85\x0a3\
O\xbd\xd1\x09\x84\x94M\xa2\x0f\x8cJ\x9bw\x05\x8cN\
\x06\xcc%\x1e\x08\x1d\xa1)u\xe6\xe3\xef\xa5p\xe2\xc0\
\xef\x17U\xf5\xd2\x0b\xf7\xc1!r\x1f\x9eP\xf54\xa2\
\x0a\xeaJ8\xd7z\x0c\xa5\xdd\x07O\xb8\x0f\x17\x95|\
\x84\xccd\xc0?\xd7S\xb5X\xb4\x85\xb2\xa9\xac\xe9\x83\
\xe7r\xb5\xae\xae\x9e\xa0\xaa)\xc4;\xbb\xbb;\xe3v\
g\xbc#\xb9\xc7\xdd\xe3vd;\xf3\x9d\xf9\xee\xc1\xf8\
\xb0]\xff\x9c\xb7\xd6\xc9w\x0ev\x0f\xc7\x87\xe3{\x93\
p\xbag\x87\xf3\xc3\xf9\xc1\xc1\xfcp\x06\x97\xfa\x1aV\
cJ\x8d3(\x5c\x91\xb43I\x95\xc5L\xb5\x1b\x8a\
\x08\x99\xa2\x83\xb4PPnZr\xd6\xbeD\x91\xa6E\
\xd6\x99\x1c\x83{\xa1\xbb\xf7\xe2X\xaa\xd3\xbc\x89J|\
\xac\xc7\x1aB8\x06\x99\xac\x8d\x0e-\xd4\x19\x16\xb7\x10\
\x1c\xf8\x1234\xfeC'\x8f\xeaE\x98\xf5\x890\x96\
\x1d\x83+Nm\xbed\x95\xae,\xcc\xf5T\x98\x9eg\
1\xb6\xbf\x8e\x83\xfd\xfaN\x95\x97B\x15-n\xc7\xb7\
[\xa9n\xdcv\xd3\xe0\x01\x9d\x01z\xae\x19\xe5>\xa6\
\xb3J\xba\x9f\xec\xee0\x88\x0c@\xbb\x14L\x8b8\xcc\
\x9aPXa\xa5\x168\x85\xc0\x00~O(-\xab\xc7\
\xedA:Mh\x81\xb9\xb4\xa5\xc3\xb6\x9b\xea\xe20\xcf\
\xd8\xb4\xcaF!{F\xb6\x00\x9a\xa2\x5cbE\xd4\x8a\
{`\x1cz48\x00\x1a\x93\x1a\xb4\xe3\x8fX\xc1\xba\
\x5c,\xe5Cz,A\xca\xc7\x0a\xda\x0d\xa9\x06\xb4\x8a\
\x22\x9f\xde\xd5\x8d\xce\xafE\xdb7\xba\xdb\x81\xcf\xa4\x0d\
\xb2\x9c\xee\xa6\xeb19\xa2\xe2r\xb7\xf1r\x1b|p\
\xbb\xbb\xddm\x13\xbf8!\xcb\x97\x9d\x03\xb9g\xe0\xf3\
?\x06\xe8\xba\x09\x95-\xf5 ]\xc5\x17\x0e\xba\x8f\xd8\
\xee#\xf0\x8d\x83\xf0\xd9\x07\xe9\xbaA\x15\xafiz\xd0\
x\xf9 |\xf0\x11\xf7\x11\xf7 |\xfbA\xe3y\xf8\
|\xf8%\xfe\xe5\xbb\xe1\x0bm\xeev[\x9f\xe5\xf5p\
\x96oqh\xe575Qx\xb7\xa9\xb9\xbc\xba\xad\x94\
q\xe6\xa7\x91N\xdc%v\xbd]\xe9\xb6_\x8d]o\
/\xbd\xed\x89\xac\xa9\xd4\x8c\xd1I\xb98\x14\x19\xc48\
\xfc\xfco\x1drA\xab\x82@\x9c?9o\x10\xd2\x80\
?-\x16\xe8dVc\x1b\xccb\xdd\x9c\xf7\xaak\x8f\
\xeb\xbb\x8c\xb2\xe4K\x9bS\xb3\xd8\xfa\x02\xd9bF\xe8\
\xc9\xf1X\xd6\x9c@c\x03\x0bn\xa5\xa8\xa4\x8cO\xb9\
\xe0*\xf07\xcb!\xc0Y\xb5\xc3\x9b\x0d\x8f%_\xd9\
\xa8\x9d\xe14\x16}\xe7S\xdc\x02\xd6\x86\x1d\x1c\xed\xd8\
XYC\xcc0\xd3\xca\x19qA\x13\xaf\xfc\x8a\xa4\x93\
\xd3^Jm\xfb\xb3A\xc7\xa8q\x84\xde\xcbE\xb9\x1d\
ct\x12\xa3lK\x11oU(\x98p5\xcbY\xd8\
\xb3J5+h\x87\x8f>\x07\x18\xf6bqlG\xdf\
\x81\xb8g&-\xdbX\x0c\x0b\x0b2$\xb3\xb8\x82}\
\x13\x96\xefd\xcc\x81R2\xf4\x1d$6QRI\x92\
\xae\x1aI\xa4k!\xcd\xe9\x0f- \xc9\x1e\x9e\xf9I\
\x8d\xe8E\xd0\xbdYlH9\x19\x16\xd5\xbeb\x00T\
\xa1|V\x89Q\xfb\x8aVn}\x9f\xb7\xdb\xf1\xfe\xff\
hz\x87\xe3=\x1b\xf5.\xf8\x86\xf3\xf0\xee\x87\xf7y\
\x1b\x1a\xac\x00u\x19c\x09\xa7\xc1\x7f\x87\xd7\x8e\x9a\x94\
Z\x8d\x0a\xfe4M\xc8\xd3\x0c|\x22GW\x9f\xeb\xc9\
\x13\xa1\x88\xed\xdd\xf0/\x8eW\xfb-\xd7\x7f\x85U\xef\
]%\xf9RB7XD[\x16\x9ah\xd2\xc7k\x9c\
\xae\xcavQ\xc0Q\x89\x83\x8c\xfb\xe7\xbfu\xfb\xbe\xed\
\xbb\xfd\xf3'\xdc\xbc\x15\xc0\xc8\x85\xf1\xbby\xba\x86\xb0\
\x96E^\x15K\xf2B\xff\xc3\xca\x13\x8aW\xaa\xd4n\
\xde\xcd\x1bj\xbc\xed]$\xec\x10\xd7\xaf\x7f\xed\xff\xb0\
N\xbe\xc9\xf1~\x10\xf5c\xefv\x5c\xaf\xfe\xd4\xbb-\
\x99=u\x08\x9aK\xab\x82e\xc2\x1c\xba\x8b\xd8m\xa8\
Pg\x80\x1d\x94\x1a\x8b\xbb\xcb\xafy\xd7]\xfb\xee\xda\
\xed\xd7\xfc\x9d\xbb\xdfb\x84\x17\x88L\xc4Xe\xe9\xba\
\x06-a\xfcP\xadnv\x1d4X=\xd2\xab\xf7-\
\xd1\xd0\x9a\xdf\xfdK\xeb\xc7\xc2\xba\xfc\x97\xa8\xbfi\x8b\
hh\xcd\x8f\x9b\xacG\xbc?t\xbc\x1fF\x99\xf3\xd2\
k\x0bW\x95\xee\xe5&\xfcMW\xf9\x9b\xbe\xe7\xe6\xac\
\xeaJ|'nq\xdc\xd7^\xf1\x97\xd6\x8f\xde\xe2\x90\
\xffw\x8e\xb5\x0e]\x1cl6h\xc0\xcb\x0f\x22\xd7\xa6\
\xb4\x16\x12Z\xf6\x93\x1d\xcaws\xac5A\x88\xe5\xe4\
7\x1f\xfd\xd4\xa3\xf7[\xfeo\x7f\xc8qO\xfd\xa8Y\
\xcc\xd8oJ\x22\xb3\x1fEG\xfc?v\xbc\x1fG\xf9\
\xef\xcf\xedv\xfe\xe1\x0f\xac\x1c@\x1cEw\x85\xa1\x9b\
\x82\xbbD\xc2~\xc3\x1b^\xff\xc2\x0f\x7f\xa8\xa68\x07\
A\xf6\x8c\x01 \x02\x1ft\xb3R\x5c\x13\xf6\x9f\xfa\x1f\
P\x8fEv\x94\xd8\xa4c|\x8a\x06\xba\x0c\xc7'0\
\xe1\xf9\x94\x18\x03\x83\xdds\xbd\xb5\x1c[T9`-\
\xe7\xf2\xf4|\xd32\x8a\xf8\xc1\xd3q\x92X3\xd3w\
\xa1\xa6fs\x92\xfcP\xa8\x1a\xad\xac\x9a\xb2\xebU%\
\xa9\x05W\x1eX\xed\xc1\xfe\x90,\xcfh\x8e@\xf3\x0c\
j?\xeax\xff\x1a\xcdH\x97\xdbO\x0cV\xa8w:\
\xde\xff\x89\x8a\xbe{\xcfEKh\x9b>\xe1\xbf;\xf0\
\x8d?\xf1\x9er\xbc\xa3\xd1\xeb\xff\xc0\xf8\xc6\x0f\xe4k\
?\x8d\xee\xdd\xe5x?\x8bz!\xe9\xb6\xd6\xdfP\x8c\
j^\xa8\xc1\xfc\x89\x00\x0b\xd9s\xfem\x81\x9f\xb8\xca\
{\xc4\xf1~\x1e\xddy}\xa5\x0c\xbc*^L\xa5\x09\
%\x1cj\xe0:K\xf3\x81\x88\x03\xbf\x04\xa1\x5c\x0e\x9d\
\xcc\xcbg\xe0\x19\x13\xef\xae\x8a\xd8\x85(\xda\x81\xd3\xa3\
\x8d\x9fB!\x00\xdf\x12\xfd{^t\xe1\xd7\xbd\xfb\x1d\
\xef\x85\xe8\xe8\x90\xecH\xab\x0c\xed\xbe(\xfag9/\
\xb3]A\x16.T\x9e\xb2\xea\x9aB%dN;\xda\
\x9b\x9a\x82\x02\xd88T9\xb9\xb3\xe4\x00N\xe9\xf4\xd3\
$]\x170!\x85\xb9b6\x05\x17\xd1\xfe\xd0\xb5Q\
\xaf\xad\xc5\xa9<\x1f6\xb0\x0fl\x7f\x93\xb7)\x5c\x95\
H\xad\xf7n\x92$b+(\x9f\xa1\xae\x1d\xa8d\x9e\
\xe2:\x88\xfa\x22\xb3\x1f\x5c\xe3\xc3\xaa\xfe]\xb9\xcax\
T3o\x9d\xa2\xdaQe\xf4\x94\x0a\xb5\x96\x196\xf4\
E\xbc\xb1\x17\xb1\xec\xfeM\x1b\x07:,\x13\xc9\x13f\
lD\x04\xd28\xd6J\x0c\x822\x14Nr\xce\x81\xc7\
\xc5\xbeOR\xb6\xbe\xfc\xce\xbe8\xa6z\x14\x15:\xa2\
\x19\xe5\xc7y\xb0t\xe8J\xa2\xe2<\xf4\xc3\xed\xcbc\
\xf6\x9bMO\x05\xdekL\xc6\xb2\x0b\xe4\xa2\x89b\x07\
\x14\xbag\x10\xe9Bl\x16\xaf\x92%b`o\xcf^\
\x0bmq[iG\xc8S%\xdb\xa4*U\x8e\x80\xe9\
\x84\xa9z'\xf8\x93S\x5c\xd3r\x0a3]v\xe71\
\x95/\xa2\x92\xfa\xca\xd5\xb3|\x81\xebY\xbe\x80&\xda\
\xee\xb8z\x82\x02\xa9LQ-KL\xb8\x82\x8c9\xf9\
\xf3*\x11\xef\x94\xcc\x1e\x93\xdf\xeaVMe\x9e\x15\xfc\
\xe4\x1c\xa0\x83\xc8\x19\x97B\x15#v\x9dc:\x99\xe2\
\xc3\xc9\xbd\xc2\xc2\x1c\xc9\xee\x15\x16\xe6\xf0\xe0\xa044\
\xf7fG\x5c[X\x9dIi\x81\x0ev\x8bOvf\
;\xdc=\xee\x9edG\xbcS\xb9\xab\x94\xb7J,\xdd\
[\xfe\xca\xc1\xfcG0#_\x98h\xa6.Q\x0e\x8d\
\xbcr\xee\x11\x0d\x89\x1c\x9e)\x06\xd6\xe8\xe1;\xc9\xc4\
\xad'1\xa7\xb1s\x84\x86_O\x07M\x91\xdd\xb37\
?\xa42O\x07)\xf1\x0a\xb4\xc0\x88\x9e}\xbd\x90\x0b\
2b&\xbf5\xfea+\xb1\x87\xb8d9\xbay\x9c\
5\x10\x85?\x9aP+\x14\x0bD\xc1\xd0\xc6(\xe5n\
\x8eK\x8a\xab;4\xc1Fr\xf6[\xbd\xcb\x9d\xcf~\
\xdc\x1a\xc9\xe9W\xcb\x7f\x87\x9e\xa8\x9eO\xbfV\xb6-\
\xdc\xd2\xc4\x1e\xd9\xf6a\xec\x1a\xf5J\xf7\x94znq\
F\x9a\x1c\x19;?\xb4z\x0b[\xcf\xac9\xdf\xbc\x0a\
he\xd8\xf97:_o\xb6p\x95\xcc3\x03LM\
GM\x0f\x88\xfc\x1e\x14\xfc\xd3*\x12\xd8\x5c\x9e\xc2p\
\x16h\xc6\xd0\xc7<@\xd7\x05d\xcfAkOz*\
\xfe\xcfnG\xffe|\x22\xf0=\xfd\xb4\xb2\x15\xe1\xb0\
%\xc1\xf6Q\xabuOl\xcf\xf2\x7f\xdf\xf1\xee\x14g\
H\xf6\xc7\xce\xbd\xfb\x86\x87\xac\xe1\xe1\xa1\xbd\x83#v\
\xae_\xf1)\xef\xc3\xb1]GY\xc1R:\xed\xde\x87\
idQ\xca\xcc$Q\xa1\xa6v'\xca\xfb\xe7M:\
:\xb1\x8d\xf7$\xec\xdd\xfb,L\xfe\x82\xd9>/V\
 \xa9H\x09u\xf2\xca~{\x92\xaaR\xc2\xae\xe7\xfc\
4-\x81\xb5T\xd6\x92ZIn%\xc5\xb5T'I\
oK\xb9o\x14\xf6\xf3\xd1\x01\x19'\x84\xe51\xb5t\
\x0b(\xcdD\xeb\xf7\xd8-\x9fsv\xddo\x9d\xb5Y\
\xf9\xd4\xfe\xd5\xdb\x84\xef\xdd\xee\x9c\xb5\x95,\xc6l\xd5\
\x84\x95_\xeb\xd5\x8a\x15ku\xe2\x89\xa1\xf4\x07\x98n\
\x5c\x1dq\xec\xe7\x0c\xe3f\x85\xb2\xd0m\xc7\xbbV\xef\
\xe4\xd7\xeb\xd6\x5c\xcd\xbc\xc6i\xdd\xc3.\x90;\x02\x90\
j\x12\x95\xa6\x94\x1d\xb9_h\xef\xbc\xc0\x8a\x8e\xde_\
\xb4\xe7v\xef\xeb\x1c\xee\xda\xdb=b'\xc4.\x95\x1f\
\xda\x87\xaa\xc2:j\xaf\xba\xd4\x19\x17\x99\xd3K\xdeW\
\xdbk\xf2\xdf\xa4\xb6\xbd\xb4\x14{:,\xf3\xec\xd5\xe7\
\xb1:\x9f\xd5Y\xad\xcfn}\x9e\xd3!\xaf\x0f~\xa9\
\x04\xbc\xc0>\xdb\x80\x92\x10P\x1d*9Q\xed*\x8e\
\xd4\x81\xbd\x96\xd6\x8aLMIjN\xc3#\xa8LE\
\xb9l\xb5M\xe2D\xfdI\xea\x98T\xcd\xce\xe3`l\
@u\x0b(t\x95\x08)\xbb\x1a)\xa5\x18\x8fp7\
\xcer\xa4\xc9/l\x84o\xee\xc6'\x1dg\x19(&\
e\xdfnD\xf3\x9e\xe4\xba\xf7E\xd27\xe5$\x1e@\
m\xf9|\x05\xc3\x10\xd7\x03\xa8,\x9f\xc7*r=K\
\xe6z\x1c\x94}\xfb\xce\xfc\x89\xa0\xd6\xb9\xb2\x00^`\
\xbd\xff%\xd6\xc4^\xc2u\xb5{7\xae6\x95\xb3/\
W\xd3q\xec\xccn\xdb\xbb\xf0Ig%\xa5\xb3\x8d\xaa\
\xcd\x1d\xe5\x0c\x0f2IL#E5z\xb1A\xa3L\
\x1d\xb4%\xb8p-\xa42-6<\xf6\x9a\xc5k\xaf\
\xdb\xea\xb8{\xb2\x1dR/-\x1f%\xc9\x0fg\x85R\
k\xbb#\xc9\xbdR\xc3\xed\x1e\x94\xdanG\x16\xc2\xab\
I\xa9\xbcvwKE6)\x94Z\xa1\xc2f\xbd\xcf\
;\xe3-J\x8d\xa4\xe523\x81\x91q\xd7,\x011\
\xc3\x8e}i\x9eo\xde<\xb2\xc7R\x89D}\xa9\xd2\
\xb2SKy{$#\x09\x90N\xb7=\xe4\xbf\xd2\x7f\
\xa5\xa5\xbd\xe7F\xc1\x0a\xd7\xfecw\xd7.k\x09o\
\xd1\x8aYB\x88\xa8\xdb\xde\xbf\xdf}\xccr\x83\xf8l\
vG\xbe\xd2{\xe5\x8e\x83\x96\x99\xf2+\x9e\x95\xed\x03\
\x89\xd7Gr/6\xa6\xdd\x98\xf8VV\xe7\xdc)\xd3\
zd\xcf_\xff5\xf2\xe3a\xc8\x90\x00s\xd2\x95\xeb\
\xd2\xd5\xc2\xc3/\x87\x14H\x1f\xf5w8\xdb\x1f\x89x\
\xc2\x8e\xde\xfe\x88U?\xe9mv\x14\xe0\x1f\xcb\x22\xcd\
B\xdc\x95\x8b#\xa9RJ\xbaH\x85q\xa7rz\xe4\
\x97\xe4\x06\xeaQ\xd7!D\x8dDaT\xe4u\x08S\
\x81\x22\x90\xa0\xa1\xae\xf0\x82=\x81OC\x09\xba\xc0\x9b\
R\x96V\xea1\x9e\x8a\xbf\xc2\xdc\x04\xf6_t8\xb8\
\xf7\xb5\x09\x22\xde\x1dv\x87\x89\xaam\x96\xf7u\x91s\
h\x94\x18\x8d\x8d\x0d\xee\x85\x17\xf6\xe2\xcb\xe7p\x14\xe7\
\x1c\xf6\xfc\xeb\xbb\xa8\x0aQ\xa3\xfa\xafD\x1f\xdd\xf5c\
\x8cNL\xec\x1e{\xefj\xf3\x7fi2\x9b\x8ep\x0a\
e\xd0\xb4|\xedDL1'w\xd1u\x0a\x0c\x03&\
X\xa8\xe5\xa3Y\xd5e\x81,\xc5S\xac\x98\xe9;H\
\x82Y\x07\x94\x9d\xf5*z\xbf\xe2*H\xd5\xa4\xce\xb8\
\xc4\xd1\x1b\x1bS@sh\x92Zm\xfaN4;^\
\x0ee\xa5\xba\xab\xd2\x1aO@\x011u\x9d\x8e)\x0a\
\x87\x94\x22S\xe9X\xed\x0at\x9a\x0aN\xae\x041\xd2\
#\xfd\x98\xbdb\xb3\xe7D\xdfEU\xf4\xbf\x19I\x7f\
\xd70\xed\xf3\x1a>'\xe7;j\xf6\xc2\xf8\xec%\xbd\
!&a\x83\x16\x1d\xd6\xdek\xfe\xd4y\x1c\xf4\xa2_\
wD\xb7\xfe\x0f\xc2\x8f\xee\xea\x80R;\xea*l\x84\
\x09\xe5%\x00\xb8\xfen\xba\xfeT\xac\x93\xed\x09\xfb\xc4\
\xe3\x91\x81/\xde\xea\xba\x87,E2+\x1d\xc1\x13\xcd\
\xe0\xbbW\x1e|\x8a\x0b\xad\xc1~\xb8\xf6\xe8\xe1pG\
\xc6\xc2\x93_\xd5\xe1Q!N\x8e\xb4*\xd5i\x0a\xe5\
{'(\x11\xea\xda+f\x0d&]\x9c\xaa\xf6\xc7>\
\xfc\xc1\xcf\xfdJd{\x0e\x1a3\x04\x0d\xdbGW\xd9\
h\xa9\x92v\x00\x95G\x07r\xc1\x8a\xce=,\xday\
\x11L\xcb\xab8\xf7\xec\x151\xa5\xc2<L\xd7\xf3c\
\x0a\x0d\xf80\xe88\x0f\xa3\xae\x04\x1f\x83L\xeeW\xa9\
\xac\xa3W\x81||\x05\xe4\xf3\xc5\xc4\xc7d\x93\x1fF\
\xed\xee|\xc0\x8d\xa2nt\x17]!\xb5\xe4'pf\
\xfdX\xf1kJ\xd2\xf8c\xd1\xc9\xcb\x1c\xef%H3\
\xbcM\xde4\x1cu\x8eD\xdbC\xdeT\x94?\xf1\x8c\
\x7f\xbes\xcd\xcb\xab\xe5\xbc\x92\xf2Q\xeew\x0f\xee\xb0\
2*a4m\xf0h\xba:_\xf3\xf4\x15\xff\x80O\
\xa9u|\x89\x92\x0d\xc1b\xa0*\xa5\x5c\xe2,Z\xac\
\x8a\xcb\x93\xc5\xc6\x82L\x85\xd4\xbe>q\x86*\x1c\xed\
\xf1h\x83\x18\xd2\xd2\xc1\xf4,\xff\x8e\x95\x94\xeb\x1a\x0d\
WW\x83\xcb\xaa\xae4p{u\xa5\x1d\xb7\xca\x8c\x96\
\x13\xd1-\x1b\xbd\x93\xd1\xfag'\x1d\xf1\xcf\xd3\x1b\xc5\
\x0b\x81\x1a\x9c\xbfH\xedW|\x94&\xc2\x14)B+\
\x9b\x15_\xcc'O\xedq\xef|\xc7;\x15\xdd\xbd\xd5\
\xf1\xbc\xa8\xf7*\xef\x13r\x9e\x9f\xf6?\xe4x\xc5\xe8\
\xff\xbc\xd3i\xfb\xce\x9e\xf0]\x9fr\xef}h_\x9f\
\xeb\xbe\xb7\xcdu;\x9ev\xad\xfa\xe3\xdfp(\x07\x0c\
|\x03B\xab\xe8\x1d\xe8%B\x90hLS\xeb\xaf\xe7\
\xe4 \xf1j\xff@\xff\x80\xd2A\x86\xdc!w\x00\x14\
\x96\xfe\x9e\xfe\x1e\x0cH\x9f\x9c@O\x90M\x1cYs\
\xf8roOo\x0f\x1e\xb9@d\x0ayh\xbb>\xef\
\xb8\xbd\x9f9h\x11\xa2\xd5g\xe8\x0d\xc4\xf8\xf1\xf0\x12\
\xf2\xbb\xf3\xee\xd7\xec\xff\xb83\xdc?\xfc\xe0k\xdc\xfe\
;\xdb\xa4J\xeb\xe9\xf4S4f\x5c\xfb\xc5Ng\xcb\
\xde\x83\xdfH\x87w\xecv\xef{\xf8\xfe\x11\xd7\xbd\xf6\
\xa0k\xf9\x8e\xb7\x9b\x07kRl\x83\xd3\xe8l\xd4\xbc\
N\xdb\xbfHl\x9bM\xa7-\xb1\xd9e\xaaW\xfe\x0d\
~\x9b\xe3MG\xfd\x81q\xc7\x9b\x89\xd6O\x85\xaaC\
\x86<\xbe\xba\x94q\xfe\xe3\x95\x17\x1c\x15\x83p\x93C\
\x0ai\xa9v\xa8\xef\xea\x08\xe4*\x07\xae]U\xce>\
{\xc4\x8c\xf2'y\xaa\xe4\x93\x87L-\x97.Ch\
\xe1Ga\x8c7\x8b\xa9j\x8d\x18\xe5M\xbb\xcaUD\
\xa5Z\xa9'\xb9`\xa0^>\xf2iAm{Vn\
\x0d\xa5\x96\x1f>\xd0Z\x1d\xe5\x87\x17\xab\xae\xfa\xe6\xe1\
\x88\x96\xf3\x8e\xef8\xa7)1t\xda\xda\x11&-\xb5\
\xfd\xfe\x9b\xda\x0e\xea\xf3\x8c\xc8B4G\xb5K@\xbc\
\xa5\x8b[\x07C\xb2\xf6\xa1mV\xb9\xb0\xac\x8c\xc6\xca\
v\x8bs\xecC\xde\xbb\x1d\xcf\x8f\x8a\x1d\x1cYt\x92\
=u\xb1\xe3\xcdF\x9f\xdaH\xc4_s1\xa6]\x86\
_\x9d%+\x17\xda\x95\x06\xcfJ\x1aC\xca\xe2cI\
\xc3\x1c,\xdcq\xc7\x1dV\xe5\xbc\xdb%\xcd\x1c?l\
\x05#\xc8%j@\xbdw\x9e\xd7\xac\xda:\xdej-\
U\x04ZZ\xe3vK\xab\x85\xa5!\x97\xc9\xbf(O\
ln\x17\x0aw\x14Ng\x1b\xb3:Z\x07\x8a\x8b\xba\
\xae\x99\xe0\xa2%p\x0e\xfd\xf2w\x9c\xafF\xbd\x1b\x0e\
8\xde\x9c\x1e\xedg\xaft\xbc\xf9\xe8\xcd\x0d\x0e \xc5\
\xc4\xe9swT\x1e\xba\xcfF\xaf\xf7\xde`~\xfcm\
\xf2\xe3\x0b\xd1\xa9\xeb\x9cbM\xb4]\xe6\x0a\xadt\xb5\
\x9dN\x1a\xb9\xd7\xc8u\x98!8M\xc9\xfa[\xa6\xc4\
+\xac\xb9\xc3\xad\xd6r\xa9\x00\xf6\xe1\xe5's\xb9\xdf\
\xb5\xdb\xda Y\xebZ\xc7\xbd\xe6\xe0A\x8b<\x17\x81\
\xe4\xc7\x80*\xb9\x5c\xa5\x98\x92\x85\xd1\xdaj-\x97\x98\
c\xb7\x1e.\x9dz\x99\xe1U\xe83f\x9a]#\x85\
\x00\xd17\xdee5YN\xca>\xd8\xe6~\xd7\xaa\x94\
\xbe\xb5b\xca\xd0\xe3\xfek\x9dbm\xf4\x8d\x87\x9c\xe2\
\x9a\xd2\x95\xb2\xd9\xff\x1d\xe7\xe0A\xf7\x9a3O8$\
\xd4\xf9\xb6\xa5\xd5\xf9E\xd9\x1f\xa5*\xfca+\xc8\x9b\
_\x22\x14a^\x96^n\xcb\xfd\xae\xa4E{\xd6Y\
\xde\xdaX\xaayH_\x02\x16\xc6\xb2\xcd\x13\x16\x05\x08\
\x94tj\xc5\xcd;\xf8\xd0\xa2\xe9XE\xab\xeb\xf8\xcd\
K\xae\x8daqJ\xa7\xc3\x01\xca(\x22\xca_a\xc1\
\xf6\x15Y\x00\xa1\xca\xc9\x88WP\xbc}\xab\xbf\xde)\
\xd6\x09K\xa5\x18\x12\xfd\xdc\xfc\xa4\x93\xf6B\xe1e\x8b\
\x15\xae\xa0\xa0\xa2*X\xb1r\x9fX{u\xb4\xf2[\
\xbb\xb8+\xde;6\xea\xe9;~J\xdb#\xcf\xca\xba\
\xb24\x937\xfb\xef\x03\xa3d\x9bS\xb4D\xef/\xfa\
'\xf9\xd7\xb6\xcf\x1a\xd6K\xb8C\xbe\xf5\xd7\xc6\xc3V\
\xaa\xb0\xdf\xf5}\x0d\x0e\xe3\xba\xe6\xb3(\xea\xec\xb7\xff\
\xbd\xa5\xff\xa2\xac2\xaa\x90l\xe7D\xc3\xc2Q\xff\xb5\
\xfe\x15\xa6\x06\xef\xed\xf7\xeep\xde\xf8\xec%\x92\xf7\xad\
\xe2v\x1c\xd0\xfa/ji\x1c\x1e\x5c>\xd5j\xaa5\
,\xe9\x09\xd60=A9\xf6o\xcd\x0d\x0ev\xcf\xf8\
\x1bG\xc3\xed\x8dNk\x95ia\xb1\xea\xca\xcb\x1fn\
o\x89HF_\xd2\xfb\xcbY\x05d/(}[\xaa\
\xb5\xe4\xd6\xe6\x08T\xc9Ej\xee\xa4?Gx\x0a\x02\
\x02\xe1\xd3\xfe9N1\x12\x95\xea\xe1eN\xd1\x8e\xfe\
\xb5\x1fYRx4\x8b\xf7ZZ\x96U\xeel\x88\xac\
\xd4\x1a\x08\x91\xa6\xa6E\xba\xc1J\xfc>w\x14\x0a\x9f\
%\x8aY}\x84\xd6\xc1\xee\xad\x83\xcfi\x12\xa35l\
\x16\x95\x90P\xcd!bPHq\xa1\xe3fJ\x99\xaa\
\x94\xdf@\xdf\xa1\x9e\xdb\x9c6\xd4_\xce\x07o6u\
\xdd\x8f\xb3\xae[\x81\x9b\xa9LE7\xb2'8,3\
>n-Ww\xc6V\x1b\xa8\xb86\xbaE\xa8F\xc5\
h\xf4\x83\xb79\xcb\x1dJ\xa8\x8d\x9f\xee\xd8ZR\x1b\
\x1fG\xcd\xab/SvrZ\x0e+\x15[\xe9\xe1\x8b\
\x8f\xcc\xed\x1b\x97\x8b\x97\xd9w\xdcQ\xb8\xa3\xfa\x88Z\
\x0by\x04\xd3\x99\xb2\xd1/aJ \x04\xa9o\xd1\x0a\
\x14\x87\xbe]\xb2\xb8\xb7]\xe9\x14\xcf\x01=\xfc\xbb\xe8\
AUZy[\xd4{\x83y\x9e\x1e\xf5\xaep\x8a\xeb\
\xa2\xff\xcb\xbb\xd8\xd0\xcd\xaft\xdc\xcc\x22\x15\xb4:\x95\
\xbc%\xdc\xadA\xbb\xe8\xf3\x99aH\x91\xbe\x9b\xc3\xb0\
\x8b\xdbm\x0bY\xd5\xad\x0b\xc9\x96/3Kta\x83\
\xae=\xe4v\x7f\xd2\xc2d~\x95E3\xcbl\x0es\
\xbcR\xc5]\x16w\x17j\xb7\x1aC\x153P_9\
{oa\xc8u\xdb\xcf\x9ez3:\x14\xd9{\xc7\xcb\
\xa7\xbdD\xb8W\x9f\xc1\x81B\xb4)\x01\xba\xcb\xeeG\
\x87\x5c\x8b\xcb8\xadY\xaa\xe6/U\x04v\x07\x85\xac\
\x85\x02\x02\xcc]S6\xb1I\x0co7e\xba_\xe1\
mv\xd2\xe3\x91A\x8d\x83E\xdfaI\xd5\x81\x196\
J\x8c\x89\xaf\xbcfp\x97;\xf8I\x0b9l\x149\
\xeb,\xc7\xba\xe7\xb4\xe0kjJ\xa6\x97\x90\xa3fu\
\xe8\x9c\xddQ\xe82&~\xf5\xd9yG\xbb\x22\x1dw\
(\x98D\xc2\x84d-\x96\xe1I\x22\x12[\xa3\x0f\x87\
\x022\xd22$'g\x0f>\xda\xe5Z+\xaa\xa4\x0c\
S{\xfa\xea\xcfY5\x95\xf6\xf8\x12\xa5L*\xb4\xf8\
dA\x8d\xeb\xef\x94\xe2\xc6\xbbZ\xea\xbaK\x9c\xcb\xef\
\x889\x86\xe3\xa6o\x89C\x0d\xf0^\xf3\x0c\xdb\xe1;\
\xd1\xd0\x82\xe9\xc0\xf9\xc2M\xb7\xde\x08\x062\xcegS\
\x19l\xbe\xdc:\xf2<:\xfd\x01GG\xc9\x13_y\
\xe2\x03j\xed)\xc7\xcb\xe94\x82\x8cy\xfc\xd1n\x8c\
\x8d\xa1\xec\xbf\xf5\xab_x\xca\xca\xb0\x81\x0a\xc7\xbb\xc1\
H\xc3&\x86TI\x96\xa9\xb6\x89'J\x1a\xd9\xd7n\
\xff\x80U\xef\xad\xf1\xfe\xc0y\xe2\x03O|e\xe9\xc3\
c\xb1\xaf!e\xaaB4\xde\x04\x13\xb5o\xbd\xe9\x0b\
7\x82Y\x8a\x92\xb1I\x13\x1b\x98w\xf3\xb2\x1c\x9fq\
4\xd0\x07\x82[\x86\x8f\xbf\xdb\xbf\x22\x9a\xbb\xa4\x83k\
qu\xe6\xe0\x80\x92 G\x94\xae\xfd\x85\xaf\xde\xfaT\
\xd0\xeb\x01\xd9o\xb5\x9c\x0d\xa7\xef\xd6\x00N\xa7\xec\xb9\
0!\x0eVts_\xe6\xff\xb2\x134<\x8a\xeb\xa3\
\xca&(Y\xbd\xff\xe5J'\xdd2\xe4\x9a\xa9\xa2*\
\x0b\xc2Z\x84\xaa+\x142Aw\x1b0\xaf\x02\xed\x0c\
\x10r\xf4\xfff\xd8\xa5\xaat\xb1\xb1$\x89\x1f\xe6\x0c\
\x9cG\x1f9q\xecKB\xf5\xce\xaf\x0dGP\xd1\xae\
\xc1\xb7\xfbH\x06\xb1\xe1S\x8b\x8f\xcc*3\xc4\xfei\
\x7f\x84XH\xc0|X@g4+\xa5k\x0aX\xe6\
U\xb3\x90\xc1A>A\x0f\x93I\xd2Cnz\x5c\xac\
\xb8[\x85\xf4\xefk\xe9r19H\xe9\xfb\xf34\x02\
\x08\x8bV\xd79\x09e\x93\x9b\xba\x8f\xae\xd34\x02\x8a\
\x02\xa0\x97G\x00\xfd\xb2\xb5\x06\xb9\x19\xdd\x85\xe4\x08`\
N\xae\x1c\x81\xf7a\xa1$B\x10\xc1\xa1X\xab\xf5R\
\xbe\x13\x8f\xe4\x11\xe8\x8dP\xcck\x9aF \xe8,\x86\
$M\x13C;O#\x80i\xb4\xb2\x04\x84\xdb7n\
yW\x1d24\xda\x95\x19\xa9\xae\xdf\xf4\xf5\xaf[\x81\
\xb4M\xc5S\xd2L\x15\x14u-EzW\x93\xbf\xda\
\x7fv\xf7\x7f\x7f\x8a\xbe\x1db\x03\x12\x02t\x16\xd3\xc6\
\xea;\xc0\xb6\x0a=#\x97\xb0\xbfz\xa3{\xc2z\x99\
\xc6\xf1\xb6VY\xe3\xfe+\xefs\x8a\xf5bS\xd4{\
W\xcbz?\xde\xc5\xfe&\xc7\xf5\xae\xad\xc4H\x8eQ\
V\xa9\x98Fa(\xefX]\x13\xd2\xdf\xec%\x9c\xaa\
L\xeaK\xc2\x1f\xfe\x9cr\xae\xc1j\x9d\x00\xc8\xb4\x82\
iq\x5cs\x1e\xce');no\xbc\xed\x11K\xc3\
\xd1\x09\x8f\xaf\x8b\x09\x04\x85\xa7\x02\xa1\x13\xa6\x1a\x82\xff\
\xb7\xde\xeaz\x9b\xad\xaa\x5c\x06\xf5\xde&1\x0f\xc5\x0d\
\xd1\x9d\x1frn\x89\xa0,\x9f\xd7\xd4\xfe\x05\xe4\x12\xcb\
,\xa6S\x93cz$\x1c<\xd5(\xe9\x0e\xcd(\x00\
v\xba\xca\xd4\xfb\x12>\x1d\x1fL\xb5\x13\x17\x89\x9d9\
\x06\x09\x82\x7f\xa9\xb1$*\xae\xb5\xac\xa0\x98\x13\x8b<\
\x8du\x90\xff\xc6{\x9b\xe1\x01\xbc\xc4)\x9e+\xdde\
\xb2\x9b\xe7F\xb7<\xe8\x14\xcf\x8b\xee\x94\x19\xee\x0bf\
!\xe5>\xb3\xdd%\x1c\x0f\xa5\xdd$bv\x1a\x95>\
\xfa\xe1\xc0\x00\x22\xfb\x7f\xa1P\xbe\xbd\x81\x00~i7\
q\x8c\xca\x0besP\xbd\xd8\x87L5\x09\xe7\xf2\xcf\
\xbdM\xa7\x19\x00\xef\x22?\xb4\xa4~\xd5\xd8\xe0,S\
\xbf{\xa2)\xe8;\xac(zg\xbb{:\xf3e\xf8\
a\x89\xc1\xa8\x94U!\xc0\x13\xbb\xa8\xda\x86b\x05(\
\x14*\x22\xc1\xdb\x1b\xef\x88\xab_&}P\xc1$\x91\
\xa9\x9b\xed\xa9\xb9\xa6\xe6\xacq\xfa \xca\xbd\x06eg\
\xc6\x1e\xce\xbb{\xac\xca}\xe0%\xc0Pwd8n\
\x11\x9d\x5c\x1d(p\x13MY\xe3\xbcG%`\x0dd\
\x01\x9a\xf4\x9e\x5c\xb1oN\xb6\xa2#\xbf7o\x99\xfc\
\x1f\xc4\xbfR\x8e\x14T\x08\x9eL2c\xa0\xfaSv\
g\xdcj\xf9\x83\xd5%\xa6<\x1a^\xb9\xef\xabl\x95\
\xf8 \xff\xe4e-N5\xf9=\x95\x06\x85\x82\xcd^\
&\xb6s\xda\x82\xf6\x17{79\xee\x9e\xe1<\xf3\xb6\
\x8a\xe9v\xb3\xa9,\x95\x08*]~\xa8\xfc\xb2}*\
\x17mg\xdcX.\xb5\xe5\x16-V\x9b\x91e\xc5\xb5\
\xd6\xc1\xbc\xaf\xca\xd6\xc9\xd8\x9dz\xd1\x9e\x06\xa4\x7f\xba\
Z\xb6\xeeHg\x5c\x1d\xf1\x00\xb5\xa4z0\xb3\xacj\
\xe9;\xa4\xb8\x09.df\xaf\xc5\xed\xb47\xdf\x91'\
\x95A\xcb\xb8\xd2\x85\x5c\xf2-}mvQ\xa5\x19\x8e\
\xbb#V5\xe9\xa2\xcbZ8\xa6\xe8j\xb9\xd29\xba\
\xba\xb5y/[\xed\x1c\xd9\xda\x98Y\xc4\xac%\xe4%\
\xa2\xde\x1bZ\x97<\x00\xae\x17*Y\xb9\xc2\xe2+u\
\xfa\xda\x93\xe1L\x19\x87\xc0\xd2\xeeoY\xd24%\xf6\
\xd0\x948\xc0\xa4#\xf2\x07\xa6\xa2\x1cl\xe3\xa1\xdfp\
$\xaf\xc8\xdc\x22\x0e\x16\xf3n\x06\xc5\x08r\xff\xb5\xf7\
Z\x09\xd3'0\xc7\xec2%\xcc\x1e\xf3T\xca!a\
\xbfI\xd2\x0b\xaeA6\x19\x22\x1aT<\xfc\x8a\x05\x8d\
k\x86\x17\xd9%\xa5\xeffU\x96k\x01\xe8\xd2\x14i\
\xda\x18\xe6LO#\x8a\xb5\x97\xae6S\xbb\xae\x85q\
QW\x9b\xcb'\x89O\xf5\xdb\xea\x1f,[\x10\x06.\
h\x09kr\xbfuxX\x98V\xb7y\xd78\xee\xc7\
Z;\xddwZX}\x9eZ\xa0Z\xd5KW\x8f\xea\
\x00\xc9Do\x97\xae\x1e\x17\xbf\x11\x9f\xea\xa7\xebl\x8c\
\xb9\xeal$\xa2l\xe2\x06P\x95\x08\x8d\xc9U\xd0*\
\xb3\x82\x98L\xfa5X\xee4s\xcd\xf7#.U\x90\
\xab\x0b\x96\xb30\x0a[ \x9b\x93\xfa\xa0=\xdao\x11\
\x91\x9eE\xc9\x90\xa5\x9c\x92\xb3\xbc\x12}!4\xe3\xf6\
\xd3\xfe\xab\x97\x5c\xea\x87\xfcz\xa7x~t\xdc\xafq\
\x12\xfdV\x22\xd7\x9b\x8bK6\xcc\x10'\xe8\xd7Q%\
\x11\xb5\x08\xa6\xd8\xc49\xc6&\x8e\x89\x5c;\xc6\xfa\xde\
\x14/\xb3\x13\xbc\xb8N)\x1fUs\xb7*\x8b\x96\xe8\
M$\x12v\xa2\xd7MXg5\xd7K.\x94\x98\xec\
\xf6\xd3\xac\x05\x1e\xbe$RU\xea\x9c\xeb\x7f\x22\xd7o\
\xe5r\xfd\xb9\xbc\xe4 U\xc4\x0a\x5cH\xee\x1c\x9e\xcb\
\xf5<\x97\x1b\x9a\x88\x8b\xdb\x84\xcam \x1a*\x05\x8a\
\x9beT\xe5\x1c\x96a\x85q\x1b\x84\x1f\xcd'\xfa\x13\
\xc2$\xcd\xf5\xba\xde\xdbZ\x5c\x85\xbav\xcd\x1a\xb5\xe5\
*\xd8\xcei\xd6\xd7Riw\xa9sU\x04\xbd\xac\x8a\
\xe6f\x8eIp\x16\xf1i5\x9b*\xe13\x9f\xb3\x98\
\x80\x0d\xd9>\xca)ol\x1d\xca\x05|\xdd\x13\x16\x91\
\xc2\xcdB\xc9$:QAw6\x0b\x0c*<_\xbd\
gyo!k\xa5\x8e\xb9rh\x83\x94;\x12\x9f\xb9\
=\xc8\xf2\x8e\xeaE\x89\xfa\xc0\x81B\xa9\x19\xdb\xd7}\
\xb8\xd2\xc3\x1d\xe4\x11\x17M\xf1bMK\xee\xad\xf6K\
d\xde\x97\x0c.]\xeb\xdc\x1d\xf5\xac\xf1\xa5\xa5\xf9e\
\xdbVW'}2\x5c]<6\x98!com\xac\
\xb8\x99X\xb3\xed\xac\xf1\xbac\xb1\xb1\xca\x92NJ\xc3\
\xaa\xfe&b\x86\xf9\xc5l\xaf\x7fQ\xe5Y2GB\
\xff\xa6+\xa4\xf2\x86\xd6{\x97{\x96S\xbc \xda\xe8\
\xdd\xa0\xbd\xc5[\x85Zv!\x98\xf27\xc9\x9b\x87\xaf\
\x94\x9f\xf0.\x9aZz\xefl\xfd]\xc7\xfb@t\xd7\
\x9d\xa6K\x83\xf9\xb1;\xbb\xedO\xedq\xbb\x96e4\
\xb2\xbd\xd0\xb2\xb6\x8f\xed\xfe\xd9G\x0e\xc8\xe03{%\
\x94\x05\xce\xfe\xa7\x8f~\xd4\xba\xf9CgFc\x0c6\
\xa5\xfay\xf0C-N\x10*SIj\xf1i\x1aw\
d\xb5+.\x98fd\xc9\x0e\xad\xf7%\x89\xd22\x93\
\x18h\xdc\xb2y\x8dU5\xc8pP\x9df8\xed\xc3\
!\xaf.Z\xf8{\x87\xaa\xd9\xf2ZTN\xf03\xb0\
\x1e\xc7>2z\x9a\xf5x\xd7\x98\x93pM\xf3R\x87\
zJ\x8b\xfe\xc4J\x0dU\xadvb\x18f\x8c\x88\x11\
\x84\xfd\x9ess.\xa9\x04\xa8p$\xe9J\xa4\x7f\xea\
\x8c\xb5\x03G-\x94\x84\x9b\xe3L\x06}!\x83#\xe1\
\x96*&b\xce/vv\x8e\xb7\xb4\xb4\x8f\xb7\x8e\x1e\
\xf66\x8d\xfa\x9b\xc6\xbdM\xb2\xb2\xd4\xfeq:t\x1d\
\xf9\xa9\xab\x9d\xf1\xf1\x96\xf0\x96Pqct\xb4\xd5\x81\
\xd1\xabB+< N\x00\xf1#\xce\xb88\x0d\x22R\
\x00\xadu\x8a\x9b\xa2\x7f\xee\xbdJ\xb7\xe8\xca+\x9d\x00\
\x0b9\x89\xb8E\xdeM\xa1\x96\x1b\x80o\xbb\xab\xa1\xe2\
\xe4\x5c\xfb\xe9\x96\xb0\xf6\xf2\xa3\xe9\x22\x1e\xd7\x0b\x8f\xef\
\xd5Th\xa9\xb2aE\x09/\x22*\xf4y\x0e\x0a\x88\
\xbb\xa14\x22q4\xdcy\x01\x80\x1e5X81C\
W\xcawV\xab\xcfvu\x82H\x86\x94tm[\x02\
\x84\x03\x1cU\x04\xcc\xb4\xc7\x9f\x8eT\x9ca\xdc5i\
iw:\xf43\xb3\xa4W\xbc\xcf,\xc6rT\x96\x9a\
\xc1m\xc2\xe1btM,\x0a\x80\xd5\x82\xcf\x8a|\xea\
\xf6PCI\x0e\x03\xce\x1doh5\xaf\xb0\xed\xb7\xb4\
\x84\x11`\xb5\x00\x85\x0a4\x9b\xff\xbc\xb6\xc1\xd0sS\
~F\x80\x9d\xab\x07>\xd5\x83\xb3\xe7I\x9fi\x09\xaa\
]\xddy\x08\xc4\xe8\xc9\xf4d\x10\xd1\xbeh& \x22\
\xdb\x0f\xfd\xeb7\x0b\x05\x81\x93\xc3&'\xc7\xf8\x96H\
\xc5\xbe\xad\xa1I+\xc0\xe3,}\xc7e\x03\x82\x9c\xc7\
\xa0~\xe3\xf05r\x87x\x17\xf9\x17\x98:\xb05\xe9\
\x1c\x19o\x0c\xff\x8d8\xd5\x97\xd8\xcaG\xe4\xff\xa3\x91\
\xc6\xf1#\x07\xc2\xa7\xd9\xccG\x0e7\x86'[\x9d\xc3\
Un\xe9\xc6\xc8\x11\xb1\xa1\x1b[\x22\x0d\x1be\x9bJ\
\xb5n\xd1\xa8\xa0\xfav\xe6\xcf\x8d\xa0\xeav\xe6\xdd\xb6\
]\xdbd\x9d\x92\xa1\xad\xce\xe4\x99\xf1\xdf6\xacns\
\xeb\xa7d\x18\xe6\xa2h\xd7V\xa7\xf8\x8ah\x8b,\xa1\
\xf4\xac8\xe8\x7fp\xa5\xeb_k\x9da4YL\xc6\
?\x17\x884\xd0\xbbke\x08\xb7\xa9v\xe7\x92*\xe1\
tmg\x17\xba\xe6]\xdb\x12y\xb9N\x80\x86KM\
\x1b\x1b3\xbf\xb0\xbf\x9c|\x10(\xeb\xba(\x91l\x01\
\x02\xe2\x98\xf1\x90\xb0\x0f\xf9!%URT7\x5co\
\x96\x12\xf1\x8c5\xe8t\xe5q3e/(\x81j\xd9\
\xcf+c\xad\xf6\xe8\xdf\x8f\xbe}\xf5\x7f\xe5\x90\x172\
\x05\xe4\xa2\x1aX\xc1\x82\xef\xa5\x85NJCt\x05\x0e\
\xe0\x8d-\x0a\xef\xa9\xa88\xeb\x0d\xedW\xb7\x7f\xa7\xa4\
\x10\xf6R\x81\xd1yLqN\xb9\xba\x1e\xfbR\xb1\xe2\
y\xf6\xcbC]\xf6\xf6k-\xb1-\xdf\xe2\x8c^=\
\xfa\x9d\x92\x22\xf1K\x0e\x10\x0e\x9fY,~\xc9\x81\xe7\
i\x81\xa2\xf1\xa3\xd7\x8e\xfes\xf0\xb8\x81\x04\xa3jI\
\xec\x97\xaa\xe5\xce\x95\xde\xf5hn\x93+\x928\x03J\
B\x13%\x03D\x09\xe4<\x98KG\xa4\xf5\xb4\xc8i\
\xb2\xdb\xff\xbe\xfd\xed\xab\xff+\xdb\xe4\x8aTu\xadd\
>\x9f\xe95.\xb9\xd4\xa9\xe2\x06\x05\xd3#g\xf8\xe6\
b\x81H2P\x88\xbe\xc1\x7f\xc5\x92.\xad\xf7_\xec\
\x98\x06\xc4,\x9fu+\xc6\x8d\x1elk\xdb\xf1\xb2r\
\xe9KS.\xec\x87\x0e>\xd4f\x95\xcf\xd3\xa8\x12\x8c\
\xd0\xf6\xd0\xc1\x83\xa5`\x04H\x92\x06S\xad\x8e\xd7\xda\
\x12\x82\x92\xd9\x8be\x7fw\xec\xb0\xea=\xc7{\x93\xf3\
\xd0\x8e\x87\x1e\xb2\x828\xa5`\xa6zY\x94k\x0ay\
.\xda\xda\x00\xf3V\x1e\x07;\xd1|\xfa\x84B-\x8b\
\x10\x07\xb7\xe3\xe0\x8e6+\x15H/hj\xaa \xc1\
pi\x1e*1\x0f\x07\xabB\xd3\xd6\x99.)L,\
|\xa5\x7f\xa1\xb1\x1a\xa7\xbc\x0d\x8e\xdb\xdb}\xe7\x81=\
\x0f\x8ct\x7f\xc6\xedw\x0f\xb4\xbb\xd6w\xbd+\x8c\x83\
l\x9b\xd3\xde>\xda\xde\xbes\xb4\xfd\xd0\xe8\xce\x03\x07\
Fw\x86G\xc5\xe5\xc0\x9d;G#\xaf\x0bU\xe7\xe3\
\xdf\xd9\xf3q\x9d@\x0f\xa0\x13&Y\x9ae\xa97\xdb\
\xc4\xb5\xb69\xdf\xec\x81=:\xe7\x01\x92\xf0\xd8\xccV\
\xa5\xe9\xfa\xd0\x91\xfe\xc0\x08\x07\xcb\xd7`\xe6\x02\x95\x7f\
\xd1\x85``\x12\xa8d\xb7b\xcf\xef\xf9\xac{\xc0\xaa\
\x8a*\x00p\x0d\xee=\xdd\x1f\xa7\xfcj%0g\x89\
\x9c\x92H\xef\x9b8\x9c\xd4\xbcT\xc7\xc4Z`\xa7\x80\
Z\xd0\x19\xfb\x80\xd1!\x90\xdf\x13Mf\xa0K\xdf\x81\
t\xaf\x9b\xa0\x14\xf3\xee\xcf\xba\x0fXU\x11@\xed\xac\
\xaez\xda\xe1\x8d\xee=}\xbd\x03\x1f\xbf\xa7c\xe7\xde\
\xc1\xcf\xf6\xf5\x8b\x9f\xf7bO\x93\xe3i\xdc\xbf6|\
Vqa^[u\xc8\xb7\xf1\x9d\xb0\xe8\xdbGw\x1e\
:\xd0>:\x1a\x1e\x15\x97\x03\x87\x11(\xb2\x92\xdc\xbd\
R\xbf\x9bX'\xe2\xdfW\xca\x02\xc2\xf5\x80e\xbf\xec\
\xcc\xa3\xd2[\xc2\x94\x93o\x90\xce\x96\x5c\xe6\xb8\x06x\
\x15\xf0\x97OX\x81\xfc\xf7\x8e\x9a\xe4\x0a\xe1/\x19\x8d\
\xf8\xb6\xf7\x8e\x95\x81\xbf\x9c\x01\xb0\xb5\x84\xb9\xfc\x89\xd6\
e1G\xf2LA\x5cb\xa49t\x7fz\x95\xe0-\
\xf0\x9dn\x17\xe0-\xb79\xe3a\xfa\x0d.K\xbd\xe8\
\x9b4\x85U![>a\x19EFd:rr\x85\
\xc8\x96\x8c\xb6w\xec\x8e\xb12\xc8\x96\xa5\xbdB\x15;\
V$\x82\xe5O,\xc2f\xe0\x0f\xa7V\x88`1\xf2\
\xf2\xed\xc1O\xaf\x12\x82\x05>\x22v\xcbx\xf8\x8cs\
\x17\x5c\xbfM\x0a\x90\xc6\x1f\x94a\xc6x\xfc\x0a\x87\xaa\
\xca\xcfab\xe7\x92h\x16J'2Jj\xe8)-\
\x94B5\xbfp\xd3\xad7\x19\xa8\x16\x8deij2\
\xefjccK\xaa\x9b\x1cf\xae\xe1\x0dQ\xa32d\
\x19F\xf1\xc4\x93Ol%\x94\x0b :\xd8@\x1c\x0b\
\xdca#\x97W;M\x03G\xa1^\x9e\x0a\xa0^4\
\xd6%\xf8\x13\xf3\x18m)\xe7\xd6\xe1\x04\x9f\x05\xa3\x82\
2D.\x18\xaer\xfbV\xab\xfe\xe7\xde\x1f\xebJ_\
\x13\xda\xb5\x1c\xf8&\xcfk&\xf5\x9f\xc3\xbb\x82\xe1\xbd\
\xfdIB\xcd\xd2\x80\x04\x07\xa9\xc6T\xd5%\x15\xca\x0f\
\x03\x8c[\xc5W\xe9\xfd\xf2`\x83\x93n\xd5\xd8\x990\
\xa7\xcd\x86Pa<-vf\x82Xw\xa5\xff\xb6\xdf\
\x0f\x9b\x00\x1a\xb4[\xcay\xfb\x94z\xc3E\xb9e\xb2\
w\xd7\xd7\x86J\x814\x8b]0\xc1\xd4=\x15j\x92\
p\x12/\x8c\x88\x1a\x9c\x15\x85\xaaA{\xe0t\xa8\x1a\
?f$\xa2IT\xcda@\xd5\xb49}\xad\x1aU\
\x13\xe64\xe0\x10\xa6\x13\x9e\x16U3A\xf4\xc5rl\
z\xf5\xd8\x18P\xf0r\x81\xf4\x10\x8d\x8d\x86\xd8t\xbd\
o\xa8\x14b\xb3\xd8\xa3\x12\x0c\x97\x9ac\x83X\x1b\x8a\
\x00\xd1\xd8T\x82\xb7\xf1c\xe4J\x92c\xd3\xe5\xf6\x1d\
\xb6\xee\x9e\xac\x8e\xc1\xed\xdf\x0ck\xf3\xb5\x1b]\xef\xb7\
\xac\x151\xc75\x5cbBkb\xdeM\xceS\xd1\xc9\
)\xb9e\xda[\x1d\xd7\xdf\xfc\x85/Xf\xbe\xb8\xaa\
n\xcf\xb5\x13k4\xe4\x81\x1dK\x0b\xecX\x92f\xf7\
\xe7\xb7?qDb\xe3\xd7PB\x93\x5c\x89Y\xf8|\
\x96\xbe\x8f\xd3$\xa4\xe3\xe7>\xecz1\xeb\xacR\xb8\
\xc9x\xe5f\xa7\xf8K\xd1\x9d\x1f\xd48\x16J\x87H\
\xbf\x1c\x0cK\x9f\xab6\x04\xe3W\x0c\x7f\x14'\xad\x9d\
1\x0c\x0b$X\xb9Xy#\xe4\xfd6\xf2n\x86\x9c\
\xe2/#L\xbf\xf8\xea\xe8\xf8\x87\x9d\xe2k\xa2o\xbd\
\xdd1\xe1&\x0b\x85\xc0\x97\x7f\x91\x07\xa1)\xe0F\x97\
\xad\xfd\xb0\xf7\x9b\x9a\xa4\x0dg\xf2\xa8\xac]\xb5d\xef\
}K\xbc]\xca\xeb\xf6\xec\x95N5A\xaa\xaaxC\
\xdd=\x1d\xf9\x12N\xbb\x97\x83f\x01\x09\xacU\x0d\x8d\
\xf5\xc7\xc3_\x0c\xd2p\xaf\x91\x82?\xaf\x0b~\x99H\
\x16*\xe9Y&}1\x0bEB5v\xc4\xde\xab\xc1\
\x01g\x83\x1bwdo\xdc\xc8K\xcc\x923\x87\x1d\xeb\
\xfa\x0e\xeb\xde\x96\x22a\xb8\xa0\x1aB\x1b\x86\xfb\xd9\xc9\
B0\x81r\xdf\xa0\xf2\x8d\xc1L\xc6$\xba\xb2x\x09\
v\xc4\xad\xc6\xb7\x9d\x15\x88\x89I+\xb1\xfc\xa1\xf8\xf2\
r\x88.ku.\x89Js\xf4\x0e\xc7\xdd\x13\x80\x0d\
\xd1R(\x97\xe3JK\xa8\x1cF\x05q%)\xbb\xb3\
\xf7\xf4\xf8\x14\xaa=\x8b\x19.:\xd7E\x95\x90\xa5|\
\x18X\x8a\x1d\xc6R\x5c}b\x05w\x84 aX>\
\x0f\xbd\x9a\xd5bY\x86\xf3\x9d\xfd\x9c\xd5;_.\x13\
\x98\x97t\xb9\x05O[\x81\xb6\x86\xbd\xf7ecZV\
\xc0\x84o7\xbe\xd1\xf1\x12\xd1\xd6P\xf1\xa2\xe8\xf5\xde\
\xd5e\xac\xd4q\x99&\xd0*\x9d\xcf1\xa7\xf8\xda\xe8\
6\xf1\xcf\x22j\xe8\x8b\xff\xeb\xca\xe1\x18\xdb\x0c8\x86\
\x0a\x17\x16\x920\x8aIZ)\x1d5\x09\x8a)\xd7\xac\
\x1a\x0eC\x8e`\x84\x9b\xa7\xeflN\xc6^\x8c\xc7\xa0\
O\x82\xd3\xd2\x04>(X\x04x\x1e\xdc\x9f=9$\
\x14\xf3&/\xee\xfc?\xd0SYzc\xa5\x0b\xc0\x8f\
\xfe\xf5\xe2\x95\xb4\xc9\xdf\xe4\x14/\x96 \xd4\x85\x85\xa3\
\xd0\xed\x9f\xb3\x10y\x11\xc7b7v\xf6\x04\x8f\x82\x18\
\x9aN\xfb\xae\xb3\x9bw\xf0\xb02S\x86U;\xe4\xd0\
\xecF\xff\xd3\x8b\xec,\xfc9\x9f\xc5G\x95{\xb9\xcd\
{\xcc\xa9V\xc9u\xfd[\x14\xd8\x82\x0bFC\xb1G\
\x02]\xe4\xcc\x9aNU\x03.f\xf1i\x09\x04[\xc0\
+\xfd\xd0 \x04]\xdcR\xadj?*f{\xd2\xbf\
\xc1\x81\x0aj\x92\xe5\x1b\xfd\xf7\x1d`\xeatPi/\
\xf9\xb5\xf5 \xac7\xc0B\xdc\xc0UVDS\xf7\x8a\
\xff\xe4\xdb\xf4\xd2\x06\xec\x0d\xd0\x8d\xc7\xd4\xd7\xf7v\xec\
\xedPoce\xb9c*\x1b\xf3\x18V3\x80\xd2\x15\
\x1d`:uPu\xaa\x09\xda@\xc7 <\xa4e\xdf\
\x1a\xe7\xcd\x11\xc3\x83\x89\x08\x11\x1c\xdd\x94\xbe\x22\xfc\x22\
c?\xf3D\x09*D\x9d\x02\xd0B\xa3\x087jx\
\x99\xaa\x10!k\x9c_\xa8&\xb5\x88\x06-\xd2\xc5\x85\
\xda\xee},\xaa\xd8\x9e\xee\xfcL$S\x862\xac<\
km0\x8c\xab\x9cl)\xd7\xbes[\xf8\x8c;\xa8\
\x0fm\x8b\xac<\xc8\x1b\x0bx\xdatT\x1d\xb5\xbcC\
\x9fy\xf9,H\xfe\xfa\xc92\x07\xf1P\xe3/\x1er\
\xbbL\xee}\x95Hm! \xce2\x02%V]\xa1\
\x86\xfaI\xef^\xa7\xf8+Be\xfa\xf7\xd2\xe2*\x93\
0\xed\xd6g\xccUx\xb9w\xb1\x82\xab\x5c!\x9d\xb2\
\x975\x00Pe\xdc\xdb\xaf?3\xde\xe0\xa4\xfd\xfa\xf0\
\x8a\x13YV2\x06\xe3\x0fG\xf6\xb9#\xfd\xc3\xe2\xbf\
~(\xf7\xe8B%:u\xed\x85W:\x87;\x87\xf7\
\xf4\xefv\xed\xbb*=g\xc1u\xc8&\xb8\x0c\x8c\x1f\
\xb8\xde\xf9\xa68\xe0\xa1\xf8\x8e8\xdb!\xee=\x81e\
y\x94b\xa6\xef\xea\x10^\xebv\xb9]\xeacJ)\
\x99&%\xce\xb8\x14\xe9I\xaa\x8c\x05\xef\xed#oF\
\x14O\xf1u\xd1\x9b?\xe8\x14/\x89\xfa\xa1\xd63\x83\
\xa99\xb2\xba\xe5 \xa4\xc3\xe6O\x83\x8d\xffU\xb17\
\x8e\xac.f>\x88G\xa9<;\xa7\x84!\xb9q\xb1\
\xc5S\xbc4\xeam\x16Jh\x8b\x1f\x1b\x8fx\xb1F\
\xba\xd9\xe2\xec\x5ca\xbd\x071\x06\xed\x8dN\xf1\xd7\xa2\
\x8d\xa3\xce\xf8\x91\x96H\xe3\x11\xf8\x07\xf7\xcc\xe1\x03N\
\xf1\xf5\x92\xe9.$~a\x93\xf8\x85M\x8dt\x83?\
UE\xdeE\xe8p\xb8\xbd\xd5)\xfez\xb4eT\xe6\
\x91GZ\x8e\xc0?r\x8e.w\x8a\xb1\xe8\xd1\xe7\xe5\
b\x1bmpVPk\x86\xf3\xf4\x16\xe38@\xc3\xd3\
\x84\x1dAj\xday>\x12\x09\xd3\xe1\x22\x9eC\xfc^\
\x09\x9e\x03\xe3\x9b\xc1\xc3\xab\x0e_\x1d\x80O\x0d\xe0\xea\
\xb6'hu\x07\x8a\xdd\x11\x8e\x03\x17\xb3\xbe\xabS(\
\x82\x82\x0ej\xd9f|k\x0e\xe5s/|\xbc\x17{\
1\xcd\x15!`\x9b\x061\x1d\x14\xa3\xe3\xc3\xbfT\x0d\
\x00\x13\xc1\xc4wp\xfa\xeaR\x1e\x8a\xd2#\xe6\xa8\xd7\
\xe6\x980\xa8e\x0dz\x15u\xa2\x04\xd8\xc5\xf8\x0eX\
#\xec\x92\x9c79\x7f1T\x17\xc0z\xb8\x0aP!\
\xbf\xdc\x0f\x1f\xef\xd7\x18\x8f2%\xf4f\xf1\xd5E\x18\
\x0f\xfcy\x15n12\xd5%\xbe\x83\xa13d\x13\x9b\
\xee\x193\xce ^.\x83\xf5\x80a\x86\xbahA\x9c\
\x07F\x18\xb5\x14,\x95\x87<3\x84\xf9\xe0T\xdf\xa5\
\xa4bI\x919\x89\xf9\x88E/\xff\x9b%\xa5F\xc3\
xd\xb2Q\xfd\xb3b\x89\xd1\x0a\x02\xa3\xf1\xc8\x91p\
C\x19\xb91\x0a\x18\x8e\xc6P\xcb\x91\xf1r2\xa4q\
<r\xa4Q\xfdS\xb5\xfch\x05\xf1\xd1xX4\xa0\
\x8c\x14\x19\x1dw\x8e\xb44\x86\x8f\xec\x84_\xe1\xa3K\
H\x13y\x5c\xd5ou\x8a\xbf\x11\x1d\xde\xf6\x0bwv\
-\xab$\x05I\x86`\xdf\x89\xe3\xab\x93\xfb\xf2\x0bz\
\x94\x95\xb5A\x824/\x8d^\xac\x8c\x0dq\xe8\xb7+\
\x06:\x98\xf9\xbb\xe6eA\x92\x0eq\xf2\x91}\xc8\xb7\
\xfe\xe3\x00\x1d\xac2@\x07\xcd\xee\x8eW\xf8RIi\
\xbe\xca\x01\x0e\x01\xe8\xc1\xd5\xed\xdf>\x0b\x00\x87wX\
\xf5?\xf1\xfe\xc4I-\xfe\x0aZ\xf4P\x9e\x97\xda\xac\
\x91\x82\xff9\xb5\xbf\xf8S\xdb\xfe\xcf\xfaWJ\xd4\xb1\
\x12X\x88f\xdc\xa3<\x8d]?X\xe4\xb6\xf9K?\
R1\xc4A\x81\x1b\x96-\x19pp\xc720\x87\xa5\
\x08\xf9\xb9\xa2\x92\x824,\xf3\x89e\x0b\xf0\xb4\x89\xaf\
W\x5cK\x01O\xc4e!\x0c\xb2FS\xc4{\xb7S\
\xfc\xcd\xe8\xedfU\xb1+\xbc\x0dN_\xef\xc0\x9d\xf7\
\xec\xb9gd\xe03}\xfd\xee\x81\x03\xaeu\xa52\x93\
/\xf1\xafp\xaaJi>\x10pJ\xab5R\xce\x99\
\xad\x5c\xddF\xb2\xfe\xe0\xc7\xd5BO\xe0Z\x9d\x8d\x8d\
\x95M\x1bD\xfa+\x8e\xe9\xed\xdc\xc34\x89\x12\xb6\x92\
p\x11@\xdf\x87N\xc1\x9d#\xec\x14\x9c#\x12\x98R\
<M\x1do\xad:\xa6\x88\x19\xfc\xac5\xea\xadwF\
\xdb\x0f\x1c\xda\x099\xda\x00N\x88l\x13/\x8c\x8e\xb6\
\x8f\x86%\x15\xec\xcb\xc9\xc5?\xb0GM\xb2r|\xfe\
\x87\xc8\xc5\xbfg\xef\x80\xca\xc5\xbf\xe4\xb88\xc2\xa7\x0e\
8\xc1\xf4\xf6\xd1\x88Lo?R\xdd\x02\xd1\xe8\xcc_\
\xec\x94~H\xd6\xe2-v\x9b\xcc\xdcZA\x19\xc9\xa5\
\x0a\x92\x07>\xdb\xa5\x94st<\x9e\xe4\x9e\x83\xed\xc2\
Ia=\xc4\xa4\xd6Q\xd3\xe9\xae\x14\xa2\xdb\x89<l\
\xaai\x8b\xb3\xb8T~\x97[1D\xd7,\xban{\
\x9b\x1b\x1d\x7fs\xa4:\xd0l,R\xd5\xda\xf6o\x1b\
uL\x80/\x7f\xa4\x8e\xf7\xa7\xbe\x03\x8e\xe83\x00\xf0\
m{\xf9\xf5@\x0b\x05\xda\x88,\xff\xf4\x9d\xca\xf14\
\x92\xc9\x92b\xb9U\xb4\x84\xb8j\xd3\xe6UZB\x9b\
V\x88\xf2\xbe\xa1\x22\x94\xb7\x94tQ\xccOZY\xdd\
\xd3M~\xd2\xa9n\x127W9\x89\x9b\xaa\x0b\x96\x82\
\xf7\xa4\x02\x81\xc1B`\xf3F\xff\x86*\x03\xc8\x9b\xaa\
\x5c\xd77T\xb9\x077Uw\xc0\xd4{\x8f\x85\xfc\xfb\
\xab\xec\xe3\xfdU\xf6\xf1\xfe*\xfbx\x7fu}\x9c\xdc\
\xe8\xc5\xfc\x90\xd8\xf9^\xac\xc5\x917^(\x22-\xe1\
\xc3\xad\xad\xe1\xc3\xedNk\xeb\xe1Hc\xe8p\x8b\xf8\
c\xa7\xd3\xd2:\x1e\xd9\x12\x92\xefx\xf7{\xf7\xd3{\
\xea\x83\xf2=\xfc\xa0\xfaV\xbd\x17\xdb\xf8\x95\xe8\x95\xde\
mg\x8aWj\x9e\x15e\xa9\x8a{W\x9d\x19\xfe\x0a\
\xff\xb5\xd7;^:zx\x8bS\xbcL\xe6L\x8e:\
O\x8a3\xf4+\xd1\xf6g\xe5\x0b\xadO\xcb7[\x8e\
8\x9e\x1d\xad\x1f\x9fr\xaa\x8a^U\xe6\x93\xe9\xa3\xb7\
MxC\x89_\xe6\xb4\xa4\xcf\x8d+\xe1}+^\x1e\
}:T\xfc-Yu\x8fzvzT\xf0\x22\xe6\xf5\
\xf2\x1e\xdat\x89\x0b\xd9\xb8c\xdf\xd3i=2\x81$\
\xdbEHgf\xae\xab\xa0\xd1 \x01\xce@\xf8\x03$\
\xd72Mz:\xb4\x1cy\xb4P\x06\xc2\x95\x86\xda\xab\
Ig\xb3\xbd\xdb\xc2\x15\xd34\xd7\x8f\x8b3\xfbw\xa3\
C\x97\x9d\x81\x1c\xcee7B\xc9\xbe\xbd-\x98\xd4\x89\
\xb3^%\xe5\xb9\xb1\x8f\xaf\x15\xfb\xf8\xa6\xe8\xb8\xd8\xc7\
\xbf\x0du$\x1fs\xbch\xd4o\x1b\x15}\x9c\xf4\xef\
\x90\xaf\xb6<-?\xd1z\xc4\xf9\xc5k\xfcm\xd5\xc5\
\x9b\xeb=k\xcaI\x87\xab\xf1\x0e\x9fI\xaa\xf9\x80C\
6\xadV\xfdB\x89SH\xe2v\x8f8\xc5\xdf\x91\x22\
\x15d\xceg\xbd\xaf:\xc5\xdf\xd57\xbbw8\xae\xbf\
~\x87L4\xfdya,\xfe\xa9$\xe9q\xeaP\x9b\
\xc1\x1f\x8bc\x812e\xdf\xce@W\x8b\x14\xa7J\xf7\
Y\xfa\xafx\x06S\xe9\xc4'\xbb\xd5\xa7\xfa(3P\
\xa69\xdd#~\xe1gMMq\xfbS\xbd\xae\xb7\xee\
\xa1\x01a\xf5^\xd0\xd4\x94\xbf?K\x812uz[\
8\xf9y2\xd99\xff\xc7\x92\x90\x1a\xa5\x1c\xc9\xee\xf5\
\x85I\xc5T\x84\xcd\xd2\xaa\x0f\xa1\xa5?\x98\x82|7\
UV\xc7\x85\xc4,\xf7\x01\xf1C\x17BZZ\x08\xed\
j\x0a\xd9X\xaa\x22\xbb\xed\x15\x9cx\x8e\xb0\x9b1\xb2\
\x87jX\x1b\xab\xc1\xf0Q3\x82]g\x19\x0f+\xee\
z{Qc\x9ffb\xe5i\x22\xa4U\xa9\x8d5\x01\
U\x1a\x8b\x0a\xaaB)\x85E_\x13w\xf0D\x82Q\
\x99\xbf&Z\xd0S\xd2.\x9a\x86\x98B\x16\xe5\xe2\x8b\
\x00\xdbB\x05I\xc0\xb3\xd55EY\x98\x8a\x97\xa8\x08\
~\x13\xf1J\x0e\xde\xcda\xe6\x80E\x866C\x85\xed\
D\x1c\xcbiL3\xb0\xae\xc8\xf8\x8e\xa2\x92\x94\x85\x1e\
T\x9a\xa6Y}\x12w\xfd\xbd\x98\x940\xcb\xe9\x09\xea\
\x8e\x0a\x91hD\x96Z\xceEN\x1e\x9b\xa6T|L\
h\xc0;x\x22\xaai\xb6\xbe\x1dP\x93\x84\x8fc[\
\xa1Fcicc\xf9\x9c\x89Q\x0fQYG\xd9\xac\
\x04_'p\xc1\xb9t\x0d\xcb\x0d/\xdf\xcd\xd15D\
u\x01\x19\xc3k\xe7\x134\x5c\x14\xf2U\x871\xdd\x0d\
\xc0\x10aS\xea\x18\xf9+\xee\xfa\xfb1'2\xcc\xd9\
\x91a\xa6T\x0e\x136G\x9b?\x08\xce#\x98K\xe9\
\xd7\xc4]\x7f\xbf\xfe\x09\xdb\xfc5\xd1\x82\x81\x92v\xd1\
\xde\xc2\xc4\xd9D~\x11\x08]t6gt?\x03\xbf\
\xed\x1aC\x94\x82W\x12\xc60\xe2\xb0\xc2\x00\x13(\xda\
\xce\xe5\x91]$\xcczWp\xae\xe4\xfc\x0d\xa0\xf6\x1d\
f=\x5c\xdc\xf5\xf6\x97,\x01\xbaS\x8eq\x03\x00\x89\
g\x86z\x1a\x0c\xf7D\xf3\xe2\xa5'\xf6m\xbf^\xa6\
\xb6\xbe\xedQ\x93T\xb2\xb6\xd5\xdd4\x0eS<a\xe2\
\xee}\xae\x10\xc9\x1b(\x07\x0d\xcb\x18\x9b\x0c2\x0c\x0a\
)c#&\xd0\x80\x08\xd0(\xd8\x8fe\x9d\xaa\xbcg\
\xe9\xee\xc4=\x96\xc9\xeb\x0e\x8e\x85\x97\xe4e\x06\xb9\xe0\
\xedt2\x9d\xb5p^\xce\xe3jX\xf5\x5c/\xeb\x1c\
\xb9\xcb\x1fH\x0f\x90s\x91M\xa6\x8a\xfcb\xd2\xa6q\
\xaa\xf1\xc4U\xf5k\x03\xe9\x07\x12\xe2 \xa9\x07\xee\x97\
z\xd5\x99\xb1}j,\xb2\xa2\xa3\xd6n\xc4\xcf\xbe\xa4\
\x06C\x5c^\x92\xecg\xf7$z\xd2\x96\xb7\xe9r'\
\x1d!\x84-\xd9\xe7\x95x\x1b\xab\xf24\xf6\x0d\xe4\x1e\
 \xc4\xe59\xe4~\x82qW\x1d?O~&\xdb\x97\
\xb4\xe0\x84\xda\xad\xb0\x9b\xb2\xe19h\xb4\x9d\xbb\xa7\xaf\
\xc7z\xed\x13J\x7fL%\xd3\xcc\xe5\xaa\xae\x13f\x91\
\xb9d \xdb\xa5\xa9\x04a\x8bh\xdf`\x92-\xb0'\
1\x12d\xcc\xbc\xd3\x15f\xc1c=\x98\xdd\xdf\xff\xc5\
\xe1l_*e\xa1\xaf\xe8\x84Bz6S\xba\xb2t\
X\xec\xd9\x13OX\x07ou\x12f\x22\x0bq\xe3\xf4\
\xe3UQ_\x85\x08:\x0e\x00\xdb\x5c~D\xba\xc4\xa3\
\xe8\xd4\xd9+\xafD\xd6/}H\x99L:\xd9\xf9\xc1\
\xee\xed\x04\x91\xf1\xd1\xcf\x94\xec\x85\x87\xf6Ra\xc1\x18\
A\xc0}\x92;\xde[\xbd\xcb\x9d\xee\xe4\xae\xde\x0fv\
&\xd3\x99\x0c\xfd\x08>\xb9\xb0W\xff\xa8=2\x92\xcf\
Y\xa8*\xac!\xd0\x80|\x5c\xbf\xd1~\x8a\xd0\xd0\xf0\
\xc0\x023\xee\xa0H\x9a\x8f\x0a\x0c\xb7n\x0e\xdb\xab\xa4\
\x87}\xdb\x84\x93\x0bD\xb40\xae\xd0\x8bWE\xdc\xe7\
s\xa8\xc7\x87Cx\xcf\x1eK\x8f5\x0c{3OC\
\x93\x9dJ\xf5e\x87\xbf8\xf8\x88\xa5\x87\x15\xc6>\xdb\
\xcf\x8a\x0f\x83z\x01\xe9\x1f\xa2\xe3\xfdI\xff\x15Nw\
\xdf=\xa2\xef\xaa\xaaD\x9dZ\x83\x05t\x96\xbe@P\
\x8b\xa4X\xa9\x96\x92\x1fj\xf5\xc2:\x86\x15MI\xfe\
\xf6\x03\xb9\xc1>5\x86.\xfa\xd3N#\xc6\xc8KR\
a\x00\x80\x93\xbf|\x10<w\xff\xc0\x81\xee\xe60\xba\
\xb3F%\xe5,\xdb\xdd|bd\x0f.\x03\x18M\xb9\
\x0c(\xd1\xff\x84\x5ck\xa9d\xdf\x07\x87w\xf5\xf7H\
\x89\xe9\x07\xa3\x8euh\x8aS\x12\x92\xaa|\x19\x5c\xcb\
_8\x88\xb5`\xd3\xd9E\x9b\x0dKx\x05h\x01\xd0\
\x88\x08V\xde\xaa\x8bqp\x90\x1e\xe0fM&\xaey\
\xcd\xd0\xab\x19s\xc06\x91}\xccv\xf7\xef\x1a\xfe`\
_2\x95\xa1I%4C\x81;=f\xef\x19I\xe4\
-\xef=\xfe\xe5J\xbe$007\xa7\x92\xe0\x96\xdd\
V\xf1\xdc\x9e\x11K?\x0a\x16\xe3^\xfc[\x1e&\xa9\
L6\xfd\xc5\xce\xfd\xbd\x83(\xda\x14\x9dOe+\xfd\
\xad\xb79\xc9\xc1\xde\xfd\x9d_Lg3B\xdc(\x0c\
\x88x\xf2^\xb5\xe4y\xe6\xec\x91=9\xc6o\xfa\xcc\
:Bx{\xbd\xf9\xc8\xad\xab\x0e\x839>\x16\xe6\xe8\
\x8b\x12Z\xdek\xb4\x0b\xdbI2,g\xdf\xfe=Y\
\x18R\xfa\xdb\x08\xbfq\x9c\x03\x0c'X\x1d\xd0w\xa7\
\xe4bY+\x7f\x17\x94\x8bsX\xeb<\x87\xb1|\xeb\
\xe0\x90X\x8fuY\xce\xe8\x13m\xd7\x04\xdb\xac#]\
\x1e>j\xdc\xc9\xa7\xa9K\xc9\x1ba|\x9a\xc6\xed\xb8\
g\xfe\x89\xb6\xfaG\xbd\x8cZH\xb0Sp\x07]\x86\
\xce\x97\x0c\xc8\x09\x8e\xeb\x1c\x07\x192\x855]\xce\xe8\
\x13m\xd7\xac\x9as\x9c4Z\x85\xf2\xd2w\xf2i\xea\
R\xf2\xc64>\x0d\x1f '\xfa\xcc?\xd1>\xe2\xb5\
9\x0aq\xc4P\xa5\xb1\x8e\xbd\x1d{\x09\xce$?}\
\x0ck\x01\x11\xc8I~\xb0C\xfc\xc7\xe8\xa3&\xf5\xb6\
\xdd\xabX@\x12\xc38\x5c\xb0\xdbN\x09\xfb:\x07\xb1\
\xa7\x0cU\xddUW\xf1Jj0\x81\x87\xa8xi\x18\
\xe7z\xad\xdc5\x9f\xf2k\x9c\x91N\x0bcV3\xda\
\xdc\x10\xa6~\x00!%\x9b\xa8PT\x166\xdf5`\
T\xcbw*\xee\xa2\x9e\x0e\xf2\xc3C\xf3\xc3\xd6\x05\xb4\
\x12x\xeb\xabN\x9d\x04\xe9}\x1c\xd0\xc4/\x81\xa7\xe2\
%\x10D\xe2\x95N%V\xde\xb9\xc7\xc1sVB\xf8\
p\xc8\xc5mB\x8c\x8d\x1a$BrM4)\x5c\x17\
\xa1\xbc\x16c\xbf\x96\xea\x99\xdd\xaf\x90z\xb9N\x5c|\
 9\xc5\xa8u'\xa0\x13)\x82V\x22\xc0RX^\
\xddb@\x7f\xe4$r\x09X\xa4\xa4byL\xe5\xc5\
N\x99\x8a\xe6\xb9\x92\x8e\xd8y\x17\xad\xb45\x0a\x93\x89\
\x8a\xc0\xc8\xb0\xd5\x09S.\xb1\x0d\x00D\xae\x87\xf3\xbe\
\x1eN_\xf1\xca\xb0:_>\xbf\xc5)^!\xa4\xe6\
\xc7<a\x1e(j\x19\x83\x08F\xac\x90\x146}\x96\
\xedE\x1d\xfb\x99\xd1\x10M\xd6\x16\x84\xed\xe4\xf6\xb8\x94\
\xcf\xab\xdd'3\x1c;\x9da\xedP<)\x0e/\xc6\
\x03\xae\x19\x82\xae\xda\xe4\xa7\x9aF\xbd7\xae\x86\x95<\
Z!s\xc9\xe6\xa4skZ\xa9\xff\x94:\x5c>\xaa\
jDJ\xcb3\xc9\xd7u\xd4\xa88\xa9\xcd\xe1\xd2\x8e\
\x1a\x8c\xb6sR\x02Y\xac\x0aM\x89xZ>\xac\xe4\
BN\x95\xefU\xf9N\xc5\xa9\x042\xfb=f\x91q\
\xd0\xd6\xb7\xa8H\x88\x9fu\x07\xdc\x014\xb8\xc2\x9c\x89\
b\xb19f\xb1M\xa6\x1d!\xe2\xf1\xb9\x0c\xbb\x19\xc6\
\x90\xd0\xa8\xb6\x89\xe8{j\x99\x91N\xbc+\xc7\xd83\
\xa8\xb0\xb1`\x9b\xdc\xab\xc3\xb6\xfa\x07\x9d\x1bk\xf1\x07\
\x86\xe8\x1a\x81\x17&\xb0\xfe\x16\x96s\xd3w\x8a\xcf\xa2\
\x80kM\x0c\x9b\x5ca!V\x0fx\x9b\xc8N\x0f\x1a\
\x1d\xc6\x0fQ\xc8\x1a\xa2\xd1F\xe0\xd9.\x1fy^I\
,W\xad\x1ct\x02tSq:M\xc4#\x9a\x9a\xc1\
Q\x83\xb7\xd6*\xae\x9bf,46\x07\x8dX\xcb6\
\x15\x80\x7ff0\x12\xdaEWp\x86\x9cB,v'\
]g\xc0Eb\x0a\xc7D\x8a\xbd\x8a8A\x8a\x9fe\
\xd2\xa9&.ZUL\xb4/\x91\xebR\x86q7%\
\xa2H\x17\x13Tc\xc9&\xb29+\xa7\xab_#\xc4\
[\xee\x05;7d\xb9T\x0a\x9d\xddd5D\x1f\xf2\
k\xdb\x1c\xd3@d\xdd\xd2\xd08I\x07es \x9b\
\x1eN\xd3\x115\xcf\xd0\xf3\x85&\xca\xe6\xefw\x93\xfd\
d\x08\xd8j)\x11\xaf\x94\xc4\x22\xdb\xf1\x81d\xd6\x22\
i\x8c\x80\xadBP\x7f\x96\x86\xaa\xa1\xdf>z\xa9\x93\
\xcd\x22\xfa5H\xb3\x8dK\x01\xfc\xd5\x05s}\xc8\x82\
\x8a\xd9\xfe^I\xa5\xe5q]D\xe51\xf5\x88-\xe4\
\xde\x146\x13X\x16u\x92\x1d\xb5Ek\xc7\x86\xc6\xac\
\xef\x84i\x93\x0c\x1a\xba!\xec\x8cr\x9b\xda\x93;\x9c\
t.1d\x99\x0e\xb0Y\xb5y\x0bz|\xecd.\
\x99\xa0\x86xX\x5cP\xcen\xb3\xe1\xeaJt\xa5\xab\
\xab/XU\xbc\xffo\xbdz\xca\x1f\x0d\xe1td\x83\
\xda\xbe\xafH\xc9\x9b\xd1<O&1\xed0\x15H\xab\
\xc5\xf9\x8b\xab%`\x08dO~\xa7\xb7\xdf\xb5(?\
G\xfb!aY\x0e+\xc3\x99\x1c\x0bY4V\xd9L\
\xed'\x13u\xa2I\xb7\xd3\xfe\xe4\xa5\x8e\xc9M\xc3\x19\
\xf2\xda\xa8D\x1b1h9\xaei\x0aD3K\xdc:\
\x06\xb1\x99\xc1JCTp\x8b\xcdJ*\x0e\x8f\xd9\xa8\
\xd2\x15\x94\xec\xeb\xccXf@\xc3\xc3\xdd\xd8\xe9\xda\xbd\
n\xb6\xd7\xca\xe1\x9b!ul\x15\xb4\xe0\xb5\xf3=\x16\
\x97q\x1f\xebKS\x05qI\xf9\xf18\xe8\x0aC^\
\xd2)\xbe!z\xf2\xbf;\xc5\xdf\x8bz\xd7\xf92t\
\x0aD}}\x8b\xf8\xaf\xd3\xa9\x94}\xd3M;\x0ej\
\xc6#3\x14\xe6V\x1fr\xa5<`\xfb\xd06k\xb9\
z\xda\xf6\x91#\xd6\xb2\xd9\xbe\xf5\xde\x1f\x8a\xee\x94\xcf\
\xb7\xb3w\xddo\x99\xe7\x05}B\x0c\xe2\xb5\x98_E\
\xba\xc4\xe2|,\xd2= \xcf\xab\xef\x1eK\xab\x08\xa9\
n\x1c\x0c\xb9&G\xfcMj\xb8;\xd1s\xe1M\xc8\
@\xc9\xb4\x8cG(\x15\xc1F\xe8\xa7\xcc\xdck\x0e\xc3\
\xf2\x85\x8d\x18\x93\x11\x8b\xb0\x0c\xab\xa0\x0a\x00\xe0&\xcc\
\x09\x1f\xb6G\xbcMD\xde\x16e\xdf\xc8Z\xac\xd2\xaa\
\xaa\xb1\x1aw`k\x85\x08we\xfb\xbbRN&\xb2\
\x12\xd7/{\xd9\xe5B\xf9N\x98\xddK8\x8b9\x05\
\xfa\xb8\xef\xdeK]\x8b\x144\x1f\xcfs\xc5qb\x07\
\xd7\xd5\xbf\xfa\xefp\x8ao,]l\xbf\xec_T\x1d\
H|[\x00\xb1_=\xb0\xe8\x10\xb3\x09TG}u\
\x9ax\xb3}\xe8PdUQ\xb7\xdb\x0e\x85WP\x93\
|\xc4K:\xa4G\x81I\xeeO`\xbd^\xc5\x0f\xa3\
\xef@0\x9db\xae2p4\xcb\x95-\xe7\xb7\x13\xcf\
9O\x02\xf8\xe4\x9a\xeeA\x95\xd8\xc3\x95-\xf6\x93\xdf\
\xacr^qe\xf7\xc0\x9a\xee\xa1\x98\x90\xec\x95\x8d\xf8\
\x86a{\x8f\x5c\xd9\xa4\x07\x8ce\x06\xb5\xa6f\xa7\x1f\
\xb0\xdca\x5c\x976\xcb\xf7\xa5\xf3\x12\xbf\x13.\x9f\xae\
i\xef\xff\x94e*\x89\xf4\x09\xb1\x07\xfd\xd7m<\xe6\
\xde{\x9f\x95 \x85\x1dB\xb4>%\x01\x5c[]\xfe\
Y2\x22u\xcb\x10\xa4\xd8\x84 \x87\xe5\x9d\xafw\x8a\
W\x0a\xc3\xec\x13\xde\xaf\xca\x1b\xff2\xef\x97\x9c\xd5\xee\
\xdbd\xf8\xdf\xd5l\x8f\xb49#\xfeEtZ\xf9\xb8\
\xed\x12\xa4\x9ap @\x99\xae|t\xaa\xf1m\x0e\x9b\
.p\xa3X@\x1d\xab\xb4u\xf8\xc4\x1c\xf1\x91\xca\x00\
\x84wQIv?\x0e_\x8e\xae\xbe,\xcc\x82\xd9\x88\
w\x9a\xabA1X'\xe8\xca.r\xb5\x02\x8e\xfe\x95\
\x94p\xf5\xc3\xde\xdd\xce\x199*\xec\x03\xbe\x1dfQ\
\xcbb\xaa$\xd5\x9a\xd0|9\xd4]d\x17\xf7\xe8.\
\xa2\xe8\xc7\xb1\xc9\xd15\x04\xb5gT\x82\xe7\x9df\x82\
\xa7*l\x90\xa0k-2:a\x17{\xdf{\xc0\xed\
\xffz\xf5\xa7RCx\xb5\xcfio\xdd}\xcerg\
\xd4j\x9c\x89\xcf\xf9\xbf\xe6\x1cl{\xe8\xe0R\xd5M\
*\xc5\x8ej\xa4\xb6\x84\xe5\xb4\xed8\xb8\x03I\xa05\
 \xad\x1c\xda\xb4\x02:\x1cqF\x09Mi\xc7\xc1\xb6\
6\xb5\x13\xd5\xd9\xb9\xe8\x13\xa9Lz\x91\x9e\xc5\xd5M\
\x1ezh\xc7C\xd6r\x9f(\xd7\xfb\x8c\xd2>S\xf6\
\x99\xdb\x16gK\x83Z\xfd\xb5:\xd6\xee\xacd\xf3\xed\
\x91\x92R\xad\x12\x1f7}b\x11\xa2A9a\x19+\
\xa8\x02x\xcdgA\x8c\xfch\xec\x0c\xee;NC\xf8\
\x8e\x1e\x1eHR\x93\xceC\xbb~\xd4\xbb\xd7y\x7f$\
N\xd6b\x01#\xbef\xae\xc7\x0c$\xabr\xb2\x9d=\
\xf2\x1bj%\xec\x11\xcf\x93S|\x0a\xe0\x13E\xc5\xb1\
\x0c\x0b$F!\xe2s@*\x8a\xb9\x84;\xf5\x8e\x5c\
YCp\x80\x0e\x11\x17\x9e|u-Z\x98#\xf6\xc8\
\xcf\xd4\x12\xce#\xfd\x85\x05\xa9\x02\x96\xf4\x11`\xb2\xd7\
\x84\x14\x17T\xff\xc1\x1eYYq\x89+\x91G\xa3\xab\
_Q\xcf\xc5\xf1k\xaa\x10\x08\xach\x18=\xd6\x09B\
\xbc\xb6k'\x9a\xbb\x95\x00{_\xb8\x9b\xb2\xe3\x98{\
c\x86\xfd\xb9\xfan\x0e\xeb\xaf\xba\xdd\xf6\xe8\xcd\xce\x97\
#\x95VF\xb0\xbf\x06[s-\xf7g-9ik\
\xd6a\x82\xc8B\xcdzJ\xfe\x01w\xb6\xfdl\xe5\x89\
\xbe]\x11\xffSb\xc7t\x85\xc94W\x95\xe8&\x9a\
\xcaS\x91\x10Q\x09~{\xcfoX\x9a \x1c\x8b\xdd\
\xcf`\xdaI\xaf\xba\xc6qL\xa6U\x1enX\xdd\xc5\
\xf1\x87f\xc0g\xa3\xae\xb3`oO\x18\xaev{\xcf\
\xcfJ\x98;\x09\x93[\xca\x14\xa2\xde@\x14\xa3\xab\x16\
\xb3\x7f\xd5\xcaj\xbbx\xb7\x85WT\xcaD\xd6\x5c\xff\
\xf7\xb0\xdc\x0e\x0d;\xab\xbc\x86\xfc\xb6\x15\xacg\xef\x8e\
\x06\xe7\x92\xc8\x99\xca\x84\xb7\xa7\x22\xf5\xde=\xc2 \xeb\
\xbbY\xd3\xf5\xafE@\xee\x00)\xb9Z\xddUI\x01\
F~f\x86\xae\xa7d\xad\x9b\x85\xe3\xf2\xf7\xbb\xfdK\
5]?\x06\x1d\xfaR})LY58~\x17\xe5\
\xfc\xa6M\xe2\xfe\xb7\x04\x89\xfb\xc5\xdbT\xb2L\x97\xc5\
\xae\xe5\xe2e\xd2\xe8\xcd\xf4e03\xa3\x8e\x9c\xfb\xb6\
wiwD5\x0c\x1a\x99\xe6\x8cX\xb8\xfaD\xb6\xcb\
\xa1B\xf3nNf\xb7\xaa\x1dzJ2\xe8\xb8}_\
\xb6\xea\xbdw\xfd\x83\x93\xa0\x00\xe3\x02d@\xaeQa\
9*.\x86\xbf<\xea_\xf0\x0f\xde\x05\xa3\x085\xcb\
\xc0[9\xf8\x18_kbc\xb9\x94=\xd9h\xe5R\
\x19J\xee\xf2\x8d\xa0\xc1,\xbb&\xeb\xbdk\xbd\x9b\x9c\
\x7fl\xb4\x8c\xa4Y\x95\x0c,f\xd4M\xbbi\x8c5\
-0b_\x8e\xe1[\xdek\x19\xd4\xeb\xea\xa3\x8a\x81\
\x9d\x1e\x83\xae^\xe4T\x1f\x8dTl\xf4\xfb\xd1\xbf\xf4\
\xa2\xd5Q\xc7\xc1\xaf\xd4\xd2\xf2\x90\xe4\xff}\xd0\x97>\
\xf4\xed\xc3\xc7kPer\xed\xb6\xa4\xd3\xe5G\x97u\
\xb5\xd8o\x8bT\xecm\xf1\xa2\x9da7\xa1\xc0\xf5\x19\
M-9f:=\xcb\x91Q\x93\xc3\x14A\xdd\xaa\x9c\
\x87\xcc&\x9f<b\xd0Ys^\x8fL\x1eVHo\
\xac\xb5\x07\xeb\x82}\xafi*\x0f\xce4\x99\x81\xa2C\
\xf2\xb9\x0d\xdf\xd0\xcc\x97X\xc1\x05\xf0\xe8\x0a\x95\xce5\
y\x084O\xd79]\x94\x9c_V\xac\x08nB\xd6\
\x14\x0b]\x1b=\xeaov\x8a\xffE\xb2(\x7f\xbd:\
\xcfW\xc3\xf2\x12\xe8L\x14.\xae\x10\x006\xa9N\x1d\
N\xc4\xb2\xf4\xd1\xc3wk4=\xf0d\xa4bO\xd5\
\xd1\x8d\xd5\x0e\x0d\x1f\x9b\xb1\xb1Ee\x7fg\xf8\xbc\x9b\
\x8b\xc9\x22O\x93\xab[\xf2\xba!\xbc\x9c9\xc5\xc3\xb1\
R\x0e\xc7\x9b\xfc\x9b\x9c*\xa7kY\x8cWC\xe4L\
;B\x0d\x82{.1!\xbb\xcd\xaa\xc7D\xd3\xa2:\
|\x16\xeb\x15b\xe5t\x97,\xe7\xe5\x91\x7f\xde\xe6v\
'\xdd\xb0\xba\xac\x934iK\xe0\xe8&W\x87b\xd1\
(\x04\x01GK\x83\xaa\x14\xc8\x09|%\x1a\xd4\x0c\xc9\
R5\x90\xe2\xbb\xddv\xfd!\xef\xb13W\x1b}E\
\x85\x0a\xcf\xfc\xc2\xea+7%+\xc5\x14\xbea\xd8I\
\x87\x03%6b\x85\xe5\xeb6L\x86\xab\x22\xd6oX\
\xfe|L/Q\xcd\xcb\x5c@K\x15K\x9c\x5c\x99\x1e\
_\xdd\xd9`\xfb\xef\xf0\xaf\xad\x98q8 \x84+\xb0\
]&\xcf\x0c\xd9pC\xb8\xaa\x12\x10\xa7=\x93\x82\x88\
@\xef\xf1\x8d\xcb\xaaB\xbc\xd4W\xc6\xfc\xb6\xb4\x90K\
sq\x98\xa5\xea\xd0\x9dF\xe3\x9a\x5c\x99e8Y\xb9\
\x12*$\xca\xa3N\xf1\xf7\xa3\xf4\xefh\x97\xe3\xdd\xf6\
\xc9\xf0\xef\xff\xb6\xc5LbP\xd3\xdbv\xdf\xd0r\xaf\
\xfb\xa2\xe5f\x98\x9fJF\xb4\x7f\xff'B\x9d\xbf\xc6\
\xfb3'\xc3\xe9\xc4\x94\x9f\x14\x1f\xa4d!\xb8J\x1d\
Y\xd1\xdb\xdb\xf9\xac\x8at\xe40+\x09t\xd8\x08\xf8\
V\x22\xe4a\x81%\x96\x05\xf33\x8b98\x0b`\xa2\
\x020O\xc6K\x92q\xe5\x96\x02\xc3\xb4\xb9\x9b3b\
\xc45\xcf\xa5\x10(q=\xa5\xf2TRh\xe0\xfb\xb1\
\xc0\xb3]\xc8\xb2H\xc2}\x92\xea/\xc40}\x1br\
\x0a\xedx\xca\xc2\xa4\x8c9\xc8c\x98A\x8b\xa7\x1b\xaf\
\xb2{\xdd\xd0\xbdn;\x1b\xe7@~\x0d\xb6\xb9\xe4\xd9\
,`\xf9\xc5\xa4\x22\x13\xc6/H\xa6\xa5x\xd6\xc2\x07\
\xe2\xc3\xf5\xcf\xc1\x97\xe3:o\xd3N\xc5e\xd1kh\
\x1e4y&V\xfalH\xda\xe4\x0eg1\x9b\xc5\x02\
\xa4\xb9\xcc=I\xe5);\x852N\xf3\x81!\xc5A\
\x86,\x9cxR\xf9J\x13H\x80\xbc\x80\xceW~6\
\xc9\x89\xa41\xad4\xcd\x13M\xb9A;\xdb\xaf\x92:\
hY\x18\x0b%\x8e\xd3\xefq\xbe|F\x8d|\x06\xd3\
\xb6B\x13\x81\xe7\xba\x90E\x93\x85\xfb,\xb9\xf1&\x10\
\xbf\x00\xb1);\x9f\xc1,%\xf9\xbc\xbc\xce\xbb\x1b\xa4\
,A\xd15U\x1fa\xd0N\xe6e\x081B\xebM\
.\xd0\x92g\xf3\x86\xe3\x17\xb3\xd0-\xf8\xc2`\xc2\xee\
OZ\xf80|\xb0\xfe)\xf8b^\xe7\x84\xda\x99\xbc\
\xac\xc3f3b\xc6\x9a(}.\x18\x96\xe6\xde\x80L\
\x97\x19\xf0\x86\xc8\x99\xff\x84\xffnG\xa5\x9c\xde\x87\xcd\
\x22P\x8ey\x11o\xdcW\x92\x17\x5c\x18\xbb/\x08B\
Pw\xf7\xe2\xf0\xeb\xa4\xe7{q\xa9\x9e\xe4\xe4L}\
\x11o\xdc\x8b\xc9\xcf\x9c\x15\xdb\xd4to\xc93\xe1\xee\
>\x5c\x16\x1bT\x0c\xfb\x15\xde\xe7\x9cTo\xa0\x9a\xec\
\xbc*7^\xd0\x84t\x81\x0bR{'U\x85Y\xfa\
\x22$\xe5\xcer\xfa\xca\xac\x99\xc8\x02\xa0D\x05(\xb1\
\x139+\x91\xa3\x946\xd6\xb1\x16X\xefZ\xe0d\xa6\
9\xce\x10\xf7\xb5W\x83Q\xb63\xe2d\x8b\xdb}\xbd\
f\xc1^\xb0\xb4eS\xd2\xc9t\x92k%5-\xd7\
\x0fY\xcc\x170id\xa8S\xed\x87&\xbb\xb7\xcf\x92\
\xe0\xf0\x99\x09nU\xb0\x19\xb3\xac\x17b\xeeUSi\
g\x90\xc7\x09\xca\x0f\xe6\x12\xcc\xa7V\xbb\xa8\xd4\x83\xbe\
CH\x9c\x1eZ*\xc1\xb8t?\xb8\x0c\xda,\x11\x10\
\xf4\xa6\xac8\xe1^\x14y\xa0\xfan\xaf\xba\xba\xbdp\
\x14\xf15\x84\xa3\xa6\xb0\xebv\x7f\x0a\xe1~he\xc0\
\xa9\xcb\xf9S\x1a\x9a7GuB\xb9/Iu5\xfa\
\xa0\x1b\xc5e\xaa\x9a\x0d\xbb\xdeN$\xacD\x82\xa2)\
1\x1a\x87\x19\x1e\x9b\x19&H\x86\xec\xba\x90\xce\xb4\xe6\
;\x0b\xddD\xf9\x8c\xdd\xdfg\x05\xdcj1\xb5$\xb2\
\xe9lz1\xd0\xa8\xa4\x1f\xb8$\xfa\x92}IU\x0c\
[\xf5\x81\x0a|\xdb\xe9^+\x15\xa7VM4\xe9\xec\
\x06\xf3.D\xeb\x96\xf9\x00\xcc;*\xa7\x9a\xcb\xd9\xb9\
\x9c\xae\xfb\x88\xb8fBXqd\xbd\x06AT\xaeJ\
\x9c\xcbj\xab\xef\xb4\xf3\xc1\xb8}\xd9\xf2\x0c\xee\x918\
R\xea\x8b%\xd1\x0f\x9f\xc6\xab\xdb\x0f\x0f\xe8G\x95\xb1\
N\xd1H\xa9M\x90\xb73\xfd\x96\xd9(\x08\xda\xae\xe1\
\x1a\x97\xa5\x17lB\x16\xbe\x925\xfa`\xae\xa8:\xb3\
H\x22,\x09\x84|\x89=\x22\xa1\x01!\xd66-\xb6\
z\xf5\x9d.\xf8Y\xc7\x95B\xf5]\x0d.\x89T\xde\
N\xf7[\xa6cv\x01\xa1k}\xd9\xbe\x00^t\xe9\
~\x88\x1e\x88\x0f\xe3\xa8-L\x18\xbe^\xbb?m\xe5\
S\x18\xa6\xaa\xa1\xf5X\xda\xa05\x9c`^\xd2\x05\x9d\
\xaa.\xba\x9a\xc8I\x99\xa8\x1ce\xc8\x00\xa0\xeb\x0a\x07\
\x06\x8d\xf3%ih\xb34\x1fK\xf6\x03\x8cC\x1e+\
\xa8\xce\x9b\xb1\xf2\x04,\x8c\x11J\x8f\xa7_.\x06c\
i`\x8e\x8b\xf8L\x1ceb\xc6\x0a\xc8v\xb0\x0eU\
\xed\xad\xb1E\x0br\x9e\xda\xa6\x97o\xd6\xe8\xc3\xa2\x05\
_\xcb\xa5\xb1\x00\xaf+\xf6H.\x873\x15\x22yR\
\xba\xb1\xe6h\x8cK\xb7b\x1d\x1e\x12*B\x99\xb2{\
\xd3\x040W[zB-\x09\xb1\xdd\xfb\xf8\x8c\x1a[\
\xa2\x1f\xb8$\x84\x18\xc9\xa27\xb7.6f\xd4O\xef\
\xeb\xb72yj\x15\x9f!%\xc2\xca\xa7u[*\xde\
j\x08\x9f(\x7f(\x91\x9021e\x12C\xcfs\xa1\
\xaeR\x81*\xce\xdc\xa4!x\xa9\x1f\xcb\xcf\x07\xf31\
\xc8\x96\xa7p\x8f\xe4\xf1\x04\x0c\xc9\x12\x02\xc6\xe1\xe0\xf6\
\x1a\x07\x07\x8e\x9a\x8fr1n{k\xfc_U\xc9\xad\
\xbb\xa4RQP\x01$\x95\x8d?\x85\xa1\x06\xbc;!\
O\xa9\x93\x0a\xd5O\xc1z}wL\xd5\x9f,\xec\x82\
~\xec\xc2\xde\xbc\xa4B\xe5\x05\x04\xc6I=\xed\xeb\xdf\
\xb5~t\xc0\xb9\xc2m\xfe\xae\x85h>\x1b\x03U\xf0\
\xc9\xfd\xf0\xcd\xfd\xb8\xa86\xa8\xa9( \xc4^\x85\xb4\
\xf8\xee\x1c9\x10'\x19i1\xc5\xf1\xa2)\x0c\xd1`\
\x03\xc4,\xef\xb2\xfd\xd7\x7f\xcbI\xa5\xdc>%\x0b]\
\x04\x80\xd7\xf0\xfa\x95;\xab\xbb\xc7\xf9\xea\xb57^+\
qE6U\x8f\xab\x89\xa2v6B\xd79\x0c\xb6\xb9\
\x84\xf4[\xcf\x02g\x1d\xaam#t\x05=7\x0aX\
\x12\xd9\xf9\xbc\xff:'\x93\x12v\xde\x9b\x85\xce\x06R\
]\xeb\x0fZ\xee\x97;\x15\xe8\xcc\x08\x9e$Z.\x97\
nG:\x932H|\xa1vb\x88\xfdoeO7\
>\xfb\xca\x9d\x8ctn\xa6\xe2\xf2$\xd5\xe7\xaa>k\
\xe1\xe4\xe5sx\xb9~\x88\x1e\xc0\x89N\xe7\xbb>\xf3\
\xa5\x06\x90\xcfh\x9d\xa0\xbc\xc6\xb0\xa6\xa4.M`;\
\xb2.\xa2v\x22\xc5\x1f\xe6M\x86\xe7\x92\xed\xc84\x06\
\xac\x01\x99zQ\xd9~\xb0NE\x02^j]\xc4\x1d\
D\xfa\xd8\x92\x1b\xb1W\xebuX\xf3\xaf7e\x99\x8d\
\xd2:a9\x8dQ\xeb\x93Z\xcb4\xfa\xb0H\x8d\xd7\
\xfa\xaa\xd4_\xe9\x94\xaee\xb1UF\xf35\xf4\xe2r\
Z3\xe9\xd4\xf1\x8c\xd4\xb2\xb5\xce\xad\xf5p\xa5\x95\xcf\
i\x17O\xb9~\xa0\x88\x04m\x9fu\x7f\x83C_X\
\x07\x99\xb8\xb6\x17\xca[\x13\xda\xd6(k\x89\xa0\x9d\xa2\
N\xe9\x94I\x0aQ\xcb%pK\x07\x0d\xe4\xb2i\x1d\
\xcdq9\xa4\xa5\xe7\x83\xdc\xfa\xd0\xf2\x14\xee\x91\xb8\x96\
\xb9\xbdK\xaa\xf0Zv+Y\xae\xa4\xba\xd6\x1f\xb4\xdc\
/w*\xd0\x99\x11<I\xb4=W\xba\xe0\xe9LJ\
!\xb1\x92\xd2\xe0}v~\x96=\xdd\xf8\xec+w2\
\xd2\xb9\x99\xc9\xcb\x93\xd4\x8c\x89\xd3Y\x0b'\xaf\x09\xe7\
X\xb2\x1f\xa2\x07p\xa2\xd3\xf9\xae\xcf|\xa9\x01\xc4S\
Z'(\xaf1h}\xa2\x8c\xb6\xc1\xba\x88\xd2\xe0\xb9\
\xf8_\xa1`\xf2\xbd\x05\x04\xaaK\xea#k@\xa6^\
T\xb6\x1f\xacS\xd1\x8a\x92ZW\x9c`>D\xc0\xb0\
\x94\x02\xdf\xaf\xf5\xba<\xca\xc4\x8c\x15\x90\xed\xac\x13\x96\
\xd3\x18\xb5>\xa9\xb5L\xa3\x0f\x8b\xd4x\xad\xafB\xa0\
\x17\xad\xfby6w\xcah\xbe\x86^\x5cNk&\x9d\
:\x9f\x92Zv \xbf\x02\xf5p\xa5\x95\x1b\xa8\xa0r\
\xfd\xc0\xe3\x02\xb4}\xd6\xfd\xb5= \xad\x83T^\xdb\
\x0b\xe5\xad\x09mk\x94\xb5D\xd0NQ\xd6}\xc6d\
C\x99\xe7\x02\xa5\xa5\x83\x06\xf6\x9ci\x1d\x91\xcd\xb4\xdc\
|P\xcc\x0aZ\x9e\xc1=\x92\xd7\xb6Z\xff\x92*\xbc\
\xb6\xf9\x94\x0dh\xdf\xe3\xdf\xe3,\xd4\x9c\xabJ\x80\xf2\
\x1c\xd4kU\x8a\xef\xce\x91\xef\xc2\xa5\xe4\x8dz\x1e\x9f\
\x0d\x90\x09\xa0\x1ev.o)\xf9X\xe56\xacg\x07\
\x22\xdc\x9d\xa0'\x82\xea\xa7\xb4$}w\x8c-\xfc\x17\
\x15\xb8\xf9Ep\x08\x1f\x03\x04\xa4\x1cjP.=\xd2\
\x0c\xd5\xdd\x09 \x90\xa1\x1f\xc47\xf8\x0e\x04\xfc1p\
\xb9\xaa\x87\xbd\xc8:\x81|,\xb6\x80\x9d\xad/)\x96\
\x85\x02\xb6\xb4\x9e\x13\xfa\xf5\xdd\x86\x02%\xfe\x9f\xab*\
\x9a\xc6\xbc\x8f8f.\xa3\x0c\x86\x0f\x81\xec\x1bB\x09\
\xa8\xa1\x04\x96\xa4\xa1\xc6+\xf0\xfc\x9f\x04){\x02T\
\x88\x13\x18I\x87W\xe1\xab]t58\xac\xf9e\xfc\
\x18|A>\xc0\xa6\xe7\x9c\x9cP\xd1\xde.\xe3\xf7\xcc\
\x8cZn\xd9\x10\xd2\xfdGA\x0dT=8\x87\x93\x0c\
 /\xd3\x82\x8cL+@a=d\xbc\x8c\x1f\x83/\
@b\xe7\xad\xefq\xb0+\xea8:%\x85\x99M\xb3\
e\xdc\xad\x9d\xc0Y\xd5?\xec\xaaW\x95\xf8\xb2)q\
\xd8\xb8\x84TRhs\xa0\xb5\xea!\xf0\xb8\x92\x9fP\
i\xc7\xb2\x01\xa1E\x83t\x8a\xf0\x1bj\x15\x95\x5c\xe0\
\x8dS\xc03(\xd9t\xfe\xd1;\xcf\xe9\x8b[\x19t\
\x9c\x1aD\xec\xe0\xce\xa3+\x19\x04\x84\x91\xb4\xfb\xb3\xd6\
0a\xa1Y\x16\xae\x85\xe4cu\x0d\xab\xfa\xd1\x92)\
\xeb\x14\xe4\xbb\x9fb\xbd\xe3\x14&Ov\xda\xc9\xde\x00\
c\xd4\x02\xe2w\x15\xa8&c\xd6\x81\x9eE\xfb!e\
\xe7\xd3\xc4\x0e4\xcb\xf3>-S\xb6\xf4\xef\xc8A\x80\
\x94\xacS\x90\xfdu\x8a3\xaa\xa7\xe5f:I\x8aH\
<\xad\x90y)\x9d\x01\x9d\xa2\x94.\x9f\x13\xb7|>\
\x05\x80\xc1L\x9a&\x96\x84\xba\xa8s\xf6\x14\x90F\x19\
\xbf3\x1d\xc3\x94\x12\xfdbBu\x19\xf3\xd4%\xe4\xb5\
7\xc8]\x04?\x81?\xd6\xc4M\xa0\xd4\xec\x94J\xe2\
N\xc7I\x0d>\x89]\xc6N\x05~\x07\xe4\x01\x0fD\
N}\x8eI9\x15\xefC:o\x05\x98\x1d\xa8\xe4\xb6\
1\xec\xcd<\x19H\xed\xd9\x9b\xb4:\xd1G\x7f\x8a\xf5\
\xe2\xc0\xef\xc4T\xa5\xb5\x84\xb1\x0chY`R\xf6\xb0\
\x0a\xc9h\xfa+\x5cR\x05c\xa1\x05\xf2\xcbg\xa4\xab\
$\xdeGDFu,l\xc22@\xa7\x7f\x07\xd2>\
%TG\x95\xb4^\xcb\x08\xa9\xb0\xec|\x94\x0e\x97|\
\x9f\x9a\xbb\x8c\xc6\xf8d(\xe9/\xc4\xd1\xf4\x10[\x04\
2\x8c\x08\xe0\xf2\x19(\xd9\xbd\x80\x8b=\xf8;\x90\xd3\
\x14F\xca\x03\xfd\x16\x1a\x01\xc3j\xee\xfaM\x9a%\xfc\
\x09\xfc\xb11n\x02\x81\x8f2\xc8M\x97'\xd5&\x8a\
]\xc6N\x05~\x07B7\x81}\xc79\xb6uD\xfb\
vS\xaf\x93\x86\xd8\xdd\x8c\x89\x93\x86\xc9O\xd0U\x88\
\x85do\xaa7E\xf6K\x8cR\x04j8\x12_\xa3\
\x00\xd9D\xa0\x06b\x80\x16r\x86\x16q\x8c\x16\xcd<\
\xff\xcc|\x13\xd6\xf8Q\x97\x927|\xd2\x85\xf5\xc6W\
\x9bLC\xdfk\x81\xfd)\xd0\x10\xec\x8bj\xa6\xb0\xbc\
E\xd3\x93\xd0\x89\x84\xd1-\xbd|\xd56W\x1b\xde\xdc\
\x5c\x13\xb0\xdb\xd4\xb6\xa7\xa2\x0f\x19\xc6\xf5i\x81\x88\x10\
\x06\x14>\x16\xe4\x02\xd2t*(\x8f\xbaf\xa1\x0d\x99\
\xdeL/\xc6\xdc\xd5`r$V\xdf\xcd\xcb>i\xce\
\x01!\x08S$\x04'H\xe8\xd4\xea\x11\xd04\x00\x90\
\x09;A\x84i\xf3\x8c\x9a\x9f\xa7\x85\xa5\x0c\x0b\xb9\xa4\
\xa4\x90\xd6\x22\xbb\xdf@%\xa9\x9dg\xdca\xe9\xc5\xfe\
T\x7f\x0a\x8e\x94$\x91\xd8\x18T6j\x9a\x81\x1d\x02\
\x0e\x0c\x9f<\xeal\xee\xa4\xf4\xb5Y\x81\x9d2t\xad\
\x8b\x99\x1bN.\xee\x8c\x99R\x10\xc2\xb1\xce\xd1U\xb4\
!\xdb\x9f\xe9\xcf\x90\xce<A\xe9!\x0b\x9c\x1e\xb2\xa0\
\xa8\x10@\xb3\xa2\x18<m\xb4\x14m2\x06\x9f\xd4\xf2\
\xcf\xd4\x12\x8cQ]J\xde\x08\x91\xdfF\x0b&%\x04\
4A\x81\xf8\xc9\xfe\x92\x86\xd0`N\xa0\xb5'\x9a\x9e\
\x85N\xe4\x8cn\x99\xdc\x85@p\x9cG\xda\x01\xde\xfc\
\xb1\xb1\x8c1l\x8c]\xe1\xa1%\x81\x8d\xbb\x0c\x85\xe3\
\x8c\x86\xa1\xaeQ  \x9a\xba$\xb4ALj?f\
i\xa8\xc1,\x99|\xdcc\xfd\x06I\x9e\x10\xd4\x19\x12\
\xd21\x12\x8a\x8b\x16\x1b\xd3\xee\xc5\x0a\x8b\x16j-\x1d\
l\xb4\xa0\xc5\xd1\xdd\x9b4(0z\xd19P\xb21\
\x168\x08%\x06Sl\xa4\x0cl\xa9\xac\xb1\xc9rz\
.\xd41\x86\x07Z\x88\xbc\xb8\x01p.^\x0b\xae\xb1\
\xd1ShC\xf3\x81o\xd7\xff\x95\xf7\x84\xd3\xd8P\x92\
\x8f\xe2\x12~\xce(\xbc&S{.\xf67Shv\
\x8e\xcbK\xcd\x1bV1e]\xc1\x87\xd0\xd1\xe8\xbd\xd6\
\xbb\xc1\xa2\x170\xdbq\xcc5\x88\x0b\xf0\x84\xa9\x9d\xa0\
\x87I\x03\xb7q\xb2\xc41C~9\xdb\xbf*L\x1e\
\xba9l\x19\xba-\xbc\x8f]\xe3\xbc\xdf\xbd\xffK\xd6\
Goq.v\xdb\x8fx\x97\xb8\x96\x7fN\x83s\xd4\
\xdd\xea\xbf\xdez\x9b\xf7f\xf1\xeec_\xb2\xfe\xf8]\
\xce7\xdc\xcf\xfb\x17Z_\xdb\xf8y\xef\xc2o\xb8\x96\
\xe4\xcf+\xbe)\xba\xd3\xb3\x9c\xe58\xb2T|_\x19\
Y\x05\xe2\xa3\x12\xaf\xae\x94\xd2L\xbd\x0dtx\xf2\x1f\
\xe2\xba*\x8c\x95\xe5\xba\xaa\xf7\xda\xbd\x8b\x1c<\x0c\x1d\
^\xb7\xe7\x83\xca|.\xb4\xe9\x5cV\x9974\x91\xca\
\x5c\xcf*\xb3a\xa5\xb1\xff\xdb&kJ\xdd\x81\xdd\x04\
\x0a5[T\xa77\xd2d\xa3O\xc8\xed\xe1\xa1\xc9g\
\xeb[\xfc\xde1X~/B\x87_d\xb1\xf1\xbc\x94\
>\xa0\xc8\xfe\x94\xedD \xf3\x5c\xd7\xd4\xd4\xbe\x1f\x98\
\xd9\x11\xba\xf2\x22BWv\xa1\xb5v\x8c\xe3\x02\x1b\xf0\
\x9d\xfd\xe8a?\x17\x22\x04\x17\xe2SF\xd1\xa8\x954\
\xb6W\xfb\x1790\xb9\x179\xde3\xd1\xf6\x9093\
r\xe4\xd5\xec\xcd\x94\x9ba\x9ew\xb5\x0ahM,f\
S\x93_W\x93g\x95\x9da\x9ex\xb5\x0chQ\xa8\
\xa6\xc8\xf2]mN\xf1\xcd\xd1'\xfd\xdfs\x8aWI\
6G\xef1\xa7xuT\x16\xb6\xd5\xaf\x1e\xf1\xf2\x8e\
\x1b\xe1|\x0c\x90q\x9a_\xbf:\x04~{I\x81\x9b\
Ba\x09\x1c9@\x01\x18\xd6[m\x81\x9b\xd1\xea\xea\
\xdb\xb4\x84M\xafJ\x0d\x06\x1c\xe5\xe8F\x88\xa9\x12$\
\xef91\x15\x9d\x1a\xa2\xeb\x09\xfc\xf9{\xdd{\xdd\x0e\
xl\x97\xf8\x0f\xc7\xe8\xc4\x04U\x03\xa0g\xc0\x16\x89\
\x8du\x0du\x0du\xe0\xf7l\x99\x80s\x82\x88\x80\xe4\
c\xbb\xe8\x0a\xe2\x9c\x1fb?\xd8\xe5\x14\xffkt|\
c\xf1-\xd1\xa7\x1bd5\x9d\xab\x9f]YZ\xa1\x7f\
\xef6\xe7YY\x9e\xd8\xbf8\xbc\xa2\xec\xd0UY\x19\
\xad\xd5\x95>\xf2/^eT\xde\xc5\xd5\x95p;\xfc\
\xff\xc6\xca\xf3omw\xbcP\xab\x1f\x0a{\xb1\xc3x\
w\xb4\xdd\x91\xb3Ri\xb9\x9c+\xbdX\xb8\xc5\x8f9\
WV\x97,\xec]\xfc\x9c,\xff\x04%\x08_\x05\xf3\
\xf4\x0a\xac\x03\xf10\xb4\xf6a\x0c\xc5\x9e/_}~\
Bq\xae\xdeEWX\x19?\x81\x9e\xfd\x18\xd6\xecO\
9\xa2\xf33,0\xdf\xae\xae{\xd4\xe1\x00'\x82:\
p\xf4\xdd\x0b`\xffu\xd4\xdc\xcd\xe5*\x02q\x0eY\
\xbc2E,\x01\xb5\x12\xe6\x81m\xef\xfb\xbc\xc4\xa3\xae\
c\xa9\xb7\x16S\xc3\xf3\x0ff\xf0\xc0\xb18\xe7\x0f\x18\
\xf1\xeae\xf0W\xda\xa6\xa3\xee\xa7\xd5y\xd0+{\xd2\
\xdc\x89>7\xf1\xf0\x5c\x1fi\x93\x05\xa6\x0a\xb3y\x04\
m\x8e6\xc9Pp\x22\x9cP\xc8\xba4yg4~\
\xa0\x08n\x1d\x22\xca\xdb\xa3\xf9`a\x1a\xe42C\xf6\
\xd5y\x09\xd8V=\xa6\x5c\xe1\xee\x9c&\xe1d\xa3\xb5\
0\xd6\x97p\xe5O\x12S\x9br\xb26\x07\xb8\xb3P\
9\xed\xd3\xd5T\x12\x9d\xe0>\xeb\x95\xd3X@-\xe7\
\x13\x03\xed\xfb\xf6hBV\xf4\xa7\x82\x9b\xf4B\xe8\xc6\
\x8c\x81]\x04\xa2`T\xf4 \xc7\x92\xd1\xc5c\xfcN\
A\xa32\xf0\x895\x1c{\x97\xb9\xcf\xc3d\x7f\xce\xb1\
G^{\xe9g@Q\x96\x89\x0b\xbc\x91K\xd4\xec\x14\
\x921\x96\x16\xfdE\xd54\xa5\xa2R6S\xd4\x0bU\
?\x0b\xed\xcf2\xe1\xcaX\xc2\xccP\x94\xe4\xa69\x93\
\xcbQ/\x1f\x99\x09\x9aV~t\x10\x1c\xdb\xcc\xec\xf7\
T\xf9\xba\xc5\x10\xb7\x5c0\x03\x91w\xe3\xd6x!6\
\x86\xd9\x07B\xab\xd8G\xd7\xe3r\x83\x9e\x8b\xee\xf2Q\
\xba\x82\x15\x7f\xa1\x90\x80\x07]\xd8\x8a(e\xe5v\x94\
\xbb\xeda\xc5s\xfc\xb0\xda\x8a\xf2\xf20\xbd\x00\xc9\x0b\
\xaf\xe0\x9a\x18\xafRZh,\xf4[Q\xefbo\xa3\
\xf3\xde[\x22Z&g\xe5\x95\xd2\xdc\xc2\xbc=.\x80\
T\x87s\x90\xfa8g\xbf\xeb\xbd\xceG\xc3\xa8\xba\x81\
\x0e{A\x93\xd2V\x1fQ\xa4\xbe\x94\xf2\xcdqZ\xc5\
\x8f:\x83\x0b\x80|\x8c\x928\xd2\xee\xb8\xce\xd9\x1a\xc6\
\x80\xe2\xb9\xe0\x0c\xda\xc0%L\xea%\xbbk\x18W\xd3\
K \xe4\x8e1#\xe1\x8b\x92\xe3\xf0I\xe7\xa9\xad\x8d\
aw\x7f\x06T\xbc\x9c\x22\xbd\xfd\xf6\xc6\xa7\xc29X\
\xcc\x19\x18Tw\x97\xdd\x18~\xebN\xe7\xc8\xd6\x9b\xc4\
\x06\x91\x1fI)\xbdp\xbf=\xb1\xf1HXi\xc8\xea\
\xd9\x09U\x10\xe1\xa6\xf0\x1f\xb6;_zo\x18\xc4[\
n\x0f\xf2:\x9f\xa4\xaeBa\xa0\xa4>\xfa\x14-F\
\xeefg;\xae\x93\x9f+\xa5\x96\xf4s1F\xf6\xe3\
\x0a\xf5\xd1\x89.d\xb5\xb2N\xe1B\x8ak\x0eZ\xc5\
\x91`o\xfb\xa6s[\x187\x8e\xaaA\x01\xdbp\x1e\
\xb5c\xfbIu\x96\xed\xca\xa0\xd1Q\x87\xe2\xd3\xf6.\
\xbc\xde\xc9Q\xde\xb6\xa6T\x85X\x94\x85\xec\xbf9M\
g:,\x1b\xa6\xec\x00\x90\xce?W\xc2\xb7\xb0]\x81\
\x90o\xfb\xb2\xf3\xa50\x09-\x19z\xe6\xed\x1dG\x07\
\xee\xcf\xa5\xfcR\xa4\xd1S\x92\xbc\xf8;\x13\x0e\xae\x9f\
\x0d`\x22n\xc0E\xbf_6Y\xed\x88\x17a\x89\x1c\
\xe3jGr\xc4G\xbe)\x97\x812\x1d\xcf\x05\x8bx\
\x03o\x19\x5c\x06j\xb8_\x82!\x02\x13\xa7\x96\x96\xc1\
\xdb\x7f\xeaP\xb1\xa6Y\x14\xec\x09\xe8\xed#8\xc4\x17\
\xa8\xd1)\xa0\xe1!zj\x7f4\xac]\xc9\xe0u4\
\xd9%{\xeetn\xf9F\x18V{b\x04)\xbb\xa3\
4<\x08G\x07\x012\xcd^\xf5i\x80M\xf3\xb6\xda\
\x12A\xfbF\xa5I\x81?nJ{k-\x8e\x1eZ\
\xf4\x04##\xbdt\xbf\xbd\xe7f\x87\xd40\x84\x0ep\
\x10{\x1d\x1cZ\xf58\xb1\xfbU}\x9d\xc0\xfec\xcc\
y\xa0\x0eT\x12]\xefL\x96\xb9\xbbAL@\xe6\xd3\
\xd0\xff\x87a\xf2\x1e\xc4\xc5\xec\xa3\xb7V\xd2Z\x93;\
r'H\xebv\x98\xb0\xbb\xedO\x7fMY\xda\x09i\
\xbc\xca\xd3\xf8<)dnn\x94j\xd5y\xdc\xd3\xf3\
\xa8>\x02\x18r\xdf\x8a;\xeas\xf0\x1du$\xe7\xd0\
\xfb\xf1\x02G\xda_\x80c\xe9\x05(M&w\xf0\xcd\
a6j\xc5\x22\xd9\x95H\xecGI\x7f\x1e;\x1e\xce\
\x17\x1f\x96\xdb\x1a\xc5\xc4\xf3\xac\x15\x89\xa7$v\xc1\xac\
\xe4\xe4\xd7\xe5\x8c\xbc \xd5\xc2\xf7lwL\xda\xf9z\
j\x8d\x0a\xec\xcb\x89,/\x04\xb4'm\x8e\xa2:y\
;s\xab\xb3\x8bV*\x1f\x1b\xc7U\xaa\x98B\xf1\x08\
);\x98\xd1\x8b&\x8b\xb1\x8d\xc55\xa8H&@\xe9\
,)\x13>\xf1\x0dG\x87}(6\xe4\xb1\x1fZt\
\xecA\xf8\xfb\xe1\xd4\xa7I>\xe0\x8a]S(\xb4c\
[\x9f\x97\x16\xdf\xf9\xef-\x91\x11\x13\xcd\xe5\xeaCe\
\xd1_O\xc7\x03\x16?KB_\x12\xd0\xaf=\xa8\xa5\
\x9d\x82\x04C\xb9\x90n\xfb\x8a\x83\xdbl\x01\xa3\xca\xa9\
}\xe4\xa3\x9a\xe1\x84\x9a\x19\x0aO\x18\x80\x89RQ\xf2\
\xad\xbfsp\xc1\x9c\x8f\x9d\x18E\xcd\xeb\x02YO$\
\x9c\xfa\x04t\xf7.\xe8\xfa\xdd\xa8\xe5\x84phr:\
\xdab\x7fc\x92\x84\xcb\x83\xb0nGa\xc4\x0e\xe8\x98\
\x0a\x05^lv\xa2\x8a\xf9\xbf\x1b\xfe\xbe+\xf3\x89\xa5\
\xe5\xcb~\x92\xd0,\xcc\xd7A\x1f\x10\xf0#l\xb7\xee\
\x94F+&\xd5\xe9\x8a\x05\xa2$\xc5\xc3'\x1d\x93\xa6\
\xff%\xe9\xa9U\x9a\xaf\xb4\xcb\x9f\x8e,%\x80\xd60\
\xf2q\x8d\x1a\xc1B\x86\xea\xdc~\xd1{\xbb0\x10\xfe\
\xe8\xfba\xcd$\x81z\x9a\xc7^J\x8d\xab*2\xd7\
\xbfX\x83\xdd\xea\x19nd\xb7\xd0\x0a_\x94Y\xa6\x0b\
?\x87\xad\xa6\xae/\x10)\xb6\x92k\xe7\xb0\x07Go\
\x8b\xfa\x89\xa6\xf8\x01\xf1\x00\x1c\x95\x0bT\x1c@\x0c\xb7\
ZV\xe73\xe18\xdcE\xe5\xa2\xdb \xbdG\x1b\xa8\
t\x82q\x07\xd2\x020>\x17P\xa5f\x17\xb4\xa5\xd4\
pb8\xa1\xc2\xe3\x83\x0a\xdd\xf6\x85?\xb7P\xb8\xae\
\xc3\xd3\x0b\xe5\xf9\x0bl\x9f\xd2\xddN\xdc^\xcf7i\
\xab\xe4'Xs\xee.x\xc8]8#\xd2\x9aQ\x17\
~\xf1.\x1c+\xd3\xa4\xf91\xff\xc4O\xc8\xfc\xb1\xc9\
\xfe!\xab(h+\x91\x05\xa5T\xb1\x07E\xa7\xceG\
*\xaf\x07`t\x1e\xc01\xaa\x87\xb4\x8e\x89\xe6\x11U\
\xeaD\x8c\xaaR\xb8\xd6+\x13U\xf4\xf1\xdc\x98\xa24\
\x1c\xa5+\xb0\x7f]([W\xb3Q\xb4n8=\x9c\
\x1a\x16k\xe2\xeb\xa1bC\xd4\x1b\xf1\xb7;)\xd2I\
M\x13\x0a\xf9\x10$6\x1ep\x8aW\xff\xec\xfd\xef\xb7\
\x80c\xa1\xa3&\x9dt\x93.Vn\xab\xe5,\x1fi\
^5L)/s\x06\xc1_k\xd8%\xbf\x86]\xf2\
XV\x13\xf8\xa7\xcd\x02\xb1T\xe8\x05\xdd\xc5\xbc\x90\x17\
\xb8\xd2\xe0\xfcDS&e\x7f\xfb\xb2\xbf\xf8\xcaR\x9c\
r\xd8\x18\x84%<{\x09p\xe8\x22@\x94A\xa3\x1a\
HZP\x0f\x85wS)=(\x7f\xe4\x04y}u\
\xde\xa5\x89?M\xe1\x97\x81\x97\xee\xea\xdf|\xff_X\
\x00\xc6\xed\xa8\xe9\xd3\xe3\x83z?yj\x1a.\xd1^\
x\xce\xf6\xae1\xacV\xce\x87\x13\x96C\x86\xfa2\xcf\
#\xb0\xc0\xe9F\xa5\x83\x0a\xe9\x8erP\xedo\x1f\xfd\
\x8b\x0f(\xee`\x02U\xbbA\xb8\xbb\xfd\xec\x14\x8c\x1f\
\x13\xfd\x94+\xe3\xab\x18\xa4\x88K\xf8\xb1P\xf1\xadQ\
\xef\xea\x8d\xc5\xb7E\xfd\xabB\x97U\xe78z\xae:\
\x8f\xe2s\xd5\xf9u.\xaf\xaeNz\xbdgy\x8f9\
\xfe\xfd\x97y\xf7G\xbc\xfb7^~\xf9s\x91\xe7\xfc\
\xab\x9c\xcb/{.\xec?\xe6\xdd\xef\xf08\x8c\xfa1\
'\xd8\xa3\x8a\xab\xe6\xf1\xf8\x9d\xae\xe2T\xa0\x08\x5cI\
\x8f*\xae\x03\xf7\x5cu\x1cs\xf5\xa3\xd2c\xfd\x07\xd1\
\xa3\x1b[#\x94]\xcb\x09\xeb\x95N\xf9x\xf8,\xbb\
\xf2*\x9b\xf2\x92<rIV\xb9\xb1xM\xd4\xbf\xe1\
2\xd5\xe3\xe2\xdb\xa3\xf0\x02x\xed[[\x0f\x87G\xc5\
\x1b\xd7\xcar\xda\x92\xb8f\x93S|\x87\xbc\x7fG\xb4\
}cK\xebx\xf8\xe8a\xa7\xb5\xe5p\xc4\x8f]\x06\
\x9f\x15\x7f\xe2\xab\xf2\x9f-\x9e\xf8\xf85\xd1\xd1\x06\xa7\
\xf8\xceh\xbdwo\xc8\x8fE\x5c\xd3W3\xcdl\x9a\
K3\xb4xI\xc3\x85:\xd1\xb4\x88]\xc6b\xffe\
\x18\xc6P\x1a\x9e^\xacb\x86\x118\xe5\xa5r\xe1'\
\xab\x22'{\xa6\xa1\xe1\x9b\xe1\x8a\xe9\xc3\x9e\x11cy\
\x9d\x18\xe4\xc9\x86\x86\xf0\xe4Q\xa7ar2|@\xbc\
t}\xf4hh\xf2\x99H\xa5\xf4\xa0\xf6\xf5\x11\xb1B\
\xf7;-\xd5\xc9\xa2\xc3\xd5-\xcc\xf1\x08\xd5\xebP\x0b\
\x93\xaa{U\xb005\xd3d\xc5\xb2\xe8\xe8\xc6\x96\xb3\
\xbe\xf5^F\x0f+\xdfzL\xe5\x22{\xf9\xdc\xc6*\
\xe7p\xbc\x84\xe9\xf8L\xf7\x10\xf2\xad\x89lt\x85A\
\x16\x9eC)SZ*\x0f\xc1\x11~\xd2X\xa3\x06L\
\x07!\x81\x15\xf6\xb1:\x01Z\xf9:\xe5@R5\xeb\
Tg\xeb\x88\x07\x8c\xff\x9b\xf4\xb4\xfa\xa3\xe2]e\x8f\
\x8a\xfd\xf2\x18\x08\x8f\xfa7\xc8\xb3\xe2Hh%g<\
\xd7\x83\x96\xa3\xd1Zr\xce/\xc5K\xab:\x0c\xd9H\
\x81\x91X\xd99\x7fxE:\x0c\xcf\xf9\xca\xfa\xc7:\
Lku:\x0c\xefY\xec[\xac\xb0\x0a}\xd3r\xd7\
\x975\xed\xaa\xe8\x9d\xb1\xaa86Q\xb2\xc7\xebt\x8a\
\x91\xa1\xee\x10V\x85\x91\x03\x95\xce\xde\xf8\xd9\x98\xbd\xc0\
\xea\xc4>\x1a\x84\x0f\x08z)7\x8b%@j\x98\xc9\
_\xec\xbe\x96\x9b\xcb\xe5Wj\xb9>\x06\xaa\xa9\x85\x88\
\xad\xb4\x94\x87\x1f\xca\xd7V\xdb?^\xadB\x09m\x11\
\xea\xe6\xb8#\xff\xf177\x82\x14\xc2?\xd5?K\xa8\
\xa6-^\xc2\x09\x9e\xa1\x15\xfffK\xa4\xaa\x9a\xb9-\
gu\xf7\xb7\xfb!G\x88jR\xbd\x1f\x0d\x15\xff0\
zhHj\xab\xcf\x84\xab\xe2J{\xe6r\xa7\xa1a\
2r\xb4\xc1\x99\x9cl\x88\x5c\xd6\xae\xf5\xd8\xe7&Q\
\x81\x15\xaf7<\xe7\x04\xf5\xd8\xca)\xd2\xae\x8b\x5c\xbe\
Q\xea\xc3B\xb3\xcd;^o\xd4\x8bm\x14W?&\
LM\xfe\x8b\xde\x13z\xf7\x91\xe5\x99\x0c\x1bO\x97\x11\
0?a`c\xed\xc6\xb0In\xa2\xe8\xe9\x96\x22c\
,\xc9\x088\xb2\x02\xf2\xe0\xfa\xce\xd5l}Y\xc2\xe1\
y\xa2\xbd\xd0\xf4\x8bG\x22\x01\x14\x17\x17\x1c_\xa2\xd5\
\xfe\xb5\xfe\x1b\x167{\x91\x89\xa2\xa9\xf387\xa7\xb1\
\xf2\xb4\x8c\xc6\xea\xd21\x8e\xac\x84\xf8O\xf5\x94d\xf9\
\x99\x9b\x8c\x95\xf7BMJ\x80\x13\xf3\x88\xc1*\x19+\
\x94\xb8\x07\x89\x9aP\xb7\xbe~\xdc\x8b9\xc5w\x0bU\
\xab\xf8\x9e\xe8\x91F\xa7\x9a$\xa8\x97U\x08\x8e\xc5w\
9\xe1^[\x08\xc80\xd6R\x83u0K\x14\x03\xdf\
Lip\xc5\xd1\xb5\x92>\x89\x0f\x02\xbe\x18\x8d\x8c\xb1\
3\xdd\x17\xf1\xc1~\xdb\xed\xa7>45U\xd6\x87F\
\xc7{^\xcc\x91wa`\x8e\x0a\x05\xeaO\xb0H\x03\
\xf6\xa7@\xe4L\x8b\xe1\x05\x0a\xbf\xbd\x9aE\xfb\xaa\xb2\
(\x8c\xb9\xaa\xa0o\xd8\xa3^\xbcb\x9fV8g\x15\
\xf4I\xcfY\x8c\xf1\xdb\xa7\xef\xcb\xd3\xab\xba\x99\x10~\
\xdc\x0f\xae\xeb~BJQzx\xd9bE\xd8\x99\xe6\
\x95MP\xd0\x80\x071Q\xefm\x12vZ\xf1\x86\xe8\
\xd3\x1b\xbd\xf5\xd1-[*\xad:\x8a\xdd\x12\xfb\x8b\x8a\
xT5&KZ\xfe\xb82\x14\xf4\xc2&\x04F\x88\
\xd9u*X\xb5Oo,n\x8enit\x8a\x7f$\
;\xf7jy\x1b\xec\x1c\xd0\xd1\x94\xb1#}\xdc\xe2f\
\xe7t\x97\x82K\x18%Ma\xe5\x13\x1e\x1b\xeb\x97\x05\
My\xa6\x9b*\xed\xd4\x16\xe8\x14\xceX\xbdw\x83P\
\x7f\x14\x86\x01U\x80y\xf4\x9a\xa4\xf9\x8a\x91\x92\x94J\
.\x94\xb1JHV\xa3\x90\x1f\xe0\xc6\xbc\xb7\xf8o,\
\xa9#4\x81|\xa6n \x14\xc6\x11\x9e;\xb7Y\x5c\
\x94\x93\x8e\xbb\xc5\xc1\x1b\xa5N\x8c\xa52\xb6\xff;\xde\
\x9b\xdd=V\x90\xa5\xdc\xde\xbe]=e\xa2)m\xfc\
\x98\x8a\x16\xc9jD\x1f\xf8J\xf9jB\x10-\x13\xed\
~\xe4Q+c\x00-2\xae\xfd %]\x9dKy\
y\x00\x85V\x7f\x8698\x08\xfa\xf3z\xe6\x10\xa8\xe7\
\xc3H\xdf\xadG\xc6\xce\x91n;\x9b\xb4t\x81\xcc>\
\x0cA\xd5(?\xac\xb8\xba\x08#\xb1\xeb\xbd+\xbc;\
\x9cbcT\xde<\xe8\xb8\x98\xdb\x00H\x95\x88\x9c\x9d\
i\x0a\xef\x1awE\xc4\x03u\xb9].\x86\x9bg'\
\xa8\xa8v\xc9\x05\xde(\x02\xa4W\xa6\x1e\xb9~\xfd\x9d\
\x9f\xc1\x9a\x93\xca\x897\xadH\x1c\x0afUP}7\
\x0d\xd1s\x9d\x9cX\x92\xa68\x83\xd4\x02\xaa\xc4BO\
\x9fN\xbb\x88\xdbO^\xfd\xf0-&v8\x11D9\
\xaa\xbb~.\x1c!\xab\xe3D\xb55E\xc9\x87\x06,\
J\xdf\xd5\xe1\xde\xcb\xe4\xecO\x7f\x19\x89<\xb3\x98h\
P\x8bY;v\xffW\xab\xaf\xd2\xd4\xe1&\xfa-*\
O2\x83\xf8|\x058*N\x98Y\x97\xa0;'\xc3\
\x0c\x99\xed\xa8\xc9\xf5B#{\x03 E\xd4(\xfa\xe8\
\x0a\xa3T\x83\xdc\xae\xea!\xe9p\xbdw\x81\xf7\x98\x93\
pM\xba.\xcd\x86\xb5\x04/V\xc2\xf6\x7f5\xe2R\
\xd9\xb89\x16\xaaZ\x02\xcdc\xc3t%\x0f\xa5-\xde\
\xf2%k\x89\xfa\xac\xc4\x94U6\xf3R\xc9\x0c&m\
1v\xba\x8a\xc56\xeb\xc0v\xca~\xf2\xaa\x87o\xb6\
2\x04\x7f\x94\x94\x118\xcbeQP0\x972\xa9.\
\x83\xd1\xfa\x1a\xca\xe9\x80\xb9\xac\xe1\x14y\x8d\xeb[\xa2\
\xc0^\xcf\xcepu\xd5\xccJ\xc8\xf5\xddG\x93\xfd@\
\xec1K\xc5w\x88,ZM&\x8f*\x14\xf7I\xa5\
\xdd;\xadj\x98\x9b\xab\xb2[\xc6\x89s:\x932\x13\
m\xc5\x1d3\xbbin\xb4\x1aUE\x1a3\x0e\xa1\xa9\
[\xcf^S\xbd\xb5\x117\xa7\x89\x9f\x92\xf0j\x12w\
H\x80\xba\xc8\xb5\xc7\xaew\xfa\xc2f)\xe6\xb0\x89\xd5\
L\xebk\xc1,\xb4\x18\x10*J\xdc`\xf6N6\x8c\
\x99\xe8\xaa\xae3\xe2\xd3\x15\x98\xd5B\x9e\xa6\xbcJ\xb2\
\xca\xf5\xeeu\xad\xaa+]\xf6\xdeh\xe9\xf4\xa0\xa4\xce\
!\xeb\xb6?q\xb3\x95J,\xaaQ\xa3\xb1\xd6sD\
%\x80\xd4\xa5\xaa6\x0b\xfaz\xb8\xceu\xb0\xe4\xf7\x1a\
|X\x0ea\x8ew}i\xeb?+\x0e\x80|\x1a\x13\
\xccj\xa1\x82\x9d\xba\xd6q\xe2\x8f\xc5BU\xdf\x85!\
;/\xc2\x16\xbe\xbe\x0b+\xfa\xaff*7&~\xe9\
3w\xba^\xbd\x85'\x95\xc2\xee\xca\x93J\xed\xd8\x92\
K\x04\x11\xa9C\xee\x90\x8b\xc3\x07\xd3]r\xa0M3\
pU\x9fTO\xfc\xaeS\xb1@$\x0eY!\x0c\x7f\
\xa9bK\xbb\xaa\x95\xec>\xd0\x9e\xb0\xb4\xdb\x84u\xa8\
\x12\x19\xa9\x0b/\xb2oj\xe0\x8f\x02\x05Ik\x09\x86\
\x9a\xb0\xff\xdb\xed%\x1c:\x04\x16\xb5\xbdu\xff)*\
\xffST.'*\x85\xe6\x08\x1be\xe3\x7fsp\xe1\
8\xacP\x9f+SY\x15W\xcc\xbcBFK\xa5*\
\xc4A\x15Ks\xa7\xa8\xd4Kfo\xb0\xa0\xa2\xe1z\
&\x85\xb4u\x8e\xf8\xb4\xe6A\xaf\x83\x81\xb2\x00\xd1c\
1\x87\x98Q\x00 \xc2d\xb0a0W-0W-\
$\xdf\xc8\x0e\xe2:\xd5j[\x04\x98\x17\x09\xe9\x96\x83\
W\x15\xf2<\x9f\xb3\xfb\xfa$\x81\xab\x99E\xcb\xfa`\
\x04\xf7\xce\x90V\xf8\x5c\xfb\x19\xc8\xf9\x00\x81\x0f\xe7D\
\x98\xad6}\x17\x026\x1eF\xc8\xcchv\x11\x9e\x1f\
\xd1U7nP\xc2%\xb5 \xcaQ\x8d\x00\xf1\xe9L\
\x1c\xabc\xf4(\x82~[c\xc0\xfbP\x82\xd2\x12S\
x\xfc>\xb5\xff\xe2n\x9c\xa1L\xbe\x16\x1b\xea\xaeY\
\xebWT`\x0a\x89\x168\x03\xa0\x84\xc4\x11Y\xfc\xa4\
\xe0\x9b\x914\xa7\xf0O\xb27A\xf5,}\x06\x8b\xcd\
\x11._ug\x8a\xcf\xa5c\xf8\xda\xce\x8c\xdd\xd5'\
\xeb\x08\xbc\x88cq\x0f>\xfe\x05\x14R{RD\xde\
\xc4t\xec\xf3f\xdd5,\xf8<\x0b\xa7\xa1\xbc&\xd0\
\x1c\xa4_U\xdc\xb4\xb2\xbaA7\x0ev\x91\xe5\x16\xdd\
%\x06\xf0$\xb2!\x13\xf7My\xa7\xbf\x8f\x88+j\
U\x196d\x8f\xc8\xd2u\x0d\xcc'm\x15\xf5QX\
!\xbfD\x1aj\xcd/a\x8a\xee!{(m\x1d\xc0\
\x9d\xb3\x81\xd7\xe1z\xce\x9a\xc7G \xa7p\x0en\xd5\
5\x8b\xd4}9\xbd\xc5\xd0\xd2\x98\x06\xe2\xd2\x1aUh\
\x85\x122\xd9[\xaep\x0a}\xb0\xdd\x5c\xd8z\xb6\xfa\
'-\x1fX \xae\x02r\xea\xa6\xd18\x9b\xd7\xbc\xcd\
b7\xb8\x03\x0a\x1d\x9a\x92\x80\x19N\x9c\xa6\xeae\xc4\
b\x87l\x03yJ\x8a0w\xbem\x0a\x01\xa8\x07\x08\
\x1a\x95\xce\x90\xd7w`\xf1\xd4B\x19\xa5\xebt)\xda\
y&\xb1e\x0e\x150\x17\x93*Q\xdbN\xa7%\x17\
\xfb\xacbn\x14\xf3X\x0a\xd5C;\x86\xec\x9fn\x5c\
\x5c\xd3\xaa&os/\xac\xdc^\xca\x97\x8a\x11A\xd3\
\x02U+o\xa8(\x0d,\x8f\xd5W\xc3`z\xd7\xb3\
\xc4[\x8f|i#\xbbq\xbc\x11\x12\xc7\xa0\x81\x12Q\
\x00,\x0e>\x92\x1f\xcbS\xee\x04\xfe\xf2.\xdc\xe7?\
\x930=\xb6\x0b\x01MX \xe21MA\x06E&\
\x10\xd68\x96\xb1\x9f\xf2\x0e9\xa0Gar\x1a2X\
L\xb3\x82`\x1cM\xaa\xe4(L\x9c\xce\xc0\x9dG*\
\xa1W\xf7\xf4\x0c\xf4X\xb9DV\x1d\xed\xc2Ru\xc1\
\xe6K\xa5\xecx<\xdfc\x99y\xc6\xb5\xea\x08C\xde\
Ye\x13\x8a\x87'\xa4\x11\xb9\x80\x7fa\x1d\x81\x89\xa6\
\x92,\x5c\xf5\xb4<;\x92\xd1\x7f\xc0P\xa6\x00\xe3=\
\xae\x8d\x94\xaa-\xc7\xdc\x19&\xdaBH\x9d4\x8d\xa0\
\x863\x8a\xa5\xd7\x87\xbc\xdb\xa9\xb0F\xf811j\xc9\
eAVN\xe1cqxa\xe1\x87\xa0q\xfcP,\
\xaa\x8f\xb3\x96\xc6\xda5G\xbc\x02\xd4\xb1\xc9\x80x\x9e\
\xa3\xfa2\xe4A\xd2\x5c\x8c\x1b\xe14>\x8f\x81M\xeb\
\x88h$\x99O NHM\xa5\xafr\x10\x0b&\xa0\
\xfb%\x007\xbc\x88\x92b\xa7\xd2\xdcW\xc0+\x8e\x9a\
\xd5rE\xc4\xa8\xa6\xa1\x8b8\x0cr\x87\xc0\x12\x1e\xd4\
T3\x99|V\x81g\xf4\xb9\x0a4\x8a\xcd\xea\xd4\xcd\
g\x06\xfa$n\xde\xdb\xe8=\x88\x9a\x05pN\xc8\xa1\
\xd9\x95@\xb9?\xafJ$\xc3X\xb0\xbb~\x86'w\
F\x81\x16I\xab\x00P\xeen<i4U!\x82Z\
\x81\xc9\x0c\x8b%\x97\xec}P\x1aa\xf9\x97\xec{|\
\xa3\x1f>\xd8Oi\x9f(@\x06\xf5\xb9AV\x8d\xe2\
\xa9i\xd6\x10\xc3\x9c\xe4\xbe\x99SRB\x82\x9b\xd3V\
\x9e\x80$\xb0$\x02PD\xb8\x1b\xd2\x82\xde\xd40\x94\
\xdb5\xccNw}\x17RtL\x94\xc1`\xb1\xfbJ\
\xf3\xaa\x0a\xb9\xec\xe6\x8dB\x01Y\xbd\xf4\xd4)$\x8f\
\x9a\x80f4\x88\xf2?\xaf\xb4\x8cL_\x09\x0d\xab\xa2\
\xe7\xe9\x83\x03E\x1d.\xfa\x88\x09\xd0T0M\xbd\x11\
\xe0U\xbf3\xacU)\xa5D\xaa\xa3\x06P\xbd!I\
\x7fK\xec\xeeL\xeb\xac\xcd\x9a)\x90b\xc7\xf0\xef\x9d\
Jrt\xa5\x85.\xa1\x9c\xaa\xa2\xd7\x0f\xe0\xcf\x9f\xc7\
\x1b\xeb\x1c\xd0q\xce!\xbai\xe3PE4X\x01\xcb\
\xb8+_\x92\xbc&0\xab\x9f~Yq*\xcbJ=\
\xdd\xa8\x90\x17u\x9d#\xbcK(\xc9\x8c\x1cuJ\xa7\
\xf0\xbe\xe6\x00\xe3j\x08\x17u\x0e]XJ\xffF-\
\x1c\x9cn\xc4~\xaf~R,\x8am\xe8\xf2\xfa\x11\xe7\
\xfc\xfeH\xb4c\xa8\xcf:\x80(M\xd5\x05M\x83\x10\
\xe2\xd7BHz\x9b\x83AT\xd7\xac\xf40\xce(\x15\
\xcfP\xec\x9a\xcbqM\xa7\x94\x1a\xa8=\x0a\xec_^\
\x14D\xafL\xe3L+=U\x8bI\x00m\xa3B\xdb\
\x9d\x8a'yKk<8\x15@Q\x0a\xb2\xed\xc6\x89\
\x0c\xb9\xbc<\xc0j\xbd\xe0\xeb\x98\xe6\xc8\x88\xbe+N\
\xa8PG@\xd5P?U41ZP\xb3\xb8\x90\xc5\
BU\xe9>+\x8en\xd7\x84y\x98 \xb6\xb39\x83\
(\xb6Z(&U\x83\xeaB\xb6\xc4xQ6B\xb3\
v\x81\xd8\xff\xa8\x8d\x18\xf4\x92\x94#\xdf\xc8\xd3\x9e\x07\
\xdd\xae\x1e6-1\xf4\x8f\x98\xc1\x03\x0bTG\x8b\xab\
R\x94\xc8\x02P[C\xa8\xb6\xe6r\xc4I\x0a\x91\x09\
\x02\xe6\x02\xe8Y\x9bM\xb9\x01l\x9fE2J\xde\x0d\
\xa2\x5c\x91\xe5\xc6\xec\xa7\xfc\xa0\x8a!\xdb\x9a\xc3\xcf\x96\
\xa3\x9b\xb2MHK-z\xcb^\xdd300`\xe5\
rYb$\xb3\x08o\x0bb\x0b\xa9\x22\xec\xf8@>\
O>\xf7ZD\xe1\xc0\xa3U\xe9\x11U\xd5Y\x08\xf2\
\x9c\xb4p\x17\xf0/\xa4\xb8\x9eh\x22\x90\x12\xb1[\xc1\
\xd3\xf2y\xecL\x98\x97[8X$d\x1e\x05P\x8a\
\xaa7\xab\xab\x8c!\xb9\xb0\x82rh\xc4\xcaz\x06f\
\xad\xf6\x05\x5czi\xa4\x92O\xa5M}\xa0\xcf\xf4\xc8\
\xcc\x99\x922\xab\x89\xba\x85\x90\xfce\xd0\xe5\x7fYX\
~\x9f-\xa9\xedRR\xef\xc8 |\x07\xbaq\xdev\
)\xa6\xda/\xb0\xe3@+PG\xc1\xe2|\xa1\x09\x05\
\xacD\x87\xaa\x80L2\x9e\x80\x8e$\xb0;>\xef$\
U\x9a\xed%\xc4q+}C\x0cD\xf3N\xe5\xbf\x0b\
\xa8g*im\x89\x8aW\xa4\xff\xb9)\xfb-\x117\
\x05>\x9fT\x89\x93\x0a;\x1d\xe5\xd7\xa8\xf4\xf8\xa0\xc1\
\xcb\x8a\xb0\xfe\x84>a\x81\xa4Y\x8a>\xc9\xdb\x9e\x1a\
H\x0f*J\xe1\xc7\x14\x89\x97;\x84\xf6\xb9\xa6\x10\xd6\
wu\xa8?\xb8\x9dv\xcb\x01\xf0\xecl \xfa(\x19\
\x81[)\xd3\x18D-%\xc6\xbfe\x14s+\x87\xd1\
]j\xb3\xe1\x18\xb8\x0c\xe1~\x07\x15\xa0\xb1\xc1\xd9\xf6\
\xf2\xea\x92.[\xe0U%\xecPU#\xd0\xfa\x0eM\
l\x8b,.7z&\x7f\xb4\xa4V\xed\xa1BDy\
u\xf2x,Z|\xee[\x06\x87|\xb3B\xc5\xb3\xb0\
\xb6G\xfd\x0b-C\x1a+\x83e\x1a\x5c\x13J\xdd\x9b\
\xe6\xc0\xe5\x0c\xe6\xdf\xf4\xd2u\xa6PH0\xa2^\xe3\
\xea\xe7\xd9\x7f\xe8_\xa3x\x1c\x5c\xb4\xfc@g\x9e\x06\
\xcd@]g\x0ax\xb0\xf6\xd3u\x16\xeb\xdb\xa5\xc8\x1a\
\x0c3`/\xcc\xd1F\xe9A\x1d\xf5\xa8\xe1j\xce\xd1\
wN\xc2?\xc4\x027\xa4j\xe9\xa1}\xc9+\x18\x8e\
-\xb1D1\x16\xd7\x03\xc3\xd1\x83*\xc8,r\x90\xc8\
\xd5;)V\xef0\xaet;HVMw]\xb8\xde\
!*y\xa4\xc1)\x84\xffs.*\x9a\x8b\xc2x\xd8\
%F\x22\x94\x0c+e\xa8c\xc9\xb0\xb3\xd1i\xb83\
\xbc\xaaq\x85\xcf\xdc\x11\xc1\x94\x804\xdb\xca\xf3P\x8d\
}^\xa2\x88\xed\xbb}\x87J\x15z\xec\x8f(\xb2\xcf\
cZ\x97\xe9-\x8c\x0d\xe0\xf8\xda\x90/z\x8d\x0a\xa6\
\xb9\x03\x18\xab\xb188\xa3\xef@\xf5\x88p\xf1\x07\xe9\
j\xbb\xdbs,7\xa3\xf33\x89\x09J\x9c\x02\xea8\
\xbb\xe3\xce\xf0Ys\x8a\xd7{\xbf\xf3\xff9\xc3O\xde\
\xeav\xdeh\x05\xaaq`\xa6\xed\x99\x0f\xf3\xe4\x86\x9f\
lw-\x93CS~\xd7,\xec\x9b&S\xbc\x0e\x94\
\xa6\xb0N\xc3\xc1\xc5\xfa\xea\x87\xdd\xe1'\xefq\xad\x84\
\x9b\x5c\x1c-\x81/(\xe6\xd7\xc1W?\xe8\x0e\x7f\xc5\
\x0a\xe4\xd3Js\x9e\xf4\xb3Z\xc6'\xd7\xa0'@\x13\
\x83\x225\xafY\xba\xb7\x8f|E\xa0\x8f'\xbb>\xf4\
\x05\xf9\xf4`\x16\x0c?\xd5tL\xba\x15C\x07\xe5S\
\x1ft-\xda\x92\x9a\x01\x85\xe5\x8bNx\x12\xd2\xe75\
\xdb\xdd\xce\xad\xa3\xe5?\xff\x1a\xd5\xd044\xbad\x1a\
yiA\xb0\xe3\xae\xb36\xf9;\xbd\xa8\xd3\xf9\x01\x18\
\xb6z\xcf\x0a\x01\x01\xe4IlyW9\x9d\x84\xb4\x15\
\xd0\x08\xbc\xbb\xc2\xa4\xc3\xa8\xf5\xb0X\x83\x807\x86\x94\
\x87F\x12>\x9e\xe6\x0c\xc0-/\xbe\xd3)\x84m\x9b\
v\xc1\xce\xb2\x89[r\x99\xc5/\x89C\xe6\xc9v\xa7\
\x9aA\xa88%\xbaO\x13\xff\x05\xee\xcc\xb4\xfd%\xd7\
Q5E\xae\x0fo,\xbe7\xfa\xce\xef:\x8f\xff]\
\x80.\xbeNe\xcf\x15\xc8Y\xcf\xe9\x7fk\xd8\x0bS\
\xcb\xc8@\xefR\x0d\x15aF\xdd\x90\xa6\x9f\xe1\xbb:\
\x95\xd0h\x92\xfc?\xfe.\xcb4/\xa7\x993I\x9d\
\x85rzd\xd8\xb0\xc745dg\xeb\xc7\xbd\xfd\x8e\
\xb18\x96Up\xbb\xd4\x92\x93\xe4\xa3\x9dz:\xcbO\
\xb6\x87\x1bN,\x8e\xd7ma\x9c\xb3j\xffbj\xc9\
\xacv\xb4v\xdbSUU\xa2\xafj\xda^\xa7\xa8s\
\xba\xc9\x9f\x17cPt\xf02\x8diL\xdd\xae\xbd\xd3\
\x04Sg\xcbW\xa5'\x8b\xd0\x1d\x94\xbf\xb0\x9a\x0b\xdd\
\x04\xb2\x1c\x0f\xbb\x83\xe4\x14X\x0aNN`sa\xd9\
\x1cy]\xa4\xd3\xd5\xbb\xb8\xfc\x1e'\x09\xe0\x0e+\x0e\
\xd8(.\x85\xa1\xd3\xda C[\x9cbS\xf4\xf0\xc6\
\x91h\xfd\xb3\xdemN\xb19\xbam\xd8)\xbe/\xda\
8\xe4\xc0\xfaa\x8b\xe9\xb4\xb2kjK\xb8\xdb5\xe3\
4\xbaN\xb8\xbe\x10\xb9\x95\xdb]2\xe4j\xb6\xcb\xad\
\x05Z)\x81\xf5\xb3\x22sI\x0e9\x93\xa6\xc6\xc6\x96\
C\xfcw\xd4\xa8\xc0\xb2}\xe0\xb4\xbc\xa9\x14D\x16\x9f\
\x1e,\xd9\x0c\x95\x9aG\xc1:\xf7K\xe1}\xf4\x8a4\
7\xc3 \x85\xcc'\xb8/\x1c\xd2\xb5\xb8\xa7k \xf2\
vd*R\xd1\xb1\xb2h\x0d\xc9\xe9\x1d:c\xc7\x0a\
\x09\xa6\xd1\x8dU\x81e\xbd\xb6\x15\xe1\xe5\x16\x930s\
\x02u\xf9\xf4j\x1f\xd4\x01\xf2j\xaa^U\x01\x98\xf3\
B~\xbdS&\xb8\xc2\x849bm-\x8b\xf7\xd9\x19\
\x09\xa6-c\xe23\xe6\xd1\x08\xc9\xb6l*\x0d\x1c\x15\
\xc5\x1b\xa3zc\xb7J\xd2\x8c\x9b\xc4m\xf1\xfdQ\xef\
\xe2\xa3\x8e\x1fk\xf1b\xe1\xe0v\x1f\x97$\xde\x1f\x88\
n\xedr\x8a[\xa3]\xdef\xf9\x04/\xd1\xe2T\x95\
\xec\xef\xef\xa8\x0e\xca^-[v[u\x5c\x04~(\
Ta\x8e\xfeDsF{\xc9\xcfX\xf7*dZ\xa8\
\xb6{\x8d<\xd3\xe3\x92\x06\xe5\xe6\xe8P#/\x83\x9b\
\xe5\x0c\xdfb\xac\x91zo\xbfg9\xffNzVJ\
s^\xe9\xbc\xb5\x1d\x90\xc3pd\xab\x5c\xe9-\x1b\x1f\
\x8dz\xb7{op\xfe\x9d,\xd6\x8a\xa9\xddK\xb6b\
\xdb\xa8\x9ch\xd9\xe7\x0f\x8a>\x8b\x9d^\xff\xecQG\
(\xc1\xdb\x86\x9c\x8aO\x9f\xbe%\xe0\x16\xe6\xb1\xcd\x86\
\x14\xe5\x01\xbe\x8c\xe3\xba*O\xa3\x97\xecr\x0eE\x5c\
 D\x04\xbc\x80\xf4\x00\xdd\xfc\x83@}\x95Y\xd2\xf3\
1\xf2\xc8\xe8\xa25\x9c\xc8R\xdbD8,\xffR-\
\xffc\x05JO\xd2\x85\x8e\xf8n\x96\xf4|]u\xe7\
\xe67Z\x09\xf2\x8eI\x85\xbe[\xf1\x12\xaf\x9e!\xe8\
\xef\xf2\xcew\xcc\x22\xa0T\xe81\x07\x06K\xce\xd5e\
\x80\x8dR\xaf\x9f\xbb\xc6\x0a\xa4\x89\xa0\x05\x96\x02\x11\x9e\
r\x03tm\xb4\x80;>\xe2\xa4#g\xe3\xfc\xd6\x18\
\xfb\xea\xf0\xee\xd5\x9e\xdf\xd2\x11\x9b\xd4\xd5\x1e\xb9ta\
\xb9\xc2\x86P\x96\x11J\x7f\x94\x14\xfcx\x89J\xef\xe9\
B\x8av{{\xa4*\x16\x9b-\xd51\xd8\x8c\x96p\
\x10\x05}LK\xc2\xfb\x8e\xca\xc9\xbd\x90k\xe5\x9c\x0f\
\x15\x17!\xe6\xae\xaeS\xaa0\xc8\xd8=@\xfdx\x0f\
\xd2e?/\xcbi\xaa$\x8f\x05N\xf7\x80\xbb\xe7\xb1\
\x92\xd6=\x9d\xf7\x08kt\x0a\x9c\xa3\x1d5\xe2\x8f{\
z\xe1MW\xa5?\x19\xb4v\x8cc\xad\xd3(W\xa3\
\xf6m\xf3\x19\xe8\xe4\x91\xea\x88k\xdaG\xc3X\xb3S\
\x95U\x04\xbc\x97\x8d\x84\xd0\xe6\x9d\xae\x02Z\xf2\x06\xdc\
\xc1\xd7\xe0\x01\xe7\x1a\x9e\xff\x15,8\xfaY\xac\x03\xca\
wj\xc1\xc1\x11U\xc5\x82\xe3\xa3\xad\xb1\xba\xe3|T\
ZY\x98m\xa7\xed\xf2 \x81\x99f8\x86\xf4\xe8\xdb\
\xc3\x5c\x83H1V\x16T5s\xaai>;Ag\
\x07\xb8\xf1v\x86W\x1b\x92\x0d\xba\xb9\xae@,\x7f;\
\x0bm\xc9\x921\x8f\xed\xc4T\xfa'\xc2\xaa.\xfd^\
\xf4$\xad\xe5\x8c)}\x11o\xecUu\x0fl\xcf\x8a\
\xb8\x0f\xd2\xce\x82\xd0\x0c3%\xeb;\xdea\xc3\xf7\x0c\
\x1b;\xcb\xa5\xabx\xa5\xd7\xdcM\xb2f\xa4\xcc\xabU\
\xd7^E\xa5z\xf7\xa2\x1d\xc5\xd9\x89%\xaa\x92\xdaQ\
\xc6,V\x05\xdb>S;\x8ad)V\xce\xe5\xbbs\
\xa8\xbeR\xa5;\xea\x90\xd3\x896,P\xf5F\xe4\x89\
3\xc5\x8b\xc0\xb8S\xc7_a7\x9cv\xbb\xf1\xcc;\
\x8e,\xbe\x98\xac\xa6\x0a2\xe1]\x17\x15\xcalj\xba\
W]\x93b\xff!\x09\xcd.<K_\x80P\xd5\xf3\
@|\x8bL\xca6\xb6G\xcc\xe2\xfe\x1d\x98k\x0f\x05\
\x9a655m\xff\xcc\xc2\xc2s\xf2\xfeW0n\xaf\
\xeed\xc6\xe0g\xe0\x03py\x04\xc9\xfd\xc5e\xffC\
\xe8\xe5\xb9\x90\x97\xdd\x05\x90\x85w>e\x8b+\x9eo\
\xc9\xf3\x9eT\xd4\xb5\xb2\xa9\xf7\xa9r\x10\xf7u\xd1\xd8\
\xb0\x00\xd1w\xc7\x91\x04}7\x98\x95\xbb1\xa7c\x8a\
\xb3\xca\xa7\xd8l\xd6w'T\x02Ns\xa7\xb2\xf0\xe5\
\x04\xf49\xf7\xed\xc3\x82\xaa\xea\xb2\x0e\xaa\x08\xc4\x90\xf2\
]m'\xe3\x0eB\xd1\x10mcrD}\x17\x8d\x15\
:\xd1G3\xc5\xfe\xbb\x93\x1c\xcc:\xc1YN\xc79\
;\xe3\x18\xebk\xc7\x9a\x9a\xbaw!\xe4\xf2y\xee\xcb\
\xf3\x90\xd4\xf0<$5\xfc\x8c\xd9\xf6\x7f\x22\x9f\xf4S\
9\xf1\xff\x82\xaf\xd9m\xa1\xe2\x87\xa2\xff\x91z\xa4\xee\
\xd4\x02\x94\xef\x8a\xbbf\xac\x0a\xe6\xc8\x94;%\x9a\xa6\
\x14-t\x01i\xb4\xc5k\xdd\xfb\xa9V5g\xd1l\
\xe0$\x8eu\x9c\x86\x04\x00hM\x9d\xafQ\xd0\xa2\xcb\
\xc3j\x08@9\xd7\xb7j\xac\x94l\xadg5U\xdf\
\xad\x83\xecri=D\x090w\x9f\x9fp`Z.\
\xf5\xbe\xe6\x14o\xd579\xff\xcf\x1c\xd7\xdbw\xe2\xc6\
O\xfbk\xdfv\xb9\xc5\xaf_\xfav\xe7\xc4W\xf1U\
\xdfv\xdf\xf6\x9c%Q\xd3O9\xc5\xdb\xc0\xf8\xfd\x98\
\xe3[\xdfr\xfd\xfb=\xeb[\xd6\xeb\xbc\x8f\x04^\xf6\
C\xeft\xfd\x0b\xbd\xd0;\xcd7\xc7\xbdG\x9d\xe2\xed\
\xd1/w9\xdeE\xed2\x9ay\x9cm\x011w=\
\xd0\xca\x1e\x94\x14\xa7&d\x8a\xfa\x892\xaeP\xa5\xcc\
\xe29\xd6K\xd7y\x0c(\xbbq\xdb\xdd\x9dJ[\xa9\
\x00^\xb60\xb6\x08Q\xa5\xd4ve\xe6\xa6\xfa\xdc}\
\x16\xe4\xedS\xb0Z>\xb5\x9f\xae\xea\x1c`N\xd25\
,\x05,l\xe9`\x0f\x0cs\x0fy\x00A\xf0B5\
Xy\x82\xd5?9\xeax\xb7\x99\x0e,8$M\xbe\
\x98\xbeE\x1e\xce4\x92\x19\x03E\xb3\xc2u\x01G\xd4\
\x81p\xb0\x04\xba\xdc0\x1eo\x13}'7\x83\x5c=\
\xa8W\x87\xcd\xa2\x85)2$\x89\xad9\xa3\x12Q\xdd\
\x8c\xbd/\xe2f\x08K\xc1\x81\xcbLF\xd7\xb9G\x83\
\xa9\x9e\x97!,\xdd(\x94\xdf\x86U\xcb\x08\xa3\xf5\x1c\
\x12\xda\x00]\x93\x05?\x0e\x8cF\x82\xdc\xce\x99L\xdf\
\x22\xee\x804\x0c\x86\x19\xfb\xa5\x09c\x87\xae\x7f\xdb\xd9\
\xf3\x84\x8f\xb6\x87\x83\x05\xdd'\xa8\xa0\xfb\x14\x07\x11\xa7\
\xb8\xa0\xfb\xc9\x09<o\x8d\x98\x15\x8e\xb31\xfa\xb4\xf2\
Rn\xca\xde\x1d!v\x02#\x11!\x15\x88\xca\xces\
\x99\xc3iur4\xab\x1fR\xb1\xa8)\x0eWM\xe9\
Z\xf4\x13dB\xed\x94\x1a-\x0fU\xfa\x8c{\x1e\x0e\
\x0b\xcb\x0f\xb6s'n\xb6S\x8cI\x92\xa5\x94\x00W\
\xeb\xf3@\xcd\xe1\xd1\xeb\x0e\xdbO_\xeal\x8ehT\
?\x01\x93t\x82:$\xc0\xea\xfa\xc1\xa2i\xc9$\xf9\
\x0fdi\xaa\x04\x95\xc6R\xc1H1\xfc\x03\xb0\x01\x07\
\xa8\x1eVll\x10\xb3:K\x0a\xb7\x85hCK}\
\xa6\x9f\xae\xb5\x98\xc3\xe6\xe6\xed\x03\x1b\xdd8\xe9\x5c\xa8\
\xca\xf7\xd25D\xf2\xc7\x88\x88\x9d\xc3Q2\xf1\xa3\xdd\
\x03 \xc3\x06\xc8y\x81\xf2M\xc9;;\x91\xb34h\
:\x99\xd5\x04\x01\x0a\x13\x13W\x01\xc3L7\xea\x9b\x1e\
\xe4\x19\x9c\xd2\x1cR\x87\x9c\x8a\xb9\xcbF\x0fhM\x11\
\xf7a\xf9]\xaa\xf7\xb0\xde\xd7\x06\x00\xb6\xd6\xb8\xd5D\
\x1e(,T\x0a\xbb!Kx\xcb\xb2\xdfDK -\
\x95\xca\xc9,\x92h$,\x02+\xb7\x84#M-\xc0\
\xa0\xe0XaT\xb1D&\x97K\xec\x08\x0a\x8e\x0a\xd8\
\xc4\xdaYX\xf0>,\xbfK\xf5\x1e\xd6\xfb\xda(\x1d\
;o\xdc\x1aEp\x95\xb0\xc0\xc4s-KH\xba\xe8\
LQ-\x81\xb4T*'\xb3H\xa2\x91\xb0\x08\xc8\xe7\
Eq\x96\x8a\x87\xa1D>W\x9c\x0a\xf2\xe5a!K\
`\xd5\xae3\x0f\xd2\xe0\xf1*\x0f\x5c\xf3\x00\xd6\x87\xb2\
>\xa8\xcd\xe3\x9b\x0eu\xb1\xaf\xdd}U\xa8\x06\xbb-\
H\xb3\xa7\x12\xb8\x01\xb5C+#ZA\xd1J\x8bT\
b\x82j\xcdlP\x18\x9c-\x95H,\x9b\xd5\x92g\
;\xfd\x8b\x0eDVM\x10\x0b\x11\xb3jj\x99W/\
ei\xf9\x15\xad\xce\xc6\x94k7\x84\x83\x0bcqR\
\x9av\xa7o*\x01\x88\xd9^\xc8\xb3\xac\xd3$\x7f1\
\x0a\x08\x92\xe2\xff\xe2&\xf7\x11\xeb\xe5DB\xddw?\
\xfaI\xab\xe45\x7fS\xe4\xb4\xfd|KXU\xd8^\
\xa6\x7f\xcf\x08q\x0f?(\x1e\x9f\x92\xe4\xa8\xe2\x1bi\
\x19kMK\xc9T\xef\xfd\x8e7\xe6\xfc\x9b\xb5\xff\x8d\
\xd5\x09\x9c\xc9\x96\x86HU\xf95W\x9e\xddu\xe1\xaf\
\xf1\xe3\xce7'\xc2\xcb\x0em\x19RL93\x0d\xdf\
\xf4\xd6F.9~\xc9\xeb\x84\xf9v\xa5\x947\x1f\x8e\
\xde\xfb\xc7\xc2H\xf3C\xeeU\x16dyL\x10\x82\xa7\
\xa4\xdc\xc2\x0ce\xdcPi\xdc\xabT\x8a\xc7\x04\xed\xdf\
\x92\x1c\x1c\xb5\xb1'8E\xe8{\x11\xfc\xc5\x96\xe8\xf7\
_\xeb\x14[\x85}\xd8\x06\x81\x82*h\x91\xb7\x8e>\
y\xda\x14\x8b@\xf6\xb6\x1f\x0b\x9f65\x9c\xd2+\xb6\
\x1ex\xb2\xba\x00M\xab_\xef\xa4\xb7\x86\x8d@\x95\xfa\
5\xd9\x9a\x1eu\x1dB\xc9\xa3\x82T1#H%_\
\x8d\x00]\x8c\xba\xaat\x92\x09\xc4\x92\xdaO\xb6o\xad\
\xae\xf0\x0a\xf4\xbc\x8a0\xce\x93\x91\xad\x87\x1d\xef\xf1\xb3\
\x97\xa4\xe6?~\xf6r\xc8$\x93b\xce\xd9\x87_]\
\xaf\xca+\x15P\xf3\x9c%UX\xdd\xadkj\x8a\xef\
\x05mm/\xea\xa7\xb6\x1c\xe1\x93\xb1\xb1\xfc\xbd\xf9{\
\xb3\xe0Evw\xbbm\xa8\x10\xfc\xac0\xd6\x01N\xa4\
\x0et-\xbd${\x08\x17\xf9\xa2M\xef\xfd\x0c\xd9\xcd\
\xda\xdc6W\xfd\xa5\x0e\xb5\xe7\xe1w\xd4U~K\x96\
 \xeb\x00\xf7Q\x07:\x96\xe0\xd0\xbeP\x0c\xd4\xc1\x8a\
\x95\xffe\xf5\xb8\x9d\xa8\xf9\xbd\x18#\xb6\x91c\xac\x17\
\x1e\x93u\xfeT\x19\xdf\x0d\x5c\x11N\xdf\x09\xcd\xbc\xf7\
\x00\x88&u} \xb7_e\xb0\xef&\x8c9\x04\xa8\
\xa6\xd8c\xae\xef\x8e\x838\x89\x8du\x0cu\x0c\xa9R\
n5\xd1\x09Y6t\x9dDP\xc9kR\x15\xbc\xdf\
\xe7\x1eD\xcc\xc0\x85rP\xe4\x18\xec\xc5zk\xf5\x13\
Mx\x91/\xda\xf4\xde\x85\x08<8\x08#t!\x03\
\x94x\x0c;\xd4\xb7\xe4\xf8\xee5F\x1cg@\xcc\x05\
\xcc\xc9\xca\x97p\xa5\xa7\x80{\x00\xed\x9bs'(\x13\
l\x03[?\x1b\xa0|\xf2:\x84O\xa1\xfb[\xdf\x09\
\xcd\xbc\x7f'\x9c\x11\xeaz\x0f\xec\xe1]\xdd\xf6\xd3\xbf\
\xe5\xacD$V\x82\x94\x01>\xa8\x93\xb0PN\x92F\
'_\x1d\x80O\x0d\xe0\x83m\x96(Q\xb5\xd6V\x90\
)'7b\xde)~$\xfa\xbd\xb78\xff\xfaV\xf7\
J\xab:\x19w\x7fu2\xce=\xfc\xed\xffm0R\
\xcat\x97\xff\xcb\xde\xbb\xc0\xc7u\xd4\xf7\xe2\xb2\xb5g\
\xf7\xf8\xd8\xde<GN\xa0-I\x9b\xd2\xb2\xe0p\x0b\
\x94\x94\x82\xa9i)\xad\x81\xd6i\x8cTL\xd3\xd0\xba\
\xc8\x10\x12p\x08\x91-\xf9\xa5\x97\xf5\xd8=\xbbZ=\
-[\x8e\xe58\x0euX\x91`\xdd\x96G\x0d\x09\x01\
\xa5\x97\x96\xe2\x7f\x0bT\x82^.5\xfd\x97$v\x9e\
\x8e_\xb3\xd6\xb1\xad;\xf3\xfb\xfdf\xe6\x9c\xd5J\xda\
=\xb1\x0c\xdc\x0f\xe1\xc3x\xb4{\xf6\x9c9\xf3\xf8\xcd\
o~\x8f\xefWj\xfb\xaa\x94i\x92\xb4\xe5>\xf6\xe7\
\xdf\xf9o\xcbw\x04N\x8b#\xaf\xab\xe4\x91\xce\xc8\x9d\
\x02\xd3}g\xc4\xbb\xb5\xbc\xd0O^\x17\x1d \xde\xed\
\x92z\x8d\xdf:\xbfq\xeb\xc3\xde\x0a\xf6\xd5/\x95\xd8\
3\x1f\xff\xcew\x82y\xa78\xf9\x03\xbfP=E\xc8\
h\xf8\xcb\xef~\xd4]e\x95\x1cZH+\xaexh\
B\x89,#\xc7\xf9\x8d\xac\x04\x1f\xab\x0eE\xc9\xc3\x0a\
\xc1\xd2\xf0\xe2\x16\x04\xbe\xfa\x12\x98\xa5\x9e\xe3\x06\xb0k\
4\xd7hA`|%%\xe0\x9a/\xec\xc05t\x87\
n\xb7\xdb\x9d\x9e\xb6^,L^=\xa802gA\
\xb5V\x9c\x14C\xdcZ\xc6#\xce\xca\xa3\xcc7\xebJ\
J\xf8\xc4Y]z@\xbco\xd6\x95\x14y\x8d\xb3Z\
\xcf\xf39C\xafy]\x03+\x98\x09%\xbb\xe8]o\
\xc5e\x99\xe0\x08\xd6W~\xdcY\xfc(_\xc6\xd0\xc9\
O\x89}\x0bg\x8aS\xa6\xa9\x97C\x8c?B\xfa#\
\xc5\x1br\xd4\x8a\xa8\xe5\x90\xe7'\x81#\xf0\xe2\x0a\x0d\
\x17X\xa1\x81S\x10w0\xf8\xa8I\xa5\xd2\xcb\xd5\x80\
+\xc3V \xb8\xb4\xa6j\xe6\xcc,\xe0\x7f\xb4\x92\x95\
$\xedTl\x96$\x83+K\xda\xddZ\x96\xb4S\xd9\
\x01%\x85^K\x02\xbc\xb2$\xfb\xeahY\xfb!\xff\
\x9bH\xa8\x18m$\xe6+?\xc8\x0b\x8f\xa3e\x9c\xa3\
VD\xc3\x1d\x8dj\x19tE\x88\xb3\x9e{\xd3\x9d\x87\
,\x03\xe2\xac\x0e\x1c\xd2)DD\xa6S\x06\xf6Q\x07\
\x1a\xca\xf5\xf7\x87\x7f\xb8\xf6\x11K[H!0\x0f\xad\
\x14\xf6\x87>\xec\xf2\x84\x15\x8eZ\xf2\x98\xa4\x96\xfc\x98\
S\xd7\xc7\xf2w:\xea/\xbez9k\xfb\x0bK\xdc\
\x1d^\xac\xa8U\xc2\xdb<\x93YE\xdc\xdd\xcd\xd8m\
_9\xeaJ0\xca3zW\xe1\xa4\x91\xef\xc0r@\
\x99\xad\xa0\x13e9@\x9b\x88\x0d\xf65,\xe1\x95l\
p)Bd\xe3U/SC\x1fa\xf9\x8fC\xb3\xef\
r\xde\xe3}\x88\xe5\xef\xd6\x1f\xf2\xd57\xb3\xb6\x0f\xbd\
\xc2\xd6\x7f\x15[\x1f0\xba\x85l\xfd\x22i|\x07\x8e\
`\xef\xaa\x13\xbe\xf6\xee\xdd\xc2\x8eF}=\xd4\xe2\x17\
\x08\xaa\xa6DE\xf09\xc1M\xc5\xd4\xc4]\xfa\xa9\xa7\
\x8e\xbar\x04\xd1\xb6\x94L\x16\xb1\xb8\x9b>\x08\x9a\xdc\
S\x19\x9d*\x9b\xa8\xfa\x8as?\x7f7\xfb\xeb\xf6\xe4\
\x8e\xbe\xa4eP\x1a\x94\x97\xa2\x02\xbaL\x96\xae\x02{\
WIj\xdb\xde\xab00^\x02\x93&'\xc7\xbfk\
\x98\x13j\xd2>\xf8\x8fL\xd6\x80\xd2a&l\xba\xcf\
\x0a \xdd\xd2\x09\x1a\xb1\xf1/&t0\x9fJ\xf0N\
\xf3\x05\x8c\xbfE\xc6f\x0c\xb3\xc3N}\x04\xdb\x9e\xff\
\x84\xf3\xa5/3\xc0\xab\xdf\x13\xb9\xd9\xe1o\x7f\x8b\xfc\
\xe8\xa1\xcf\xb0\xe3\xe0\xd2\x7f\x84q\xc7\x91q\xd1or\
8\xf3\xae\xf4_\xfe\xf6\xc0\xaf\x8f\xcb\x9c\xbbn\xe7\xf8\
m,\xffI\xc7KT\xe57\x88Kn\x95Y\x13\xea\
\xcfCc,\x8c\xe7\xd6\xf6:\xe7\x11\xf6aZ\x5ct\
,T\x9a\x91\x0cxy\x82\xb9\xb1\x83.\x10X\xd31\
a\xa9\x8e\xfc0\xb5\xc5\x94\x98)Y\xc0\xe945\x99\
P\x80\xc7y\xb55c\x0d`\x04\x85X\xc86g\x9b\
\xc9.xZe'\xabP,]\x03h<q\x00\xdf\
`\xbb\x1bT\x5c\xa9\x9eq'uX\xccI\xed\xff\x10\
\xb7\xeah\xeeh&\x1c\x028\x19\xe6\x15T\xbb\xaf\x80\
/\xc4%\xe2\xd2\x0e|>\xfe\xbc\xe0\x96S\xf4|x\
\xf4\x06\xd7\xde\xe0\xe2\x9f\xd8\xb0\xc2\xc6\xd2\xf3\xe1\xa5\xc4\
\xcbeI\xfa\xc1\x0b\x17tB\x8c\xa0A\xa1\xb3D\xa7\
\x0d\xd0\x89{\xf1x\xf5\xb4\xce]\xaaOh\x92E\xfc\
\xa0\xed\x1e$%\xe7Z\x05%\x8f^OS[Hc\
\x92\x1d\xc8\x0e\x10l\xb3\xad\x90\xa8\x0b\x0b\x9b\xa0\x14\xc4\
\xa5Y|>\xfe\xbc\xe0\x96\x15\xf4|x\xf4A\xd7\xde\
~\x8f\x98\x18\x9b\x5c\x82\xfb\x9c\xd2\xc1qS\xdac4\
\xa5\x04\xa8\x04\xb3A\x10(\xc26E\x906\xf1\x1fT\
\xda|_\xedP\xa8\x8ez\x8c\xcf\xe8a8e\x22\x8b\
a\x15\xfd\x045\xb7\x9f\x98y\xa2i\x22O\xea\x8d\xf6\
\x8cb\xf0\xc0\xa1X\x08\xa2\x1c\xcb\xca\xf1\xea\xb6\xee\xf6\
\xeev\x84xD@\xb4^Z\x9265\x9b\xf4\x8a)\
\x02\xf5\xa4\xda\xb5\x10\x98%\x9f\xf1j0\x99\xc0?\xf8\
1\x0e\xccRm\x02wt\xdf\xd9\xb8X\xa5+i!\
l\x13\x12\x87\x13Z\xd1-\xfe\x83J\x8f\xef\xab^\x22\
\x1e\xb1\xc7\xa7\xdfj\x89Vs\xa5\x09\x0d&\x04\xcd\x8f\
@(\x96\x1fY\x07\xf0hha\xebW\x15\xaf\xdd#\
:\xa0\xbb\x0d\x9e\xbe\xc3\xd7=\xd4]\xd0qg\xf4\xdc\
>\xa5k\xcfQ\x0b\xc4\x92\xf8\xe1\xbd\xccOb\x84\xd2\
\xa4X\xd8\xf6\x02\x92\xe7\x10\x91K'\xe1\xdc\x0c$=\
\x1e\xe1x\x19J\x94\xb9\x0c\x22\x8ahGQ\xd4\xcd\x10\
\x04\x1e\xd1\xd6U\xa9\xa1\xdao\xdf\xc8vK\xf7\xd9x\
\xb5v\xa7\xc9\x1e\xc0\x12\x10\xdc\xcfj\xf0\xc5\xd3>\xaf\
\xbf\xb6\x00\x0a\xd1\xb4\xcdU\x96\xc2S\xfaL~\xda\x17\
\xdbB\xec\x10\x18\x18r\x1a\xe68\x96p\xb9x\xea6\
\xd7\xde\xe6n\x87;6\xc2\x13\x1a\xe99\x12\x1f^Z\
\xccv\x0c\xee\x18\x84+w\xb9\xbb\xdd\xdd\xa0q\xec\xea\
\x1d\xec\x1dD>\x0ay\xc5 \xfc\x02\xcb]p\xa7\xdd\
\xae}Od\x9bK\xb2\x0d\xe0\x15\xcfBS\x82\x05|\
q\x9a\xde\x02\xb1\x9dA\x82-\xca\xd1\x0f|5\x90M\
\xe2\x07\xbb\xf1\xe4\xe3R\xe0\xedB\xf0\x86F\x007\x0c\
\x8e\xff\xd1\xc4\x08\x15\xf2C[}\x07\x10\x146L\x14\
\xfa5\xb1\xbeP\xcc\xa9\x07\x09\xadX\x9e\x1b\xc7\xfb\xb4\
\xc2\x8f[\xc9V\xc0\x09i\x0cO=\xb6\xdc\xdb%\x1f\
\xf8\xad,\xff;\x0e\x8f\xf0\xd5\xec\xe6\xf2lD\xcb\xd7\
\xc7\xc2\xa5w&\xc2\x11\x22\xf2\xd7\x85c\x98\x8c\x9f\x14\
\x1a\xfa\xf1Pn\x0c\x0c\x01/\x09\x9d\xdd^\x1e-5\
<\x053D\xca\xf7Y\x0c\xcb4\xd4{\x9cUR\x81\
\xfa\x94P\xc0\x96\xb3\xfc\xbd\xce\xaaH\xfe\xd3\xce{#\
\xf9\xfb \xc0v\x1d\xe3/;\xcb\x8f\xcf\xf4\xfdq\xc6\
O9\xcbg\xfc\xbd%T;oY\xcc\x07#+4\
\xc5\x1a\x13\x9f\x944e\x0dB\xafd\xec/<\xf4\x85\
{\x11\x0a\x22I\x88\xc7\x19U.\x08 \xb8\xca\x93\xa6\
\xb7bx\xc6G'\xd8\xbc=\xb7\xde\x8b\xc6\xee\x1aF\
\xcd\x18\xe8Pr\x88{\x92\xb4?^\xef\xf2h\x83k\
\xdd6S\xbb\xfe\x8a\xff\x09\xe3\x9e\xe3\xfd&\x8f\xcdp\
\xc5[y\x0dK&S\xd3\x18\x98 `\xa8:\x93\xb4\
sw\xdf}\xb75\xdb\x15\x19\x84\xcdK\xf9uT\x19\
\x08)-S\xf6\xe8!k\xa6\xa8H\x19\xeac\xd7\x1e\
\x9a\x89GF\x5c$\x19\x9b\xaa\xf0\x9b\xe0\xa3\xb11\xe2\
\xeb\xbb\xef\xce\xddm\xcdvE0w\x1a\xcb$R*\
\xc1\xc3\x8b\xd2=)\xcf\xb6h<\x85\x8c\xa6\xa7\xf9\xb3\
S\xa2k\xdevf\xc6\x99\x5c\x17\xee`\xe066\xf5\
X\x8af\xe0\x02*\x5c5\x85<9D\xaf\x03z\xbc\
&\x11\xb9``\xf9PcT\xb1\xe7\x01n\x02_\xd8\
,Y\x07\x07\xda\x9b\xdbpj\xe9\xe8'py\x9dG\
(As:\xd08\xf7f\x8f\xbf\x08\xc8\x1aS\xe35\
&\xc0\xce\xde\xd9\xa3i\xb7.\xc3\xe1\xc6\x1d\xdc\xd9f\
\x99P\xb1.\xb0\xab\xa8S\xa2I\xfe2\x22\x09\xcc\x8c\
\x95\xb8\xb8LC(\xc1(c7\xf7\x0ct[\xc1\x85\
\x08\x1e\xeci\xbf\x00C\xbfVlT\xad\x13\x9f\xafc\
\xdf\xec\xa66w\xd0\x0au\xfcZs\x13\xcb_\xef\xd4\
F~\xdd\xa9\x95\x1c_\xc5\xa6\xd9I\xc9\xc0y\x83s\
\xbb\xfcg\x86i\xb8\x96\xf1\xbb\x9c\xe5'g\xf8\xfeF\
\xbe\x99\xcd\xc2\x17\xa1\xcd\xefz.\xb8\xc8\x84U\x0a\x99\
\x8a\xdb\xe1'\xcb(\x00\xc2D\xc9\xa8l]\xd0\xbb\xb6\
\xeed\x9a\xa0]pm\x97\x9aZ\xd4D7ko\xfe\
$\x89Z\xcd\x0a\x8f\x06\xfbV{[\xa3\xdbR0\xf7\
r\x05 B\x08O\x05\xfbQ`OM\x07]\xcf\xca\
!\xad\xa6\xd9\x17\xb6\xf4kC\x9c\x5c[hW\xb1?\
\xf61\xeb\x03\x7f\x82\xe3\xc4\xbf3\xf3@\x1d\x17\x03P\
\xe7\x8cFx\xca9$\x06\x14*\xb5Gg\x18\x94\x98\
\x10\xd9\xf978\xb7\xce$\xb1\xc7\xc4\xa9\xbc\xf8S\xc4\
\x17\xe5y\xc9\xa2\xe1\x14\x99D8EF\xba_\xc28\
G\xf9\x8a\xb2Ce\xca2\x89\x0f\x1b\x8b\xb0\x89\xe2\x9b\
\x9b0\xbc\xccn0\x96\xee\xd5\xaf<\x0e\xa6\x04~{\
\x10\x91\x11\x89S\x10\x9d\xcb\xe0o\x5ch\x03\x051=\
s;7\x8c#d\x8e\xf8\x1f\xbe\xba\x5cL\x19/\xc2\
\x9a\xa3\xf3\x1a\xed?z\x09@{h\x1f\xd4\xba\xb2\x86\
Kp\xed\x96\xfeh\xa99 \xa1\x94\x05\xb1\xf6\xefu\
n\x8b\x94\x1aD3k\xa4bK\x7f\xec\x95\x07J\xcd\
r\xbc\xa8\x8d\xcek\xf4\xfb@TZf\xf7\xb0\x94\x02\
\xe1\xc5\x03\xbd\xad\xb9Hb\x1a\xe8R\xd4Z\xb3t\xa8\
\xad\xd0\xc7\xdb\x0ae\xf6\x00\xb8\xf2\xb6\xd66\xca\xfa\xc8\
+Ti<1\xeb\x1a.?\xf1\x83\xee\xd6\xeeV\x82\
\xbf\x9c\x04\xdb\xbd\xec\xcd7\xc4\x0c7\x09\xf9\x0e/V\
\xd7 \x97I\xbb\xda/\x89j \xa8kU\xd2\xa7\xc5\
,R\xcaq\xac\xd7\xa7A6\x0d\x10\x19)\xc9\x95 \
]\xc7V\xaa\x8b\xd9v'\xfdi\x1a\xca\xf4\x83\x962\
\x85\x96\xf2l\x0cyFzI$Z\xb0\xaa\xb1\xc4\xc7\
\x8d\xd3i^Hv\xef&\xa6u~b7_\xfc\xb8\
[\xff\xba\xbfQ\xacvS\xba7\xc4h\xbb)7E\
]>\x95\xf0\xc7\x9e\xf0\xca\xdb\xad\x01\xe8\xf9\x01\xe9\xf4\
\x90\xe2\x8bW\x1eV\xce\xeb\x0am\x03\x13\x03\xef\xa6\xdd\
\xb4R\x03t\xef\xc8\x07\xbf\xee\xef\xdca\xbe\xf8\x83V\
\xc6\xc7\x9e\xea&\xed\xbbbnG\x0aiM:\x93\x9d\
\x0a\xa8z\xdc\xa7\xb8\xd8\xde\x15\x7fb\xf9\x03\xd1'\xe9\
\x8b6\xa0p\x9a\xd4\x19 \xaa\xcb\xc4\x0f\xfe\xd9\xf2\xa7\
\x86\x5c \x13E\xb2+\xd9\x95\x22\xb4r;>z\x84\
\xe57J\x9e\xf47\xcab\x13\x16\xe2\xc8(>\xaew\
V\x8e\xb1\xe0\xe7\xf2\xea7N\xbb\xfa\xb0\xdc\xf4\x1b\x9c\
\xe3\xeb\xd9\xe5L\xe8\xdf{YS\xc1\xbdH=\xcbo\
v\xb88d\x87zI\xa3_\x94\x87\x93\xb17\x1c\x84\
\x84\x8c\xf6\x08\xf3\x9aq\xde#\xed\x14\xeb\xa2\xa1\xb0@\
\xbc\xba\x90PK\xeb\xc2\x8d%\xaf\x8b\xe9\x00\x1ex\xcb\
D\xae\xb4\xc1\x5c7,'\xec\xc4\x1a\xf6s1\xf7\x1a\
\xc2E\xe1\xac\xac\x92\x136Q\xf5s2\xf5B\xbee\
\xfc\xc8Q\x86(\x17\x94\x5cWI\x11\xe0\x94\x18\xd3\x07\
\x0eo\xd2\xa1\xa5\xd3\xfb!wxx\xb8~\xaf\xf8\xbf\
\xfc\xf7\xe0\xc1\x0d\x07\xbd_\x91x\xc8yJ\xe6j\x92\
\xbf\x0b$\xf3\x9a\xda\x09P\x0fNhR\x02S;\xa5\
\xed\xe8\x5c\xa2\x12P)\xf6\xca\xad\xa0=lQeL\
a\x14\xc8\xc8g\xf2`\x98Z\x9cvjB\x8a\xa8?\
\xcc\x9e\x97'\xe5\x88\xca\x8a\xb5\x12\x94\xe8\x86\xb86\xe0\
\xdb3\xb5\xa5\xd55-\x92QC\x01\x8a\xa8\xda\x9e4\
1\xc0EU,,\xd6\x96H5\xc5Q\xf9j2\xf0\
X\xa8*\x9a\x0d\xc2\x97/\x91\xc9\xd8\x83\x83\x83\x8d\x16\
\x18\xd3\x12#\xa9iP\xcd\xe9\xc0\x15\x05\xe66\x95\x80\
\x5c\xc2=\x0e\x1e\x9c\xdd \xb7\xe1\xa0\x05\x16\xbd\x0a\x15\
6 v\xb9\xa8\x8a\xecU\xc3\x00\xaf\x84Q\xd6Q5\
H\xb2\xb6%M\x84\x11\xe0\xdb1\xb5\x93\xb9\x5c\x0b\x86\
\xe0\xa2g\xd5\xd4$\x12\x8a/eob\x8c8\x1c\x06\
(.l\x91\x0eST\xb5^T\xca\xa4Lj\x9ef\
b \x92\xe8\xab\xdc\xbd\xf5\xdb\xb6n\x1f\x9c\xdd\xb6\xd8\
\xd8\xd88h\x05S\xd2\xc9@\x98\x22\xd6\xf9\xc6\xc6\xb9\
\xee\xb1eK\xa3\x04\xe9\xd6\xe4\xda>\x1bH\x1by-\
\xcfb\xf2\x5c\x8d\x02\x15\xd1\xee\xccI\xc0\x0f\x01\xd5\x19\
I\x8f\xb0<#1H\xa5\xa3xP\x95\xd0\x13K \
\x22f)(\xf5K\xf5\x04[L^\xbe~\x0c[\xee\
\xc7\xa9.%\xc2n\xd7^\x13\x09#&\xfc\xa7L\x92\
\x11E\x9ct\x17\xab\xfd\xa7\xdaPH3\xa1\x04\xbc\xd0\
\xf3#\xcb\xe7\x17K\xed\xd8\xfc\xa0\x9f*\xb3\x0b\xefl\
g\xf9-\x8ew\xc7},\xbf\xd5\xf9\x9c\xf8c\x9b\xf3\
\x85\xddL\xca\x051\x9bA\xab%\xbbmJ\x97D\xe0\
\xe6\x12\x1bV\xccUj\xb5\x9f\xc7/\x85e\x8a\x98\xf8\
\xa4\xdek\xcb\x13\xb4\xac\xa4\x88\xac\x0fUbU\xd6\x18\
\x96\x1e\xb4\xde\xf6\x13;\x88R\xb8sD\xc3S\x01V\
qY\xa6\x89\x8aG6\xd5\xc6\xc6\xbf`\x1a\xaf\xee\xd7\
T\x91N\xa5\xd53\x8b6\x9c\xbeH\xa5d{\xf1\x0d\
Jk4Q\x0b\xb9\xaa\xc1\xaej\xac\xe6\x0c\x9a\xa1\xb1\
\xeb#%\xb6\xb2\xd9\xdf\xcaT\xca\xd7\xb7\xaa\xa5dn\
\x0e\xb6T\xbb\xdf+\xb4t\xaf\xa01JSk\x07J\
o\xed\x9aC\xec\xe0%\xed\xd4\x0d\xd4T\xa2K\x127\
\x117S\x93\xadh\x87\xd2\x17\xe9\xb4l\x19\xb6U7\
o\xf7_\xb3\x92\xae\xeb\xbf\xe4]\xdeR\xf0\x1e\xb0\x15\
\xea\xc5\x82\x8f\xa0w\xe9~\x8a\xe5\xb7;\x7f\x0d\xcb\xed\
\xe3C\xa6\xfe\xe7C\xa5\xf6m\x19\xed\xda0oS\xa1\
\xe3\xed\xac\xe4k\xcb\x90\x22\xcd~)\x92\x0a\x1c\xd1\xab\
\x8d@\x09;\xd5\xbf0\xc4NF\xcd\xd1^\x0b\x9a\x1a\
\x9f\xf8\xa1i\xa8\xdb\xa3:\x96\xb8\xb2\xe6n\xd3M\xa5\
\xcf\x85\x81\xd2\xe6\xb5\x0c\x10\x5cW.&\xac>\x9d-\
\xbf\xbc8\xb8\xc7\xc2c\xc2\x96\xca%\xa0\xa3%\xd4\x96\
\x0b\x96\xf3\xb9S'6FK\x02\xad\x9f\xb6\xe5\x96\x06\
Z\xcf\xd7y\x8b\x98\x9e\xbff\xdc\x0bfe\xda\xe46\
\x99\x95\xa1\x86\x1c2\x8d\xf5*\x8290m\xae\xa0\x5c\
\x08L)\x9ch\x9aTYZ\x9c\xcc\xca@qk\xb6\
b\xb3A\xd3\x1c?\x14\xc97:\xcb\xab\xf2M\xceh\
U\xaa%\xaa_\x80\xa4\x0e\xca %\x91\xa8\xe1\x07\x0b\
\x1a.\x9a\x946\x8b~\xba\xe0\xd6\x12\x1d\xe5\xbb\x92\xf6\
\xd3\xc4\xd4\x9c\x8d\xdd\xbb\xde\xdf\xc7r\xbf\x08,\xdd\x05\
\x89\x11\x7f\xff\xf6\xcf[\xff\x06%>Jb\xa3\xe5\xe8\
\xe6\xde|\x88\x89.U\xb7\xc1\x1f\xe7\xf4\x0d\x95\x18L\
\xfb\xbb\xd6HK\xecM#T\x8d\xa8\x9d\xde\xbd~r\
C\xea\x92\x94\xbf\x8b\x9bgj\xefx\xb5i\x0e\xb6\xb9\
VN\x85\xf5U-\xfe\xa9\xfc\xd3lr\x09\xb3\x82\xaf\
\x1be\xf9f\x89%\xdd\x22Znj\x97i9\xce<\
\xb3\xe9\x1dL\xe3k\x8a\xed\x1f\xb8\xdb\xd1\xbb\xac)\xb7\
\xd5\x07/y\xab\xcbX\x8f+#!\xfbXM\x0d\x9f\
\x01\xdd\x14\xe27\xd3[|\x09\xe7\xcb\xa1\xaa2\x84\xc8\
\xc9r\xfa\xd7\x9c[|\x8aEA\xa7\xa4\x0a\x85\xc9M\
\xa5\x09\x93\xf8Q \xe3\x0b\x13\xdb\xbf\xe7\x95\xc5\xf6\xcf\
\x01\xa8g\x0fp\x9c\x06\x17\x14\xa8\x93\x1f\xe6\xc9\x80?\
\xbd\x92\x8c\x81=\xa12\x06\xfc\xc9\xe3\x90s\xe3s\x06\
\xa6\xfc=\xd4\xe2E\xfac%\xa3\xe3\x0dx\x1d\xec\x10\
\x8f\xac\x8fy\x911S\x19\xe5\x91ZS\x89?\xcb\x0f\
\xb3|\xab\xf3\xb7\xdef\x96\x7f\x87\xa3\xfe\xfc\x98w\x0d\
\xfb*\x8f\xfe\xc8\xfd\xaa\x17\xb5>\x01\xda\xcf'\xe0\xfe\
\x9fp\xc5\xff\xa0\xaf>\x81^\xa6\x7f\xbe\x09~wX\
Rg\xecpn\xf7\xd6\xb2|\x9b#-\xf5\x9d,\x88\
\xfe4\xab\x13\xda\xf6n\xe0u\xfc\x86\xd8\xac\xa0\x87`\
\x19\xf7=\xe3\xb7\xba\xd8\xd8Xq\x9b\x5c\x86\xa8q\xeb\
\x87\xd1L5^\x9d\xf6\x85\xb8A\x83\xaa\xd1\x90\xe5\xf2\
\xd7\xf2\x88$I\x0baQ9\x14\xd2]3\x14\xce\x9a\
\xbc>\xa4\x8e\x1c\xf1^\x1bU\xf6\xba\x99:\xa2\xbe\xde\
\x22\xea\xc3\xa4\xdf?\x8d\x17g\x92\xf6\xd8\x9a\xd9\xcd\xa7\
\xde\xaf\xf0k\xd9\xd1\x19\xe3\x82\xd2jy\x16\xd0\x95\xf9\
W\xca\xacs\xf9\x96C\xf3y\xf3p\x1e\xa5\xda\x90\xe3\
\xf1\x9e\xaa\xa3\xd1\xcb9\xdfn)\x09$3\xa5\xbe6\
\x9c\x05&\xfe\x91\xc4\xf1l\x02\xd3>Z{\xa9\x1e$\
g\x5cp\xb6\x01\xac\xd4c\x0cfa\x11$:\xca\xd9\
\x83Y\x9c\xc49=m\x96\xa7\x93\x19\xbbq\xd0\xf5\xa6\
-\xf7\x92\xe3\x8f\xd6\xc7.+D\xc5\xa1\x90\x5c\x11\x11\
.\x96{\xe3\xec\x1d!\xe5b \x81\xb1 ~\x17\xe4\
\xaa\x1fT\xaa ~\xd7\xfb\x15\xaf`\xb9\x07\xa8+\xd3\
\x06?\xaf\x90\x00Eo\xfa\xb3\x02\x07\xde\xb2~>o\
~y\xc7\xa3p\xb9\xcf\xf7|\xbb\xa5$0\xa5\x94R\
\xa3\xb4\x07H\xd7\xb4V\xe3\xd7\xa4T\x80\x14\xa0M+\
\x95\xf0\xe8\xa1K\xf5\xb0\x220f\x12\x7f\xfa\x00\xf3n\
\x5cYR\x905\xa5\xb8&m.\x7f\xe0\x83\xc0\xc4\xc0\
e\x1de\xcdo\x9c()LY\x076{\xf2\x07\xfe\
P\x95\xea\x1a\xd7\x17\xfar\xa3w\x1d{\xfe\x83V\xd6\
\x0f\xceqQ%J\xe9\x92~\x8di\xbb\xf6\xf3\x8f?\
\xda`\xa9\xd4\x06\xd5\xfc\xc0K\xe9W\xa5t\x05\xec\x05\
\x1f\xff\xaan\x04\xbc\x14\xb6\xf1\xbc\xc1\x17.|)\xfd\
\xaa\x94D\x11\xe77\x8b\xbe\xcd\xb7;\x1d\xdeo\xb2|\
\x87\xa3\xff>\x22^g\xd5\xc7f{\xd6\xaaG?\xf8\
)\xbe\xf4\xbd|\xe9\xb7-o\xe9\x00\xfc\x18(6C\
R\xccM\x8bm\x9dg \x18\x13\x01P.\x05\xcf^\
\x96\xeft\xea\xd7\xb0\xd2\x01\x17\x82\xebr}\xf4\x15d\
M\x95\xdf\xe0C\xe1\x84\x8e4\xe3\x0aU>\xe9\x00\xe7\
W\xca\xd9\xeb\x7f\xe1\xf2\x14\x9dC!\x03g\x12\xe1\x8c\
\xb3\xb5!c4\xf8\x13\xf2\xacR.\xc2M\x89f\xda\
\xd0\x087\xe5Z\x99\x87\x99\xb7\x22\x1c\x1d[\xd8\x10\x1c\
\xfe\x8e\xe80\xafc^\xddh,h\x83\xbf\xe4\xb18\
\x05\x009\xbc3\x92w\x9d\xe3\xc3\x8c\xaf\xb8\xcc2g\
E\xb4\x1e\xde\xb80\x01r\x9ee\x0f\xbd1\x7f\xb38\
\xff\xa6\x9d\x06h\xc2M\x97\xbb\x09\xdb\xc5*\xc9g\x9c\
5\x11Q\x0c\xacb\xf9.\xa7\xf9v\x96\xcf:G\xf8\
\xad\x0cc\xeb\xe6\xcf\xc9\xc1\xef+\xd3\xcbQ\xe6\xea\x91\
\xb2\xae6\x9c\xe3*lX\xe1!\xb1x\x86\x987\xc4\
W\xc4By\xb0J\x0f/,X=G\xe48v\xcb\
q\xecv\x9aW1\xfeFg\xe0v\xc6\xdf\xe0\xac\x12\
\xe3x\xb3#\xb7\xb9\xd1pds\xa6'\xca\x03\x22\xaa\
\x15\x8bJ\xf6\x84\xf7\x8e\x90i\xc5u\xe1\xd2\x8a\xc5\xaa\
\xe2\xefa%c\x99\xdf\x5c2\xd2\xef\xac\xe0\xbc\xc7f\
\xc7=\x16\xc3\xa2\x16\xd6\xc3b\x9d\xbf]l\xc3\xf5,\
4\xfd\x9f74\x1c\xaeo\x84\x9a3\xe6\xad\x0b\xa9\xb1\
L\xf0\xd5\x8c\xaf\xf6VG\xc3\x91\x0f\xae\x88\xc6\xc7\xf4\
\xc0\xccm\xa8\x0d\xf6hxJ\x95\xc0\xf8\x22\x9eup\
`\xf4J\xd9 \x06\xe6Mb\xa5\xd4\x87\xf6v\x8b\x09\
?\x1cn\xf9\x0aul\x8d\xb7n4\x9c\xd7{\xa5\x18\
\x18\xcf70e\xda\xad\xde\x11\x8d\xf3\x87\x22\xf9\xf7;\
\x07\xfb\xd9\x11ohU8\xa8m\x83\xaaS&M\xc3\
[\xbc!\xb6\x92\x0fMD\xf7\x8a\x0a\x1f:\x12*\xed\
\xc6\x07 T\x1e\xc0k\xfc8\x7f\x84\xad\xf4\x12\x13\xd1\
\x95|\x05\x9b\x88\x06\xc1;\x12#\xc5\xe2\xf62\xd4\xb9\
*\xdbRb\xb5\x91+m\x12\x0e\xb4\xb8&\x8a\x01y\
\xe4T\x8a\xf2\xa4:k\xaf\x8c\xd2j\x9aRg\x0bH\
\xed\x9c\xcf#\x04\xef\x5c\xcf\x96/?\x1e]\xce#\x80\
\xa3\x10B\x04-\x0f\xb7',\x0f'y\x8e\x87\x93v\
+\xbd:V\xbb~4Z;\x06{_\x88\x81\x0di\
\xaa\xa9-+1\xb1\x98%\xaa\xac\xbc\xcb:qH\x88\
\xd4\xf2H\xd4\x8b<\xc9\xc4?\xa1\x0e\x88\xb5\xa5\xea\xce\
\xea\xb4\xa0rT\xc2\x9d\xd7G\x0b\xa6.$\xd3\x17C\
\xa8\x91\xa8\x9dxa\x85\xc6c\xe3K_`5\x0fP\
\xfc\xbc$\x16\x94\xe0\xd39*^$\xc5\xd3~\xa0\xc6\
\xc2\x08m\x22\x5c#\xc0\xe5A\xf1\x1f\xf1\x03\x1a\xb65\
\x19\x87\xee\xbd\xeb=\xec\x81',\xbc\x03*\x94\xf2\x86\
\x15K\xe4\x8c\xc9\x13\x7f\xa0]\xb3\xd1R\x81\xf9\x1a\xc1\
\xf9\xa4\xb8k\xe3`#aS\x19D\xedsr\x91\xbe\
\x8b\xbf\x8b\x11\xfe\xbe\x81\xd9\x16\x17\x8a\x1f\x0cR\x10\xbd\
\x01\x84\x96\x18n\x1be\xbb\xaf\xd2\xfa,<\x1e\x1a\x02\
M\x12\x8d\xb3\x7f\xf3\x10\xdb(\x1bzB\xd1\xc0`\xe8\
\xb8\xb8s\xa3\xf8\x8f\x02\xacOj\xd0\x1dq\x99\xfd\x84\
l6(\xd5Wa\xf8\x7f\x0d\x15W\x91\x1em\xe7\xbc\
+\xd9\x83\xd2\xe8s\xabJ\x1a\xa4,\x04\xb0\xb9\xbd\x9c\
\x1b\xe9\xd9\xd6\xb3\x8d2\x08\x01\xea{\xb1N!\xa8\xf4\
\xc7\x9cw \xc3\xb8=\xf4qLS\xeb@P\x8f\xac\
\xcc/'\xd6eDi\xcd\xdaC\x9f\xb3|\xf6\xb3l\
6K(\xe0\xd0\xa6\xc5r\x953=/\xae\xd7\xf3\xe2\
z-(\x97\xa9\x18\xf2\x8a*M\xd3X\x05|}W\
\xca9|\x0c\xd2\x0f\xb1|f\x1c\xa7\xda\xbd\x90\xf4\x88\
%A\xb6\x9f\x94\xb3\x06\xb2*\x9e\x93\xa0\xbd\xba*\xfa\
_\xce\xf5\xe3\xb0_\x01o\xa0\xf8z\xcc{\x0b\xcb\xf7\
\xccs7) j_\xe41\x98\x03\xdf\xc2\xdf\x82&\
\xbcf\xb0\xe15\xcb\xd8\xe9\xeawH\xd4\xfb\xb8\xe6\xbc\
\xbcr\x1c\x09V\x87\xa9\x94A6\xc3\xed\xe2\x7f\x94\xa6\
y%5\x13YD}\xb5\x97\x08\xde\xa8\xbe\xbb\xbe{\
j\xeay\x08\xca\x90\xbd\xf8\xbc&\xfc2\xb5\x97h\xba\
m\xdbf\xef\xf7v\xc8\x0eY\xcb\xdb\x84>\xeb\xd5\xcd\
\x8d=2\x93\xef\xc2\xab\xe3u\x96\x1f\x13Al\xd2]\
i\xe8\xb5\xb4\xa2\xf0N\x10\xe2\x91\xf90\xddetF\
\xd4\x04\xe2_\xe0\x9fd{\xb6*[\xa7\x98\xfc\xe9\xad\
\xa4\x92\xbd\xacy\xcf_\x96\x18Lb\xc2\xd4\xf8\xc7\xc7\
\x22\x8b@Vf\x22(lh\xb9\x86\x077|\xdf\xbd\
\x7f\xb3e\x80HU\xa0\x83\xc4\x90\xbc\x5ct\x0a\xd3\xfd\
&\xb6:\xa8(\xf7\xda+\xe0j\xe8h\x91\x8eb\x93\
\x87+\xee\xd6\x99\xecL\x02\xe1p\x8a\xc8\x86\xff<\x8a\
\x15\xf80\xdd\x99\xe9\xcc(\x96b\xb0xK-\xb0\xa3\
\xdfz\xe5\x94\x0f\xb3dl\x87\xd1L\xc3\xa8\xa5\x94\xc0\
\x82\x900Y{\xeb\xe7p\xf0\xd1\x1d\x90\xed\xc8\xc2\x8c\
\x19\x00\x0c\xae\xc1\xb6\xddm\xbbi]\xc7\xfd4\xa0\xca\
\xb4\x01\xb7wH\x00\x0c\xd8\x9f}\x8c\xed\xdeM\xbcm\
\x8a\xa5\x96\xb4\x1b_\x0d\xa2\x80p\xe5\xd2\x9a=\xab\x98\
\x7f\x0bW\xef\x22\x050*V.\xac\xd9z\x98\xc5\xba\
\x84\xdd\xe0\xa5\x84d\xf2}Y\x82\x92\xee\xb2\x06\x07\xfb\
vg\xf7d\xf7\xc0#\x90\xc2T\x97|\xbcz7m\
M\x12\xc9LJ\xc3\xac.\x13#\xee\x96\x8e-\x1d\xdb\
 \x0f\xa7\x11\x90\x0d\xed\xea\xdd\xb3\xc3%\x91T\x989\
\x03\x0b#=\x12#\xae\xef\xcb\x14\xa6\x0d\x93T\x985\
\xc4a\x1eE\xf1\xe5\x22\xa1\x9c\x1eNc_BP\x87\
l\x8bL\xfdF\xb9JK\xbb+\xd9\x95\x04>\xef\x14\
b\xc8\xd8_\xf3\x93|\xa7\xbb2]\x19E\xec\x0d\x1e\
5\xb9\x8c\xb2\xfd\xd6|\x82C\x84C;\x0a\x11\x95\xf5\
\xf3\xaf\x83\xf0\xc81\x06\xc2B\xbc\xc9U\xfa0y\x85\
\x06\xf845\xc9\x11>\xf52\xa0\xc2\x83\xee\xa8m\xa6\
/\xea\xceya\xbc\xa6\x03\xb8R\xb0l\xd9\xb2\x8dX\
\xac\x15\x09]\x07e\xe8I\xa8R\xbbq\xc3\xdb\xdc\xc6\
\x83(\xe3{:\x02\x8cR@\x8c\xbdT\xdcaO\x07\
ta\x07u$\x8c\xdb\xd5\x89\x9cR?\xb5\x97\x04j\
\xc0b\x0e\x5c\xc7WhTOS\xbb\x8ap\x16\xf0m\
\x85\xf6\xffQI]\xdc\xeb\xe8\x8aw\xbd\xf7&v\x96\
G\xef\xfd\x1d\xcb\xe4\x19B\xe4@gFI\xf0\x0bA\
\xeeD\x98\xefO\xb87x\xd1\x87\xfeS\x01)TR\
\xb8J\x17ncI?*\x93J\xa8\x14\x8f?\xc5\xff\
\x81\xe5\xfb\x1c\xf5\xef\x9eF\xf6u\xf7\xe3\xbfa\x19\xc4\
g\x8a\x08\x05h0\x1fK\xa6\xc1zR\xe8d\xd8\x8a\
o\xbbo\xf6\xac\x07\xbfg\x91\xa2\xa7\x90\xa5\x0b[\xa1\
a\xa7`\xa7~\x7f4\xfe\xdf\xfc\x0f\x99\xdb\x9an\xcd\
\xb4\xda[\xb7Z\xd3\xb3\xea\xa6\xb1\xbc \x96Gn\x06\
\xac\x1b9\x83\xcfSZ\xaf\xabJ\xf9i09\xd0~\
\xe4Q\x8b\xb6\xa7\x88>\x9fYp>\x8b\x82\x94\x88V\
\x93\xce(j\x0a\xfa4\xaa\x01\xd2\xa0&\xc1\xb2\x90\x93\
\xc7\xd3\xba\x98\xa9MjH5\xc9\x91jwew\xee\
\xb4\xfa:\x88\xa3\xcc\x90\x16\xe45\x83Y\xdep\xd8\x8c\
\xe3P\xb5P\x89\xd1\xce\x0a\xbf\x84\xbc\x14\xa6\xe6!\xf4\
pM\x1b*x\x1f\xbb\xd3\x22?\x07\x14'e\x8fL\
\x12[\x92\xab\xca\x93\xc4\xe8\xd4\xb4\xb3i'\xf1\x0f-\
\x85]\x0b\xf7\xfa+4!\xc3R\xa5VB\xee\xf77\
\xbf\xc9\x1e}4@\x92\xbe4\xa1\xe8\xc0\xaf\x00\x91\x87\
\xe5Rb5\x12wo\xa2>:\x09[\xea\x09\x18\xc8\
\x13\x9a\xd2\x04d\xc5i\x82\x18\xb6\xef\xfd\x94\x85\xa0#\
)\x00\x0eM\xf6\xd9C\xbb\xad\xe9\x5c\x04r{2\xe3\
\xab|\x98\xe353$s*\x0b\x8b\x99E.~\x1a\
L\xe8\xb4\xef\x94\x1d\xe7\xe9\x8c\xf4\xf3\xc4f\x95\x04\xd9\
\x86%\xd2]dpL\xe9 \x5c\x89\xd9\xbe5\xd3f\
\x80\x87\x9d\xa8\xb0\xe4\xa2R\xcb\xdd\xba\xcd\x92\xf84\xe7\
\x12#~\xd2\x8a\x98\xce\x83\x8e)N\xcd\x0a\x9b\xb0i\
\xfa\xa9\xc4|M[\xf3\xd9\xd9::\xc5\xd6\xbc-\xe2\
\xd7==B\xb2,\xe6kY\x1b\x8cz\xbblv\xae\
\x03_\xf0\x93s\xb1\xcc\xa9\xee\xc2h\xb73:\x075\
@\xaf4gF\xae\xe4\xf6\x8b\xc24\x88\x92\xc4\xe8\x81\
^\xeaQf\x90\xa0A\xc82\xebO\x8b\xd8(\xec\x8a\
t\x13\xbd\x01FiXz\xecnw\xc8\xb5\x0c\xedp\
\x9a\xde\xe8\xa2L\x18\xa6\xf2<\xe0\xdd(\xcaM|A\
SCz\x9dD\xae\x15\x96O+-\x22\xae\x80\x19\xa5\
\x9e\xe9\xdak\xa2j\xc2\x9e$\x9aO\xffr\xc1\x85\xa2\
&=\x91\x80\x89Ow\x8a\xff`5\xd1GrE\xd9\
\xc7\xabd\xaf\xe0\xe2ZJd\xa7\xfe\xc5\x81\xcbB-\
P\x22k\x13\x9f6\x89\xff\xf0\xf1\xf8\x91l\x8e\xfd\xe1\
h\x0f\xac\xb9n\x10NY\x14h\x0f\x97L\xe5Q\xce\
\xf2\x09`\xaf\xc9\xfe8\x87tC4&m*\x17\xfe\
\xbc>N\x1b{\xf1\xa4YEZ\xbf<\x07\xaa%\xdd\
D\xef'\xe7h\x0a\xb4\xd9\x9b\xa2\xb4ZH\x08\x90$\
\xecWe%\xa0]k<\x8a\x98\xe6h\x8di\xdb\x98\
5^\x13\x04-\xb6\x15\xb60\xb0y\x8b\xe51\x12\xf1\
vj\x8f\xe8B\x04Q\xceQ\x5c\x94\xa7\x89\x8c\xa0f\
\xa1>\x5c\xdd\xe3\xda\xbc?\xda\xe3\xe2'x\xb7\x88\x0a\
\xa6\xf2\x15\xf8\xc5\xb8ve\xef\xd4\xf1\x03\x80\xf7\x19\x91\
\xbd\x5c\xf0\x88\x88BJ\x90?nsm\xaf?\x0a\x88\
D\xe3j.z\x1ai\xc1\x14\xf8\x05\xec\x8d\xd2\xe0y\
\xcc\xdb\xcc\xee\xe0\xaf\xfer\xf4\xbea\xe6\xc6\x90\x99\xa7\
M\xbd\x9b\x8e\xf92\xb5\x0b4a\x03\x8b\x0c\x0f\xabR\
`\xf96FSD!\xac\x8e\x10\xee\x89\xce\xa7\x87n\
Up{\x0f]`5$\x17+\x94\xfd\xd0T\xe9\x1c\
2\xa9vOz5];G/\xd9\xea\xda\xcfx7\
\xb3;\xbeE\xa9_\x15\x09\xf1\xd4\x03t.\x95=\xfc\
\xe5z7\x9a\xa5\xf6G\x80\x92\xd7RB\xd9Ph\x90\
\xa0Dx-\x5c\x84\xc0`\x07\xbd\xbeHK8S\x8b\
 pE\xb5\xbb\xc9^q\xc7\xf7\x80\xe0\xe7\xa2&=\
8\xaf\xed+\xa66I'\x94V\xb7\x8d \xd0\x91\x0b\
\xde\xc7\x08\xaf\xdcl\xf0\xa1\xc1\xd8DX\xe1j\x0d\x08\
}\xfc(\xcb\xf7;\x13\x11U\xd4}\x86\xe5\x07\x9c\x95\
\x11(fE\xab\xd8X\xd7\xd9U\x14\xf1\xa2\x0c\x80=\
E\x1dB\xf0\xb1\xcdVF\x85(&|\xa0&\xfeC\
/\x02\x9c\xa0Qo.\xf8\x91\xf8Q\xf1r;\x9d\xf5\
\x13,?\xe8\xd4N\xc8\xfa\xb4\xf7\xfd\x13\xef\x7f\xb0\x9e\
\xa8\xa1\xaf\xd3j\xebE\xad:^$\x8a+e\x8eB\
\x06l|\xad\xea\xa0\x89H\x9b\xb74QJ\xf0\xdc}\
Q\x1fF\x0an\xefKm\x06;\xbf|\xbd\xa6(\xe0\
\x9ej\x82f\x04U\xc5\x12\xfd\x13\xc4h\xe5\xaa2\x02\
.\x13-z\x0d|\xdbB\xed\x00\xaa\xcc\xe5t\x0cf\
%\x1a\x0b\xa4\x97_\xd9\xa1\xf4j]\xa0\xcd[\xe9\x98\
\x09oUF\xa0B3\x936\xfe\xe8\xa3\xb0\xd6]\x17\
\x82\x8a\xac\xd6\xbb\xaf\xe6Q&\x1b\xc8kW\x95\x1eu\
N'<\xbdSE]\xa2\x02\xa1\x92\xf0\xe4\xcc\x1d\x8c\
\xba\x19e\xe5\xa5\x84\xc6\xb4.\xc1\x13E>\x15W\x97\
\x90\x5cF\xd7\xa6T\xa9F\xc3\x85\xf6\xba\xca0A\xfd\
\x8b\xe0-)5\xb4\x94\x9e\x96t\xed\xb6\xe8\x0f#n\
\xcc4\xc1om\x0e\x14\xca)V\xa4)3\xce5\x9a\
F\x92\xa0)\xd9\xd9\xd1a74\xb8\xad\x9fw\xdd\x81\
z\xd7uw\x0eZ\x86\xe9F\x99\x1a\x0c]r!q\
\xf2x\xcd\xb41\xe9\xf2\x83\xdc\x9c\x0fR\xc4/ \xd5\
\xb0`<\x9a*:\xc5\x7f\xd4\x01\xe7!2W\x8e\x81\
\x1b\xfb\xdb\xbfc\x8f5\xc6\x1a[\xdd\xa6\xc1>\xd1\xb8\
\x8fX\xd3\x16\xd8\x9f?\xc4\xf2\xbb\xa4@\xa1\x22>\xca\
{\xd8\x17\x9d\xbd-\xac\xbea86\xd6,\xaf\xee\x7f\
/\xcb\xef\x96_\x8bb\x82=\xe9\x0cT\xd5\xef\x1d\x8e\
5\xac2\xd7M\xbb\xed\x9a\x06\x96\x1f\x92?\xa1\x22~\
X\xac\xef=\xf2;*$b\xf1#,\x7f\xbf3\xe6\
EX~\xef\xb4\xbf\xbd\xc8\xf2p\xd0p7\x87\xcd9\
\x0a\x17\xfby,$2\xdc\x84\xe4\xe2\x1av\x86#J\
\xdd;\xa55\xa5\x02N\x89s\x86XB\x16\xc5h'\
\x90\x94\x02\xba\xe0\xa4t\xda[!\xe3#\x87Bb\x94\
\xc9\xe7\xe1)\x0fY\x88\xe5mA\x9f[\xac\xb4k\xac\
\xc9\x17@\xb6\x8d\x02\x8e\x8d(\xbd\x80b\xde\x95]\xf4\
\x1b\xf5\xec\xa5Y\xb5du\x84\x14\xef\xeb-\xc368\
\x9ai\xc2\x91O\xf1\xf4>nj\xc08a7U\xb4\
\xa2\xa2\xfc\xdc-l\xcf\x96\x82L1{X\xec8\x99\
\xd9S3\x87g\xccj$\xde1\xd7^\xde\x10]y\
\x90\xbd\x22X\xa62&\xbe\xab\x0cD\xc6B\x88\xc9\xb5\
\xa2\xcc\x18\x9ev\xdc\xbb`\x8b\xc9\xc0vS\x90.#\
>I\xc1\xb7IcY\xca\x18a\xe8\xaa\xd2'3+\
\x01\xaai\x05\xbf\x91\xed=\x1e\x93\x1d'\xd5\x09\x7f\x00\
T\xda\x1f\xceR\x1f\x9b)\x80M\xd3\xb7\xd5\xfb\x03\x9b\
\xa4\x03m\xcb\x1e+{\x92\xa9S\xd6\x12\xb5R\x0a\xa7\
\xd79\xe4c\xcb\xd1D\x9b\x99\xcc\xa5\xc8J)36\
`\xe8\x15\xc4\xb6\xe8\xd5\x82\x8bI\xbe\x0ej\xac\x8b\xb5\
\xd3\x1ej\xf2M\xb0(\xf8\x22\xaa\x16\x19\xde@\xf6\x8a\
=\xb1\x92y\x16\xa7ep\x85\xa6\x91\x16\xeb\x06O\xa9\
\xea\xccJ\x87\xc6\xdf\x88\xf6\xd1\xb1.\x0a4+\x8a\xdd\
\x15}1\xa6\x06\x8a\xde\x19\x18<\x89\x9f\xfd\xbeNy\
\xa0(cb\x5c\xae\xd9o\x17\x9b\xfd\xbf2\xc3\xecw\
c\xa5\xcc\x7f\x88\xb3\xff\x12\x939\xdeI\xcd\xc30R\
\xa0E\xea\xe9;^c4x\xfb\xe6\xfa\x0e\xf7\x8d\xc3\
o\xac\xb7\xfcZ\xbd\x8f\xa1\x01z\x0e\xcb\x8bA\xf4y\
\x99\x8f\xad\x95\x96\xf1\x00\x8b\xab_\xab\x0b\xe44\x1d\x1b\
\xce\xba\xcf\xd4?3l\x05\x14A\xad\xc2h\xd51\xa9\
\xd4F\x93\xc3\xbc\xce\xebc\xbd\xe9\x00\xe8\xaeVp\xf1\
U\xfaR.\xefh\xce\xb4$\xad\xe3\xdeN\xd6\x9f\xec\
\xcf\x88\xbfw\xa4\x02X\xbf\x17\x81\xa5D\xa7\xdd\xefH\
[q\xfe\x18\x7f\x9c\x193u\x8d\x8f\x91\x02n\xfb\xc6\
\xfa7\x0ew\xb87\xfb{H\xf5\xe2\xf4\xfe5\xbd\xef\
&\xfd9\xf7\xeam\x82\xef\xe8{s\xd5\xa2g\x86\x9f\
\xa9\xcf\xba\xc7\xfc=\xa4zqz\xff\x9a\xdew3&\
?^\x9fZ\xbc\x05w2\xd7\xebX9$\xfa\xc1:\
&\xfaD\xfc;1$>\xb1\xbc\xd5U+\xb7\xc2_\
\xe2\xfd\xeb\x22\x7f\xec\xf0\xbb\xebY\xa8\x90?\xf7\xdd\x0f\
<0s:\xe3\xac\xf2\xd5\x08W1\x85\x93vm\xad\
\xcf\xb7\x9f4\xe6|7\x18\x1a\xac\x0ezv\xed\xa8\x95\
4\x98\x95]>\xf3\xbd\xaf\x06\x87\x8c\x85\x14}\x95\xd6\
\xa5\xdf7\x87\xef\xf1\xc0F\xf7\xbb\x96\x09..\x9a\x9f\
g\xe2%\xbd\xd7\xadg+7\xf1\xc8\x83\xb1\x91\xdfw\
\xdd\x91\x7f\x7f\xd0u\xbd\xc8&\xd7\x9dH\xb9\xf7\xfc\xe9\
6\xf7\x9e\x7f\xb2d\xaaO'{\x1f0:\xbe\xdf\xe1\
\xd7{6\xf3G.`\xd0B\xc1\x09\xd6x\x19\x92\xf6\
h\xad9\xc1\xea\x13\x9d\x8f\xc9\xa60,ett\xc6\
\x13l\x89\x18\xefx\x16\xff\xc4\xddw\xe7f:\x8b\xe3\
\x15_\xfe_\xacdL\x85\x95\xb1`\xaa\xfb\x0ci\xee\
s\x11]L\x84\xe3\x8a\xf4^'\x14t9J\xd1\x19\
F)\xe5\x8aqZ\xc4?+\xa6\xfe\xab\xf4n\xf5*\
$\x00\x11\xf3\xe6z\x1dHfj\xd7\xe6r[\xc8\xb9\
w\x5c\xbb\xf9\xa0\x16\x1b\xaf\xbeWr\xff\x81\xc8\xfa\x09\
\x18l\x13\xd2\xbf\x08f\xd1\xe3\x1a4\x16j\xcfU\xd7\
l\x99\x9azZ\xe3p\x9a\xdaS(WD\x13\x9eR\
t\xa2\x07\x06)(\x01\xbc\xa1\x10dT\xa5\xe2\x1c\xb0\
&\xb4\xc3\x87\x5cE\xf9\xf7j2\x83>D~\xf8*\
\x1dt\x03\xb5\xe7\xc9\xaf\xfa\xe9A\xbb\xb6\x9b\xa5\xa2\xe0\
\x17%o\xe3\x0b\xd5\xd5\x0d\xdb\xa0\x89\xdb\xa8\xa1`s\
~F\x1f\x97\x9f\xd2\x12\xee)\xc5\xaa6\xf5\xf4x\xcd\
.q\x93\xeaj,\xc5\xcd\xe5\x00\xbc\x90\xc0\xc6mS\
\xe5u\xf2\x9d`\x1b\x7f\x956\x8f\x98\xda\xf5r\x9d\x02\
?\xdb\xb2\xdc\xc8.\x1b\xff\x99\xaa\xb8z\x1c\xef\xb7\x1b\
\xee\xb2\xdb\xbc.\xde\x0f\xd7\xc0\xab\xb4 |\x95\xd6\x9a\
\xc5\xfd\xb6\xc3M\xb0\x9c\x9azQ\xde[\xdeN\xbe\xd7\
nU\xca7C\xbb\xf1Sz\x0d\xaa\xda\xbdm\xd45\
\xa7@i\xec\x14\x87Mo]\xccm5!I\xca\x84\
\xa6\xa9y'51\x9f\x98\x7f}@Z\x1f\xd5\xdb\xb9\
\xa5M\xbe\xa6X\x98S\xfc\xf66\x17\xf7\xee#Y\x10\
\xf5;t\xfd\xb5s\xf4\xa3V\xb7\xd5U\xe6HuE\
aq\x81~\xe0\xb6\xda\xf5\xdb\x99\xf7G\xb1\xbb@\xdb\
Z\x0f\x87\x8b\xbf\xce\xda\x9b\xc4\xf6h[\x8fe\xa7*\
^\xaf\x9db\xbfN\xd3\xcc\xf6\x12\xdeo\xb0\xda\xb4U\
V\x1e\xde\xe8\x9cix\x86\x9e|\xc0\xb5G\xd3\xd6g\
\xbcW\xb3\xb5]\x0f\xddn\x05 s\xc9`D\xf1\x11\
M\x15\xa9\xac\x04\x0d\x926\xec\xc8x\xb5\x11\xe7d\xb9\
65\xb0\x90Xd\xef\xeb\xb1\xdbG,\x13\xe2-k\
92\xe3\x12\xe0\xb9\x1c\xd1\x8eX]\xe3\xbd\xa0@n\
\xa0\xc9\xfe\x94>\xaf\xfewn\xa4\xe3\x13$\xafOh\
\x0d\xe2\x04\xe1\xfal\x81\xbfK\xa2tQ\x99P\xb5\xb1\
\xb28O\xb2\xee\xa3\xab\xe6\xa5cZ\x1f\xb7\x1e#[\
\xf7\xeb%\xd8o\xc5M\xf2\xa1\xcf\xca\xc8\xb1\x9f\xcf\xf9\
=\x5c\x95\x8a\xce\x96\x184\x13\xdaAa\xd0\x9e-\x17\
x\x98\xa8\xc00\x11q\xf5|\x15\xf3\xfeG\xecod\
l\x8b\xf8\xc5w4E\xea\xb7d\xb0[\xf3\x0f\xa3 \
\xca3\x9f\xc9JY'=\x91B\xba\xf5\x1c\xa0\x15\xc4\
\x94c\xdb[\xe1-b~\x1a\xd4S\x14z\xd1\xe8?\
\x9cd`NeU\xa9\xe9I\x11fh4d\x12t\
\xdaj|=\x1bI\xf6}\xa0\xd9u\xe5N\xfaP$\
\xbf\xcf\xf1\xe2\x91\xfc\x03\xce\xf0\x1a\x96\xdf\xef\xf0\xa1'\
Y\xfeA\xc7\xebha\xf9\x03\xd2\xba\xf6\x90CW\x1d\
\xecg\xa3\xe1\xc8#k\xc3\xa5\x98\xd4\x86K\xa8\x19\x0d\
\x97O\xb3A\x92J\xce\xd6\x0b\x07\xf9\x13\x8c'\xa2j\
\x05\xe1\xb2(\xb6\xda\xd4Z\x14\xb3\x1c\xde<o\xa6\xbe\
\x0a:B/\xa5\xa9\x9d#x\x83V`gR\x0b\x09\
Q\x17&u\xd4\x86\xa9\xe1\x92\x84C\x7f\x0c\x93\x02\xfa\
\xcc\xca-\xbe\xae\xd5\xaa\xefsm^\xf9\x97\xaco\x87\
U\x1c\xeb\xad8\xd0\x9b\xdd\xd7kiR\x96\xea\x9a\x8c\
fr\xa7S\x82\xa6*\xda\xa6\x07\xed\xa2\xc2]%\xd2\
x\xf8!\x91\xc5\xdb\xdek~\xad\x84\xde\xee\x9c\xff\xde\
\xee\x9c\xf7\xde\x1e^\xcf\xe6\x95{j\xac$\xee\xa9\xb4\
\xfazFP\xa8\x229\x80\xbc\xaa\x85\xf5\xee\xb0\x0a<\
TsO\x96\xde^8_V\x08)\x96\x12\xff\x03\xd7\
A:\xe9\xda[\xa3IW\xf9Tf\x9a\x18\xdb\xe6\x98\
\x18B\x18\xe9q\xa6\xc1W\xc1n\x14\xea\xa4kQ\x82\
\x12\x91S\xdeL%\x84\xfd\xb0t\x10\x88\xa9\xe1\x90\x06\
\xc7\xb9\xe4\xdd\xcf?\x95J\xda\x01\x85<\x15\xad\xba\x9c\
\x02U\xb4\xf0rJ\xd4\x81\x0d,\xff\x19\x87\xdf\xd1\xc6\
\xfe_\x98@\x89\xf9\x9f@\x89\xf2'P\x22Z\xaa\xe9\
FO\x9a\x12r\xbb\x81!\xf0\xf2M\x14\xbe\xf8N\xf6\
3\xbd\x19\xf1_\xe3\x8f\xb1;\xef|\xb7k\x95\xc4\xcf\
\xa0\xf8 \xbd\x15s\x9e\x1eB\xd1Kh\x10\x95\x15\xe5\
\xf1K\xfc\x81{\xe7#\xb3\x1b\x8a\xbc+\xbdk\x19\x1f\
Z\xe3\x0dE\xf9\xd0\x04\xf3\x86\x0eEC\xe9\x99\xdf\x8d\
\x06\xa1\x9ed\x06\x08xr\x0e\x1e<\xb8A\x82C\x9d\
\xd7\x91<\x17)L\xcf\xb5\xbf\x17\x12\xbddY\xa4\xf6\
\xf2b&\x8d\xc6\x86y\x9c\x95L\x0f\xeb_\xa4s\x98\
\xcd\xc2\xd9\xcc\x12\xd1P\xf8\xb2+%5\x9c\x9a\xe0]\
\xec\xceG\xfe\xc0\xb5\xca\x83!Y1\xbf >r\xfd\
\x18\x18\x15\x8a\xbb\xd41\xa4;\xd41\xbe\xa9\x02\xe7\xf6\
\xc7\xacb\x1c\xdd\xda\xcd\xe7]\xc9\xe5\xdc~\x12\xe6\xf6\
J1\xb7k\xc3\xe5\xfd\x07\xe76\x10\x05\xc1\xf4\xb2\x0f\
n8x\xd0\xca\xaa\xc0S\x93\x8e<}n\x97\x8ej\
\xb2,2\x1a\x12\x9a\x7fc8\xf4\xa3\xda\xd8\xb0'\xe7\
viye\x05s{\xd6\x93z8\x95%\xe4N4\
\x11)\xfd\x15\xd6\xcd\x0aAR\xfa\xa6\xb9n\xfe\x9b\x1a\
\xb9DM\x8d\x84kj\xfc8\xefd\x00apBE\
!K\xd7/\x86M\xa8 \x0a_\x5c\xbfkb\x931\
R\xd9\x0a\x04\xff#>\xc1\x9c\xeed\x7f`\xb4\xbc\x10\
\xe3\x94'\x83Q\x1a\x1bV\xb1\xfc\xdf:\xd2B\x98`\
\xf9\x83\xce\xf2\x95,\xff\xb03\xc6W0\x15;\x22\xa6\
\xf8`\x0b\x88\x9f\x16\xda3O\x8f\xe3\xb1\x8e2\x14\x16\
Rl\x08\xd5N\x91W\xb5\x11\x84\x0d\x96\xad\xcd\x1dh\
[\xe6\x0b\xbc\x85\xd6\x86\x0f2\x95\x15\xa1}\x01\x17 \
\xbb\xd8%\xcf\x038\x0b\xb9\x0c\x9e\xa6\x12b\xf1\xa3\xe3\
\xd5\xed 0\xdb\xc9v\x08\xbe[\x19/<`?\x1a\
{\xffSl\xd7.\x99\xfb\xb7}\xbbu\xb9^g\xcf\
\x16\x0b\x049\x05\xaf@\xeci\xaf*mBI\x1c\x00\
\xbdl\x80\xb434z\xce\x94\x1a\xe3\x13\xe2\xee\xef\xef\
\xad\x9f\x97\xaer\x1f\xdd[\xef\x8a\x86\xb7Qp\xc4d\
b\xa4\x0b\xf4\xf6.\xd2\xde#\x0az\x82\x02h\xb5\xce\
}\x9eN\xf6\xc9\x1e\xb4\xaeR)U\xcb\x1e\xb1O\x5c\
\xcf\xdf\xe2\x1b\x82#\xfc=rf\xf1\xf8\x06v\x1c\x82\
s\x95\xf5|\xae\x10\xf69\xf2\x1f\xe8}\xfd\x8c(*\
\xeda\xa4wG\xef\x0e\xe2\xeaU\xda!u\xbb\xaa\xf5\
\x1b\x9e\xec\xd9\x08\xc8j\xc5\xf4))\xc8I/j\xbd\
\xae\x8ae\x03\xcc\x96\xa20}Q\xeb\xd5^4K!\
>1\xcc\xf8[\x9c\xfaH\xfe\xb3\x0eOP\x9d\xbf\xca\
\xf1>\xcdw\xb0|\xce\x19\xde\xca\xf2#\xce\xbf\xf2\xd5\
\xe0\xf0\x92A\xe6;T\x5c\xbf\xd6\xe7\xce\xf9\xa2\xfe%\
)\xb2G_\xeb\x8cl\xe5;\x95\x7f&U\x09\xa1\xa4\
\xbe$\x02\xa9\x96F3AXWm%Yh\x02\xd4\
(\xa05\x0b\xd7d\xe9\xca\x88\xe6Q\x8a\xa8\xe0v\xa5\
1\xe3U\x91\x5c \x81 \xa6\x93\x22\x17\xc1\xa8`\x09\
L\x93&\xc2[&\xd0d\xa1e\xdd\xd0\xfe\x1ew\x00\
\x83\xe0;\xe0\x82\xd6\xe0w\x92}\x1c\xf5\x98\x88v\xa6\
\x89f\xed\xc8\xee\xc8\xd2\xd9v\x01\xe4M\xa8\xe8\xd9\x1e\
\x1a\xb2\x88?\x1d\x22PS\xe76\xe8v\xfd\x1b\x9dv\
dR\x91Tm\x87\xefz\xbb\x84\xd1\xa2\xce\xefh+\
q\x1aH\x00\xfd'\xc2\x9a\x9f\xbdG/\xa7\xfd\xb9\xe4\
\xcd\xfc\xe0\xe3-3R\x99\xa7\xd4y\xbe<4bs\
\xa4\xee\xff\xda\x86K\xd0\xfa\x12\xcf\xef\x07\xbf\xd62\x7f\
\xb0\xc7\xfd\x8fo\x98_\xc6wOH\xf6\xde\x9e\xb4\xcc\
\xf1\xb2\x81\x09\xd4\xae\xaen\xeekF\x07\xbe\xcc\x1b\x1e\
\x22'\xb9\x10\xa8u\xaa\x84e\xfa<\xc4B\xbf\x08M\
{\x11Q\x9b$\xc6\x07\x08q\xed\x814\xb5\xd3\xb9\x5c\
#B\x0f\xe0Vhj'(\x17e\xb3ko\xa6\xac\
,<\x5c\xbc\xac\xb7ZS\x13\xb7\x19\xc4\xdb\xa2\xead\
j\xf2\xf1\x15W\xc2\xe1\xe1*\xe8\x8c\xabTZQ\xc5\
5\xe3\x98\xa6\xba_\x95q9N\xcb4x\xc2\xf5b\
\x9d\x1c8\x98\xc9\xcc\x0es\xbe\xa3\x8d\xed\xe8\xb1z7\
\xb1\x86:k\x1b\xc4\x1eP\x88\xf0\x8b\xd5\x8aQWr\
\xaf\x9e\x8d\xd2\xa6~\xa5\xd44D+\x14C\xef\xd5R\
\x0e\x052\x10)_\x14\xcce\xa9\xe8J\xef\x06y\xac\
~Y\xef\x85'\x9b*z\xc1?\xd6K^2I\x0f\
\x8c\xb1\x83\x8bA\xea`\xb9D\x8b\xcf\xa5z\xd5\x98\x1a\
\xc62\xcab\xb1>\xa4\x9a\x1a\xc6A\xaa\x88N$=\
55\x0c\x81\x14\xe3\xbc\xdbvww@\xecH+\xb9\
\xdb\xaf\x8e\xb66t\xa8\x1d\x11\x03\x0e,\xfe\x15\x96\xff\
\x9c\xa3+?\xa9f\xf9G\x9c\x7f|\x92\xe5\x1f5\x1f\
\xd6mb\xf9\xcf;\xbc\xf2\xce\x19\xbf\x8b\x8fI\xe6\xb8\
\x88\x94Z\x00\xa9\x04\x8a\xcc\x09\xd9N\xdbL\x0a]\x83\
\x5c\xf5\xd3\xd2S\x1eW\xf3\xcdW\xbbBv>N\x0c\
\x18\xc9+)\x890\x87\xb7\xc5\x88\x14[G\xa9\xd8*\
\xfb]\xf4l\x8d\xfa\x02\x14\x1e]\x83\x9f]\x01\xa9\x05\
\xb2\x1f\xb8l'\xc2.\xc1c\xae\x90B\x94k\xa4\x0d\
S;\xad\xee\x8a\xe3kk\xd4\x09\x1b\x97@\x0d\xbd\xe8\
K\xb0\x9e^\xa2\xfc\xc4\x1aZU/\xab\x9b\xf9j\xa7\
\xd5\x9b\xd3\x17z\xb9\xbd\x8c\x07\xe2j\xe85\xecE\xfb\
\xe4A\xb6\xbe\xf4} UH\xc5@5\xbft\x9bA\
\x08!\x1cYi\xb0,\xa5:\xb9e\xfeB'\xcb:\
\x13^\x82\xc9\x0eW\xb8)KL\x88\xb2\xde\x8e\x17S\
D\x7f\x7f)q\xf0%\xe7\x07\xb4\xa8\x0f\xf5N~Z\
\x05\xfa\xcb\xc9\xefn\xb3\xe5\x84\xdd\xa6b\xa0\xcd\x83u\
\xfc\xc1i\x8a:n)\x1eYm\xe2\xae1\x0e\xdbD\
c\xe3\x22,\x16\xa5,\xee\xd6\xaf>\xd4\xebv\xb1\x89\
}\xce\xc9u\xbbR,&\xff\xbc\xc7iZl\xad\x98\
\x95Tl\x9d\xa9UH\xf3\xc9\xacO=\xd3\x8a\xcfC\
3K\x8b\xcda3\xc3\x0b\xe7=>\xb0\xd8Z1+\
\xa9\xd8:S\xabp\xda\xfa\xd4+\xb7\xf8\xba6\xab\xbe\
\x98L0\x12\xe3J\x0c\xc5\xb9Q(d7\xbd\xb5'\
\xe6\xee\xa1\x83\xe3\x15*i\x11ogj\x8e\x0e2_\
\x82\xbc\xd2P\xc6\xe9\x84\xb0'c\xef\xad\xda\x93\xa4\xc6\
\x83b\xba\x04\x0e\xb5X::\x9f#\xa6\xb7AS\xab\
T\xb9\x93[\xec\xb6\xb7\xc6~\x5c\xcf~78(/\
\x8dc\xd7lU%\x8c\xc3\xe9\xc4\xc8\x0c\xfb\xb0J\xeb\
\x90\xb7pUyB'\xec\xce\xb0\x1d\x8b\xb7\xa3\xe7\x0c\
\xa9\x12%.\x9c\x89\xe4 \xfc\x9f\x98\x90\xe9\x1ff7\
\x06E\xfaK\xe38\x00[U\x09cz:\xa1\xc7T\
#\x17!i\xbaN\xe8\xbd\x0a!L\xd0\xcc\x22\xc73\
b\xc6Sw\xbb\x8d\x8b\xa1\x06['\x9f0\xa4J\x1c\
G\xdd\xba3A\x09\x0e\xf8+\xfe\x971\xafX\xac\x03\
L\xf7\x14v\x1ave\xb1\x8e6\xc3\xe0\x1f\x1c5d\
\xb4\xc2~\xfc\x1f\xec\x96Ub\x82\xed\xa3\xe4\xfe\xabT\
\xb8\x0dNKS\x83\xb9i\xcb\xe2j\xd2'\xc5\x94\xc2\
?\xd0D\x0f\xcb\x9e\x03t\x9f\x8e\xac4\xb5\xa8j\xfb\
&\xbbmU\xec\x08L\xa2m \x8b\xb6\x83ljT\
%\xa6I\xc1r\x86\xe3<\x96(:Mf\xbd\x11\xa8\
\xa8\xc3\x9c\x06\xa6y,1E\x89\x12\x98\x06U)\x9e\
\xb4K\x08*1I\xf8\x9b\xf9\xd7\x98\xeb-\xb8eX\
a\x9b\x5cO\xd2l_\x0f\xbdlD\xe3_A\x92t\
\x8c\xcc5\xe4\x8145\xd0k\xc0S\x89\xa9\xc8\xea\xb8\
\xa9\xbc\xaf\x8bT\xb0\xfc\x9b\xbc\x0a\xd6\x9dt\x93\x96\xb2\
BT \x9e\x87\x8a\xaa\x17\x9fe>\xdd%\xb4=\x80\
\xf12QK\xe7\x95.\x8d)Q\x95\xa0\xdfS\xa9v\
\xb8.U\x02\xa0De\xc2\x87%\xd3A;\xd5\x05\x0d\
\xae'\xbe\xd9o\xa7\x1e\xe6+\xd6\xbb\x1f\xb4\xf42\xce\
\x8d\xa8e,\x97\x08\x95(Sg\x5c\xc6\x90\xe9M\xda\
(\x9e\xe3H\xac\xeaD\x94\xd0+\xf9\xab\x8a,\xd0\x86\
\xbd\xdcN\xa8\x0c\xf6\x98\x1e\x1c\xa8\xc1\x8c\xb5\xc6\xab\xfb\
\xb26\xbf}#{\xeb\xb0\xcb\x17Z0\xeb\x92\x83\xa4\
\xab.\xd6\x9e\xe08h\x95\x8b\xe5\xb9\xa3q\x00fe\
\xb7\x9a\x91q\xbeL\x08\xdaGd\x900X\xc1\x98\x04\
1,\xf2\x03:\x9a\xbfHN\xd4Mv\xfa\xc6\x9f\xa1\
>\x94\xbf\xb9RguS?\xe2\x04'l\x91\xdc\x8c\
}\xd9\x03\xfd\x08\xdaz\xd6\x1e\xecv\x07d\xcc\xff/\
\xd1,\xdaopH\xc3.\x0d\xfb\xb0\x17eG\xb6\xba\
#\x96K\x13\x11O\x12:\xf8\xd9!\x1de\x00N5\
}\x8d=\xf0y\xb6\xa5\x0b\xd7\x86]\xdfE\xc6M\x5c\
\x17g)\xb8\xa6Y\x83OLV\xfb\xdc\x8e~\xd3\x93\
L\xdao\xf7[G&I\x9d\x82eQ\xef\x22l\xd5\
\xb7\xb7Y\xefmgn\xcc5\xf7\xa63P\x05\x9cW\
\x17TW\xd7\xd1y\xfa%pF\x9d\xd6\x19\xc5\xe7\x89\
\x00\x1b\x90\x07}I\xd5\x9d\x80(\x94\x82WM\xab\x12\
\x94[\x93{\x8fkt\x89\xcc\xc6\xae\xb8\xba\xba:y\
\xc0N\xdd\xdf\x99R\xb05\x082\x90@Kf'L\
\x95N\x930\xec\xc7\x8b\xf8\x10\xaa\x85M\x15\xdb{\x1b\
{\x1b\xd5\x11\x0e\x95\x8d\xc2#\x9c\x02;\x91&-\xa5\
\x01\x82\xc1\x8c.\xefU\xe5\x22\x80\xd8\x10\xa7\xc3\xc1\xde\
A\xf8Z\x0a\xd0o\x08\x01j\x8d\xb1\xfc!\x87\xbfc\
\x94I[-L<\x1b\x14\x09\xb4\xce\x8a\xb2\x09\xa4\xd4\
vw\xbb\xdb\xe4\xa3gP$\x0d\x1e!\xcf\x04\x81\xa0\
\x22\xf4i\xbfr\xda\x8br'\xfcz\x97k\xefrw\
\xfax\x18\x14\x1b\x83\xf8\x89\xb2\xc26T\xed\xe5+\x1a\
\xa2^\xa2\x9e\xd5{\xb7\x0eG\xeb\xf9m\xcc\xdd\xc8W\
\x0f\xbb\xf7[h,L\xc2\xf5\x1dp\x9b\x0e\xe5\xd0S\
a\xc0:\x15\xd0\xf6\x12[\xad@f\xe0xu\xb2\x13\
F\xb9\x93\xc6Z\xf4}\x87Bw\xe0ucL\xc5\x07\
\x88\xd7\xea/\xde\x09\xe88@_\xe0Y\x1d\xc5`j\
^Qd\xac\x88F\xc6Z\xa4\xed\xdf\xa6\xb6\x98L\xde\
\xb3u\x8ea\x82\x89P\xa7\xaca\xee\xba\xe3\xc3\xee\xe7\
,\x03\xf51\xae\x00>L\x8fT\x82\x18\x0c\xf6\xcbm\
M\x96\xc2\xb98\x8fH}\xb9\x19\xbb\xc5[\xe7\xdd\xc2\
B\x05\xda\x1d\x89\xce'\x8e\x9f\xbd\xaatv\xd0\x89H\
~\xd4\x81\x22\xceW\xe0\x84/\xbf\x17\x95\xef\xbb\xa9\x02\
m\xc3\xf6\x9a2zQ\x1cH'X\xfe\x7f:+y\
\x1d\x1bs \xc41DZ\xe5\xed\x977\x9b\xfep\xb8\
l\xfa5^\x1d\x0b\xba3\xab\xabw\xc2\xba\xdaI9\
\x18\xe4\xe8\xc8\x05@\x9a4tS\xb9>M\x85\xcfd\
+S \xf9jjv\xc2\x86\xb3\x93\xd4\xb4\xa5\x095\
\x84\xe4O\xe1\x9dl\xcd\xe5\xed\xd0\xb1\x90\x84\xaf\x91p\
\xd4T\xc3U<\xb2F\xfcx\xcc\xb3\xe4\xdc\x1b\x1bf\
\xf9\x1b\x9d5\xb5L\xba\x0b\x22\xfco\xd8\xe3\xce\xa1\xbd\
,\xffw\xd2[\x10)3\xef'\x18 ZJn\xc4\
\x8a\xf9\xa56\xc6\xd8\x97R\x9d\x16\xc1\x04\xe1mQ\xff\
;,\xc03N\x0d\x05%\xf2\xb5eF%\xae+/\
*\x91\xd7yw\xb1\x94\xb76V\xaa\xd1\x1e\xd2L.\
Q\xb0\x86-\x9e\x8b\x12\x0a\xb1\x97e@\x90\x17l\xb4\
\x84\xe3\x14o\xb5\x9a\xafc\xb5|\xf5h\xcc[\xbd\x86\
\xdd6\xf1dl\xe5JV?1\x1c[Y\x0b\xff\xec\
\xe5\x16\xab\x1f\x1d\x8e\x0dW\xd5\x1f\x1a\x8e-\xaf\xf5\xff\
\xb1~\xa6odJw\x82\xa1\x16\xd9\x01\xcb\xb2uw\
\xebn\x05)\x9a\xa0\x94=\xb4\xe1\xa8\x9a\x82\xd8~\x09\
T0,A\xf7>\xaf\xce\xdb\xb8\x0d\x9b\xdai9\xd3\
\xce\x10p\xdcvUN\x82\x81Ig\x90K3|m\
\xb4\xac\x81\xae\x8f\xb6\x92\x06{N\xa3Y\x17\x8b\x9e\xc7\
\xb1\x16\x07\xa2V\xbb\xa1\xbc56\x5c\xde\x12\x1b\x8d\x92\
\x16\xfb\x12~[\x83/(\xf5\x8c\xed\xaa\x5c,'\xfe\
\x99qe'\xc9k+\x18\xd4\xaeP\x1d)G$\x8d\
\xe5\x10\x9d\x13\x96j\xeb\x97\xa99\xa4\xbc\xf4\xed\xee\xdb\
\x9dU\x22\xffJ\xc9gQUrl\xcd\xf2\xcb\xe7w\
;^z\xf0o\x9c\xaf\x93\x900\x7f\xef\xdc\xbc\x8a\xe5\
\xbf\xe0\xbcu\x80\xf1\x7fpx\xbc>\x9c&t<\x04\
\xc5\xd0\x1c\x9c\xd3\xcb\xc3\xc50\x8a\xf7\x1acj3}\
\x996\x9cm \xe9\xb6\x91\xa7\x09NCN\x02\x0f\xb6\
\xbb\xb0\x14\x1ad\x9c e\xf7\xc8u\xd2jDXq\
\x01\xa7\xc4\x1f\xae\x13\xd7,\x9c\xe2\xcbJ-:1\x8b\
\xf7\xfa\xb2Ef\x8a\x1b\x8fR\x04L\x1f\xcao\xb1N\
\xe8p\x1c\xd51/\xc5\xc2\xd3q\xe1\xc1JTk\x05\
\xe1\xd1\x85\xc20\x84\x8048\xb9Mm\x89\x9cA\x0e\
9~zU)\xd6I\x97\xf8)dy\xcbr\xa8\x1d\
\x986ZT\xe9\xe4f5\xc2\x82R\xa3p\x11@\xf4\
\x98*m\xf1\xca\x15\xbaM\x95\xa7s\xb9&\xf8}\xab\
*O\xc8\x03\x10Z\x1b\x06\xf8\x8d\xac\xecd\xf8r\xa6\
Mmm\xecra\x94\xdb\xa3\x10gZ>\xb6y\x89\
+\xcc\x1e=\x14\xbb\xe4\xabq}\xb4@`\x1c;\xcc\
~\xd1\xd1\xf3\xd1\xd1\xa3\xd1\x92\xaf\xf5\xde\xb3^J\xed\
\xf8\x7fI(\xb3/:\xc7\xbd\xf7\x22hQ\x9f\xb2\xf5\
7Ud\x87\xb2C\xa4\x8c\xc7!XZ\xfb\xc4M\xed\
4Y\xdd\xb6f\xb7f%\xc8\xb9\x1a\x81\x93AfJ\
!\xccv\xec \xe9\xc7\xb5X4p\xd0\x12\xb5\xb6\xd9\
\x96\xf9\x0d\x10\xbawV\xe2a\x9a\x00\xbe^\x10L\xfd\
\xed\xfd\xedd\xef\x16Bl\x00\xa2\x98\x16i\x8c:\x9b\
\x0c\x09B\x88\x7f\x9c\xefa\xde\xb5\xee\xfb<\xeb_\x84\
&\x7f\xad\xfb/<by\x1f\xe0\xcb\xe4{~\xe1\x8d\
\x0c\xac>=\x83$\xe2\x96h\xeb\xb3\xa9\xc13\xf2\xe3\
h\xcdoR\xe5\x02m\xe2<\xaf\x0dk\xa6\x96\x97R\
\xed,\xb9&\xdb\xfc\xe6\x8e<X\xb5Id\xb9\xaa\xcc\
+`\x12T.\x22 \xe7\xf2\x06V\x95\xc4yGo\
Go\x12\xb0%\x10_\x1a\xcbL\x1fb\xe7f\x15T\
\xa8\xb1KJ\xbb\xe6\xc7\xdf\xc5z\x9a\xfb\x00\x7fb\x00\
n5@7t\xc6\x89\xf8Zz\xd0\x5c,wvA\
\x14G\x0f\x96}}p\xa3\x01U\xa2a\x13\x9e\xae\x7f\
\x02\xb7\xd8\xa9n\x09\x0dW\xd5V\x82\x7f>#-\xad\
P6u\x81\xb0w\xb1l\xea\x84O\xdbT\x090\xc7\
\xa2h\xf3}\x0c\xb7o\x22\xcb\xe4i\xedC@L\xac\
\x04\xc4\xa6\xd6\xf4`NL\x9c\x7f\x84?\xc1<\xbb\x80\
]\xd0~\xdb\xdb\xac\x02\x86A\xcf.@\x22\xb1\x7f\xf4\
\xb6B(5n\xfb5\x91t&c\xff\xe8G\x05\xa0\
*\xe2\x9aB\x90\x9d\xb7\xfd\xa8 \x0b\xc6\x8e\xff\x98?\
\xc6\xf8\xb3\xce\xb7\xbd\x1c\xe3C_\x8f\xfd\xe0\x9d\xaeW\
\xf1\xcewZ\xea\xf3\x9d[\x18\x7f\xce\x89\x0f\xf3\x9e\x90\
\xa6#\xf7\x05\xef\x0e\x89\x0es^zC$XH\x16\
3\x99\xbe{\x09lJ%\xa6\x89\xacr_\xc7\xef\x90\
\xf8;\x08\x22*.\xe9p\xedw\x97nt\xe2\xab\xab\
J\xe6\xa0\x1c\x9b_S\xd9\x9a\xd9\xb9)\xe3\xdf\xe2\x9d\
*\xde\xf8\x8c\xce\xd3:\x0d\xa8\xf5\xa74\x94\xfd\xf3\xda\
5\xf2\xbc\xb8\xd5&w\x13\xad\xe3\xe7u|\xef\xf3\xb0\
$N\xe9L\x95\xd3\x10\x12\xa3I\x22\x22\x10\xcd\x14\x95\
V2X\xe76\x7fUT\xadx\xf1i\x17\x5c\xd1C\
r\xce\xf1\x85\x1e\xe5z\xc8{i\x1b\xf2\x1a\xe0j\x10\
?\xdd\xe7\xee#'\xef5:m\xec\x1a\x09~\x8d\xc2\
\x0e\xcd\xab\xe8\xceT\x81\xc1\x18\x9ey\xae\xba\xa6\x0b#\
\x8amO\xb4\x03j\xf0i'\x5c\xd1f\xefkf\xd0\
@\x83Q\xa5\xe1\xd5\x92\xf4\x82g\xd1sU\xd3LZ\
\xe6\x19\xc3{\xa1\xa3\xba_\xcc\xe5\x5c\x9f\xab\x97,5\
/*o\x09~6\xa9:I\x22\xc27\xfbm\xca\xc5\
\xd0\xa2\xb0\xc1\xb2\x96\x9c\x06\x90k,\xcb\xe2N\x03\xa4\
c;\xba+\xae\xd2\x89ZWU\xd7\xb8>\xcf8\x19\
\xac\xaeRh1\xf8\x99\xa5Oy\xe2-\x07T\x04\x18\
\xf5B\xc6\x0f\xe5\x06\x8a\xf8g\xd7\xb3i\x13-\xe9&\
\xedO\xc6fY\x09\x89\x91\xa0\x85\xc3\x07^<\x8br\
\xf1p\xcc\xcd\x809#\x93\x94\x89\xae\x13U\xa9\xa8x\
\xd2\xe5|\xe4m\xb7\xb0T(T\x89rh\x13\x0d\xe5\
km,\xcem\x9ef\xd9\xac%\xb9c,\x0d\x8d\x15\
\xd3P\xb8\x96N\x1a\xb6H\x1d\xea\xe901O\xbb\x9a\
I\xa19\xa9\xc3\xfdN\x22cT\xcdvEC(\x1e\
\x94m\xb5\x06\xe8\xb8fk\xcfS\x14I\x0aG\xfc5\
\xd8\xa8\x10\xbcQ\xfe.\xdd\x99r-\x97\x14\x02\xf1V\
\x1d3\xa4\x14\x92\xccmw\xdb]r\x16/0X\xa8\
:\xdb@\xd4\x92Yz\x19\xa9\xf2db\xca\x12R\xa1\
C\xc3\xc5\xdc\xeb\xb3\xd3;-\xd7\xcc@%\x06\xc5\xf8\
\xd9\xbf\xfa\xabV\x87\xe2\x94\xb9\xa8\x17\xc0\x02\x8d\x81^\
Aq\xf0\x01\xae\x08%\xbc\xb6C\xbfL\xeb+Qk\
\xde\xa5\x02\xb0\xc4\x86\xa0\x5c\x06\x96~\xbe\xa5G#\xa6\
\x8d\x89\x96\xe4\xfb\xb1\xff\xf9\x9f,\x13\xe6\x09\xf7\x18\xea\
\x80;&\xfbR\xbe8x8\xfd\xc2\x09\xb6\xa9\xa2\xbb\
\xab\xbbK\x91R&\x02\xe8\x0a\xa6\x16!\xd2\xcflG\
_+\xd9\xca\xceh\xf7\xb2\x1c\x98\xda\xfb\x19\x80\x92-\
P\xb0r\x12(\xbb\x02,n\xc8AUIZn7\
\xd1?F\x09,\xcb\xde\xbd\xcb\x22\xb9\xb9T\x87L\x89\
^!\xac\xd6\xdew\xb1\xdbns\x93\x96\x0fLP<\
#\x87\xf9\x02\x84\x92\x0c\x92\xf6\x0c\x86\x8dRh\x17\xc4\
\x89\xe2\x0c25\x88$;K\x1e\xe662\xf1]@\
 \x17\xcd\xd5\x22%L\xda}\xfa\xe9\x1dY\xcbD\xcc\
m\x1f\x98k\x90\xec\x8e\xdeM\x1b\xe5\x9cV\xc4\x83\xc4\
\xc7\xb7H\x07\x0aI\x0e\x9c4j\x8d\x0a\xf2\xbd\xda_\
\x83\x93\xd8\x05\x9a\xc7)U^Hh\x1a\xef\x85\x18\x07\
\xad!\xea\x97\xc8n8C\xe6\x05\xfb\xeb\x9fg\xba\x17\
\xf4\xb6\xb8\x84\x86'\x1b`%\xa1U\xdc\x01\xaf\x96\x81\
m\xd1o\xd9\x10Mj\xeb\xdb\x01\xa3\xdc\x0a\xcf\x93\xf4\
i\xa7!\x95\xf9\xb4\x5c\xec\x19Z=\x0b\x0cM\x90\x04\
\xe3\xf4\xc5\x9f\x90\x97;\x87W\x0a\xedr\x1b\xaf\x04V\
\x02\xd9\x94\x16Z>\x06P\xcax\xe9%\xcdJ\x87\x9f\
\x82\x85\x8c\xc3b6`O\xc9\xe4\x9d6\x9f\x8b}\x1b\
\x00{.\xd0\xa3B\xbe\xfe\x9ck\xfc\x90\xcd\xd4\xe7\xf9\
\xa6\x8av\xf1\x1f\xe9\xca\x170\xfeoD\x03\xcd==\
\x8eC}\x1f\x0c\xed}4\xd4/\xc8O\xaf&#\xf1\
\x83\xaa<\x87Hk#\x08\x12g\x13V\x1cJ\x8e\xeb\
\x1389\x1eT\xe5\xd5\x00\x98\x96\x18y\xd0\xf71]\
\x06?\xd0`s.~*\xef\xfe\xa0\xefy\xf4|h\
\x89n\xd9}4VOC\x5c\xd6O$yX\x83\xff\
\x14u\x8ev\xe96\xaar\xeaG\x9a!\x0b\xb4\x95\x99\
\x82\x89jhP^\x96\xc7\x9e\xdfy\x96\xe5\xbf\xe4\x1c\
]\xc3\xc00\xac\xf9f\x0a\xccc\x96BgA\x93\x1a\
X\xb5\xd5K\x15\xda\xc4\xc8\xaa\xadVl\x1e6\xef\xbc\
\xd2\x85\x94\x0b#h\xd1\x9e\xa4\x13\x8cra\x80Q{\
\x5c\xb5\xbb\x00\x0cf\x920\x1ehB\xc6@\x7f\xb9\xe1\
 \x0b\xdd*u\xab\xe2\x8e\x15\xa9\xdc\x9f\xa3\xf8\xe3V\
*!\x5cf\x96\xc6\xc9o/(\xf2\x0c[qh\xc0\
\xda+\xa1{\xed~/\xceJ\xc5\xba\x00B\x01\xcd\xd1\
\xa1\x0d\x9f\xb9\xe2@:\x0af\xc7\x8f\x15\x96\x18\x99\xcd\
\xcd\x00\x5c\x15y\xf4\x85\xe6\x8d\xcdS\xf6\xe4\x1c\x80\x1d\
2dz\x1d\xcb\x7f\xd9\x99X\xc3\xf8\xd7\x1d/>\xcc\
\xf2\xff\xe0\x0cx\x96\xce'\xa3\xe4\xa8\x85A\x92,S\
\xa3\xd1\x0c\xbe\xa1\xea\xa8\x9c\xff\x08o\x0a\xea\xe4\x1cu\
\xc7\x94\xb6\x94N\x99\x91I\xe4\x8a\x8f\x1bN9P@\
|o\xac&f\x8d\xea\xa1`\x81\xd3'\xa1r\xaf\xf8\
\xea\xe3L\x01J*\xd9\x11\x94(J\xce\x04\xa5\x8f\x92\
I>0L\x92T\xf26\xf7\xc1\x8f\xefS\x90\x93\xe3\
$\xae\xcc\x87\xf7\xd1h\xfa\x84\x04\x02jj\xd9\x11\x94\
(J\xce\x04\xa5\x8f\x92IJF-FB\xb5\x04\x1a\
\xc7\xbb\xc5\x7f\xd4\xfd1\x02;\x1ep\xfdJ\x22\xc46\
^\xa4\x1dSJk\xf9\xc7n\xf8r\xc0\xed\xa1}\xc7\
\x81pD\x9b\xa6\x0d\xd2De{\xe88j\x07\xd5\x9e\
)\xd8\x89.\x90\xa5\xa9\x036\x808(\x1a`\x10\xbf\
\xe0\xdf\xc7\xe8PrQ\x07L/\x84c^T\x9b\xf7\
c\x81\xb0\xf4\xbd\x12\xaeq\x19\xfb\xb4[\x07\xd1m\x9b\
\xc0J\xb3\x89l5'0N\x1b-(\xfbT9\x99\
\x18\xd9\xef\x1ep\x0f\xc0\x0f\xf6\xc3\xa5\xfbTy\x05\xc6\
|W\xef\xf3}\xbc\x1f.<\xe0\xda\x07\xdc\xfd\xf0\xeb\
}\xbe\xfb\xd1\xfdO\x90aI?_\xfc\xa2\xce\xfd4\
E\x9a\xc9\xf7\xdaA\xca\xa6\xa7\xd5\xce\x0b\x04\xca\x8c\xaa\
\x8c\x0f\xa8YfW\xb6\xe1O3v}\xb7e\xb4\x11\
\xd8n3\x1d\xb4\x1bp\xbd/\xe4i#ms\x91\x98\
\xb9\xb5C\xef\x22\xfa\xec\xaeb\x88\xdd\x06\xda\x8eI\xe9\
\x5c\xa0\x14\xfcL\x93e\x22U\xb1\xcdI\xc5\xb7;\xa5\
M\xcb\x86\xace\xca\xd8\x9c\x15\xb3\x1e&wx\xc8\xd8\
\xf4\xa5\x88\xd7\x14S\xde$\x08\xbd8\x95\x18)\x96\xe2\
n\xf3\xc6Pf\x0e\xcc\x90-\xcd\xd2\xf1\x9b\xee\x7f\xfc\
\xc0B\xc6\x9bt\xa6(\xcf\xcd\xaa#\xb3C\xba\xbc\xf3\
\x9d\xee\x8b\xd6|\xbb\xe1\xb8\xe5me\xee\x99\xa3G\x9f\
\xa8\xb1\xbc\xdf\xc5,\xaeR\x80\xd8\x8c\xf0*\xd8\xa7\xc3\
Ie\xa2\xc4\x99\xb6a\x99\xad/\xb8#\xea]|\x0e\
`9\xbev=\xf3\xde\xe7~\x7f\xe2\xacky\x8f\xf0\
\xb5\xcck\x8c\xb9\x117\x16?\xca;\x99\x8c\xd4h\xec\
j\xeai\xeei\xeek\x1dh\x1bh\xdb\xd99\xe8\x0e\
\xba;\xbb\x06z\x06z\xfa\xfaD1\xd0\xb5\xd3\x1d\xb4\
\xf9\xb2\x02;d8\xfa$\xdb\x93\xf7A\xdd\xcb\x93V\
n\x5c\xaa\x81\xa2\x89\xd6\xeb)\xb8\xa3,\x9bH#?\
\xab\xcd)\xa6&.\xdd\xe9\xe2\xd1\x02\xa3ZbF!\
0=Zl\x9f\x1b\x0f\x10t\xa9\x0eM\x8c\xcc\xe6\xae\
\xc4\xfdM&\xd0\xac\xb8|\xc0\x9d\x97\xb2\xef\xe7\x0dm\
\x15\xfa~\x09\xc5K\xedl\x81\xd1\xc1\x12G\xcf\x17\xad\
iP\x14\x0a\x0a9#t:\xe2\xdaa\x16J>\xf1\
\xed\x07cA\xb3z8\x9cr\xfb\xa6\xe8\xa5\xc9/C\
F\x0d$\x13\xf5\x996f`\xe10\x1c\x1ds\xe7\x99\
\xd9\xc37\xcd\xaf\xd3\x907\xee\x15\xc2\x22`S\xc0\x94\
\x89\xd2\x1c\x07q\xfeg\xfc\x10\xcb\x1fv\xba\x85\xe2\xca\
W;q^\xc3\xff\x84\xf1[\x9d\xd4\xbf\xb2\xfcW\x1c\
\xfd\xf5Gne\xfc\x19\xc7\x8bD\xf81\xf1\xe1\xb2\xe3\
,\xffU'\xc3#\x8c?\xed|\xf3p\xe0\xca\xdf\xf3\
\xaeb|\xbd\x13?)\x91Enp\x9e:\x19\xf8\xf6\
\x13\xafg\xfc\xe3@\x97\xb4\x96\xf1\xbb\x9c/\x8e\xe1\xb7\
\x95\xe2\xdb\xa6\xc6\xcd\xaeer\xfb\xfdQ\x11\xa6\xd6\xd6\
Q\xec\x1c#\xb7\xf5\xc0eT\x137\xd9A\xd2\xc0\xdd\
\xdc\xd8d\xf9\x8f\xe2\xe7\x13#m\x9dp]\xa7\xba\xba\
\xa9\x82\xaeV\xe8}\x0b\xc4']\xf0m\x972zI\
\xc7\x14\x91\xe2\x8a\xbb\x0e6\xb9\x9b-\xd7\x98\xcav\xf8\
\xd7\xae\xaae\xdb\x8a\xad\xe3\x9e\x0e?\xf2\xa8\xaa\xf5\x1a\
c\x98k\xdf\xef\xeel\xb4\xe8\x17h\x1a:O\x07\xc0\
N,{\x89\xa6-F \x0f\xd5n/!;GA\
\x0d\x95e\x0f\xa5\xcfY\xca4\xb8s\xf0~\xd72W\
\xfb\xd1DM\xad'[L\x9eHE6p\x19\xd5\xc4\
Mz)\xfc\xcf\xbd\x7fp\xa7\xe5G\xa5\x10\x0f\xef\xe9\
\xf25\x08\x1aHW\xbb\xca\x1a+>\xe9\xf4\xbd\x18\xbc\
h\x8fb\x9d\x15wm\xdc\x89\xa1\xec\xcav\xdb[\xd0\
mP\x93\xd6\xc5\xe9\xc12m\xd9\x82\xe1\x80\xda\x0e\xa3\
!\xca\x9c\xf8\xa6A\xab\x9c_\x943K\xed}\xdem\
,h\xf6\xd6\x10\x1d\x05\xc4Td\xf6\xaeQ&L\xdd\
\xf5\x15&\xa6V\xfdvv\xd0\xba \x5c\x9d\x0a\x9b-\
,Lp\xec$\xe2j\xf8\xb1\xea48\xcc\xec|@\
\x9f\x1de\xa0\xe8\xb6b\xb6I\x9b\xabT\xe3\x0b\xc6\xf7\
\xa39\xb3\x89\xd5>\xeb3O/\xa0<&\xf8\xbe[\
\x95\x11z\xe1\x9e\xac\x9c\x88\x90NX\xa9C7+5\
\x1eE\xa5\x22\x13\x94\xe4\x84\xae\x8f\xaeP5S\x01\xf5\
M\x0b\x18N`\xb0q\x9bk7+K\x81\xa1x=\
\x8d\x14\xc9\xc6\x1a\xaf\xb4w\xfdn\x9a]\xd08'U\
-E\x96\xfe)Hg\x83R\x0a\xf0l&\xabTD\
e\x85\x96\xec\xae\xbd\xe8\xe7\xefU\xf4\xae\x09?\xbd+\
\x1e\xe5\x14\xb3mb\xa4\x0f4X,\xc5\xbd\xcf&F\
\xdcFw\x0b\xb5\xf4\x94\x8e\xb1\x10\x1bu[\x07\xba\x13\
\xf0\xa0\x92T\xf1\xf5@\xd7\xa9I\x0e\xe3\xfc\xf5|\x09\
\xfb\xc5x\xfd\xbc\x8cWp\x9d\xd9_\xe0\xd7\xcb\xcd\xf3\
\xc3\xde\x1f\xca\xcd8>\x11\xc9?\xe6\xf0E\xf5,\xff\
\xb8s\xa4*\xff5G\xd2\x98\xac\xd3\x7fy\xef\x1bf\
\x7f\xec\xf0G\xaa\xf2O8\x18G\xfc\x1b\xe2\xb31\xdf\
\xd5\x89av\xd8\xa9\x8f|\xc5Y\xc3\xdf\xc7V\xc5t\
\x0c\xa2>\x93\x16\xe5\x14\x06\x8d\x5c\xd9\xf6\xb4[&\xa7\
(v\x22\x9ap\xc0\xd4\x16\xd2\xc1\x17/\xb7\x8f\xc44\
\x06\xb7\xbec1\x9e_\xc0\x07Z\xa8\xac\xa8:\xf7M\
5`fj\xe1I\x90\x8a\x92\xb3\xf7\xdbU\xbe\xf7\xd2\
\xe9\xe0\xc6\x95\xe0s*\xe4r\xc5\xde\x0b\xecy\xb3\xf2\
%\x17}/\x9d\x9aQ\x94.Y\xdd4\xf8^`L\
\xd6\xbax\x01\xa5\xf0\x05\xca\xff\xa0\xf7\x12\xca\xd6v\x96\
\xff\xbas\xbcJ\x14\x12\xecc{\xe9|<^\xe2\xd2\
{~ybn~A\xf2@\xffl6.\xce\xf7<\
\xce~\xed\xa4\xcb_kA.h\xf23t\xa0]\xa6\
\xe3\xc5M\xed*\xd9\x8eg\xc5\x91jj\xea)H\xdb\
{J\xbb{\x7f\x02x\x10\xc4\x1c\xe2\xafI\x9f\xd6\xd4\
3R\x17\x07\x90\x1bI\xb4\xb1m;k\xa4S\xc9\xc9\
\x04e\xbf!r\xcf9\x04rP\xb5\x97\x80\xf4V~\
\xfb\x92\x227\xe6\xd7\xc4\x1a\xbck\x185\x08\x83\xda\xa5\
\x1eQ)/=\xa1\x93\xd0MM>A\xf2\xa47\x22\
e\xc4S?\xb1n\xfa=\x96\xff\x86#q\x17\x1ea\
\xf91G&\xb8_\x0f\xbb\x01P\x04qi\xfb\x93f\
\xb2}\x14\x94\x1b'r \x90|\xf7\xa9\x12\xf8x\x8f\
\xe9t\x9bg\xb4\xaa\x01\xb53\xf2\xdbg\xe5\x9bC\xc3\
\xc5\xaf\xed\xdfz\xca\xfa\xc1M\x8cLk\x18+\x87\xb6\
\xe6\x1c\xe4\x1c`\xe6\x81\xea\x91\xf3\x1a\xe4\x02\xde\xb9B\
\xbcs\x05#C\xda\x02\xfdV\x95\xe0\x9f\xb7\xc0'\x0d\
\x9a \x00\x1e\xc4\xb4\xc7H\xb4\xd4\xfe\xc1\xf7-\xef\xc6\
\x07\xd9\x1b\x01\xf8k\x94\xe5\x9f4\x95\xad\x9b\xd9g?\
a\x15\x05\xbe\x94\xd9\x1e\xf2\xc9\xde\x1ao\xcd\x9fm\x1d\
\xfaG\xbe\x86\xaf!\xe3\x99\xa1\x8f\x9e>\x1b\x15n4\
\xf8\x0f\xdb\xf8cll\xcd\xec\xf7\xbf\xfb\xee\xf7\xfc[\
.\x87PI\x89\x91\xf4\xb4;J\xa8\xa4Aq^\xf3\
\xe2^\xdc\xcdZ\xa1\xa2\xb5Z\xfa\xa3\xb3Y,\x82\xdf\
\x17=\x86\xe39S9M\xf5\xf5e\xb6\xa3\xc3\xe5q\
\x1e\xb7\xde\xed\xd5\xb2\xce\x0e\x1f/_\x8aL\xaaS\xca\
\x93\xbd|\xbd\xd5\x91\xa4\x14\xde\x8a\xa6\x8a\xce\xae\xce.\
\x22\x5c\xael\xaa\xc8d\xedC\xc7-\x83\xe0\x0d\x80\x00\
iC\x88fg\xbb\xba\xdc~\xd7m\xb6J\x0e1\xeb\
o\x0eup\xb7\x07Z\xa2%#7\x8bk\xe3\xfcK\
\xfc~v\xef\x01kV:\xf4\xfaM\x87\xd6\xef\x1b6\
\xa0\xe4\xb9\x91b\xa0\xce\xc1x\x8e\x8f\xff%\xf3\xae\xf5\
\xae\xb54\xcda\x80h\xce\xbec\x8b\x95t\x15\xa0\xdd\
\x8c\xa4\xe1\xc8\xf9]\xe3\xeb\xc9\xa1\x7f\xb0\xcc_\xe9\xb4\
!_\x14B\x88_ky\x7f\xe9}\x84!\xb1O\x19\
\x84!\xf1P\xc8{\xe1\x10\x7f\xe3\xa5\x87$\x1a\xee\x9f\
\xf2\xe6@0\x8bl\xdav\xe4c;\xd7$~\x84\xa3\
s\x09\xf8\x8a\x22\xb1\xb2\xd2M|\xf9w%\xe5\x9b\xc4\
y\xbd\x10a\xde\xad\xde\xea\xc0\xcc\x9aR\x00\xf8\xb8Z\
\xd7/\xb7\x92\x1dH\x93.\x97\xacX\xac\x9d\x94\xc8!\
\x96l6c\x1f?\xe4[\xadi\xc2\xef03i5\
\xbfuv\xaf\xc4\x9a\xb1\xa2^\x89$\x92\xa9'\xed\x86\
\x0f\xb3\x03\x07\xbe\xf8W\x9f\xfe\xb4\xb5};\xc8\xc9v\
\xd7\xed\xb7.\xad\xc4\xeb\x8e\x82\xe8\xf2n\xf0n`\x9a\
\x85\x12\xc4\x1eab\xa6t9\x8e\xac\xef\x99W&V\
\x92\xd4\xa1\x17\xe5\xa6@)X\x17u\x16\xff\xc5qb\
*\xb0\x93\xc9?\xf8\xe4\xc3\xdf\xb3\xe2\xfc&\xfe\x15\xe6\
\xbd\xc6\xb3,:P\x5cPy\x8b\x18\xcad\x7f\xcd{\
\x9b\x15l\xb9iCn$P\x1b\xc7\x81\x15o\xc0\x7f\
?*\xc7\x04L\x19\x85\xf4\xf4\xa6\xa6S\xccd$\xa8\
\xfd5\xfe6\x14^\xd9\x94?jM\xce{\xef5\xdc\
\xb2\x92\xea\xe8)\xdb\xe2&\xdd\xa4\xe6T\x85M3\xc1\
\x1ff\xde\xc0\xbf\xc7\xccs\xa9\x87\xd3\xba\x84\xe7\x91\xdb\
6c\x7f\x89\xdf8\xd3\xf3\x1e\xea`\xf9\x7ftd\xdf\
\x1c`\xde\xa27\xcc\xd45_\xf2n\xb4J\x1eT\xfe\
\xda\xe8\xa5h\x9a\xb7\xe8\xd9\xd9{\x82\xdf\xfc\x9b\xd8\xf8\
e\xa3\x8c'\xdcnW\xc2\xc1/ \x8bu\xc6\x8f(\
\xbb\xd0O\x19\x9c\xd5!\x94\xb6\xb6\x97-\xa2\x05\xaeb\
\x17\x97j\x9f\x8d\x93\x1bi\xec\xdb2\x00\xe1\xc9\xdd\xc0\
\x8a\xe8bY\xdf\x0eyV\xcd6\x1c^[%FH\
\x8d\x8a\xc2\xd5\x87Y\x0f\xc3\x94\xe8\x5c\xeb\xaa8\xe1I\
\xd5\xb1\x86_\xd5\xd4\xba\x92\x8a\x07A\xbc\xe3\x0fy\x84\
\xcd\x86\x03\x8c\xa0T:\x0b\x9er\xe3\xab\xab\x09\x04X\
o/W\xe8\xa8\x08S[J\xe7\xad`\xa2;H\xb8\
\x93\xdaM{\x02\x8f\xdaZ\xe7VI\xf3pu\x93*\
O\xd2\x09l\x8b\x90\xa0\x15^\x84\xbd\xc3mw\xad\x0e\
\x03\x8b\x92)xGC;\x1d\x1c\x0d\x1c\xa4E\xd4\x8e\
\x01\xda\x16\x97\xea\xb8a1\x1a\x83}{\x06 H\xbb\
\x1b\x94qw\xd0\x1d\x84\x95\x8a\xc8N6\x9d\x198\xe1\
h\x88\x06\x02\xfe\x93\x22~\xf3\xd5 \xe5\xf7\x14@m\
\xa0\xd7\xe4\x1ci\xcemF\xf4\xdb\xdbD\xff\xe7\xff\x97\
\x98c\x8f\x8c2/!\xdf\xca,\x8b\xce\xd2\xdfJ\xbf\
@\x04\x92F|o%%\xbdC1\x0f}\xe0\xe9\x1e\
\x18\xa67S\xa5x\xd7\xf6=\xcd\xf6`+\xcd\xd33\
\xda\xd6{\x92\xb6\xa4fzr\xe1\x1c#\x9b\xc9\x05m\
\x925\xc5y\x8c\xc8\x03\x05\xfe\xe6\xbd\x8c\xbf.\xea\xca\
%\x18At\x14\xfdBDB\xa1|?hw\x17\x8f\
\xdd35\xf5\xdc8r\xba\xde\x03\xd3\xe3\x1e\x9a$\xf2\
S\xcc\xe89\xa9\xa1X'\xa5I\xc7o\x19\xce\x83U\
\x07\xf3\xc6\xc5\x09\xde\xed\xb0'\xb8\xc5J\xa5\xd2\x04\xb0\
=\x07z\xd71\x1c-\xe353\xf0i\x8e+\xfb\xb2\
\xfe\x89\x8b\x9f\xce\xc5\x8a\xa1PXl\x82aQ\xb4\x18\
\xb9bT4\x8a\xa4F\x062\xdaO\x1eb\xa9\xa8\xbb\
\x87\x16\xfaR9\x03\xf5\x0a\xdb\x89\xab\x0b\xd7\xd9\x09\x8d\
uijj-5\xf9\x96\x98\x06\x0a\xafA\x94\x8a \
VEN\x05Lh\x03\xca\x15\xe8xG\xc1\xb0\x94\xae\
,J\x0a\xe0]\xffv\xd6f<A\xed~\xa7\xd0I\
\xcam\xa7\xa1{ABd\xcd\xb0N\xde\x11U\x01\x8a\
\xb9\x91\x9e\xc1\xd7\x84_\xce\xf6\xaeh\x1f\xe9\x811\xdc\
\xfd\x15\x01-$8ng\xa9\xd8\xa7\x5cL\x1b\xc1\x80\
-3\xcdd\xde\x05\xe1\x8d\x17N\xb5I\xa0)\xf1 \
~TJ\x891\xa9\xdc\x5cK\xfe\xf5aB\xb1\x94@\
Y\xef;\xca\xf2\xdft\xc6\x0e\xb1R\xa9S\x0a\xa0z\
f\x9d#\xf4\xc5y\x8a\xb2\xd6?\x04d\x9f\x12'\xbd\
]\xe2\xac7,\xb2q\xde\xcd\xbbY2\xa3\x8ezh\
\x04\x96e'\xe2\xae&mo5\xe8\xaf\xca\x5c\x9c\x22\
\xae\x81\x05\xda4gj`\xd3\xb8\xa0A\x08/\x1af\
!D\x88\xacI\x1b\x00w\xa9\xb9\xae\xb6p'Nw\
\xb9h>\x87\x12\x8f|\x92&\xe6\x1d\xef+%\x1a\x15\
\x02\xcbA_\x0e\x86\xf8\xc5T\xd4\xe6,Q\x90:\xea\
pztjb\xa4x\x98\x9f\x0a\x02,\x8c\x86\x1cW\
q\xa5\x05Q2\x93\xd5\x8a\x0c\xe2\x82\xa6\x09\x90Jq\
}D\xec\x1d\xfc:\xcfb\xca\xc1\x17U\xad)\x1a\xe7\
\xa1\xa2\x1d\x0b\xa2<\x13*\x98\xb1X\x84\x0e\xc5\xb9\xe6\
h9LQ\xc4+\xd5\xe8=s3D\xe1\xc2Z\x01\
e\x8c\xd6\x93m\xaa4\xd6\xa5D\x7f6D\xd4\x1ez\
\x9a2YZ\xfa[\xfa1\xb2\xc2\xdd\xe5\xee\x82\x8fv\
\xf6\x8b\xffvBU|\xe4\x12F\x87G\x14\x13:\x00\
C\xec=M\xeev\xdb\xdd\xee\x0b\xb8i\xc1\xb2\x89\x9c\
t\xa7 tl\x94\xefa\x8f;G\xab\xf2\xf78\x07\
\xbd\x15\x8c\x7f\xd39\xfe\xe7\xac#\x16\xca\xd9\x07\xc47\
!\xfc}\xd9\x184{@A\x5c\x03\x05\xb7\xa5\x91\x01\
\xa2\x98Y\x96\xa3%\x11\xd8\xd4\xc1\xb9\xe3\xcf\xe7\xd8M\
\xb3v\xb1\x1aAy\xe7f\xb1|\xe3\xe2E\xc5K\x1e\
\x958<W;\x9e8\x000~]\x14\xdd+;\x8b\
\xf7 \x0c\x04*6\xb6w\x97\x9f\xd7\xa9e\xce\xcd\x0b\
\xfa\xc2\x90i\xc8\xf7\xde\x01\xd3w\x87\x12H\x06k\x8d\
\xcb{\xa3@\x07w\xad\x18R9\xca\x98H\x8b\x1f-\
\x01\xba\xd7\xdb\x99wG\x8c\xdc\x1e\xa2/tb\x8aX\
\xf2\xfbD\xef\xbd\x0a\xe4\xff\x0d\xd03X\x8aO\xda\xf7\
5\x9b\x03ww'\xbd\x98\x14\xdf\xfc\x8eX\x09\x01\xe0\
\xb0\xd44O\x82w] \x10\xb9\xa4\xd0\xf4\xf8Ai\
\xfe\xfd'\x87\xbfg\x80\xe5\xff\xd9\xf1\xd6zkY\xfe\
[\x0e\x7f\xb4*\xff/\x8e\xd7\xb8\x86\xe5\xbf\xed\xf07\
\xf2w\xb0\xfc\x11\xa1\x22>\xc6\xff\x8a\x19sQ\xd2D\
\xa1\x14\xe0\x10\xe9\x03\xcc\xda\xb5\x1b\x1f\xb0f\x8c\x8d*\
3}_\xe7\xed\x1e\xdc\x80'\xaad&5-zF\
\xe6\xec\x8e\x8dY3\x05\x18\x811\xc1\xcby\xbf\xcb\xf2\
\xff\x9f\xf3\xa2T}\xffU\xbc\xd7\xf6\xaa\xfc\xbf9#\
bc\xfc\x8e\xf31~\x8b|\xd75\xebY\xfe\xb3N\
\xb7\xe4\xf0\xfd\xae#\xb1\x0bne\xf9\xef9\xde\xbaZ\
\xf6FG\x1cO\x971\xb0\x96\xbb\xd2-@\x9b1R\
8\x9fT\xcc\xccX\xbb21\xd2\xb0\x13NSXf\
\xc1Z\xdeyo\xe7\xbd\x98\xce3u\x9c\xc0,6\xb5\
R\xa8\xd6i8\xa2\xbd\xac\xb7\xe4\x17\xc4\xda\xbb\x8f\xb2\
\x98~B\xbb\x82m\xaa\xf7\x012\x22y\x15\xcej(\
\xe8<\xdd\xaa\xb9\x95\x94\x96\x13`\xc9\x87\x0c\xa2\xaa\xa6\
\x8a\xce\x87:\x1f\x12'\xc9e\xe3\x12w\xac\x0ap\xc7\
\xaa\xa8\xb9{\x89Xz\xa9z%\xac-S\x0a2\xbc\
6\xc0\xbf\xbc\x99\xe5\xdf\xea\x88}u\xe9\xf4\xae\xdc0\
\xc1\xf2\xff\xee\xdc&\xf3\xed\x0b\xbbrlTN)\xb8\
|\x1c\x5cW\x09\xf9\xbb\xe5\xe2D%\xee\xc2?\xc0?\
(\xef:\xf0\x97\x8c_\xe1\x1c\xba-$CGh\xa0\
+b\xe8P\xf3\x1aL53\xd9\xb5/\x01\xde\xce\x9a\
\xc8\xa5x?\xbaH\xdb45\xda|\x01\xe3\xc8\xa5g\
\xba\x88\x0f\x8f\xfa\xc6\x9e\xdf0\xc6\xf2\x13fL\x0f\x19\
\xb4\xc8Y\xd8$\xb5bX\xa8.\xce\xca\x88Y\x04A\
\xb2R#H\x16Se\xcdiH\x9e\x8el\xff!\xa9\
$jL\x09\x94_\xdc\x9e\xd2\xea\x87\xc1ph\x05\xf6\
\xe1\xc2\x15\xab\xbd\xa9\xa2\x1b\x5c\x80\xae*\xc5'\xed\xf0\
m3\x5c\xd9J\xc7\xf93P=I\x9a]\xb3\x0f\x14\
\x03\x8e\x8c\xf6\x5c6\x15\x9d\x12*\xc5n\xb7\xcbW\x97\
k-\xb2\xeb\xab\xbc\xd5\xe2\x88\x9c\x06m7C;\x99\
2\xe9g\x15\x021\xe48\xc4\xb4=\x7f\x11\xea\x8a9\
:`D|\xea\x81\xd6w\xaf!u\x00\xe8\x22\xc8\x11\
\xa4U\x01\xed\xf3_\x84\x19)\xea,t\x0e45\x15\
\x9d\xe5\x8f\x9f\xce\xc0\x0f\xd2\xea\x5c}X\xce\xb6\x09\x9f\
\x8c~\x87\x98\x8eorx]=+\x93\xb3P\xe7\x12\
{u\xe1`\x0f\x87\x95\x17\xa4_\x9d\x06c$@\x15\
\xb0c\x1cL W\xeb\x04\xfee\x90\xf7#/\xfa%\
\xe8\x1e,\x97iM\xffj\x0d\x0e \x11\x9aw\xfa3\
\xe8\xc5T\xe9i\xeej\x11{x},\x1c\x17\xa4|\
K\xd48P\xe7K\xe4Jb\x82,X\xf5\xb1\xaf\xb3\
 \x5cB\xc1f\xfd\xc0\xc6\x8du\x16\xaa\x03\xa9d1\
4\x9e\x99\xfde\x05\xdb\xfa\xfe\x07\x1e\xd8X\x00\xd8Q\
\x1e\x0fj*\x83\xd6V{\xa3\xb8UQ\x15\xe1\x95\x80\
/j\xa5gc]\xdd~\xb2\xeb\xaa\x08\xe6\xa0\x9a\x94\
,p\xd1\xc1v\xban\xda^\xf9\xbfk\x99\xd8K\x1b\
\x9ff\xf9\xefC\x04mBn\x99\xa3sK\xd52H\
\xe3\xf4Q~J\xe5\xe6\x9a\x9ab\x8f\xcb\xcd\xc93\x5c\
\x16\xc9\xb0\x91\xa4\x9d E\xdb\x06\xe8\xd6K!.}\
\xba\x04\xad\xae\x91\x12\x14\xde\x02\xcbc\xc0\xcdf$h\
\x93\x1f\x95#\xbc\x04\x0dX\xa5\x85\x04\xbdUJP:\
\xd7, \xe4\x99L\x97\x0f\x86\x1e\xac\xfc>\xe9y\xeb\
4\xe9Y\xa9\xe5$\xc4\x80\x16\x91\xa0\xfd$=\x1d\x8d\
P\x1e'\x9b\xc0\xfdJz\xc2\x0c\x95\xe5\xfd\xd4\xe0\xb8\
>\xfe+\xb8\x8e\xfe\xe2\x92\x13\x1f\xeb'b\x9b&=\
\xe3c\x12)ic\x99\xbc\xd2\x91\xd2x\xa5\xf5\x19\xea\
\xbeX9s\x16\xf1\x5cK\xe0\xc5V\x84\x87\xdc\xf2\xfe\
\x86\xe5\x7f\xe0\xc4G\x8f\xb0\xb29\xaf\xad9I\x18\x03\
\x9c\xd7\xc0\xf1\x5cF\xdb<\xab\xcc\xbe]'\xa3\xec\xaf\
\x93\xd8@w3\xf9\xe3P\xf8\xbbu!\xe9\x81\xadp\
[B\xd8\x8d\xb6^&!X\xf3L\xfa\x0c\x03\xa0\x87\
d\x06\xab%\xb5\xb0\x19\xde\xa5T3=N\xa0=R\
\x22kX\x0f\xea\x81\xb9-2\xe5Xc\xc4\x8bt\xbb\
\xdd:\x9c\xbc\xba$\xce\xf4r`T4$r|\x82\
\xd71\x8c\xc2;\xa3/\xe4\x18PE\xe6\x91\x1d\xfd\x14\
\x95\x03\xc31\xee[nd\x19\xecU%\x19p\xab\x95\
\x18H\x94G/\xbf\xb2\xb4\x95\xd6\x82m\xb5\x8f\xcb]\
\xf3?\x1c\xef\xd5|\x11k\x86\xfdA\xec\x12\xcf\x89\xa6\
\xd5\xb9u\xddP\x1b\xa0\x086\x1f\xfcC\x02\xf10S\
\x9a\xe7[\x13\x0e\x5c\x94!\x01\x84,tQ\xc7`N\
\xd1\xde\x8f\xc6\x8ctR\xf9\xe2\xa5\xa7\x174\xf9\xfdd\
\xa0Y\x06}\x7f\x1d\xac\xc1\xeb\xb4\xf9s\x19\xf1t\xec\
\xd7\x00A\x0b\xc8\x86\x93\xf6\xc5\x82\xc0c0\x82,\xa3\
\xcc-\xd4\xa4\xb46\xa5\x98\xd6P\x03(s2\xd3\x8f\
\xf0vud==\x06\xb3\xec\x19X\x9c\xcfh\x8b\xd0\
12\x10\xd4\xe1+&\xe9\xa5\x09\x92\x16K\xd0\x5c\x12\
#\xdaC\xbd\x80R7 g!\xa5\xd50\x8d\xbe\x02\
\xa8,\x8a\xe9\xd4\x1e\x00\xedUL\xdak\xc5\xa3\xf7\xbb\
\xfb\xdb\xa1\xd6L:\xedE\x83\x8b\x04\x8aZSEZ\
G\xbf\xa8\x08\x07\xf9\x98\x8c\x0a\x81Z\xa0#\x89+(\
F\x22E:\x9dj\x13\x98\xf9\xef\xf9(\xa3\xb5xF\
c\xe9J\xac\x8cF\xb7\x91\xba\xf6\xb4\x0e\xfc5x\x12\
Hk\xa1Q\x92/\x00D\xbd,;\xa5\x85@-\xcd\
\x0a\xbdh*\x08F5c\xe8g\x94'LO\xad\xa5\
9$\xf9\xa3m|\xa96\xf5/5\x0aE5\xbez\
\x86\x96J\x85^\xca\x15\x08\xebF:l\xa7*+t\
\x13/jC\xe1\x07z\x99ri\xeb>\x95\xa9m\xdb\
$\xe7\x10\xa8@'\x83\xee.\x9a\xd2*\xc6\xc1L|\
(s\xaeo\x86\xf9\xe2MR\x19\xd9\xd3S:\xc8_\
\x01[\xd9\xa4\xb68\xda\x0b,\xb3\xec\xc1e}!x\
\xc0sL\xcc\x1a\xcd,\xd2\xec\xd3*J\x0a\xd7\x82\x9a\
\x04P\xd6\xb8\xbey\x96\xc2l\x19\xdfx\xc7\xf9\xad\xbc\
\x93\xad\x0c\x07\xff\x8eb\xae\xfc\xddu<\x1c\xb8=\x8a\
\xbfR\xd0\xed\x83\x9b\xeb\xcaa6^\xda\x96\xa7$\xa1\
\x91\xdfJ\xc3\x1f\xf1\xa9\xfd;\xd4v\x97\x90J\xb24\
{\x19A;\xeb\x8e\xd7?M\x8e\x1b\x22\x8e\xd9v\xec\
C\xde\xad\x12^\xdf[\xc2_\xc7\x82\xc7\xa2\xc4\x88_\
\xe4(!\x84\x13\x14\x85\x93\x12V\x01\x11\xa6\x05\x9b\x12\
t`\x0b\xa6ya$\x83\x91\x17(?l%F\x94\
p\x09\x88\x1c-\x88\x8cpBa\xd5\xaeE\x18\x0a\xb3\
\x01:\xc0/(\x98\xcar\x17\xf1\xc9D-)\xe9\xcc\
\xc9wT\xa9\x9dD\xed/\x81]G\xefEf\x7f\xc2\
\xfd\xaa[\xefb\xb8\x9f5\x93\xb5\xd7\x80'\xa8m \
\xb09\xe8-\x83B\x91\x95\xac\xf2\xbd\xab\xdeu\xd4>\
\x84\xa2\x16\xf7'\xb5_\x05v1\xbd\xb7\xa9\xbd\x0eb\
X\xe9Yf[4\xdb\x93\x8a\xa0\xbes\x83\x19\xfaq\
\xbd\xf1\xfa$\x0f\xca#\x8d7\x7f!(\xb3\x94\x1c\x03\
\xa9\xa6e\x9c_\xee-0\x91UM\x15I\x9a\xc8S\
zMM\xc9\x94NLE\x12\x1d\xd0e\xe3?\x14\xbd\
\x15\xe0\x11\xf3K+%\xc1@\x9ei\xe9\xe6\x97x\x15\
\xd3\xf6\xb1\x82I\x90\x181\xbdC\xc1\x8e\x7fZeL\
\xce\xea\x9d\x0bU\x10\xbd\xb3\xfb\x12}\xcd\xa6\xa562\
\xd8\xd6\xf4&\xe7\xdf\xf8\xa6\x0aT\x1c1\xc8\xc9\xb4\x0a\
n\xbcHr6e\x9b\xb6\x92\xa0\xd5K\x02\xd2\x12}\
\x93\xc2l]j;swK\xdaP\xb5\xd7\xf9\xf7?\
\xb3\xb9_T\xa7\x8f\xc0\x9e\x02i.frH\xeb\xc7\
#\xacL\x12\x8fWl\xac\x0b\xcbQR\xba\xd9\xac\x90\
\xa4d\x98\xf9\x0e\xce\xa5\x9d]\xea\xcatlF\xca\x94\
\xe4\xf7\x95'\xc9\xc7\xbc!\x96\xff\xdf\x90Ov\xa3X\
\xcf\xd2\x1e\x03\x16\x96OQ\x10\xcd1\x1dN\x03\xb5g\
e\x8f\xbf({\xe0)\xc0\x90\xc0\x12rd@\x89\xf9\
o\xad\x8a\x99\xda3\x09\xc9F\xfd,Y>\xec\x93'\
-\xcf\xfe-\x99\xa9\xc2\x97\xf2\x0cz\xdd\x92\x0f\xd2\xeb\
\x5c\xab@\xc3|\xb5+s\x90'\xa3\x10\xe4\x9e\xd3\x00\
\xcf\xcf\xd1\x0b\xdd\x97A\x164\xef\xc6h \xf9\x85\xe9\
\x99{\x0dF\xd1\xe5\xf6\xc2\xaa\xdaK*c\x5c\xf3;\
\x0a\x11\xd0\xa0\xca\xa84\xb0<\xaf\x15I\x99\xd7\xe3\xc5\
\xa3<\xde \xbb\xe7i\xca\xa4\x01\xd7\x1f\xe4\xd1lR\
\xe5\x0b\x04Yv\x1f\xf4\xdf}\xe4\xbb\x83L\x1a\x88e\
xFO#S\x93\x994\xc8_\xfa\x82\x82\xce{\xea\
)\xcb\xbb\xb9\x1f\xf2Z\xde\xcf\xff'\xcb\xff\xd0T\xba\
>\x22)\xde\x22\x01U\x9b\x22M\x0a\x5c>\xd5>\x9d\
.c\x7f\xff\xf7,\x8d\xa5:\xaey\x8a\xd1\xb8\x8b\xe5\
8f(\xa3\xfb\xd7NFU\xfc#\xa4\xebL\xf9\xb3\
2\xedU\xab,\x7fH\x1e2\xc7\xe9\x98[7\x86\xd8\
\x92i\x15\x8abp\xdd\xb8\x16b2\xbc\xa9\xcd\xfe\xb5\
SVO\xc6\xc4\x9d\x14@+\x89\xb3\xb1\x86\xc2$\xfb\
]\xca\xca\xfad:\xc6\x9b+\xb7\x87}\xe4\x88e\xfe\
J\x1b\xf8\xc4\xac\x1d\xff\x0f\xfe\x18\xcb\xff\x1fG\xfd\xfb\
\xf0\xa7\xa0\x17\xcd\x19\x08bz\xda\xbby\x85k\xf9s\
,pK'\xdf\xa2q\xc5\xe9O\xcf\xeb+\xcf\xfbP\
k}\xe1\xe5\x1d\xf6rd\x82\xec\x80\x87tf\x93\xa2\
{z\xa8\xb7,ms\x88\x00\x5cT\x94@ s\x18\
\xa0\xd6f{\xafEGb\x0f|\x8a8QP\x1f\xc9\
v\xd3\x02\xb6T\xc8R:\x8a\x0e\xa1\x0c\xd0h\x8ed\
\xedc\xf8\xe0l\xb2\x0bGR\x06\x05\xeca\xbc\xc2\xe1\
\xcbd\x5cO\x18\xfc\x9e\xdbb\xf3\xcc\x03b?\x19+\
\x195$\xce\xb7G\xfe\xc098\xc0\xde\xed\xf0\xf8M\
\xecg\xaamaiJ0\xfb\xf7\x9aM,\xff#\xb1\
\xe4\xaf\xe1\x7f-+\xde5\xfb\xa6\xe7\xfc\xbe\xeb\x1bx\
\x8dN\xf7\xbdK\x5c\xacx\xd9.\xfa\x810\x03SP\
#\xefT\xea\x0e\xf1\xd5\xc0\x0fL]\x93\xb1\x8f\x1c\xc6\
\xe5\x941J\xb1?\x14\xce/\x82.H\x82\xcbU\x87\
Q*d:1LO\x9e\xe3>\xc1\x7f\x99\xf91l\
\x16R\xd8\x9d\xdb\x03\xbcs&+X\x07\xcf/\xfe7\
\x85\xe1\x80\xc7oR+\xdb;\xdb;i\xe5\xc9\xa3\x9e\
X\x1b\xbf\x12\x93H_\x0b\xe9\x93\xeeN\x19hc%\
\x94\xde\xae\xd7E\x9c\x7fX\xbaX\xfe\xd3\xe1W\xace\
\xf9\xa3\xe0\xc8~\x82\xe5\x7fl*\xf5+\xc5\x0e~{\
T\xa3%5U4\xb5\xf8\xa2\xb7\xfcX:2V\xcc\
n\x88\x06\x83\xc6\x80\xfbD\xc71Q\xf0\x18\x02%I\
\xff\xce\x13\x8c\xf78\xf5\x9d\x8c\xf7:?hg\xbc\xcf\
yt3\xe3\xfd\x8e\xf7\xba\x01\xc6\x07\x9c\x8f\xd7\xb1\xc1\
m\x8d\x8d\xdb\x06-\xbe\xb1JT\x06\x07w[\x9f\xbf\
\x9d\xf1\x9d\x8e\xb7\xeb~\xc6\x07\x9d\xcd\x1fc|\x97\xc3\
\xbfP\xcf\xf8n\xc7{L\xfc3\xe4\xf0'\xc4o\xf7\
\x88\xbf>\xc2\xf8\xfd\xf8\xdd^\xc7\xfbl\x03\xe3\xc3\x0e\
\xdf%n\xbf\xcf\xf1Z\xb6\xb0\xdd\x83\x83\xe2\xce\x16\xff\
PU\xa3\xa8\xeen\xb4n\xff(\xe3\x0f\xe0\x93\xf7C\
3\x1e\x84&\x1dp>\x22\x9a\xf7\x90\x93\xe2w\xb3\xfc\
\x7f\x999v\xe3\x11\xfcS\xcf1^\x17\xc9\xff\xffN\
\xfc\xb0|\xa7\xcf8_\xac\xaa\xdf<\x1c{\x1c\xca\xaf\
U\xd57@\xa9?\xf9b\x15\xff[\xe7\xf0F\xc6\x0f\
:\xde\x81]\x8c?\xec\xf0\x11\xd1\xdc\xcf:\xde\xd7\xfa\
\x19\xcf9\xa9\x8f\xb1\xe1\xcd\xf5Q\xfeDU\xfd\xfd\xc3\
Q\xef\x89;\xa7\xfd\xd9 \xfe|\xa4j\xefpC\xcc\
{b\xf3\xac\x17\x8b.\x1a\x11\x9dR\xc5?\xe7x_\
\xbe\x93\xf1G\x1c~`;\xe3\x8f:^\xdb\x0e\xc6?\
\xef\xf0\xbbR\x8c\x1fr\xbc?\xae\x1a\xbe\xbf>v?\
\x96\xc3lo}C\xf4Q\xdfG\x7fD\xef?*\xde\
\xefMB3\xb9\x85\xbd\x22\xf7aY\x92\xf5\xb6\xcbG\
\x80\xf2\xe4m\xaf\x0c\xcb\xa8\x1c\x8c\xa8'\x9f\x8c]6\
\xe6\x82\xdb\x84\xe6\xb7Gh~\xdcq\xbc\xbaa9\x82\
\x91\x95L\xceW\xb1\x08\xeb\xb0\x22\x15\xc3\xbd\xde\xb2\x86\
\xe8[\xb72$W$1\xf32a\x04lW\xa5\x84\
\xd3\x1al\x19lQ\xc1\xe9\xdaCwAk\x8d\x174\
\x87\xbah\xc3\xee\xac\xa4\x02[\x02\xdahB\x1d#\x1d\
\x8d#\xef\x00\xff\xca\x12\x92L\xbb\xd1\x8a\xbf\x9b\xde=\
\x0e:H\x1cv\x938X&\x966U\xb4\xc2\xddZ\
\x09.\x1a<\xb7\x8b\xe4\xccPP\xddv\xff\x1ek?\
\xfc\xb9Gbd\xd6\x80O\x15=\xab*\x95\xec\x99\xf1\
\x9a\x1d\xa0i\xee \x1b\xb18\x5co\x02c\x03\x05\x9e\
\x9b\xdaq\x08\xfc\x96?zZs\x07\x9b\x9a\xf8\xb6\x0f\
\xaf\xc6,\x1cS\x83\xd4\x9ek\x13Rc\xb9N\x0c7\
\xfe#6\x8c\xeb\x12\xb9\x01\x19\xf10\x82\xe5\x9e\xa9\x8a\
\xab\xc6\xab\xf7\x0f\xda\x03[,\xc5\xf2\x04\x5c\xe9\x90@\
\xcfIk\xf6\xd7<\xcc-\x90\xf3\x5c2E\xc5\x8f\xcb\
\x81-\xf3\x9c%\xa9N\xcb\xf4BE\xbc\x04\x0b\x05T\
\x7f[A\xfc\xae\x82@\x99\x06\x04\xafu\xc7b\x1c\x97\
\x04\x0a\xaf\xc1\xcbL\x8d<F5\x85\x94\x9aeA\xf0\
\xdb\xcbG\x91\xfbS9\x81Z\xe6t\x5c\xee\x1d\x8d\x96\
\xd9\x83\xe5\x8dQ\xed\xdeXYN\xe7\xb1\xf9\xf5\xeb\x1e\
\xaeg\xf9\xdb\xe5\x0e\x97\x90\xff\x1e\xe6\xcb\xd8+x\xa1\
\x92\xae_3\xa7- \xe0\xc7\xac\xaf\x8f\xce\xe5\xf7\x0c\
e;P~\xcf\xe1\xfaXI~\xd2\xc0x\x94>=\
\xca\x9dN\xf5\xebY-O\x8c^f\x02\xd9\xe5\xe5\x8b\
\x9a\xe1p\xd1Zc\xe1\x9c\x07ez\xe6\xf5\x9b\x85$\
\xfe\xdd;\x5c\xa6\x10X\xb6\xde\x90\x84\xcc\xeb\x98M\x97\
\xbf\xf4f9\x15\x80z^\x8f\xd4yM\xd1~Q\x19\
\x18\xa6\x9b\x0b\xcdh\x05A\xdd\x14\xe4\x1b\x8d[\xfc\x1f\
\xf9V\xd6]\xad\xd2*\x15\xa7GeB\xee\xdeQ\xe9\
\xa3F\x80\x96\xc9\x84\xc2\x90A< \xff\x98Q\x8ft\
\xea\x12\x01a\x94]\xdc\x93'69\xbd\x92\x18\x10\xdb\
\xe86f\xa0\x96\xc5\xc0'C6\x81'7D\x15\xac\
\x84\x00,,#:\xe19\xe2G?\xa2\x86vC\x13\
\xbb)~)\xa2\x1a\x0a\x07<\xbb\xdbm\xaf\xb6\x08\xa9\
\x0a\xcfX\xf9q\x9d\xb8cR\x94\x14]\xa54\xfc\xf5\
\xb9\xf6\x97\xa3\xb3\xe1\x81\xda\xbd \xbb'\x0d#\x04\xcd\
';\x99q\xd3\xe9\xb4\xa5\xfc8\xa4\xe0\xa5\x11\x22\xa3\
\x87F \xa6S\xd35[\x9a\x86\x12DTE\x1fY\
\x11\xa6v\xab\xb0\xaft2\x99\xb4\xfc\x09\xb6\x93\x86\x9a\
nG\xacd,\x91/\xeb\x0c?\xcc\xfa\x1a\xafQ0\
\xb7\x86\xa2\x93|\xbf\xa8\x05\xca\x8b\xfb\xec\xf6\xaf\xab\x88\
3\x17\xfbY\xf6V7\xf4^\xb7\xeaM\xeaC5F\
~IBk\xb4K\x97\x10[\xad\xc3p#\x10\xc5k\
\x83\xd6\xe5\xa0O#\x09\xb5\x0e\xec[\xbf\x97\xe1<\x82\
\x09\xe1\x12\xeaR\xa5\xa7|\x024;\x09\xb9\x8a\x1a\xda\
\x0eMl\xa7\x04dO5\x14f\xbd\xdd\xeev\x7f\x1d\
\xf3\xeb\xfbT\x0aYB\xa7\x95\x99\x84+\xa2\x02\x86.\
C\xe2\x0c\xfb\x8eh\xc9\xd0V; \xd4\xca\xd2\xb8\xc4\
\x8bi\xef\xb33I7\x95J\x05\x0dv\xe8p\x9c\xc2\
\x8cJ\xbd+^T;\xbc*\xf3t\xf0h\xc3\x00k\
\x85\x9d\x82X\x0c\x0a#%%&\xb0E\xbe![\x07\
{H\x88\xb8\x019\x97gC\xa1\xb8\x03\xd18\x12*\
]{R\xc3>\x99\xda\x05\xbd\xac\xc4\xc3[\x7f!R\
.\xb1HIg~!P~!P\xca\x14(\xa9\xe4\
\xff+\xe2\xe4\xe0 \xfb|\xd48':U\xb4\x22\x88\
\x80s\x9a\xcf\xe8<\xd1\x81\x99a\xd2A\x06\x9e\xa4{\
6\x03K\x03}\x81\xf0 \x93\xf0\x12\x1d03\x92\x12\
\xc9\x1ej\x19\xf84\x8b\xe1C\x195\xad\xc6\xab\xbb|\
S\x8e\xa6\xa0V\x82\x15\xbe\xe2y\x8d\xd8x\xcePC\
UWg;\x95\x8d\x9a\x941\xfb\xf3\xd1\xb9`\x94\x14\
h\xa8\xdd\xfe~\xcb\xe7\xbc\xd2^\xf7L\xb2\x80!t\
(:\xe0B\xd0\xb6L\xe4\x90Pz]\x99t\xca\x0a\
\x02i\xd5(\xdb\x93BWm\x0b`\x09\xeb\xf9\xe0\xe3\
]\x03\x14a\x13n\x98S\x96<\xe5\xcf\x12\xf3-c\
\xb5\xc2\x13[\xe0\xe9\xe2\x84\xb7u\x1ake\xc0\xef\xaf\
|p\xdd\xef\xb7\x5c\x15\xe2\xa6\x05\xfc\x0c\x09c\x1f\x8d\
\x9a\xd045\x06\xb8\xcc\xa3:@\xbd\x12EN\xce\xf5\
\x91\xb2)Q\xdfT\xd1\xe9\xdb\x06h[XH\xa7\x91\
\x0c\x9d\x16#:\xc3@\xf4\xab\xd8Y\x14\xb0\xc0\x05-\
$\x11\xfd\xd4C|T\xf4\x89\x8et\xfa6,\xda\xc0\
\xfc\xf0\xc7\x86\xa2n\xd2\x8f\xe5\x81\x1e35/U\x90\
\x88|\xcf9\x12\xe3\x94\x0b\xc3\xee\xfe\x96B\xae\xaa\xd4\
\xcc0\x90\xd9_\xb0\xf2\xb6F\x9b\xa5\xed`R\xa5t\
\xd9\x9d\xc9T\x9ad\x84\x02\x5c\xcb\x11\x03\x5c\xc0\x1f\xd2\
\xe3\x83\x00\xf7\xed0>\xf6B\xf2\xec\xa9@\xc8\x9a\x00\
\xf0\x92\xf4\xe8\xa5\xbb\x92V\x1f<\xb5\x1f\xc9~\xe5<\
-\xdc\x0e\x0b\xc8(\xf1\xed\xda\xbfe\xb9\xcaE\xaa\x05\
\xbb?\x8f\x063k\x08;\x9e\xcc\xfdk\x0fa\x16\xb0\
K!\x8a\x15M\x15\xa9t*M10\x0b40\xe2\
\x02\xed\xad\x8d\xd3\x8a\xdd\xe9'.]\x04\x99\x10\x8b\x81\
+~)\xe2x\x10\xbfp\x8e\x22\x8c\x17Ab6\x96\
\x90\x01{F\x8c\xf86[\xad\x9e\x0b\x98G^C\x12\
\xca\x00\x02{\x1aOdR\xea5y\xbd\xf1\xaaZ;\
\x1d\x1a/h\x8f\xac\xa9]T\x87\xe76;)w\xe8\
\x8b:8T|#\xd4\xc8\x14]2E\xa1b\xb8\x10\
\x8bv\x07\xc1\x10\xbb\x84I\x18s\xfb2\x8a\xb49j\
P\xc0\xa1o\x84N\xd4\x0bK\xa9WA\xb7K\xdc4\
\x1a\x90J\xf8\xc9\x02Z\x82Z\x18\xc6t$\x9d\x01\xd1\
\xad4z\x19\x08l\x02R\xde\xe1\xda;\x00eV.\
)\x0f0s\xb0\xbc\x00\xe9\x88\xb8o\xf9\xd0\xdd\x12#\
\xbe\xd7E\xc2\x1b\x00\xa7\x903\xfd\xa0\xb7\x94\xb5Q\xc8\
\xfbL\xe4\x94$\x01\x85\xceA\x91\xeb\xd0\xf6\xc4\x88\x81\
\xce\xf0\x17\xe6D\xad\x11\xa2]B\x876\x9e\xc7\x82\xf3\
9\x99U\xab\xddv\xdbm\xd7\xa7\xfc\xea\x92\x8c\xa9>\
O\xd5\x07\xf9\x07X\xfe\xbf\x9d\x87\xbd\x05,\xff\x13'\
\xce\xdf\xc9\xbf\xcc\xf8W\x9c?\xfeU\x96\x7f\xca\xf9\x92\
Ln~Z|Z%?=\xec\xfc\xedv\xc6\xbf\xea\
\xfc\xd9[\x02\xbf\xb8KR:\x1fw\xbc\x88\xb7\xd0\xff\
\x9b\x00\xd3\xf3\x0f\x1b\xfd?A\xb7\xd1\xb7%\xda\x81\xef\
\x19\x01\x8f\xc4?y\x15\xfe_\xbcX\xd0\xca\x04\xbf\x9b\
\x1dp\xf7\xb7\xedk\xdc\xd7\x08\xd4K[f\xa0]*\
I\xbd\x9c\xd9\xf1b\xcf\xeay\xb9\x8c\xac`vqZ\
\xb0\xf9\xa4\xda\x082c\xd9>j\xac=\xfb\x06\xf7\x0d\
\xee\xef9\xe0\xda\xb5\x11\x88\xc3\x01l\xb2\x1c\x9d\xc3\xe2\
\xc4\xf3\xee\xaf-F\xce\xc6\x1c\x11\x90\xbe\xacX\xbd\xb0\
\x06\x9a\xf9\x89\x84\xe1A\xbeD\xefd\x17y)\x8a\x95\
\x9a\x1c\xaf\x1e\xa6M\xf8*\xed6\xbaJE\x8bKA\
\xbcy`\xb3\x8c?\x95g5\x19;\xe5\xaaR|\xd2\
\xbe\xb9ys\xb3\xb8\x12\xa0\x99 \x0dO4\xdb\xc6\x7f\
\xda\xeb\xf5\x95\x97\xc5q\xa8\xd8\x99#\xc8qVCl\
iq8\xa4\xaa*\x0e\x80P\x9ejh+\xb2\x95\x97\
\x0ekr\xf0\xf0\x0er0\xed\xf5\x11$\xe42\x04]\
\x88>\x85XTb\x0b\xda\xf2\xcaW\xd6,\xaeP\x19\
Vy\x9e\x00\xd3\x14\xdd\x8c^i\x8b\x89\xdf\xa6\x7f\x1a\
MM\x94\xa8mH\xfeb\xe0\xc1\xa5`\xcb\x91a\xb7\
\xf6\xbc\xae\xb4=\x0a\xb4KAx-M(\xa4? \
F\x93\xcb\xac\xfcd\xa6y\xe5\xe1\xb9\x84I\xb8\x09\xe9\
\x88\xd1\x1c\xb1\xa5\x9a\x04B.\x96\xf2]\x81\xf11\x19\
\xed\xf0\x8cS\x1b\xc9\xbf\xdeY\x1f\x81\x1a\xaf\xc4\x1a\x7f\
\x8b\x84\x019&\xff8./\x905\x9e\xc4\x9a\xb7\x92\
\xdf\xc9\x06\x1b\x07\x07\xad\x19\x90m\xc5\xa1J\x02[\xeb\
+f\x84\xbe\xbe\xcc\xf7\xd0\xfdV\xa9@\xa6|\xb5\x85\
p\xba\xd3\xd8a\xf20\xd1\xdf`\xf9!\x95+\x88\xcf\
\xd0\xa5\xd0\xf7\xce\x81X\xa9`\xbe\xe1\x00\x8e\x1f\x8d\x86\
\xe10\x0b\x22~\xd0E\xc5\xd4\xfe\x01\xde\x19u\x952\
\x8fG\x0e?>t\xff^+\x90\xce\x04\xc7\x93\xf1\x1a\
u\xa8\xd0_T\xe8\x5ck\xd1\x0e\xd1\xdf\x1d\xf7\xb1d\
\xbb\xeb\xb5\xf1:\xd7\xe5m\x9d\xdd\xcd-\x16\xe5\xa2\xa5\
\xa6e\xd7\xa7\x93\x19\xbbq\xb0\xb1\xd1\x92G\x5c\x8a\x92\
7\xd9\xf4i\xca\xbfk\x1c\xdc\xde\xf8\xb3p\x8f\xf8\xe7\
\xf9\x97\x98:q\xa3\x8a\x9eK\xfaR\xb6Z\x1a\x82H\
\xcat6T\xf3\xa5.\x06\xc0\xbfZ\x87V3\x0b\xe7\
\x99/\xcfA\xcf\xc4\xa2\xf3\x94\xc66\x93\xb1\x07\x07\x07\
\x1bg\xc2M@d\x05sE\x82\x0cK\xfe\xf5\x93\xfe\
)\xdcC\xcf\xd7\xa2\xb3H\xcf15\xefp\x16\xfa\x0e\
\x9d4\x9f\xdd\x0c\xc5\xeb/\xd0\x1d\xb3@\xa1\xcc\xc3\xec\
m\xd9k\xf9S?.\xc0\x11}\x5cE)W\x18{\
\x90\x89aN\x88\xa9a766\x0e\xce\xce\x93i\xae\
\x18\xafNO\x8b\xa0N\xfd\x14\xee\xa1\xb1\x11\xed\xec\xa7\
\xd8@\xcb\xec\x18Z3\x0eV\x06!\xe03\xf6.y\
\xc5\xcf\xc0=\x06\xfa\xbb\x84\x1c\xb9\xa7\xb3\xbd\xb9\x7fv\
P\xfd\x19\xfbJ\xa3\x8876n\x1f\xfcY\xb8Gs\
K\xb2\xdb\xe5\xf7X{?\x5cd\xe3\x15\x87?qp\
|V~\xbc\x5c~,k<\xed\xc4\x0fG\xf2\xcf9\
\x13U\x81\x22~4\x92\x7f\xde\x99X\xcf\x8a}\xfa$\
\xcb\xbf\xe0L,gE?\x1ec\xf9\x17\x1d\x89\xd5Q\
\xfc\x8b1\x16\x16+\x7f4\x1c\xc7\xad\xa4\x18(\x95\xe4\
\xb6\xb6t\xc4\x7f\x0a\xa4\x96\xdc\xc9\xfc\x9b\xf2`}\x5c\
\xfe\xebI\x84\xb7i\x91\xd4\x895t\x8d\xb2\x1d\x8c\xc9\
\xe0\x9f\xab\xe5'\xa2S^\x92\xffN\xb0\xfc\x09\xf1\x15\
\xfcq\xab\xf8\xf6Q\xa7v\xb9\xfcj4\xf2`\xf0\xeb\
\xd1\xe3\xe2;\xf1\xc9\x0f\x98\x1f\x8b\x18Y\xb2\x0c\xf0\x92\
\xa9\x11\x9d\x16}m?\xd4\x1f\xd3\x84zbR\xf5%\
\xe1`\x90T:)\xa4\xba{\x1a\xe6\xdb\x07\xba\x98\xcb\
\x0d\x90/C\xa1\xcd\x11\xf9\xf4I8\x9cR\x98_\xdb\
T\xc5\x1br#\x8d\x8f6@\xbe\xcd6H\xc5\x11\xa7\
\xbb\xea\xea]\x94\x9a\x13U8\xd4\xd9m\x19\x88\xbbs\
\xed\x03:-\xea\x02j\x92\xc4\x84\xe3\xf3\x14R\xadF\
\xc1%\xc8\x01x\xeb\x9fZ\xe6/\xf8mG\x80\xd2N\
\xbey\x87\xe9#\xfbs?b&\xebP\x99\xb3\x8dx\
\xa6\x9ar\xec$\xed\x95\x1f\xb0\x14\xc7\xd6\x05\x05_*\
\xa7B\xa7*\xa7\x90i\x06\x10c\xd1\x1b\xa0\xa7\xf4y\
\x13h\xa7\xd1\xf1U\x8a\xa1\x0ft\xcb\x9e\xf8\x80\xe5\x83\
\x91Q,%\xdaiXi\x94+\x80y\x0d\xa4yk\
\x97\x05\xf1\xdfb\x06\xc6\xef\x8d\x91\x8a\x80\xbb\xff\x14-\
\x087\xed\xa6is\xab\xd0p\xfc2\x09\xe7\xfb\xdf\x00\
\xd5u\x81\xa6'\xf3%\xf5\x98\xb3\x03\xa4\xfd\xf9\x13\x5c\
\xed8\x7f\x03_\xc7~o\x8dRH\xa6\xc8\xd6\x99z\
\x8d\x9b\xa2\xbe\x9cR\xe6\x5cp\x9e}\x7f\x0d\xee\xb3\xae\
j\x01(\xdc\x15\xa0Tc\xbb g\x11\xb0|\xe5\xfe\
\xfa@L\xeb\x99\x1a@\xae\x90:\x00\xd5\xceD\xce\x5c\
h\xa7\x9bS\x03\xae;$\x9d\x97K\xe8\xd1\x83I:\
\xfc\x8a\x0e:@\x87\xe1k\xb5'W\x9c\xdb\xb74?\
\x22\xa6\xa2\xfc\xe3\xbajJ\xb9B\x0b\xcc\x19\xdf9\xb9\
\x86\xcc\x8a\xa7\xf4|TT\x9e-\xf2\x05j\x0a\xd2'\
\x03\x0e\x02\xbb8t\x1e\xbe\xe3\x02\xea\xe1t\x0a\xde \
\xa5\xfa,ah\xc3Ew\xec\x7f-k\x8c\xb9\x1d\xa9\
\x22\xe4oA\xe0r]\xd2\x10t@\xf7v(\x95\xa4\
\x9a\xec\xec8[V~\x83\xf2)h\xed!\x9f\x1f\xfa\
\x17\x11\x8a\xb8\x12\x5ch\x95\xe8\xd4P)O\x99.\x80\
3\xd2~c\xc8\xe5\x98\xf8\x86\xc2<ZhB\xd1$\
H\x5c\xd6U\xa9\xb4\x89\x80\x89\xd7\xd4h\x05\xc8c\xeb\
yh\xccy\xd48\x12\x12h\xa81v\x00\xba\xe0\x81\
6L\xa8\xdbC\xe3\xb2T[\xc1\x84\xe8j\x80\xe1\xae\
#\xdb\xd8O \xdc\xe0(\x01f5U$S\xc9T\
\xd2\xef\x18\xbb\xe0\xd3\xb0GL\xce\x9a\xab2\xd3\x8cw\
\xd5\xf8\xe7\x94\x13\xeaJ=\x1f\x96R(\xf1\x00\xb4\xab\
o{\x0f\xfc\x95U\x88\xf3gp\xe9\xe7\xa8\xbd\xf2\xc6\
\xa9\xe8\xdby\x8c\x05pD\xb4h\x992\x0d\xd3\xb5\x8b\
\xb8?V\x0bqT\xeeR\xab$\xe4\x0d\x85\xe5<\xa5\
\xc3\xdaT-I \xc7\xe7\xb5\xbfY\xd5\x14`\x84B\
\xb9\xc2yB\x5c\x05\x1a:\xb6`\x10+uC\x0a\xe6\
\x8c\xefL,\x97l\x97*\x17*\xa9\x02SJ\xce\x1f\
:f\xfb<J\xe6H\x22k\x19\xf2\x93\x10\x82Ce\
\xc1\x1e\x08\x8f\x8d\xe8\x19hj\x0b\xd1\xec\xe3\xdb\x03\xfb\
\xdc\xbeY\xf6\xbe%:+\x19<Jy\x85\xb3%\xf7\
\xbfA?`#\xec}\x8b\x08&\x15\xf7>`Px\
\x942-\xfd{`nd\x17\xe5\x92\xca=\xb01\x0b\
\x93\xb7\xc8\x1e\x88a\x9d9\x85)\xae\x89\x06\x17\xe6t\
\x9c\xa5\xde\x03\x7f\xfbO-\xe40H\x06\xf6\xbeLG\
\x96\x94\x14~\xe5|K\xe9\x002\x07\x12\x14\xce\x86\x01\
\x1aBZ\xef\xc3e\xbf\x05\xba\xff\x91-3J\xe9F\
\x92\xd0\x06\xcd$\xaf\xf3\xfb9nh5\xcdsIh\
\x09\xebJ\x9b\x9e\x9a\xfc\x0f\xc4|\x07D\xe9\xa9\xfc\x85\
\xa4\x9e'I\xad\x80\x10MI\xb2W\x7f\x09\x8cd\x97\
VJ\xa3X\xca\xd1\xb2\x967vc\xe4h;x;\
+'RX\x5c\xd8\xee\xb6\xeb\xf0\xe0\x91R\x02\x9f\xa7\
*^\x85\x18\x19\xe3\x18o\xf4 8F\x1e$o\xca\
\xd5\xc4-\x01~\x95\xfbl\xfc\x87\x82\xd7\x9e\x81i\xf7\
\x94/\xa2f\xf6xkjg\xb7\xdb\xad\xa4d\x89\x11\
\xe4\xee#\xe4\x8bz\x8d&\xb2\xfc%\xd0\xe2UU.\
\xc6\x1a\x09\x04\x9d\xc3\xc4~\xec|S\xfb1\xb9K\xee\
t\xed\x95\x91\xf9\xefP$\xfeY\x02[\x1b:o$\
\xfe\x18\x96\x8b\xe4}\xcf\x8eK\xf6t\x19i\xd1K\xa3\
\x0e\x80\x95\xa7r\x86\xeff~;t_; \xc14\
#\xafFs\x81\xff\x0c\xf6\x8a\x01UJ\x1c\x97M\xae\
\xdd/\xcf\x99\x8f\x17:{\xbf\xed\xd5\xb1\xc7\x9c5\xfc\
\xcdL{\xd5)g\xe8R\xcf\xbdr\xa7\x9e=\x9fs\
/\xd4\xd4\x0b\x95\xa7\xb12\x12\xaecK\x9f\x83\xe5N\
A{>\xe6`IS0T\x07\xc6\x87e&\xefP\
4\x14\xa6\xe0\xcd\xf5\x13\x0d+\xeb\x0f\xd5\xaf\xc7\x7fc\
XYY?Q_[?\xda\xb02\xaa*\xe2_\x99\
\x80\x1e\x82\xa4\x82\x0f\x85\xcbr\x8b\xf37\xf3\x87\x98\xeb\
\xbd\xf6\xb1\xafZ3\xd2/\x96\x09\xcb\x8e\x08>B\xd5\
\x7f\xef*+9\xfd\xa0R\x00\x1b\xac\x18\xe7\xc4K\xbc\
\xf7\x88\x85F\xd0W\x82\xc9^\xe0\xd4z\xecC\x92\xd2\
\x18}\x95]\x18q\xd5W6\xbcj\xd9\xf0\xb0\xf7]\
rx\xd8\x02\x5cH\x1d\xe3Z\x12\xc5\xc5\xa8\x90\xb5\xff\
0ktx\xc9p\x0d\x7f\xf9\xf3\xddso\xd5\xd0\xa6\
%5\xdf\xf5~y\xedW/=}\xc7\xb7WYA\
0\xb2\xea\xeab\xcew\x85'a\x7f\xfb\xc8\xa5\xc5\xea\
\x966\xf8\xb5ba\xfc\xb2\xa5\x8c\xad(4\x14\x15\xc1\
\x1cB\xe3\xc7\x01l\xdd\x92\xf3~\x0dN\xd5\x5c\xc4=\
:O\x0f3\xf8\xea\xc2\x11\xf7\x18\x9c\xaa\xf2^\x0fe\
\xa2g\x8d\xc6\xe49\x02L\x92\x17\xb5\xfc;oB\xfe\
\x94E\x11vF}\x1c\xb2o\xbf\xbd<\xa9w;a\
\x81(\xcb\x03\x11<\xfb\x13\xecL\x0d\xd8\xa3DS\xb3\
\xae=\xca\xad\xe8/\xe4\xda/\xe4Z\x18\xb9\xf6\xd6\xda\
\x984\xb4@_^\xd4\x22\xec\xbc\x96^\xe7\xb5I\xef\
\xbc6\x93\xc9\xb9}\xf8\xf6\xd9\xdd\xd7\x87\x0f[&`\
Wa\x0b\xea4\xd2\x02 \x9d\x0b\x14\x99\xdb\xe1\xda\xb5\
?\x8e\xfeB\x12\x15\x91DG\xf8v\xf6oo\xf8\xe4\
Z\xcbO\xdcz\x1a\xac=\xa7\xb5\xa1\xd3\xd4\xce\x8e+\
^\xc4s\x10\x94x\xceP\xd3\x9e\x91\x18\xa0\xf2\xd2\x0c\
\x05\xcbaN\x8f<t,\xd2dp\xa6\x863\xaf\xa9\
b\x10$\xd5 \x19\x8e\x1cLh\xa1 NLq\xd2\
Uj\xbdC[\x97\xfa%\x80\xa2\xe1\xfd\xf2\x94\xc4c\
?\xfc\xf7\x0f\xaf\xb3hV\x9e\xc5\xb9\xe5\xb3.7\xaa\
\x12t\xec3:R\x14\xa6\xbb\xa998,5\x83h\
n\xa3]\xd4Qg\x10d\x9f\x8cir\xca\x98I#\
\xca\xe52\xe0\x0d\xcc\x90O\x10D\x81C1\xb8\x036\
\xfe\x83\xbd\xe9\x8b.\xacT1\x83T\x03\xc7\xea\x19\x92\
K\xf6'\x1f\xfb\xb7g\xad\x9e>\xf2@\xd94\xa1\xfa\
UyN\xe7g\x9d%(2\xfb\x8f<\xfb\x8f\xb8m\
Q\x0fL*\x1eC\xc8K\x22\x80\x03(\xd1x\xc6\x9b\
*zZ\xed\xc3\xdej\x96\x8ab\xda\x12\x99\xdb\xcf\xcd\
$(\x91\x16\xb0\xba\x08)\x22Qz\x16\xe1SSl\
kn\x1f\xf0\xb8\xa8`\xe5\xa2\x84\x8dQ\x0d(\x17\xc3\
h\xbc\x18\xa59*L\xb7\x02\x92\xc6I\xb5\x7f\x91\xf4\
\xe6\xcb\xaa\x80\xb6=1R\xfeKh\xa14;u;\
\x91\xd1\xa8\x97\xd0L\xc9\xa6\x88\xaa;\x85|\x898\x7f\
$\xf2\xf7\xb7I\xa4\xbdI\xc8(\x94\xd9,\xae\x9d1\
b\x89Dj\x16\xe5\xe7\x99\x1b\xda7[~\x18\xbc)\
\xa4\x08\xcc\x99l%\x7fmA.\xd7i\xfc\xaa\xf6\xb7\
\xdeo\xf9\x93\x0c\x22$\xb8\xe9\xd0L*C\x16\xc3\x81\
>\xfbY+\x985!\x84\x91\xccC\xd0Y\x09&S\
\xc1~\xff\xb7,\xe3#\xe9$+bAS\xa8\x96s\
MX\x97\xbd\xb9\xed\x863\xe8O\xc9\xaa\xfb\xe2\xd9X\
\x06^\xc7\x08\xb5\xac\x1b\xba&k\xdf\xf6\xf7\x16\xaf\xf6\
\xfe\x82\x8d\xad\x09\xe4\x8a\x01\xe9w\xe8\xd0?\xc5&\xe3\
\x0b>\x94*\xd5\x9a1\xcbOm\x22.\xefB3\xb2\
\x22.]\xa8\xdd\xc4\xfa\xc3t\x97\x89\xd1PN\x87{\
\xce\xb0\x89w\x05\xfa|\x01\xba1r\x01\x0f}Y<\
\x94z\x03\xc9\xe5\x0arG\xecwM\xb82\xa3\x19\xe0\
C\x01_\xed\x05\x90\x07r\x09<\xa7\xcd\xee\xa6\xf6<\
\xb8 \x00~S\xab\x04\xa6\xf6\x12\x98k\x08'x\x0f\
\x96-{\xc1\xfc\xb8\x8fJ\xc4\x84\xbcF3\x95^\xa3\
\x97\xfa5\x1a\x92\xe9\xaaDn\x08\xfc\x13\xf6\x10\xc5\x8b\
_E\x1cbpU\x8f.\xc7\xd1\x1a\xb0\xcf\xf7\x84\xbd\
-{|O\xa7\xd6\xbc\xa4\xd8S\x0b[\x8do\x92\xc8\
M{\xcf\xe7t\x92\xd3\x0b\xc4\x0c\x8a@G\xdd\xdfc\
\xf9\x97e\x98I\xa4\xb6t\xb6\x06\xa5\x88\xc1\x0c\x96\xca\
Xu\xcd\x9c\xca\xd8\xa1\xf2t\xb1r\x81t\xb8u\x1b\
\x9b\x98X\x19;6\xccBi%\xb7M<\x19N\x0d\
\x8a?\xc4\xbb\xd8\xbd\xb2\xef\xcej\x01\xc7\xc9\xcaGz\
\x80\xa9]\x91\x18i\x1b\x86a\x1d&\x1b\xf6\xb5\xe3\x0a\
\xcb\xdaOzz-\xdaj$\xe3\xb2\x90\x06\xc3d\xcd\
\x13\xbf\xee\xa1|\xde\x98\xca#\xf6m\xc96\xa8JR\
5x(\xe6*j9\xd8\xee1mD\xd1\x00\x9b\xda\
\x89\xf1\xea\x9ez\xb8y=I\xd9\xe7\xd4\x9a\x96.5\
W\x95\xcf\xa14\x11W\xc9F\xd7+\xb4\xacq\x99\xed\
uZ\xf3\xe8\x9a\x1al=\x1c,w\xa2S\xec\xf7D\
@\xb7i\xebo\x87VuP\xca\x0f\xcc\xb5\x1bhC\
\x18uG\x91\xd2\x94\xf6\x94Wk=D\xfc\x22\xdb\xdf\
\x0dw\xe8A@\x99\xb3z{\xe3\xea\xcd\x0a[ \xdb\
\x16l\xadz\x87\xe9o&\xdf7\xd8\x0b\xb2_\x8a\xf7\
\x98\xeaO\xeah\xde\xf5av\xf7\xcfV\x93r\xb1K\
\xd6\xd9\x12Q\xbb\x87\xe5O\x0a\xf1\xd0#\x11\x8eO9\
\xb7o\x90\x7fzo^)\xff\xe0\xebn\x92\xff\xc4_\
\xe2\x0f\xb2\xfci\xa7}\x1f\xcb\x9fq\xf8\x82\xdff\xf7\
\x16|\xf6y\xef\x83,\xffU'#)\x89\x9ev\x10\
\xa32\x7f\xd6\xf9\xbb\xd7\xb3\x0f\xad\xad{`\xe6\xc8\xd4\
Y\xb3\xea\xa7\x93\xb9\xce\x1a\xde\xf9\xe4\x98\xa5R_+\
r#\xf3\xc3\xd8\xa6\xdf\xac\xd9\x03\x1f\x8c\xaf}\xb3\x1d\
\xf8\x0a!&\xbe\xadri)\xbf\x96`\xe5\xbb\xb0L\
\x92\xb9\xeb\x82i\x1b\xd5:U\xbc\x99\xe1-/\xc8\xd5\
\x0edm_\xa0\xdd\xbeS\x95\x18\x0a2\xaeR\xd9\xef\
\x97D8\xdc\x0c\xd7z\xefF6\x11\xcd\x88.-\xd5\
>\x80\x89\x09I\xa4\xe0)\x0d+a\xb6^3\xfd\xdb\
\xb2\x9cm\xd8\x10\xbb$\xf7<\xb8\xe1\xf2\x81S\x1e|\
8\x16\xaa\xfb>y0Zj\xd0j\xe9\x11\xab\xaa/\
7\xbe\x9e\xa9X\x02@\xd7\xa80f\xb9`\x90\xd0\x05\
Z\x07\x18\xcb\x90\x0aD8\x8e\xd7\xf8T\xbe\xfd\x1b\xeb\
\xea\x82x\xdd\x89\x91N\x8c\x19O\xeb\xa4\x83j\x1d\xdc\
\x22\xdf\x9cJ\xbf\x0f\x82\xc2-f!k\x9c\xd9R\xa5\
\x08\x1a\xeb\xf6\xef\x7f\xc0\xf2#\x01c\xec\x11\xa4\xcf\xe8\
\x07\xab\x18\x0a\x0d\xc0_@\xd0\x03\x986\xca\xfe\x98\xb4\
7\xd6Y\xf1g\xf9\x17\xa5\x5c\xd3}\xb8<\x82G\x99\
6\x12[\x93*N\xc7W\x83\xd3\xf9\xa4&Y:\xa7\
\xc3\xcf\xcealGN1\xec!\xaa\x07\x94V\x22\x87\
0\xddI\xbb\xb5\xd6\x0a\xceS\x1dTzA\xab\xd4\x17\
tP\xe9E\x8a\xb1r\xed\xddQ\x05\xdc\xb2\x90\xd2\xc8\
\x95\xc3G\x87O\xfa\x82\xac`\x17\x91\xfd\xde:j\xc1\
\x833\xd0\x88,4\xa8G\x95\x10\xb6\x13\xd5\xa7\x8f\xa8\
>6D\xd5\x8bb\x8e\xe3\xa4\x0a\xbc\xd2\xb56R.\
\xce\x81a&\xb0I\xfc\xa7\x17a\x81d\xf4\xa8\xca\xc8\
\xc7\x03\xa9\xa9M\x8a\x93\xc8\x0e\x18\x9c\x1d4D\xe7\xc8\
:\xd6\xd6\xd1\xd6AP\x0f\x93\xf4\xd1\x0e,\xd3\x0a\xda\
Ac\xfe\x98\x9a\x95P9\xb7?\xa5\x9e\xee\x09\x10=\
\x9al~S[@[\xb5\xdbS\xd0k}\xdeR\xf6\
\xdd\x82\xed\xf6\x1b\xefb\xf9\xc5rr\xeec|W\x0c\
\x11_\xc8\x03\xee\x0bz\xbdR\xc7S_\xe5\xe7\x89m\
3X\xdb\x19Jd1\xe7W\xd1\x96\x8f\x0aQ\xf2\x9f\
\x1a\x0c\xf2\xc7\xa4\x8a\x7f\xaa\x11q`\xf1\xd8\xf5\xac4\
<a\xf5\xe5\xdc\xc86\xaa\x9e\x06\xbcV\x02U0P\
0\xb2\xcb\xdb;\xad\xdb\xe4\x1b\x88%\xb5\x8f\xb73\xfe\
!o\xad\xd5\x0c:K\x13\x98\xd7\x1a\xe1qrl\xcf\
i\xe9d`\x1a\xce\xf9o\x06\xc3\xdd\xe1B\x04\xdc\xb8\
\x02\xa6=\x07\xbb'\x95`N\x1d\xaf6\xa8/\x0d\x14\
\x16t\x02tl9\xebN\xd2\x11\xcd\x06\xa77(\xe5\
\xdb\x1f\xa2\xe3\xc9\xab\xc1A.t\xa7\xceG\xc5\xb2\xf8\
u\xa9\x04n\xf6nf\x83\xfb\xc9~\xb7L\x9bE\xae\
\x83\xc5\xf2\xcbp6\xfe\x95\xdcH\x87\x8fi\x80\xf6\x99\
\x88\xa6\x93\x8e\x18h~u\xda\x05x&\xcd5\xba\x09\
fg\x03\xc0_l\x81f\x7f\x8a\xd6\xdb\x0b:\xed\x08\
\x008U\xfa\xe7\x0b\xd4S\x9f\x82\x01\xb2?\xdal\xf1\
\xb5^\x9a\xed\xda\xe5u\xf2\xce\xed\xdb-\xe8\xe9\xe1\x06\
\xe9f\xf9/Z\x19\x9f\xa4C\xc3O\xf4\x81\x0c\x19\xe7\
\x9fS\x09\xcf\xd2\xf9?H\xf1\x16q\x88f\xbcR\xeb\
\xa2\x16\xe8\x9a\x16\xcd\x154[\xd8\xbd\x9d\xbd]\x16|\
\x97\xa1CJ%\xa0u\x18\xe6\x9b\x180!\xd9\xa4{\
\x0e\xd8\xbb\xb7\xfd\x1c\x8d\xfc7\x1e`\x0f\xf5Z\x07\xc8\
4v\xa5^\xb3\xb8\xe2.\xd5\xba\xcb\x12C\xca\x14!\
\x1e\xc0\xcf?\x05e\x1d\x9c\xe97B\x87m\xb2\x87\xb6\
Y?\xa3\xd3\x10\xb8]\xc4\xeb7v4\xc2\xfd\x1b\x89\
u.8#\x03Rl\xdfo\xb3\xfa\x02\xc1\x16\xe7\xbf\
\xc4\x87X>o*\xfcz\xef\x06V\x13\x0euu\xcd\
\xf2\xb1p\x90\xa15._\xcc\xaf\xb1\xe2c\xfc \xcb\
\x9fs>\xf7v\x96\x9ft\xfe\xb4\x9a\x95\xac{y\x91\
\xe6X\xa9\x17\x87J\x8e\xe2\x8fF_9\x0a\xfa,\x99\
Q\xcd<r\xe95R/\xe2\xd5\xf1\xc8\xec\xb8d\xa3\
\xcd\xacd\xd4\xb5U!\x11Z\x13\xe1\x10Z\x8f\x94\xcc\
\xd6\x11\x0a\xb0\x7f\x95\x978\x12\x0b\x05S\xff\x8byz\
\xc9\xe7\xa9u,\x9c\xe4X\x13\x0ekxy\xc3\x5c\xeb\
\xe2\xb0\x17g\xc7\xc7\x96\xc7F\x8f\xb3\x90\xc0\xc4\x87\xc2\
\xcd\xfa\x90\x22t}\xb8\x8e\x18\xab\xbam\xfd\x931I\
\xc4\x13j\xba\x0dD\x15 \x8bPf:v\xb7\x0e\xc2\
\x9e\xb4\xb3\x05\x83\xc1\x07\x14\x9a\xa7\xdc\x9e\x08\x06E\xab\
\x1bP\xe3B\xafm\x86\xab\xb0lji\x84\xaf\xb7\xb5\
B\x14y\x07$~\x88Y\x17}\xe5\xd4\x1a4\xf3\xb5\
\x18A\xc8\x07\xfd\x16Bap\xf7v\x83\xa62@|\
z`o_\x02\xdc^\xb2XL\xb1\xf6}\xa0\x0f\xf4\
bp\xcb\x00\xbcWs/\xd9\xaa\x95\xcd}\x90\xf4\x9e\
%\x98\xa8\x94#\xad(OJM\xf3\xdevd\x8e\xb7\
\x87c[\xdc\xad\xd9m}\xd4SQ\x0a\x99\xefo\x86\
\xe75+dK\xf0X\x9fS\xb93\xa8\x1c-\xa1\xae\
\x1d\x1c\x80\xab\x06\xa8\x85\x0e\xf0\xc5-&g\xe3\xee\xbe\
\xa1\xec\x1e\xf9\x18\xf0f\xb8\x0d\xed\xa0k6\x13\x94S\
^\x0f\x89hc\xa3\xffC\x0e\xe7\xbc\xb3\xa4\x126\xb7\
\x0d\xec\x80\xf7m\xa5T\xd4\xd3\x9aR\xf0\x14\xb8\xd1\xb5\
\xa2\x17\xa3\x5c\x9c\x81\x86n\xd0m\x0b\xc6nv9\xc0\
;?\xca\xf2\x9e\xe3\xb5GD\x19\xe7\xbf\xcc\xff\x8e\xf9\
M\x0d\x95\x09\x82\xe9+B\xcaK\xf1\x1cS\xb9\x9c\x9f\
\xd9\xc8\xc7q$\xe7\x0d\xe8\x80\x0b}8\x0d\xda}F\
\xab\xc5\xed\xb0\x9b\x8f\xc6\xd0K\xdb\xed\x8f~\x92\xda\xcd\
\xdeO[\x0a9\x12\xbc\x83\xc9`N\x85\xdd\xf0i\xcb\
\xa0\xdc\xb5\xd3v\x0a\xc7\xf2[\xea\x8f\x97\xe5\x09\xd1\x0a\
\xd5\xfap\xf1 \xcb\x97\xd7\x1e\xbf%\xda&C\xfbu\
\x92\xae\xdd\xf0\x90e\x5c\x91\x06\x13\xd7\xcd\xb8\x19_L\
_\xc6\xde{\xc0\xca\x82\x00\xeaFxC\xd7>\xba\xf7\
\xe6p\xf1%\xa3\xe1\x82\x7f\x8f\x0dD]u\xc2\x91\x18\
\x97Y;\xce\x97\xf1\xcf\xb007\x0b\x15\x17\xfd\x8b9\
\xf0\xd3\x9f\x03Q\x1e\xafg\xde]\xb5\xfc\xae\xe8\xeea\
\xabc%\xf3\xeev\xb7\xd5\xefn\xe0w\xbb\xd6OI\
4\xfc\xc5\x91XO0\x95^A\xa2\x1e\xfa+\xff\xb4\
\xc0\x5cW\x9f\xefE\x13\xca\xe6|\xc0\xb1\xeb?\x8cS\
\xa5\x03\xf1T\xdb\x5c\xa1\x90Z\xb5\xdc\xba9\x1c\x9d\xcc\
D\xc8~\xfeJ\x91\xb5Vu\xfc\xe6\x18N\xdbv\x7f\
W\xc8\x19T_\xe2\x0c\x1a>\xa0r\xe0\xf4,\xc2%\
e\x1f;\x15\xbd|\x0b\xf9X,\x80\x85{\x01\x22^\
JY\xc8\xf5\xfe\x85\xac2Bs#b\x94\x96{\xb7\
F\xa5<Z\xc1\xe4Ha'\xe9([\xbc9\xfc\xd8\
\xa4\xd5\xb9I\xb7h.\x9d=|\xafe&Q\xb72\
\xd2B'-\x1f\xe5\xb7\x1e\x8b\xfa\x1b/\x07\x22\x8b\x83\
\xb0\xf7\x80\xdf\xf3\x96\x81\xce\x97O\xca\x10\xceQ\xfd\x01\
\xcb\xcfO\xa9 \x1ed\xe3\x95h-O\xbb\x0c\xc7\xc1\
\xe2\xbd\x85\xfd_\xf6\xde\x04N\x8e\xab:\x17\x9f\xd1t\
u\x97ZR\xcb\xdb\x95\x04<\xc0\xc6\x10\x92&\x90\x80\
m\x02\xd8\x029!&`\xb0\x8d\xe5\x9e \x90\x81H\
H\xb6\xb1\xc0`,i$Y\x9a}z\xba\xab{\xf6\
E\xeb\xc8+6=\xc6\x96\x02/\x04\x05\xf3\xb0E\x12\
6\x07\xde{\xbfV\x12\x02\xff`6#\xbchWM\
\xab4\x9aw\xefY\xee\xad\xea\xee\x99\xe9iY\x8e\xc9\
\x1f\xf3\xe3\xeaN/\xd5Uw=\xf7\x9c\xef|\x9f\x17\
r\xee\xde\xb5}\xc4\x0d9\xd6\xfe\xd0^\xd7\x8alk\
\xd8\xdc`\xbd\xc4\xcb\xf9\x7f\xcby\x1b>&\x97\xc7e\
K\xdce\xe1\xdc^+vP1\xc1\x9d\x8e\xfe\xe0\x0e\
\xb1\xaf8\xb2U\xe1\x99vU\xf8\x03K\xc5*7\xb4\
7\xb2|\xa9\x18\x1b\x8f~`\xc1\xf2\xcf\x86\xab\xe4\x91\
Y\xe2\xae\x15\xee\xa2p?\xd3\x82\x8f\x9b@\x83l\xc0\
\xc7n\xb1\xfc\xd8\xb8Y9\x0d\x9c\xf6>\x15\xa9\x10C\
H!\xd8V\xc7\xf6\xaeBp\xb6FU\x95B\xef:\
\xe96\x80y\xdf\xed\x8cT\x80!\xa4\x88Y\xbf<\xc5\
-\x15|}\xc4\x04\x16\xdd\xca)\x1d\x93+\xc0\x80S\
\x9eaoQ\x84\x19\xe5gq0\xa5\x18\xd2xJs\
_\xc8\xab\xf6+\x15Sn.\xbc\xb7\xa2;\xb2\xf4V\
\x17\x86\xadU\xc9\xc7\xb9\xeag(\xbc\xc3\xa0\xc1bL\
\xa0\xa5\xe3a\xf2\xaa\xb2\xb9b{\xdd\x07D\xda\xeb$\
\xb0f\x17\xbdY\x04U<\xa5\xcf\x22\xf2\xc2\xf2\xe6\xdc\
\xab\xf0\xeet \xb1\x5c\xa3q\x93:\xb2\x91?\x85y\
\xeb\xfd\xdc\xf4|i\xfb\x96\xc7,\xff\x0fq\xb7\xa9\x8e\
\x5c\x146\x0dm\x9a7X\x8c'4\xc4\xf1\xa1\x015\
\xc6\xfc\x99)f\x09Tc\x0cI\x9e\x8c\x8f\xe1S\x11\
\x93\x06\x96\xaf\xf7\xfb\xb8\x8c\xe7\x8b\x89\xfb\xae\x0a\x07\x93\
\x22\xf2\x09\xbf\xf7)\x1d\xa0?\xea$?\x02\x92P\xfa\
i)\x8b\xc8\x16`,\x8d\x9d\x89\xee_\x10dZ\xaa\
4\x8b\xcd\xbecyd_\x83X\xe5\xc99\xea\x86\x96\
\x8a\xcfF\xaab%\x5c\xb57\xbca\x95XU\x155\
\xa1\xfd\xf0\xbe\xc8\xfb\x8f\x8a\x97\xf1\xf8~sx\xc6\xb3\
\x95\x98\xa6V\xaf\x17c\x13\xf2\xd4\xb9\xda\xfd\x1b\xf1\x91\
\xd5\xce\xc3\x96\xc3\xe8Qf\xff)\xa2\x1c\xeaDZu\
\x8ca\xe37\xce\xa5\xbb\xf2\xcd\x91sK\x9b\xfa\xf07\
Wc`_\xa9MO\xf8\x19E\xfc\xb5Z\xea@\xa7\
\x9b\xbf\xc1\x1c\x09\xf5\x95}\xeb`d\xbave\xbdr\
z7e{\xabK\xd5\x93\xdf\xfa$\xf6\x96\xa6\xfc\xfa\
\xdf\xb2\xdb\xfcV=\xe3x\x1c%\x9e\xec$y.\xc4\
G\xcb\x11\xb20\xd6Y\xd3A|d\x8f\xf3Yk\xba\
ou\xd27@:\x19\xbfQ\xe1\x0aS\xd5\xdc;\x18\
9\xcb\xbcS$\xf8\xf4yk3\xfe\xf1\xe5|\xf6\x9b\
{H-\xba\x8b\x14\x98\xcb1T\xd4\xd2\x94\x96\xedJ\
\xdf\xa8\x03C\xb4\x0e,\x1a`\xdd\x8a\x0d\xb8[D\xe5\
\xbf{\x9d;\xfb\x87\x96\x91{6\x12\xd0(\x08=\xcb\
\x08F;7\xb9\xd1\x0a?\x8a\xda\xd2Zm\x1a\xb5\xa7\
Y\x89\xda\xa8S\xdb^\xf4\x87\xceMVe\x1f\x9d\xfd\
C\xe7\xbas\xdb\xc5n\xbc\xaa>\xa6\x16\xaffU\xf1\
\xe2\xe7xY\xf9\x8e;\xfb}l\xef\x9d&A\x05\x98\
\xdc=]=LR\xa4\xbc\x05\xbd\xb6\xf3\xa4\x1bU\x1f\
\x0d\xd1b\xd0C\x0b\x8a\x05\x8a'X\xce\xe2\x9c\x81^\
\xdb}M\xc4\x08\x90\xd3\xce\xd0\x85e\x07\xad\x1e,\x8f\
#{\xf9}\xce\x93\x16|\x9c~\xaf\xa3\xab\xa3\x0b{\
\x19?z\x8aS\xc9\xbc\xd9\xefs\xbeS\xf1J.\xf7\
\xa8u\xa2P\x13u\xb3\xdfS\xff\x18\xf5\xf7B-\xa9\
\xbf\x93\x9e\xbaY\x5cJ\x96\x1e^bx\xa5\xd2S\xac\
\xdc\x04\xec\xf2\xcb\xbb\x7f\xd3\xac9ey\xa9\xe3\xa3A\
J4\xe6|\x9d\xba\xcb\x0eN\x15v\xcb'\x82\xd4\xc8\
\x15\x01K\xed\xcfF\xbck\xbe]\xca\xdbx\xf5\x93\xd8\
Nz\x11\xbf]6X\xd2\x087\x19\xc1\x9c\xff\xbeM\
\xe3|\xf6#{\x88z\xa8\xd3\xa1\x0d/\xe6n\x91'\
(35\xab\xc8=\x99\xe1\xc2\xe3|\xc7SsOO\
\x0335p\xa2\x8c\x9bi\x8a\xf3NO\x5c\x9c\xc6<\
\xa9\xcdD\xb7\xe5d\xd6\x13\xa9\xca-k&\xc6\xf1\x7f\
]\x9b\xf1*\xd3a\x96\x92..5q\x9ai7}\
\x987\xeb\x1a\xaft\xbc\xf2\xbd\xd4m\xe7]\xdc(\x1c\
\xef\x02\xb7\xf6{\x16\xae`\xbf\x92\x0b\xd8\xach\xecW\
r:\xca\x7f\xdfZj~y\xab\x9f\x84O\x98\xa9\xfb\
\x97\xb0\xd6\x9d\xf6\xeb\xae\x05\xec\xaf)\xa7.\xe5\xbb\xb0\
\xd1\xc1\xd3\xf7\xc5\x9c\xf0g\xaf\xfep0r\xf6\xc0\xf6\
\x0a\x17\x82\xcav\x0b\xfa\x06\xf2\x06\xea\x1c8\xb5||\
\xcdo\x0eL\xfb\xc3\xd7y\xca\x00\xd3\x86\x8e1~\xd0\
\x14\x1a\xf7\x1b`^\xb4\xc2\x8f\xa2\x01\xa6M24\xd0\
\xd8\x5c3&\x9c\x1c\xead\x80U\xf0Q\x9f\x01v\x8e\
\xfa\xd8\x18`3D\x84\x9c\xf3&\xf7\xa8\x15:\x8cY\
\xda\xc9\xe58!\xcb|\xcd\xae}\xb8\xe8\xffRe\x0f\
\xb5'\x03a\xff\x9b4\xbd\xf7\xc0:\xe1\xd6~\xd0\xab\
\xfd\xa0\xe5^\xec^\xc0u2\xc5> W\xb2:\xb9\
N}@\x9f\xea\xcf\xe5\x1c~s\xe4\xdc\xea\xcf\xbcd\
'\xee\x0f\x94Y\xf2\xa3ObS\xea%\xff\x7f\x9e\x83\
#\xf7\xd9l\xde\xd3\xb9\xea\x0eF|J{\xc4\x94y\
\x0ew\xd5I\x8f\xc7\x07\xa4\xa1R\x08E\xf9_\xf7\x92\
F8;|\xcf\x9d%F\xd7D\xb4 )\x84f\xf2\
\xac\x0dZT\xc0\x1bc\xe0\xc32\xaa\x95\x98\xd84F\
\xa2\xb3\xed\x5cF@\xfc\xb1H!\xb7\xabW\xfe\xd7\xe5\
\x137\xb4w,\xb8*\x82\x17\xea\x82\x8b\xf4\xb6\xf7\xb6\
\xc3\xfb\xc5_\x86\x10E\x9c\x95m\x8b\x0ax#\x02>\
<u\xd1\x7f\x8f\x90h\x22J\xd9F\x08A\xcc\x02\xb0\
\xba6\xc6\x17-\x11eU_l\x87\x8fb\xd9\xe9{\
n;\xe7^(FG\xc3\xc1\xdf\xa0+\xf7r9\x06\
*\xa83\xb9\xeeT\xcd`o\x0a-\x0e\xfb:\xa9\xd3\
w\x8dv\xee\x98\x229Q\xea\x18\xf5\x8cE\xcf\x0d\xb5\
\x08w5\xfe\xc0\xbf\x87\xabi\xeaJ\xdb\xc0v/\x5c\
#n\x1f\x8d(wlD\xeb;\xbfx\xd7\xf7\xb5q\
g\xbb\xfc\xaf\xd3\xd7\x1c\xf6\xa6\x05?\x8e8** \
\x7f\xb9\xdd7Ji\xd4\x96\x0e\x80\x0a&A^E\x03\
x\xe8\xce\xac\xa9\xfd\x8a\xd1\xea\x8b\xbd\xf0Q,\xbb\xfc\
\xc3x\x8dw\xa1\xb8}M\xf8\x5c\xfe\x06\x96\x9d\xf0A\
9\xe4z\xa1I\xb8\xcfv\x84~\x1c\xa6\x0e\xeb\xf2}\
\xbf\x97;\xa9H\xa1t\xba\xc9Fb\xdf\xad\x8e}U\
\xf8\x5c\xae7Z\x99\xf4\xf2\xc7\x85gy\xd6\x94\x02>\
\xe58\xf62Y\xa2\x1as-\xd7\xa2\xa0w\xb6\xacL\
T0\xdcC^\xba\x94I#\xe5M\xeb{\xeemb\
\xca\xcf\x9e\xe3\xfb\xb4\x89\xfb\xd6\xfd\x8b7\x0a\xfcN&\
[\x9c\xb4X\x0aG-\x92!\x81{\xc4\xfbM\xa7\xa6\
O\xc9,J\xdc-\x229u\xff\xe2rQ\xb0\xe4\xc6\
~\x9bl\x1a\xa8\xacqw\x88t\x84\x86l\x0d\x05e\
\xc8\x09`\x19\x8e\x16]#\xe2\x91z\xc7G\x87\xa2\x19\
T\xea9\xfe\x12,\x0a\x9a9\xbd\x94\x06&\x9f(\xf9\
\x09\x8b\x88\x91\x89\xdf\xa5\x86\xf2\xf4mS%\xf1ux\
\xbb\x5cp\x89CO\xfd\x8e}s\x83\xf0\xde\xdd\xe0\xbe\
;\x9c5\xfcE-4s\xc6HM\x9ei\x81\x08\xe6\
4\xe4\x0c9\xf8\x17\x86\xe3mM\x96ejV.7\
@\xc6\x85\xa2g\xd8;BA6\x22i\x00\xf9c;\
\x8f\x00\xd1>.O\x12\xa3{\x93\xd3\xe4\xe0_\xc8\xdb\
\x86\x00L,O\x11{D\x0an\xd7\xbeb\x89\xe0h\
,\x1e\x8d\xcb\xf6\x09\xaap\xd7S\x92\xcb\x98Nw\xa1\
\xbe\xc9Q\x8e_\xb9(kA\x13\xc7\xcd\x94\xa2\x07c\
w\xa8\xc2\x17\xd1\xb1>\xec\x13\x137\xd6\x05\xd2\xdc\xd0\
\x86\x02\xfd\xb2\xaa\x81\x82\xa3\xdc3\xea1\x808\xc3\x86\
\xe4D,g\x93\x08\x88\xbfW\xd4\xa5\x10\x97\x8b%\xf4\
\xbc\x0d\xce<`.{\xf7\x88\xf7\xee0\x93\xd1\x9f\x02\
\x1e4\xc3\x90fj'\x09T\xe2\xef\x0f\x9d\x9c7\xa6\
\x85\xb0\xc7\xa8G[\xa8\xa1T\xbf\xb8\xd7,\x11\xbc\x16\
\x875\xbf\xff\xd4L=\xe7\x9aj\xc8\xae\x80k\x88L\
b\x9e\x18\x1bpb\x1c\xd7W;I[\xd9\xcc\x9a\x1f\
\xa8\xfb\x99\xb8\x06\x04\xd9\xf7\xee\xd2\x13b\x8e\xd6\x03\x9f\
M[\xfe\xcc'\xc4Ie\xeaC\x0ed\xcc]\xec\xae\
\x10\x1f\x88\x04y^\x83Rp\xc0\xa47\xed2^A\
\x0c\x7f\x7f\xb8R\x81\xbe\xa96(\xfb\xcd\xdf\x13\xb8Y\
\xa3\x0d\xae\xacq\xb4\xcbi\xe7\xfcE\xd8g8t*\
#\xb4\xcboH\xb5Eh$\x8f\x03\xf5\xcb)\xa6\x8b\
)\x1e\xd3uD\xa7\x86D4v\xf3@\xa4\xaa\xb3\xcc\
\xaa\xea\xb0\x06-\xef\x0f\x13\x03\x0eN\x22\xc5\xebV<\
\x89\x5c\xa0\x14;\xa5\x15^\xc6\xe1\xe9\xf01\xd1vT\
V$\xda\x93d\x0d]\x16\xf6\x19\x99]\xcaX\xea\xf4\
\x1fd\xfa\x22\xb4x\xc8\x07m\xa1%\xa4hY\xb7u\
Z\xf5l-\xfc\x03\xab\xc4\xa2H\x80\xb0\x0dF\xa8\xfa\
D\xd1Ro\x03\xc8\xdeb\x0a98^\x0el\x10\xdc\
C\xb8\x80\xc6G\xcbo}8\xdf\xcb\xa2\x85\xf2\x09F\
S\x94Y\xd2\xc3|U\x5c-\x01\xfdbV\x1b\x82U\
\x94Yeq\x0d.\x0b\xab\x88\xf3\xde^n\xbb-\xf0\
U\xe1\xa9\x94\x11\xb5\xa0:\xb7\xc5\x03\xc3[,-\xa9\
\x00\xc3Ng\xc0\x14!ugQ\xa81\xa35\x16\x8c\
\x5c\x02S0\xc15?\xff\x80\x93\xff\xfe\xea\x81[K\
\x85\x17\xc7\xc9%\x92\xc6\xb2\xab\x88\xff\xc0\x14\xc0\xac\xc5\
\x0e\xae\x8e\x9d\xf74\x16\x91\xdf\xe6r\x01\x81$\xaae\
Y\x1c\x09\x8e\xf5\x04\xc2L\x14\x8bZ\xf8kg@\xce\
a\x9c\x85\x0d\xd7\x0d\xef\xec\xb6\x82\xd7\x03h\x9f\xd6\x85\
\xaa\xf5)D\xd5\x93o\xae\xecu5D\x93\xecD,\
A@DS\x94(>\xb4\xdbZ\xae\xdd\xf3\xfd=_\
n\xb1\x8c\xb3\xa6\x8bH\xb6J[\x05\x9a\xab+\xedk\
Bj\xd2Y\xace\x03O\xb1\xb1\xfb\x9ea~\x0a\x12\
\x8b\xcae\x8b\x9aJ\x0b\xcb0\xb4\x1a3qY#\xcc\
\x1f\xdf\x0b\xd4\xe8Kd\x8f\xafk\xec\xd9\xc9\x12\x92\xd8\
\xa1>\x0a5\x1f;\x1c\x13\xb5\xa4\xb9\x1c\x07\xb2\xbc|\
\xc2/\xf0y\xeb\xb5\xab\x9d\xfc\x83\x0fX\xd5\xb1\xb12\
\xad\x9bO#T\xdd\xe1\x96-\xce\x03g\xe7W\x9cI\
\xc4\xde\xb9\xb3q\xab\xa5\xdbOs\xe0\x9d\x1d\x05\xb4\xaf\
\xe9Q\xfd\xe7\xc1;\x9d\xab\xaf\xdd\xd3\xf2h\xa9\x08\xe7\
,\xf2\xd8\x11\xfdH\x80\x10'P\xa4;M\xc2\xb5\xdd\
\xb3q\xdd\xb0\x89U\x90\xb3\xbb\xd3'\xf8\x86\xe3Y\x99\
\xf8A\xbd\xb7@\x00(e\xdf\xd3\xb81i\x99\xb1\x9d\
\xa2\xaf\x19Z\xe33\xfe!\xc4\xd3\xa1h\x80%8\x97\
\xfd\x0cE\x80\xd3\xba\x84\xc9\xa6\xd7\x0b\xa5V\xf2\xe8\xc0\
\xf7V_\xbb\xfa\xb6\x01\xcb\x8c~`\xf6\xa9/\xf7\xcc\
e\x99Y0\xc9\xc9\x97}`\xefL\xaek\xe4\xa7\xa0\
hY}\xcaP\xa2\xf8j(}\xa6\xfb\x85\x149\x8d\
P\x5c\xe9\xd2@_\xa2\xf3\xe8=\xc3\xc0\xecx\x16\xd7\
\x83\x06\xe4\x05\xaex\x99\xaa\xd5\x99\x8dj)\xb3\x07\x1e\
\xfd\xfe\x1e\xe7\xea\xcf\xdfY\xccU\x03\x94/\x19\xadf\
\xa3\xdd\xe1\xe3Z\xefA\xef\x08\xcc\xd0\x943KH\xd6\
\x1e\xde\xea\xdciU\x05F>\x8bMk\xeb\x16\xa4\xc9\
\xc9'^\xa4\x0dk\xf7\xd6F+\xa0\xa43\x09\xbf\xfa\
\x14z\xec\x01\x17\x81\xba\xe6\x17\xef\xdf<p\x9bU4\
\xb0Sf\xbd\x0d\xd6\xea}\xab\xb1\xef\xfeQ}\x09Z\
\xb4\xf2\xad\xc8N\xee\xd8\xd9\xfc\xfb\x0d\xb8\xb2\x0dx\xc3\
\xe0\x8e\x9e\x19\xfd\xa6\xd6B\xf6=\x15/\x92\xa8\x83<\
\xae\x93p|\xb5<^\x00\xd7\x12\xfb\xd6\x96\xbb\xb6\xde\
\xb7\xf5Q\xbd\xf1\xe3ep\x0b\xe2\x09]T\xc87\xba\
Jg\xa3\x9f\xd2)\x89\xcb\xe2\xa6\x9e]\x83\xbf7)\
\x94I\xb1\xb1\xb9{\x07^\xad[\xcd\xfc\x1c\xb9E\xc7\
\x0d+\x17\xd5:\xb1\xdd\xcbS\x81q\x97\xaa?\x93v\
\xcbm_\xd8\xec|\xf1E7T\x1a\x9d\xdd\xbf7~\
*2~\xd6+%\xe8\x97\xe0w>\xf7\x85m-_\
\xb6\x8aV\x95\xec$\xb3\x1b=\x9f\xf5\xe5\xf551K\
\xa9rc\xc8\xee\xde\xb4q\x10\x0c<J\x9b(\x22\xe5\
*\xfam6\x03\x8a\xec\x13\xfe\xedQrF\xa7S$\
>a<\x1d\xbf\xcb\xa6\xdf\xce\xe6M\x1dJ\x02r\x82\
\xdb\xa0,]\x9f&\xc3\xd6\x0b\xd48\x84np1`\
q\xd2G\x07\xee\xdbr\xd7\x96[\xb5!Y\x83)\x04\
\x9aYx\xdcH\x18\xd2\x5c\xea,2\x99\xe8\xf7\xbbq\
u\xdf\xd1\xb1\xa1\xf9\xf7fief\xe9\xae\xc1\x8eM\
\xf8{I^\x84\xf3\x89\xa2\xe59\xd8k\xe5l\xbd\xb8\
\xcft\xea\xb6\x07\xbe|\xff6\xe7s`\xec\xea\x5c\xcf\
\xb3\xa4o\x99Dggx\xd8Y\xff23\xaa\xdd\xcb\
D\xf5J\x5c/\x058\xb3\x1a\x18\xbdwY\xe8\xe5r\
Vx\xe8o\xef\x7f\xe0\xee\xdfa\xeb\xba\xce\xccJ\x5c\
h\xeb\x03L\xf7\xc0}?\x99\xd5\xc54\xff\xb0&\xdd\
\xd6\xf2\xb9\xed\xce\xd7\xbe\xb8\xfd\xf7\xb6\xa6\xb25\xef\xbc\
\xfbS\xf7;\x0f\xfd\xde\x86\xab\xc8\xb6\xba\xe3S_\xb8\
s\xfb\x8b\xec\xc2\x0a\xdewy{(e\x9aV+\xed\
\xa2E\xe2\x7f\xd8\x80E\xa2\x86\x0bM'E\xd1\x8b\x96\
\x8e\x01S\x8f\xe3!3\x97\xf6\x0d\x91\xa0\xe5\xe1\x1fR\
]h\x07\xe89(-\x8f\x07\xefv>\xf1\xf9\xbbo\
\xfd\xbd\xb5P\x91\xb5\xf0\xc0\xf6\xbf\xfd\x82s\xc7\xcbi\
\xc7\xdd\xeb^(V\xad]}\xaf\xf3\xf5=\xf7\xee]\
k\xc5\xdc\xa4\xbbX\x14\xc2\xd1\xdd\x97\x88B$\xba\xe7\
+\xe2Ng\xf8+\x19\xc7\xf2b\xee\xabD\xc1\x8e\xc6\
\xdc\x0f\xbb\xf5\xa20\x9b\xde\xfa\xaa|k\x8fw\xab(\
D\xa3owo\xc7\x0fLz\x85\xf7\x8a\xc2\x9c\xa9.\
0\x00\xef+\x09(\xc7{\xc7=\xf7L\xae\xcf\x99.\
a\xde\x9e\x1cu\xb3zU\x91:\x9d6\x8b'\xb4Y\
<a.\x034\x17\xab\xf6\xd2tLg\x8b\x83\xb8\x0a\
~S\xee\xbeT\xcc\x17\x96\x87{\xd79\xee;\xac\x17\
%\x92{\xa0E\x14\xe6F\x97\x86\x0a\xf3T\x11\x8b6\
/\x17\x85\xf9\xaa\x81ze\x03\xbd\xf3\x9e{\xcf\xae\x81\
X\xb4t\xf5j+\x18\xd0\xa6\xb5<\xc3\x8d\xb1\xc7\x9a\
,\xa2=}c\xacu\xdcw\xbe8\x8d\xf1\x83\x06Q\
8/:x\xb3\x18\xeb\x89\xde\x18*\x9c/\x9bd\xec\
7\x80-\xbaR\x14.\x88f\xbe)\x0a\x17FG\xde\
%\x0a\x17E\xbd?\xe2\xa1\xb8\xd9\xbdW\x14Dt\xbd\
\xf7\x0aQX@\x9f\xf1\x16\xb8\xef\xc2w\xcb~\x15\x07\
\xe1$\xdf\x5c\x89#t\x9f\x90\x8fu\xcf\xda\xc9\xc8\xce\
\xe1\x81\xfc\x8f\xc8\x0f^\xd6\xd7\xbaz\x8f5%$k\
\x95\xea\x9ftI\xffU\x04\xc8\xba\xf7^9P\xacs\
\x9a\x87y\xc0\xbd\xa6\xfc(}J6\xd2;&g\x84\
\xaf\xac\x91\x98\x1d~\xf5\xde\xa2\x0d2_\xafWl\xb3\
vk\xe67l\xb8U\xd5#\xd9\xee\xbdG.AV\
\xa5<\x7fSjD\xfc\xc0\xbd\xaa\xfc\xc8\xbd\xcc\xdd1\
\x03~\xcf\x15\xe76\x9d\xd6]15k\xe5\xeaU\x95\
'\xa1 \xee\xe0\x1c&t,\xaa.\xa1\xe3\xc0\x82\xca\
\xcc\xc030\xb8\xfcR\x02/\xdbG\xf2\xac;Da\
a\xd4\x8d/\x90\xa5w}\x83\xd8\x19u\xd7V\xff\x98\
\xab\xce\xedS\xee\xad6\x07j\xb1\xe2\xfdyMt\xb9\
\x17\x13\x85E\xd1\xe5\xee2\xb1?\xeaZK\xc4t2\
U-d3!\xbf5\x96.!\xef\xda\xe0cmF\
\x9e\xaa\x85L\x82\x13\xda8@\x85-\xc0\x88M\xa1\xb0\
etNI\xe9\xab\x8fK\x04t*\xea'\xc0\x00\xad\
Z*\x1a\x9d\xa6\xce\xe6\xf6\xe6\xf6\xd6VY4w6\
9\x8dNcWSosos\xbf\xbc\x91\xb8\x226\
=\x05Z\x8c\xa7\x80\xcd}<>:\xec\xd8\xc3\xce\x10\
x\x00\x06\x01>\x83e\xbf\xfc\x8d|\xa2w\xb0w\xb0\
k\xc8\x19v\x86;\x87\xda\x07\xdb\x07[\xfb\xe5\x95z\
\x9b\xba\x1aU\xa3\xadu\xbf,\x9e\x8cz\xf1\x11\xd9X\
\x07\xde&\xba\x9d\xc0\xe1\xb9\xcc\x01\xb7\x96\x0e\xf5N7\
\xe4\xf5\x98\xa3M\xc9\xb1\xd2\x18\xfbH\xe2\xee;P\x94\
1\xfa\xf9\x98\xa92\x0b\x93\x01\xbfC\xc9\x09\xc3\x9c\x02\
\xba\x1d\xfb\xae\x90\xfb*\xb9b\x8e\x1d\x8b\xbe_\x8e\xf2\
W\x80\x86\xc7\x0c\x96\xcc;\x22/\x9dZL\xa4b\x9e\
\xe3+?-p;\x0f2\x82\xc1\x8cKdS\xf6\xce\
\x8d\x93\xef\x983d]\xd6&\xc6\xc6\x9d\x93\x0b7)\
i\xec\xdb\xaf\x14U\x1d\x1e\xbe\x14Fv\xbeJ\xe2\xca\
\x93\xe8\xe5|\xa6*\x02^\xdb\xbdfAUw\xfcP\
x\xe6\x11\xf1i\x88\x1a\xee\xa8\xee\x09\xb6\xfd\x87(\x92\
\x85\x84\xcfi\xbe@\xfe*\x1f\xdd\xaf}\x17\x9a\xe9D\
\x05\xdd\xe9\xd3\x83\xa2$\x8a\x89\xc9T,\xc7\xc1KI\
\xb1\x93\x12\xdf\xf4\x19-\x1c0a4\xb95\x0fJ\x0d\
%\xf2d\xba2]D\x137\x8b\x10\xc2Y\xfb\xdf\xff\
\xc52^=\xdfI\xd7Q\xc7\xa6Z}X\xd5\xb4\x84\
\xaf\xf3\x1a\xe4C\xbfR\xab*\xbc\x82.\xf7\x80\xc2B\
\x8eby\xcf\xf6\x9d\x135\x17%\x12X\xa2Lm\xcd\
B\xe0\x04P\x97\x7fen\xd4W\xc3P\x8c\xba\xcc\xc4\
\xc9D\xe2\x01,\xef\xbe\x07$\x14wr\xf9\x1bX\xa9\
\xd5g~EZ\x12\xb6\xa9NL\xfc\x9a\x1c\x10w\x02\
+1\x96\xeb\xee\xde\xa8\xa44\x12X\x82\x98\xb0\x12M\
!\x91\x1b\xf8\xb2\xa9\xa1\x07P]F\x11\x19\xdf\x89\xe5\
\xf6u\xf2\xfes\xa3\x1b\xb9\x5c\x08\x82\xbf\xf1Q\xf3\xf8\
\xf6er\x04\xe0\x16\x83\x9a\x12\x17\xe6\x88\x0dP}\xc5\
W\xc3\x8e\xb80\x9f\xe8\x1f\xe9\x1f\x19\x9e\xa89\xaf\xa9\
f\xc7\xb6\x1d\xdb\xe4\xd7\xe2\xac\xf5{\x91V\x9f\xf1\xd7\
Tb\xe0E\x9a\xa7\xd1\xd4. Y\xde\x1d\x9b\xed\x1d\
\x9b\x87A\xa1\xb2\xbf\xa1\xbf\x81\xfa\xfe\xb98\xaf\xe5\xcf\
\xea\x01\xf8\xacJ\xbf\x99xNCi\x9fW\xc5O\xf4\
\xad\xfe\x98\x142W:+\x1d\xfc\x0bT\x8c\xe1\x13\xea\
\xbb\xe0\xd7_[\x1d\x8f\xccg#N\xaa$\xfb\xb2\xbc\
\xf5=\xcd\x91\xa2d\x95\xae\xd0\xfc\xb8\xf2v1\xd5\x01\
l\xca\x15{&g\x9c\x8d\xbb\xcc\x19'\xef\xf3;\x16\
Q~h\x09\xbb\x92U{\x0a\x22\xf2/\x05\xc4\xe0\xe2\
\xa3\x8e\x8f\x9f\x04\xd6\xb8\xd1\x14\x9c\xb8\x8bW\xe4\xd2\x1d\
V\xaeO\xa5\xab\xef\x14\xbf\xfcPY\xb9\xfa\xc9\xee \
p\xe6\xb8c\xfa;\xd9\xf6\xe32\xab(\x00\xa0\xcf\xc0\
\x17\xcf\x94D\x92S\xf6\xb5W\xaas\xe1\xb8\x0e\xbc\xca\
w:\xd3\x9di^Eu&s\x15\xab(-y]\
T\xaa\xd5\xb3\xebEY9\xbd\x8dW\xa9\xce~A[\
M\x87(\xcbbS7\xebK\xa2tnb(9\x94\
\xa4\xe5nB+\xf7\xc0\x0ar)\xe5G<L\xe8m\
#b\xfa0\x81\xb3/e\x15L\xb2\xaaY&\x5c\x1d\
\xad\x87\xba\xed\xa1nJ\x1c\x8d\x80\xea\xf2\x1c\x92\xcfy\
\x88\x04\xb4\xfeGSM\xdb\xc3m\xf2ZG\xd4g\x16\
\xe5F\xd7\xc2\xa2\xb3\x96\x96\x9e_3\xc9\xfc\xc4\xcf\x81\
\x82\x09\xcb_\xc0\xa6\xa5\xee\xfd\x97\xa0D\x85\xe5o\xd5\
\xd4\x04\xf1\xdbCrI\xb6\xf1\x1fi\x85\xab\xa7\xfa%\
\x18N?\x87\xc4~w\xa1\xec~\x01\xc3\xe8\xa2\xf8h\
\xc7H\xf3H\xf3D\xcd|\xd2\x00V\x14\xfb\x09j3\
S\x83vz\x8e\x22[\xeb\xb0\x94\xc3\xe1Y\xa2\x05]\
\x9f\x82$\x10\x90&\xcb\xb5#5\xafa\xdb\xa6\xe11\
\xa6\xbapb\xe2?\x80\x8e\xff\xe9D}\xef\xc4\xc43\
0\xdc\xb0\x94\xaf\xb4\xc3\xbb\x8d\xf0\xd1\x14\xf1\x08\xd6@\
f\xea,TV\x83xq\x9db\xfa\xd2|\x95\xbbe\
\xfd\x22\x1a!\xf7p\x09\xed}a\x9c\x1e\x01\xe5\x8et\
\x15\x9f\xb5f^ntdpd\x10\xda\xa0\x07\xdbC\
\xae\xb8oyF\x14^\x19m\xdd-\x0a\xaf\x8a\xben\
\xbd(\xfc\x8fh\xff.Qxu\xd4\xbd\xb2Il\xdb\
\x85\xc4\x0f\xdd>j`\x94$\x1d\x02\x12S\x18\xad\xe1\
\xb8\xa6\x88\xd5\x81\xc7\x10n/\x14\xeaP\xe3\xc8\xe12\
\xa4Ch\x14*0\x90\x08\xb4\xfd\xef\x0d\xb3\xd2\xad\xec\
\xef\xfe6\xf8\xd56\xa2r<\xa9\x89X\x8eA\x13b\
)7\x91d\xab\xfc/\xc9g\xb7\xa3\xb2\xd7\x1b#<\
\x11,\x16\x19PC\xb1\xd5~\xf2~QzBQ\xb0\
25\x11\xb0\xec\x044K\x0a\xc3.\xef\x7f\xd7\xad\x8f\
Y\xc9n\xda\x14ku^\xd4\x19#R\xa5\x19\x0cN\
k@\xc8)\xbd)\x9e\xd2_\xf3\x9ajH\xef|\xdf\
r\xcb\xff\xf3pv\x84\xa5!\xc4\xbe*_\x0d2l\
k\xd59\x1bB\xa9\x07\x0e\x06\xf4\x0fk\x19\xe3\xa1n\
\xbc\x9bKy\xfb]\xc4k\x10sw\x84\xde\x82\xb4\x09\
\xae\x15\xa0\x80\xc7\xfe+G\xf6\xcbT\xc0\xc4\x11\xec\xae\
\x8d0\x7f1\xb2\x07ka\xc5b\xd6f\xb0\xaf\x89\xfa\
L\xb9\x1d\xc2\xae\xe5}Y\xbc5Z\x94\xf2\x19sw\
\xb9\xb5\xe2\x8d\x1fe\xf6\xa2q \xab\xe7\x16%\xba\xe7\
\x0en6\x0eK\xbf\xf1\x1b\xb7o\xb2\xd0\xecM\xf3\xfa\
\xed?\x19\x9dQ\xa9S\xb0\x0e\xba\xaf{\xaf\x15$[\
\xaf\xf7\x1dk\xe5\xdb\xff\xc7\xa2\xdcWh\xd9\xa2M\x06\
\x11\xac\x0a2\xe3\xfd\xb1\xbbBx\xf2b\xe4!\x84\xdf\
(\xfeU\xc0KM\xc0e\xdf\xebg\xc7p\x88K\x88\
~\xad\x06\x0e\x0e\xb5\xa8\x12\xe8\xff5\x98\xdd\xea\xb6<\
\xf9Asd\x0e\xc8\xca\xc3C\xcd\xf5b\xe2\x8d\xcbf\
\xd8f\x8fc\x9b\x9d\xfb\xbb\x8f\xfdpP\xfc\xf4\xef~\
\xfaIK;\x05 \xe8\xa5\xf2\xf2\xd5g\xbb\xd8\xa7\x1f\
\xd7\x84\xf8lf\xdf\xfd\x8b\xa7\xbe\xc7c\xbaNg\xbb\
)5\xcf\xeet7\x19\xef\xb8\x12\xaa>\xf9\x93\xad+\
~b\xa5\xba;\xb3\xca\xa7\xd0\x99J%\xed\x15\xef\xfa\
\xd3-\xdc*\x13:\xc1IE*\x92\xe9$G\xb6\xfd\
\x13\xde~\xea\x83w_\xc6\x01=\x8f\xefJ\xcd\xde.\
\x06\xe1\x8c\x1b\xde~5k\xf1\x09\x0f\xb9\x9f\x14\xf0S\
\xa7}\xf8\xb7\x5c\xb9hk\x19$\x8e6\x04\xcd\x8fO\
\x83\x05\xe2\xf3V\x00\xc5\xd5\xe5\x9cE#guL&\
\x97\x9b\x89V2\xcc\xfaZ8\xe1\x96\xef\x82\x01\xef\x16\
\xe1d\x1c\xf7\xdaG\xdfW\x0c\x19I\x99\xc3\xa2\xfd\xaf\
\xcd7\xfd\xb5/\xa8\x996\x86S\xd2\xdez\xf55\x8f\
\x06\xb8\xfd\xcfh\xb8\xe1\x19jn;\xf6\xc4\xbdb\xfb\
/\xde\xff=\xcb\xef\x05\x9a\xa0\x0d(\xd3\x9d\xe9\xa6d\
\xb3Y\xfax\xa3n\xf7\xd7[\xbf\xfa\x13+\xdb\xdd\x95\
\xedv\xba\x9d\xaeT6i\x7f\xf5]\xcfl\xb1\xba}\
\xc1Y\x98\x0d\xc9L\x92\xc3\xac\xda)\x05;\xc0\x07\xb7\
_\xc6\x10w\x0f]\xa2\xb8;u\xc2\xf7:i\xe3?\
M\xa3\x05}W\xf6;\xff\xee\x9d\x9f\xb4\x98L\xf04\
uS'\x03qg\xf1u\xa8\x07Y\xdf\xe0\x99o\x22\
\xae)\xeb\xeb\xa3\x94\xfd\xa3[\xb7\xe4q\xc8t\x13\x80\
\xc5\xe8\xe9>\xf9\xbf\xde3h\x05,\xd0\x5c.k\xfc\
r\xf6\xad?\xbc\xf5}\x96\xf1\xae\xc1\xfb)3\x84\xed\
\xf74?\xf9\xd7\x96q\xade\xcc[I{\xcb\xd5V\
\xcc}\xbd{\xad\xd8r\x0bw\x1b$Nz\x94\xc8\xa8\
2#\xdb\xe0\xcfV<\x86\xdd\xd2\x18\x98\x1d\xca\x08w\
|\xf2\xd5\xda5\xe2\x8f\xe3?\xd6h\xf5\xc3\xb7\xfb\xe0\
J\xc8w\x12\x02'\xaab\xe6\xb6\xb7\xdeb\x19+;\
k8\xd8p\x85r\xb2\xc6.\xc6\x07\xde\xfa\x18>N\
?\x5c\xa5Oe\xb6\xf6A\x153\x91\xed\xc7\x86\x03\xf8\
 J\xb2\xa5\x05\xcf1\xf4nY\xd3\xa8\xf6-\xc3V\
+|\xbb\x0dEo\x81\x1f\xc3\xd3\x8e\xe4q\xca\xc9\xb4\
\xb7<f\x19\xb7H\xca\xd0\x1cQ#\xa4\xfcG\x0d5\
\xb4\xfe\xfc\xb7\xa2m\x9d\x95\xf2\xb3\x8b{\x1a~TT\
\xc0\x1b\xccL\x9e\xb2\xd7\xb5\xf9\xf6Bum\x1d\x8b\xc5\
~\xbd\xa7\x0diOS\xc0\xf6\xef\x9f0\xa7\xb5\xcb\xd6\
\xb8W=\x184\x8a\x1e\xbfo\x1d6\xb7\x0em\xc3Y\
\x03\xb6J\x80'\xf4\xdd\xa3\x96\x11K\x8f\xc1\x90\x86z\
\x14\x15!\xce\xd7\x07y\x0f\xfb\x9e>\xdf>\xa2\xfaM\
\xc7\x7f\xb1\x89\xd7\xf5!!Y\x96\x14\xce|\xe6Q\xf0\
\xa6\xc7\xe9\xe2h\x13\xdbm\xf7X>\xe6\xf5\x8cR\xbb\
\xe0\xedN\x1d\x82m\xf7\x15\xbbE\xc7f\x1e\xbec8\
\x89\xd9ESP\x9f\xd8\xdca\x995\x86\x0by\xf4L\
;i\x1ax\x88.\xe4Ul[\x07*)\xa7\xd0\xc6\
\xd5\x9b-\xa6\xd3\xf6l\xb6\xfc\xc7L>\xa0\xbd\x06\x9f\
:C\x03\xb5\x86\x91`=\xdbT\xb3D\xb4\xc9\x17\x22\
C;ko\xef\xe1\xc3\x9f\xf9\x86\xdc\xcb\xe42\x9b\xa1\
\xcb2\x14\x01\x1b\xf0n\xf9y\xf5@Y\x1a\x99!\xb8\
C\x95q\xdb\xb1\xcd27\xc2\xcft\x06\x82\x12\xc5\xcf\
-\xff|m\xcc} 4\xa3\xb4}wM\xb8*a\
\x0c\xaf\xb1:\xa7\xa8\xb7%B3fBk\x9a\xd6N\
\xa6$R\xa4\x07\xf4\x94\xbbR\x14^\x13uC\xde\xe5\
\xe2\x9d\x11\x9c3\xd2\x06Jg\xd3\xbc\x8e\xc4G\xcd\x99\
\xdb~\xee\xb9\xc0\x09\xbc\x86`\xa6\xf2\xe3\x08YW\xae\
\x90wV\xa7V\x1a{\xc8\xfd\x96\xf8]j:wM\
dF\xc3b\xefj\xd5\xd2\xcd\x9f\x15:*=}\xc0\
\xd0>\xfa\x9f\xe1\x19\xfd\xc8\x7f\x1e\xadX\x0f\xd2\xf6V\
\xf89\x18\xd2\x8a\xa2!\x1d\xd0\x7f[$\xcd\x98_\xfe\
\xeaJ\xc7\xaa8z\x14\xdb'\xcf5\x85\xd7\xaa\xf1t\
\x99xG$\xb8\x06g\x8d@\x11\xc1\xbf&\x1dW\x89\
z\xe3\xd0\xc9\x06\xd73\xfb\x1dU\x8e/\xba\xb5\x96;\
D\x95\xb0\x80\x19w\xc6\xcf\xb83&\x81\x07\xf8;`\
Z1\xbe\x85\xde\xad\xe2W\xbfzW\xa03*\x1f\xe8\
\xc4\xbf\x18k\x10\x85\x8b\xe5y3&\x0fr\xb2\xe2\xc5\
FJ\x89\x05\xaf\xd9\x8f\x9f\xd1\x1cMK\xddk\x84\xdb\
\x11\x8d\x1dt\xb7\x88\x19i\x82x\xa1\x88\xd3j$e\
\xa6\xd75\x09\xf9T)&k_-]\xd5o+\xd1\
\xd0~C\xafR\x9e|\xc5\xa7i\x12{J\x9d__\
f7\xe5\x85f(\xb42(\xe4-M\x89\xfaR\x8f\
8\x15\xf7\x8a\xfc\xc9\xa9\xc8Wl-\xc6Z\x1e\xaef\
\xc7\x5cK\xae\xd5\xf90\xc7\xf0q\x8d\x0c`\x08\x98A\
\x8e(E\x9cf{O8\xc5z\xe6\x9ap\xea\x94\xf6\
\x10\x1a\x16\x12\xa5\x86\xde\x8c\xe6\xe0\xea=\x91\x97\xe4;\
\x0d\x11\xa7\xb9\x84W\xa8\xa8p\xe9\x8a\xcd\x8e\xbd$\x8c\
\x9e5\xc6I\x94\x22(\xa8E\x14a\xcc\xa0=\x12i\
&S\xcdU\x14q>\xc6\x133\xd4N\xe3hQ'\
J\xf9\xb7\xbdgO\xf8\x5c~G\xae/\xbd\xb2?\x1c\
\xf6s\x03{JDk\xacr1@\xee/\xc0k\xfc\
\xe0\xfd\xa2pItI\xa8\xf0\xba\xe8\x1d\xaf\x17c_\
\x03\x5c\xc1\x0a1\xf6\xf7\xf25\xa3\xf8\x94O\x94\x97\x84\
\xa1\xd9\x90C\x1e*\xcdF\xa5I\xa7&_H\xf3\xf5\
\xfd\xe0\xf8\xeb'\xf7_X3\x8f\x95S\xb8\xa1YM\
\xd4g\xb6\xe6>\x0b\x8e\x84\x22^'\x96\xa7\x91\x93\xf1\
\xa1\xe5\xea)_\xef\xbeO)\xf2\xe85\xa2\x9b\xd8\xb6\
\xcc\xd45\x8c>\xb2\x81\xdb\x07i\xe8\xad\x8a\xbc$\xdf\
\x81\xe1\xaa\xa7V\xb9\x89\xc7S\x12z\xce\xccS\xec\xce\
\xd2\x8e6$j0\x5c\x07\xe9\xc4b+*I\x1f\xd5\
\x0e\xf7J7Q\x88\xf1\xa2g\xaf\xda\x13>W\xdf\xa1\
N\xed\xb5W\x85\xa7\x83-\x19\x8a\xa5\xc0\x1c\xc5y]\
nJ\xf3\x84\x97\x8b\xd3\xde]\xb0\x9cUnyj\xc5\
foe\x91 h.\xc7F\x88\xfe\x8d\xd3\xec\x0c\xc6\
\xad\x19\x9c\xc1K\xaa\xd3\xa7sW\xb2\xef\x99\xbc\xd2:\
;nj\x81:\xb5\xe5\x7fK\xec\x0fW\xaa\x033\xe5\
\xfe\xd1\xb2^^\xe7\x15\xfa\x18\xba\x00\x22\xdc\xaaw/\
\xa4\x80\x91\xdd\xd7\xd7\xd6g\xf9\xe3\x0a*\xc1(\x90r\
\xc4\xe9W\xa3\xbe\xec\xab\x0c\xa7l\xc1}\xa9\x9d\xec\x8b\
\x9f\xb7\xfc0'\xf4]\x16\xa5|R\xa6&5\xa0~\
k<\xae\xf9\x87\xd5\x9e\xd6\xd6\xd7\xa6<\x00\xe7\xa9\x8f\
=\x07\xab\x9a\xb2\xed\x0ej\xf1\xf0_\xeb\xed\xea\xd7\xda\
{\xf5\x0c\xc0\x0f\xd4O\xfcFC\xdcdm\x13\x85\xf2\
\x7f\x9b\x1b\xdd\xcc\xe5o\x12\x89\xb6\xcf\xcbF;(\xdb\
g\x1d\xcd\xe0\xe7tL\xd0\xd4\x0e\xab\xc7\x88)ug\
\x85_\xb0\xf1\x1fT\xd0\xab\xb9(\xc7\xfe\xc6\x05\xda\x02\
]\x00\xb7\xa5\xecSA\x81\xc3\xdd\x5c\xceS=\xac\x9e\
\xa7\xe6|\x96\x7f\xf6\xd5.\x04\x96\xb8D\xfd\xbd\xe8\x05\
\xda\xdd\xe2\x17\xba\xcf\x04\xcf\x04~\xe5\x0d\xed\x03\x9dY\
\xae\xde\x9e\xd7\x89\x97,c)qc\xa4R\xb3\xb9*\
3\xff\xa9pUp6\x85M\xfekqmu\xd4l\
\xef\xafJ\x00\xae\xd2\x1c\x01\xfb\xdbO\x84_2\xf9\x8a\
\xd5OW\x87\x8bkBQtj\xbd\x17\xe2L\x98y\
H\xcf=S;\xaa.|4Q\xdf\xcc\xfa\xe9\x87`\
\xcbT\xaf>\xaf\xa9\x1b\x9e\xd3\x8b\xc3s\xf4s\x0dd\
?<\xaf\x0d\xa2\xe7\x154t\xe2P\x1e\xb5\xe47c\
\xb9C\xfe\x8a\x9a\x5crj\xb6\xd9\xf8\xcf\x08=\xd1\x85\
\xfa\x00kj\x17`P7\xb7\x13\xa0XX\xcaI\x1e\
\x1f\xddJ\xe1\xfe\xf3\x98c\x11k@\xf3,gj\xd7\
H\xd7Hz\xa4C\xfe\x8fH\x1d\xcf\x83\xa7\x82/\xc3\
\x1a\xda\xd7fq.'\xaf\x8bE\xab%-\xa4\xd3\xa6\
\xb0~\xeeA\x8bR%3%\x1c\xba\xfa\xe0?\x09\xb6\
R.\x9cr\xe5\xc45L\x85\xcfq\xd1\x04\x8d\xf9_\
\xb3\x93y(R=\xe0\xb2\x02O\xc5\xaa\xca\xcf\xc9\x0f\
\xad\x16\x80\xaf\x92\xd7\xbe \x8fJ\x0e;!&\x8e%\
\xc4\xfd\x09\xe8\x10UP5*A1\xe7y\xf8\x89g\
\xe1Z\xcfj\xd5\x9d\xe7UK\x022\xeb\x05\x18\x7f\xba\
v\x14F\xa2\xfcz\xf3\xc6f\xf51%9\xf3\xac\xba\
]\xfc\x07^\xea\xd98\xb8Q\x0e\xb0\xa3j8\xc9_\
n\x86&\xc4\xb2C\xdd!\xa1\xcd\xb0\xec\x81\xb16\xb8\
sp'\xad\xee\xf3`8E\x01\xd7\x17\x05\x10Z\x9e\
U\xd6.\xc2\x83\xd8\x9a\xa7\x04\x0c-e\x1c)\xae\x18\
\xf5\xb1^.m j\x05\x8ek\xfd2\x0c\xa5!\x82\
\xb9\xcc\xc1\xe4X\xae\x9d\xce\xe5\x86\x88\x98:\xaa)\xaa\
\xa1\xe6\xe6r\xfd\xd4~\x167\x02\xd6\x8e\x13D\xa7\x11\
\x9d\xc1\xdd\xb8\xfd\xe0E\xe7\xb1c\x19_\xe3Z+\xed\
\x85\xc7UP\x82\xcac\xd2\xfa\xdd\xeclF\x10C\x12\
^m\xc5\xb2\x95\xa6<8\xa8\x8f\xea\xa0\xd3Q\xbeu\
Y\xcbu#\xc8An\xaf\xda\xd1|T\xf5\x1a\x18c\
\xc7r\x08\xdc\xf3\xd7\xdc|\xa2Q\xfe\xca\x11\xf8\xad#\
:\xe4y\x84\xb8\xb37c9HH\xc3y\xfa\x94g\
j1B\x9cm\xef\xda.[}.\x00|\x9aj\x06\
\x87m:*\xca\xb1\xd4\xbc\x01qAj\xb4\xe8\x10\x13\
\xc5\xca\xfc\x16\x9f\xa9\xc1,\x97\x16_\xb7\xb2\xda\x15\xf4\
\x1c\xc2w\xb5z6\xd5\xe9\x89T\xc7\x17S\x013\x8e\
)\x1e\xa7)\xda\xbc\x8bl\xe1\x0b\xf4:\x87F\xb2j\
\x8eSdg'\xb9\x94\xd6Dj\x10Y\x04\xbel\x06\
\x93\x8e\x91\xcc\xd6\x9e\x0bS\x8b qh\x8e\x19i\x0d\
7\xad\x8e\xa0\x9c\x80h\xbd\xa2\x83u\xc8@N\xc3o\
\xa7\xda\xed\xce-[3\x16\x9eI\xc8\x0c\x83\x98\xf6l\
\xa5\xd9D%\xdc\xe9\x183h\xd2\x0fP\xadK^\x9c\
\xe0UMT\x22$\xed\x84v\x97\x9c\xd4\x07\xbc\x93h\
\xfc\xab\xab\xa9{>\xa9\x0f}\xa6v\x02\x02Iq\x1c\
\x90\x8e\xad\x19\xd5\x01\x0a\xe0\x02~\x04\xcbB<W\xe4\
#\xf2!\x0f3\x81|b\xaaq\xa6\xb1\x0f\x94\xec\x87\
'\x03\x02!\xadMkv\xb7#\x90\x11R\x01\x15\xed\
74\xfb\xb3\x9a\xb7\xfa\xb9D\xfd0\x1a\xa0\xea\x17\x1c\
\x87f\x01\xc7,\xec\xf4\x95\x19&M\xad\x81\x16\xae1\
U[\x9b\x87\xaa\x81a4\xab\xc7\xd8f\x0f\x8cXA\
z\x81\xf8\xe8$\x84W\xc4M\x96\xf2\xe5\xfa\x1a\xa2\xab\
\xf2T8\x80\x97\xa7\x07vy\x9c\xaa\xa2m3\x8c\xb1\
\xcd\xb4\xe5\x1f\x05G\xf11:\xfd\xd9\xa6J\x03`v\
>\xd1\xbe\xb5}+\x05\x8a\xe7\xe9s\xeb<=5\xe6\
\xf1(\xaf\x99\xa3\xfaj\x8e\xa6\x067\xb5\xb9\xf9D\xf7\
6l\xa9\xad\xe9\xce\xad\xb8-v\xa7\x03\x94\x5c@Z\
\xeb\xd0\x96\x8d\x04\xe2|,G\xe4\xb0\xa9E\x90\xe9\xb7\
\xbe\xe4\x0d\x0bw\x98zC\xb8\xec\xd8_\xf5\xd6\x0ax\
;\x09\xe3\x5c\xce\xbam\xceV\xf8\xe5ax\xcear\
z\x80\xfd0;\xce<\xb7s\xf4\xa9}\x0e\x1c\x8a\xe7\
j\x8e\xdcy:\x126\x8f\x0c\xa7\xad\xed\x00tk'\
\xf0\x9e\x0b(\xee\xf8hS\xbf\xdd\xa4VYB\x84o\
\xf6G\xd2\xea\x0c\xb4J\x0e\x12\xb5\xea\xc4\xf4\x824\x0f\
\xf0\x91\x1a\x0bhj'\xe1As\xa3\x8d}\x8d}d\
\xb3\x00\xc0\xe2\x08\xcc\x9d#\x8c;\x83\xb5\xae\xb1\xcdn\
l\xa3\xa9xR\x1f\xc6\x8f\xe9s\xf81}P>\x0a\
\xdez\xf9m;\xd3d\xe1j\x8e\xc3\xe6(yx\x1a\
\x9b\x1b\x9b\xf1\xa9\xd4\xb7:\xe0\xb3X\xd2X;B&\
\xd2\xdd\x5c\x82c\xe0X|t\x08\xd6\xf2!^\xd1\xe3\
|\xe8\x9a\x0f\xf8\x03Un\xa7\xd4\xf3\x98r7\xd0.\
#\x87kG+-%c&&\x0d\x07L/\x8e\x8d\
\xdf\xc1%\xd8\xb3^^{\x0b\xf4:}\x9a\x0f\xe4h\
\xf7\xc2\x81\xfc\xdf\x03\xee\x06\xdf\xf2^\xa7\xc7u\x1d\x1b\
\xc9\xf2\x94\x8f?\xd5\x83\xa5\x1c\xad\xa1\xbc\x0e\xfd\xea\xc4\
\x00\xf9\xa8\x1d\xfd\xb48\xa9\xe8{\xec\xeb\xee\x15\xc2\x00\
7\x18\xf4\xa0\x14\x81LFQ\x00\x08\xf4Ko\x8e\x85\
\xd0\xbe\x1e\x98\xc0\xbdN\xaf\xd3\x033\xbf\x1b\xf1\x18\xbf\
t\xe7\x04\xa0I\xb5f\xd8h\x08\x8e?)\xc9~\x9b\
\xfcB\x12\xbe\xdb\x81(N\xa7\xdd\xe9\x80k'\xd1\x7f\
\x12s\xdf\xea~I<\xed\xcd\xd3av\x95\x91J\x09\
\x1d\x8c\x1eJ\xd9W\xa8\x0f\xf8\x93\xa54\xd0\xc8\xc0\x09\
\x08Ia\x80\xcdj\x22_\xe1\xce\xd3\x01\xf1\x09\xc4\x0a\
\xc3\x22\x97\xc8R\x00\xffi\xf5\x01\x7fz\x97\x0eL\x19\
P\x05e+\x180\x0e`\xec\x87\xc5\xdb\xbd\x98\xc2\xb4\
\x9c\x82\xfb\x94\xc3S>\x5c{\x16j\xdd\x18t\xfa\x99\
\xfc@I\xec^~\xb9;%\xff\x97V\x00\x9c\xeeL\
w\xb6;[\x84b\xc1\xb6\xfb\x99\x1b\x93\xbd\x01p\x01\
\x84\x8b\xca\xeeHA-\x89\xce\xa0\xb7\xcb\x0f\x94 \x19\
\xe4\xd7\x93Y\xf9\xbf\x8cB#%\xd3\xc9T\x92m\x8f\
\xf1\x00\x8c'v@m\xf7j\x92:\xb80\xe0\x87\x8e\
k\x8f\xa8\xa9\x9dTG*\x97h\xf1\x9b\xb8\x94\x1fo\
t\xb68[\x082t\xbc\xa9\xa6\xa7\xb9\xa7\x99\xb0\xc2\
'\xe0\x5cu\x82\x1d\xd1CM;p^\xef sk\
\xae\xc2\xf9\xa2w\x1a\xd6\xf6\xf9\xeaw\x0e\xa3aU\xaf\
j92\x1a\x0f\xe7F\xf5\x19\xc8\xdf\xb1\xc1$]\xdc\
\xbaf\xe9\xedm>\xb8YTO\xce\xc7\x82_\xb3\xd9\
\x90Qw0\xbc\x03OZ\xf8\xcf\xd0\x10z!\x07\xc9\
-\x0e bi\xfd\xf6\x0c\xf6\x0c\x12\x0a}\x8e\x5c\x9f\
\xb6\xca%[=\xfb0\xb4\xc3\x10\x97\xaa\x8dPN\xe2\
\xb8\xde\xb5L\x0d\x16\xde:\xda\xe4\x94\x8dqV\xcd.\
\xbf\x98\xa7\x05\xd6\xa1f\x82\xae\x9fK\x9f\xad\xee\xa6\x94\
\x01x\xad\xd8\xf9e\xabw\xb8o\xb0\xbf\x9f\xb6\xbf(\
.\xf9\xbc\xfd\xcd\x83\xd90\x1fJXDO5\xd5\x0c\
5\x0dIC\xcc\x82EY\xa5(\xd0\xf2\x7f\x5c\x8f\xb9\
\x13\x14\x16h\xc1\xb2\x85R\x83\x8e\x11r\xd9^\xb7N\
\x0e\xe3\x9f\x11\xc8\xfdNu\xac\xcc\x19\x17\x1b\xd9:\x02\
\x92\x84^\xa1\x06\x87\xfad\xcd\xab\xd5\xf7\x14\xd6\xe5\x18\
!\xe4[\x08\xbf\x8fZ\x12X\xa2\xda\x07\xa4M\xa0Y\
\x1b\x03CR=\xb7\xb4\x03\x86\xe4\x7f\xf8\x14x\xa4\x9a\
\xaf-\x80yzs\x94O\xdeA\xfa\x08r0\xf7\xb7\
\xf65\xf76\xda\xf7{\x1f\x16U\x0d4'\xb2\x83\xde\
\x9e\xa3\xfa\x07w\xfb\xb0\xfe$\x0e\xbb\xf8\xe89\x1fv\
\xd2\x02il\x85\x99\xd7\xce\xd108o\xc9GL\xb6\
s\xe0L#\xad\x0az\x80\x05bH\xc9^>\xc8a\
\x80\x82\xac\xea\xdeF:\xce\xbd8c\xbd\xfc\x12\x13\xe7\
3\xe8l\xea\x19\xba\xb7\x02\xb5\xadZn\x0eS\x83\x9f\
\xdb\x05GN\x9bW\xfdR\xbc\xec\x0e}\xa6]\xe6$\
\xea\xdb\xfc\x8b\x04\xd7\xb6\x12i\xd7\x5c\x9d\x1bhjr\
\xf8\xd1\x02`\xe3?\xdd0\x13\x1c\x9e\xff\xb3\xc1\xf4W\
\xc7\xc7\xfed\x7f;\xf4}+5\xae\xa7\x03rn\xa2\
\xbe\x9f\xa6g\x14\xba\x02\xdad\x07\x1c\xd8\xb7B/\x0c\
n\x22\x8f\x12\xb8c.P\xfdp\x9c]k\xd8\x88\xcf\
i\xe3\xef\xf9\x5cn\x13\xf9]N*?\x8a\xba\xca\x16\
xa\x13\x5c\xfa\x18?\xb0\xfa\xddV2\xdfN\xc1\xa8\
v!\x0f\xcfUi\x11\xc9\xd6\x14\x9f\xefN\xc2\xa8<\
\x0a'\xbbc\xe0\xde\xd0\xfe\x08h\x80V\xca\xbb\xf1t\
\x06\x8e\xacm%.\xa7yl\xdf\x98*\xb4t\x9f\x99\
\xc9\xb0\x9e~Kh\xd3\x84\x01\xa0<\x09xeS\x0f\
\x22\x9f\x03\x07!\xe5(\x99G\xa4\x07\x83\xe7V\x03\xba\
\xa3\xc3\xda\x04#\xbaI\xcd\x9ez\x9c\xbe\xf0\xd1\xd1\x8e\
\xcdz\xe9=\x06\xa9$\xc7!\xc7\x06\xf7`\xb5x\xc1\
\x04\x1bl\x1blS\xc7\xa3Q\x82\xc5\xcd\xd5:\xbe\xa6\
6GsO\xcfa\xbc\xf4\xe6\xb5hi$\xd3\xf4=\
\x0d\xff\xf5\xd5\x90\x8e\xb8\xac\xf1\xab\xc3\x01!\x0eI\xfa\
\x13/\xa60~\xbb\x0d\x1a\xd8\xd4\xd2\x948\xa3,)\
{\xf3\xbd\xd60\xdc\xc00@\xd0\x86\xe1z\xc3t\xd5\
9q\xce\xbf\x89\x02\xb9\x80*\xfbq\xc5\xc4|\xae\xa8\
\xd6\xe5\x88jq\x8e9\x10\xa8\x9e\x0b7(\x97\xed\x8e\
m\xcd\xd0\xcd\xed0\xc4\x9b\xe0\xfdM\xb8\xa0w(\x90\
\xe1\x0bz=9\xca\x13\x0aF7\xad/\xe7\x91\x93J\
\xf9|s4\xbe.@\xf1\x0d\x8d\xdf\xd4\xc0X\xfbJ\
/\x22zz\xac\x1d\xb4W\xcd\xc5c_\x8e6\x14Y\
l\xa3\x1dd\xae\x9aK\xe4U\xd6\xe1\xa5C\xf8\x0e\xdd\
\x1e\xdd\x80\xad\xd7\xe8\xb9\xb8\xe8\xd6\x931\xd6\xa3\x90\x9b\
\xf3\xd9\x9b\x86>\x1f\x16\xe0j\x05[\xa89@\x05q\
\x1cF\xf2q\xbd1\x9c\xa0\xf4/:\xd6\x99\x9aK\xc7\
\xab\xa6dS\x92\xbe\x00,\xb4\xc7i\x5c\xaa\xf2$\xc4\
\xfd\xf3\x09\x03T\xb05\xa7\x1f9\xe4\xe80\xa0Ij\
d\xa3\xa5Si&\x9am\xaa!~\xdb<af\xd9\
\x1b\x81\x91\xf4\x93\xb4a5v\xa3n$\xdcZ\x7f\xa3\
\x9d\xbe:\x13\x817\x06)\xbcL\xaeQ\x08BG\xf5\
H\xb4\xf9(\x81\xfbs\x0d\x82\xd8\xf2\x89\xac\xc6:b\
fLF\xfe\xcf\x7f\x83\xe4\x8e9\xa3\x81\xf1\x90=\xe9\
\x07\x91\x9c\x04\x81\x978n\x84\x9d\xba\x84_i\xaai\
\xean\xea&\xe6\x8cp\x9ea\x00\xb3\xf5\xde6\xdb\xa4\
\x18\x02\x10\x11\xcd\x9a9z\xdaD\xc9W0\x08\x9d\xd8\
O.\x88(\x8fP5\x8c\xd5\xc2t@\xdc\x1fu\xd7\
\x86vF\xbdNY\xb8\xf1\x83b\x97\xac.\xd8\x15u\
\x97\x9f\x10#Qo\x89\xb7D\xec\x8e\xbaKV\x8a{\
\xe4\x1f\xee\x12qo4\xb6\xdf]!\xf6\xb2\xec!\xa7\
\xc0i\xbf\xae\xa9\xc9\xf3l\xbb\x01\x00S\xfb\x85@\x85\
j\x16\x1dSQ\xf0\xc6\xe93\x89t>\xd80\xa1\x7f\
\x9bjz\xa9\x83B\xfcKX\x8bP\xb4@A*\xc3\
\x83Zb\xb1\x02\x08R\xf3`\xe4\xa5bI\xb5\x9b\x9b\
\xc33\x02\x155\x84a\xb6:\x18\xdbR6\xaa\xb4\xaa\
\x87\xc0\xbe\x06\x1bU[\xdd\x96A\x05L\x06T\xf54\
\x13\xbeI\x85\x9a!Z\xd2\xa1\xddH\xfd\xbc\xba\xa3&\
\xf9\x1f\x85\xdd\xe0%u\xab\xf2\x9e\x9b\x1d\xbf\xb0\xd54\
@\xa8\xc1\xe6\xc8\xd9\x079+\x8cG\x0f\x0e\x86\x9d\xc1\
\x12q\xc0\xa2\xc2\xa6\xf11\xe8\xd8\x1bB\xba\x99\xc0\xb3\
\xa0U\x92\x8b\xa0\x1cg\x12\x01\xdc\xf1\x06\x0d$\x85\xf8\
\xc1\x19\xca\xcd\xa2\xf8\x87\xa9\xc1fZC\xf9\xe9Y\xbb\
g\x80s.P\xa9\x10\x8fW\xf5\x0c\xc6\x91st\xa0\
\xc7\xca\x1a\x90;PR\xf2Eu\xcc\xc6\xa7z\x900\
\xac?\x97\xba\xa3\xa2pi\xf4\x0f\xaf\x17\x85\xd7G\xdd\
[\x17\x14\xde\x10\xbd\xc5{\x95(\xfcA\xd4\xfb\xdc\xc3\
\xa2\xf0\xc6\xa8\xdb\xb9@\x96e?x\xc92Q\xf8\xc3\
\xe8\xff~\xbb(\xfcQ\xe9\xa7W\x89B<\xfa\x87\x83\
\xd3_\xb6\xe4\x83S\x5c\xb6\xd7],\x820\xd8)\xc6\
\xc5\x19\x90I\xd0\x8aU\x00U\xb4\x22\x8e_h{\x16\
\x9fx\x82\x0a\xdc\x90U\x9e\xf3qz\xba+=\xcb2\
I\x0c\xdc\x7f\x0a\x0d\x09\xeby\x9c=O\x9a;\xa0h\
\xde\x179\xf3\xc9_\x9er\xec\x81\x8f\x0b\x0dX.\x8a\
|k\x03\xabV\xcfa\xb5m\x15\x03\x81gH\xb2e\
E\xfcY\xf7(\x80\x01\xa9{g`\x9f5J\xe3\x13\
\xf9z\xc3Y$[\x80\xa5Q9\xfd\x82\x90\xfe\x99l\
&\x0b-@\xc0k\xfb\xe6&\xe1]~\x99\xf3\x0b+\
\xe6.t{}\xe8\xe9\x99\xad\x88\x9e\x15\x0e\xa4\x0a\xe2\
\xc0\xad7\x19L\xfe\xda\x04\x043kM7\xbb+-\
\x93&\xc2\x85\xbc\xc7\xe2\xbb\xf5a\xcc\xa9\xfd\x8bZ]\
\x9b\xac\xb2\xfd\x9d\x94\xfd\xf7\x03\x22H\x1d\x93\xaf/\xed\
]?\x1f\x82\xfcN\xb5\xf8qH8&\x7f\x22g\x1a\
\xd0\xe8\xf4\x8f\xd1\xbc\xdf\x7f\xe9\xc1\x93\x07\x89\x0d\xd08\
*\x1a\xa9\xf6\xf0\xcd\xe2\xe7\xde\xe5\x97;\x16\xa68\xbb\
_^%\x96.\xd9\x1f9\xb0\x84\xffY]\x84T\xe3\
\xed\xa3\xb8@\xa4Z|\x94\x90j7\xee\x0foX*\
\x96\xec?\x10~\xf3R\xb1\xb4\x08\xb6\xa6\x93I\xa7\xce\
\x95\xd8s \xb2dD\xec?\xb04\xb2\xe4\x00\xfc3\
\xb2_\x1cX\xba$|\xa0\x01n.\xb6\xd7\xdd!\xbe\
\x19u\x17z+\xc5\xd8\xbfEc{\xf7\x0a\xf7\xaep\
\xc5\x14an<2#p\xa0\xb7\xb62t`\x0b\xc9\
4z\xea\xfa\xc4kF\xda\xaf\x93\xf2\x9a\xb9+\xdc\x85\
\xa2\xf0\xa6hlD\xc9\xc9\xffq\xb4\xc1\x8b\x0bs\x7f\
\x95am}\xcf>\xa5]Sz\x7fdo\x90\x0e\xb4\
&kC;#\xae\xce\x94j\xa4x\xeb*\xdb\xb8\x07\
\xb8}w\x1c\x10\xee\xab\xa3E\xe4h\xdev1\xf6c\
\xd9W\xf2\xb5\x9f\x99`\x06\x8d}\xca\xec\x97=\xba\x10\
\xb7\xba$\xcd\x0b\x0fV9m\x97\xf0\x8e\xea\xcf\xf2\xb3\
\xaf\xb8\xc2*\xc9\xf4;\x93(6gh\xaa%q\xc3\
\xf4\x16\xba\x0b\xf1[\xdd\xbe\x93&\x8e\xbe\xa7\xab\xc3L\
\x1e\xf8\x80(\xbc9\xaa\xc0\xeekT\xa5a\xc1\xb1\xe8\
\xd2\x1f\x88\x99\x98S\x1a%z\x05O=\xdd\x08\xd8(\
\xd8@\xdd|J\xd6\x0b\x87\xc5\xa6\x9eC\x89\x83f7\
S\x0f\xfb\xf4\xd3\x96?\xb5\xb06\xe7\xc7\x88j\x1bQ\
G\x87T\xa3`\x03%iy\xf5\xf4:\xa5\x1e\xc6~\
\xfb\xa5\xe2\xe9\x9fE\xdcE\xde\x22\xd9\xf40\x19\x0bo\
\x89\xfe`\x89(\xfcI\xf4\xaa\xdb\x84{\xb1wq:\
]I\x97\xe4r\xe6(K\xdd\xb2\xc8]d\xf9\x83\x1f\
g(]\xd1\xdf5\x16\xe3j\xb1\x07*\xe8\x9a7\x15\
\xb5\xa7\xce\xa0\x85\xc8\xc6~\xf9\x00O;\xb2i\x17\xbd\
\xfd\x0a\xb8\x81\x0dO\xc3\x03\xdd(&#\x19\xcah\x92\
k-8\xe2\x87\xaeV\xc8\xe4>S\xe6\xf5J\xd9\x80\
6\x84dG\xfc\xd9:\xf1l\xa4*[\xfe\x8a\xa9\x1a\
Ku\xba\xe5\x8f\x1f\x85\xf4\x96<\xcd \xccd\xbc\x8b\
\xdd\x8b\xa7\xea\x5c\x9dR\xf4\x86\xbf\x15\xc4\xca\x85\x08\x04\
\xf4\xbe\xe4\xfa\xe0\xf9\xfa8s6\xef\xa3Ydj\xd9\
\xd2\x9d\xcf\xd0\x16\xc16\x85T\xe2zc7\xb58o\
\xf1\xb4\x89\x9f\xd0\xd1\xaf\x17\x12\xf5I`\x9d\xb1\xe1\xde\
\xd7w\x22 \x10\xdf<$\x8d8<\xb7upc\xfb\
\xd9\xd3\xeb}4\xf3>\xd1\x81@\x8a?\xadH\x9fz\
\xd0j\xf7\xfbx\xea\xc8\xde\xeb\xe2r\x16t\x04\x85\xe4\
\xbb\xed\xa1A\xeb^j\xa59*^\x8dC\xb0V\x0f\
\xcbZ\xb2\x8b2\x06\xddaji4\x1e(\x7fU\x07\
{'\x14[\x0fb\xa1\xfeU}\xfd\x97\xb9\xd1\xf6$\
\x1c\xe1R\x1dN\x87\x03\xec\x994,Np\xbfvf\
t\xe6\xf1iV\xb0\xcb(\xdc\xa0>.\xd3\xe40\x13\
\x06\xbe\x0a\xd6e\xdew\x88\x99\xa8y\x13\xf9\xa3\x1f&\
G\x16\x84\xd6c\x8f\xba\x7f'\x0a\x7f\x1a\xe5\x7f\xdd\x8f\
\xa7D\xe1\xad\xd1\xd8\x8f\xdc\x87D\xe1m\xd1\xdb\xb6\xfb\
_\xe4\xcfl\xef\x13\x85\xcb\xe4Z\xfc\xb8\xfb\xb8\xaax\
\x0dk\xcdg\xf5\x87\xa4}R\xb8\x5c~\xe8\x06w\x8b\
\xaaxs\xbeZ\xe6C\xef\xc9\x88\xc2\x15\xc5\xbfF/\
\xf2g>\xd6\x22\x0ao/\xfe\x0c\xbd\xc8\x9f\xf9\xf3u\
\xa2\xf0g\xc5\x9f)\xf7b\xcc\xed\x0c\x8d9Q\xf7\x9a\
\xd7\x8b\xa9\xb2\xb6\x0c\xe2^\xa1k\x0c\xc4\xd1P\x07\x93\
\x1d\xbd\xd4\x9f\xbcUB\xf2\x96.99O\x92\xc4\xf5\
\xc1^\x91\xcb\xad\xc9Y\xd5\x09o\x17Q\x96\xef]m\
M\xf64@\x97\xbej5\xc9\xf2\xa4\xd2%\xf8\xd3\xc9\
\xc4\xbf\xb3$7\xa06\xe0\x85b\xecO\xa3+~-\
\xce\xe5\xef\xbcx\xadq\xdb?\x89\xb1t\xd4]\xbbA\
\x8c\xa5\xa2\xb1\x03O\x09wYt\xf5~1\xf6'\xd1\
=\xb2|+\xd4\xd7+\xcbi\x8b\xfawx\xe5\xd4\xdc\
\xa6_Z\xf3\x995V\xb9O\xe8\xd3G\xa22\x8am\
{\xcf\x9eI\x85J*\x22U\xff\xc9&1\xf6&E\
\xc4\xfdL\xf4-K\xd5\xe3\xf0#\xb8\x1f[)VO\
\xcd\xb8n\xefY=C\xc2\xbf\xf2lw\xf6gr_\
\xcaY\xe5\xf8\xf0\xf4N=:\x19\x8e8\x08z\xb6\xbd\
\x8fm\xaa\x0e\xa9\x1e\xcc\xbf\x9c\x81Dhq\xfeo\xa8\
r\x5c\xb3l\xf5\x07T\xd3\xabF\x7fJ\x8c\xad\x8b\xee\
WuY\xbcE\x15\xeb\x8b_]\x1f=\xb0_\xa4\xc3\
\x15\xe7\x99\xbb\x0b_\xa4GZX\x92S\xee\xc3\x03\x1a\
\xb5;9\xa9\xe5\xfd6D\x97\xc0\xb4\x80{\x0d(\xb0\
\x00*\xb4\xd2\xeex\x89\xef}\x09N_wM\x08\x09\
\xce\x8f\x91\xbf\x1a`\x0d\x03-\x03-\x1c_\x8bs\xb8\
\x15\x08\xa5V\x84\xfd\xc0\x02\x0cL\xe5\x13\x03\xf2?2\
o\xa3p\xa0\x9d\xab\x89\xcd\xe7\x92/w\xa8\x05\xa2\x8a\
-\x14\xd5\x05\xc4u\x08\x83J\xa3\xe4;\xc2\x10\xfbq\
\xa2\x1ak\x81\xe8G\x0b\x81\x5c\xe5\x15\x9a\xf0.\xed}\
\x0f\x09y\x1b\x9c\xce\x8c)R\x93\xa7Q\x82\x01\xa98\
<\xf01\x0d\xfe\xad\x00\x11\x8c\xa93)\xe5mU\x9a\
\x16\x0a^\x82\x08\x10\x0eD\x1c2\x1f\x8aSCM\xe2\
\xb5\x0e)\xc8\xab\xaa\xf4\xecO\x5c.\x8ci\x98*\xa7\
^Dv\x12\x11\x80.\xbdqz\x81\x83\xf8h\xda\xb7\
\xb0\xc0\x1a\xa5\xf6\x09{\xff\xfe\xa9\x17\xd0\xe5\xa1\xa9\xb2\
,\xec\x96\xe6\xb2?=S\xa9\x04{``\xea\xdb\x88\
=\xe4\xf6\x8a\xc2;\xa2#\x7f%\x0a\xef\x8c\xb6l\x14\
\x85w)\x82{Y~t\xbf\xc8\xaenup\x93\xec\
G\x95J\x0c\xc2\x8d\x1b\xec\x9e\x09\xdd\x82;\x8a;\xdb\
\x90\xfdamL\xdeL3r\xad\xb4ys\xc2\xfa\x8c\
\x11g\x82\xa7Y\xda\x1875@\x09\x81_\xcef\xc6\
\xa5\xd6\x0f\xf5G\xe8`P\xa3\xe19\xb5Z\xdc\xcfl\
\xb7\xb5\xdaKYgH8\xe6\xb4E\x9ai\x96\x8e\x81\
!P\x96\x8d\x90A\xe6:M\xd0_\x03\xa9\xceS\xe4\
\xffm\xb5[\x9d\xec\x1ek\xf2&\x8c\xb9\xd7<%\x9c\
^sF\xf2\x1f\xdeM\x8d\x8f\xf8\xedY<\xe3V\x94\
\xe8R\xf1npE\x04\xc9zT\x8aJ=\x82N\xfd\
\xa8\x1d\xaa\xa5i\xfe\xd5\x02Q\x13\x96uy\x9c\xe4H\
\xd8\xc4\xb4Ma\x02\xa7\xf6e\xfa28 \xf0\xb8\x12\
\xd2\xf3\xce\xd4fa\xb8\xaf\x9e&\xed\x12\xf7zQ\xb8\
2*\x97\x96\xc2UU4\x8e{\xc5\x8b\xdf:\xde\x7f\
\x9f\xe6\xf9R\xe4%K\xab\xfc\xcc\xcb\xb5\xd1\x0eR\x9b\
\xe9\xdd\xea\xb4\xf1l\x19\x04\xb4\x86\xba\xa9\xa3\xeb\xd9\xb6\
\xdbtb-\xdcV\x1d\xdcN\xb0a\x1a\xc4\x9c\xd6\xcc\
*m+\x9d\x83c\xe5\x18\x83cja\xea\x1c\xd5f\
\xbd\xd0^=\xf0\xcc=\xdcN\xea)\x8b\xdai1\xb4\
\xd3\xbb\xa3\xbf\xd9\xf0\xf2\x11\xc6q\xee\x1fn\xb4\xa6\xda\
J\xcb\xee_\xcc\xe9}\xe7\x83\xcec\xb9\x0dg%\xb7\
\x09\xe0\xb6.\x1f\xef_r\xc7\x0c$7\xab\x14\xa0\x9f\
\x5cz\xb3\x86E\xfb*\x11\x1c\x9dB~\xf3\xd6\x965\
\xbbr\xbb\x1e\xfd\xaf\x15\xdfdV_?>\x12s\x81\
P7\xba\x02\x11N\x90h\xaf\xf5)'\xd4\x9f\x9d\x10\
\xe7\x9a\x0d\xcec\x0f<\xc8,\xb6\xd9I\x8d\xfd\xc9\xb4\
<\x1a\x1b\x9d\xfb\xad)\x0f\x07U\xadB\xd5ln\xe5\
\x98\xb8\xf4\x86\xf6\xbb\xba\xde4\x9c\xdb\xe5fdj\x19\
\xae\xff\xf8\xb4\x98J\xe0\xb4D\x80u3s\x16j:\
\xc0\xb3\xb3\xd7\xb7n\x9d\xda^\x7f\xdb\xa7Eu\xcdS\
y\x8cp\xaa\xf8`\x0b\xd1]\x9c\xc0\xdc\xe5s\xc7\xac\
\xb0\xc3\xa1\xbcfi\xe2#\xf8\xde\x0a\xa0\x9bl\x87\xe0\
\x88\x0czB\x08\xd4Q\xfa\xca\xa6\xea\xec\x9a\xff\x5c.\
*v\x83\x8c\x9c\xbd6OC\xb8b+bm\xbd\x98\
F\xac\xdc\x80\x1a\xd5\xb8\xdc\xb6\xd92\x7fe\xcd\xd6\xe3\
T\xe7\xfe\xb0\xb7l-\xeb\xef\xd3\xe7\xd5\xfa*\xd5G\
^\xc2\xd9>\x8d\xccP\xcc\x8d\xef\x15\xe9\xc8\xd9\x11T\
q\x9e\xf3\xe4^\x88J=*U\x11S5\xd5\xb4\xe2\
)\xdb\xdd\x1eBT\xf2\x10m4\xda)\xd4B\xdb\xcf\
qN\x0b\xb2\xbdK\x22\xfd\x14\xe1\x973\xa7\xb9\x0b\x00\
\xa6]\x1a\xc2\x9bOt6u6q*4%\x80\x94\
\x14'\xe3\xb4w\xa8\xafu\x9a\x922\xbb\xf5EO\x82\
\x17\x81\xbf\xa6\xb2\x01lS\xa5\x06\x98-\xbf;\xd49\
\xe4\x80\xe7\xab\x0b \xab]\x04\x5c\x9578\xd8\x8f\x08\
`\xf7\x92\x08e4\xe1\xe1`\x0e\x89\xf5\x0c`9D\
\x9e2\xd5\x08\xf6\x1dr^{\xf1\xce\x94E\xae)h\
-/\x9ek\xa5\x99wR[\x1e'\x09[\xabj\x1c\
\xfb<\xa9\x83\x96&\xb9|\x0c\xd2\x00N\x81gD'\
\x10\x0d:\x83\x0a\x83\x82\x0c\xca\x88\xa95C \xa2\xd9\
~gC2@\x9d\xce\xff\xad\xc1\x0eba\xe4\xd9z\
\xf3\x99M\xb7\xd9o\xe0\xb1vg\xd6q\xe3\xd6Lh\
\x03gD\x19(\x8f\x9d\xfbE\xe1u\xd1\x83\xa1\xc7\xe5\
\xff\xc7\xbe\xae\xb0\xbc1QxO\xf4\xe0\x02\xf7\x9b\xb2\
`Ln\x98\xe5X\x8aG\xba\xc5s\x079\x0e\xe1F\
\xe3\x0c\xdc-\x1a\xe9\x16\x0fi\x82\x00\xc3\xf2\x81e\x81\
\xed\xc3\xe9nxF\x04\x8d1w\x85\xbbV,\x0d\x0f\
\xd3x\x9f\x0d\xbc\x00ar\x90\xfak\xb2wL\x8e\xc4\
\x11:Yl\xa6\x86<\xaa\xc7\xd0Q\x1a3M\x8dp\
E{\x7fx\x1byc9\xcf\x83Q\xe1\x5c\x1b\xa0t\
\xed\xb0\xce575\xf8\xca\x5cpXa\xf2\x8c/_\
\x8f\xf1\xf3H\xbf\xc1\xb5\x16\xbc\x1aB\xc2\xc3\x9c,B\
\x19]d3oV\xd1\x03/.\x0aK\xa2o>\xa0\
\xa8\x97\xce\xc34\x0b\x85\xf3\x86l\x01\x0a\xb7\xfaks\
T\xa7\xcc\x81\x14gN\xd8\xf2\xd5\xe6\xabU\x1a.p\
\xbeZ9!\xc6q>f\xfb\xb1;\x00I/\x5cM\
\x7f\xe1\xf2UUf\x16M\xf6#:\x17\x0cj\xea\x82\
\x13\x87a\xdd;\x04\xcd~\x08\x11f\x09x\x95\xd6\x99\
#z\x01:\x82\x8bM\x0e\xaf\x08|\x1c\xf4\x86\xae\x1d\
\xe6,k\x95wA1\x94\x17`U;\xcc\xa9\xd2\xc8\
\xe3\x817\xa1k\xc7\x81\x16\x00d)\x89a\xc7_\x83\
\xc7\x9b\x0f\xeb\xffy\x0aBr\xd0\xed\x14\xff\xbfn\x82\
s2\xa4\xbc\xc5\xe2e4\x95Lr$\x1a\xbeG)\
w\xaa~\xba<E(\x8a\xde8\xaeq\xe2\xc7 n\
r\x94\xd3\xcbX\xa1\x07NR\xc1\xf4L\xa8\xc1\xfdA\
\x1ag\xe0\xce\xa96\x97\xb3&\xe1\x89\x95\xa8\xebAq\
 \xec\xcf\xc0\x9d\xcc\x98\x9e\xc4\x96\xce\xb3\x13\x1e\x10\xfc\
K\xc2\x14f:\xa4s8\x9e\x87\x91\x8a\x04F\xcfj\
\xf7\xdf\xf3\xaaU\x8e\x11@\xc6^\xd2\xa0\x16\x9e\x86\xd0\
\xcbt\xd8\xd1\x05v:\xf6N\x87\x94\xad&\x9f\xbb\x94\
XJ\x01\x89#\x9c\x17\xc0s7G\xb3tB\xe7\xe6\
\x99\x1a\xa0\xe0\xaa\x9d\xc3\xea\x0d\x98\xc3\x87\xb0c\x17\xba\
+D\x92\xb6\xc2\xd3\x90\xb1\xc8\xc9\xb7\xf6\xb5\x1a\xaeY\
\x09\x5cu*\xa8*'\xcbH\x8b\xcb\xb1\xbf\x1f\xa6\xb1\
i\xf2d\x0a\xc0\xa5\xa4@cK*\xcdG\x99\xcfa\
\x1d\xf5\xaa?\xa5Z\xbd4\x1f\xe6}\xe7R\xde\xa1t\
o\x97\x1f\x0bf\xa4\x94\x1bG\x87i5\xdd\xe8lt\
\xf0/l\xc0r\xcdk\x1a\xbf\x5c\xd7\xf0\xe2\x8b\x8b\xb1\
Mk\xb2^\xa9\xcb\xaf\xe3f\x95/7\x8ex\x94\xed\
tx\xcc\xe1\x18.7@\xcd\xf0-7\xb8y\xe8\xf3\
V\xf4\x9f\xeeB\xe1.\x0a\xfbh\xbe\xc8\xfa\x8aj\x9b\
\x8bk\xfd\xad%\xfc\x5c'\xe8\x90\xa2B\xc0\xc71\x8b\
Ok\x02A\x16\xfe)\xc8\x1fU%PmAJ8\
\x95\xf1\x5c'\x91\x22y\xf2\xf7\xe9\xecp\x02\xb4\xb4N\
\x80\x9f_\x95\xad\xfd>\xf5\xe5A\xbe5\x08e\xcf\x81\
\xf9<\x87\xee`\x88\xf3,\xb5YIi\xc6\x81\x17\xb8\
\x86h\xb2\x041\xe7\xb8\x8b\xbc\x90\xe0\xc3\x0f\x9e\x01\xcc\
\xa9\x00\xce\x0aC\x98!\x0f\xa1\x939qM\x19\xa4\x0d\
|_\xe8\xbc\xa9f\x0b\xccb,\x9b0d\xde\xa2h\
\x09 T\xbe\xc5V\x09\xe7\xf2SM\xfeX>\x0cp\
@\x09,r\xb7\x0b\xde\x80\xf8=\xfcd\x08\xbe.\xbf\
\x0d\x17R\x97\xc4\x8b\x07\x7fN},\x18\xd1\x87\x8b\xcb\
K9[m\xc5\x07$\xdf\x1fBX@Tcb\xe1\
\xc4\xf3\xf5\x05O\x87\xa7<\x01\xf2\xaf\xf3\xb3\xe2\x19(\
P4\xd1\xdbJ+\xce\xbe\x22l8\x08z\x0cp\xaf\
\x9fK\x88\xb8\xdar?\x1bPn&8\xb3\xdb\xb4!\
\xf5c\xd9\xd1\x07KT\xaf}\xf3\x88\xf0\x8d\x90N\xff\
HR\xe3\xca\x8c23\xf6\x02#\x12\xc6h\xb9\xd1\xab\
\xc6t\xe9H\xf7\xcf\x03\x1a!\x81\x19\x82c\xa7td\
\xa9\xf1V:\x0aq|\x06F\xac\x1e\xc7\xfe\xd1\xdd\xda\
\xef\x1f\xf9<\x17\x8e#{\xc6_\xba\x96P|]\x11\
\x9d\x95_\x87\xecF\xb9\x809\x80K\xf81\xa0$#\
\x83\xc4\xfe\x87\x8as\x1df\xa2\xdd.\x0d\xc37+\x5c\
M\xf5\xeb\xb8~i>\xfc\xf2|\xc37\x12\xa4\xfd8\
\x0a~\x87\xc3\x15\xe7\x0d\x86x\xfe\xcc\xd5\xe7\xe7RK\
P\x99F\xc8\x83\xd5\x07]\xd2\xc7V \xcc\x87\x12+\
\x90^m\x83O\xb5Q'\x02\xad\xe6\x8c-@\xc3T\
\xa1\xcf\x84\x5ck\x99\xca\xfa\x03\x06\x14\x88\x0e\xf1\x91\xd3\
\xd4\xb4\x15\xd8\x07\x9f\xee\xd3\xd6\xdf([\x7f\xfa\x80o\
js\xc9\xc3\xbf\xcd\xb1\x07\xdd\x1b\xc4\xc7\xc2\xbc\xc1\xbb\
\x84\x82h\xebk\xeb\xe3\x1c\xcb\x80x\xa9_\xc6T.\
O\xd3\xa6\x9c\xfcCX\x11\x7f\x8ck{\xef\x0c\xdb\x1e\
+\xabR\xdb\xd0`\x90</o\xe5\xa8\xb4\x0d\xd16\
\x80\xfa\xbf\x126\x09\xdcp\xfeo'[\xc4\xbdx\x8f\
x\xf1\xfa\xf9\xc5\xeff\xfb\xac\xfb\xd9X\xf98\xc5\xa0\
\x9c\xabs\x19\xab\x9d\x1cvl\xc4\xfd\x96\xf8\xc7\x15\x16\
\xec\x0eIrwc\xff\xa8\xceMSf\x00\x8aLQ\
\xce\xce\xe3\xcb\xbe\xf1\xb8E\xae/ \xdd#\x9f\xd0l\
\xed\x11\x9d\x0d\xbb\x85M\xe3H\xafT6@\xd9\xf3\x89\
\xa2\x8fr\x0dnj6\xa7-\xae\x5c\xd9\xf7\xe9G\xda\
\xbe\xf2\x15\xcb/\xd1HT\x12\x945\x836oJS\
w\xf8u\x1c\x0a\xda\x8bdj\xc0\xf0\x08\xbd\xe3j\xcf\
\xb4\xbfVOY\x01\xaeJj\x5c\xf6\xd1]\x1bv\xf6\
\x06\xe2\xb3F\x163(\xea\x0eI\x94\xf5&4i\x7f\
\xf7\xba\xa2\x9c&\xf9h\x1d\x8a\xd6\x8c\xb3\x83\xa1!\x93\
\xf6g>\xa3\xd8\xc1Ns`P\xbd\x8d\xa8{\xa6|\
\xa7L\x81\xeb\xbe\x1b\xe0J?\x03\xd1\xd0R]y\xb8\
\xb9z\x9f\xb4[\xef\xce\x0d\xbb\x96}\x94c\xc1't\
\xda\xc3\x09\xd0\xe2;\x01\xde\xda\x13\xda\x9b\xec\xc6\xc9\xea\
\xa6\xdcs];Iw\xdd\x04w\xd8D\x8fq\x822\
\x14\x9ba\xec`\xd9\xda\xd7\x0e]\x88e\xe7 \xe5\x87\
a\xbffa\x04t\xb3\xd0qDc\xb9\xc2j2\xa8\
)\xdeG\x9e\xc4\x88\x16\xfa\xb3u\xfe\xb6\xbf\x96C\xba\
\x08<\xab\xa8\x06\xff\xc6\xe3\xcb\x1e\xd7\xc9]Z\x9b\xcd\
\xb1\xd5\xe6V\xe0\x842V\xc5Tt%+\xfe\xd1r\
\x97{\xef\x17S!\xfd\xec'n*\x02\x04$\xca\xd0\
^\xcf\x98\xcb\xd8O\x1c\x94\xb5ozbjH\xb5\xf7\
\xfav\xd1\xd2\xd1\xe2\xb4\xb7\xb4v\xa4\x9b\x93-\xdd-\
\x99\x96\xfe\xf6\xde\xd6\x81\xf4@r\xa0{0\xd3\xd3o\
\x0d\xf4:\x03=\x03\x1d\x03\xce`KO\xc7@\xb3c\
\xc5\xeeq\xfb\x044\xe5fZ\xec\x8f\x02\xaf\x8eBx\
vw\xfah\xf2\x1c\xcaX)\xcaS\x91\xb5l\xca\xe4\
B\xc3\xf4MA\x87\xa5\xfaS\xf6\xb6\x16k\x07\x0c\xa6\
\xc1\x16d\xce\xc8\x06\x94\xbd9\xfb\x1aE\x0fMm\x1c\
\x82\x18\x04@m\xb7;\x93j\xe8OP\xde!3\xf5\
\x9f1\x98;\x88z\x8d\xd3y\x9a\xd5\x86\xd5x\xeb$\
\xb1@\xd5\xa5L\xa0p\x12^8\xc9\xba\xa2i\x7fN\
\x8eZ\xb2\xd2\x11\xa7\x18n\x00hP\xe5G\xaeU\x1c\
@\xea\x92\xad04\x1a\xc9`B\x82:\xe5\xde\xedJ\
!\xfa!\x85\x1998\xf4X\x17tTe\x17\xd7\xfa\
3\x93h\xf9=\x0f\x08Db\xc4\xa91\xecg\x19\x98\
G>\x84]\x83\xf6p\x9feD-\xfaz\xfc\xb8\xa7\
\x08\xd0\x8e@\xd6\x7fX;\xb7\xe4\x8b\xfd\xdb\xb2;\x93\
\xbb\xed\xee.\xc3\xc8\x0ab\xc7DY\x88)\xceZX\
\xd8$;\xfb\xd2\x9e\xf9\xf1\x8b2\x84\xa1\xe8%\xd56\
\x0b\x1e\xd0\x82|\x10\xce\xbf\xeb\xe1L,\xd9\xa4\xd9n\
\xab\xbbD\xf5\xa8\x16\x98\xa0\x0cIG\xadr\xc0#\xbd\
\x83_\x81\xd5HYw1x'\xaff\xa6\xe1\x04\xa9\
\xd3\x1c\xa2rEk\x84\xbf\xbf@\xee\xfd\x9fk\xb4\xc9\
O\xd1(\xfbi\x82\xa4\xcb\xe1\x8a_\x80\x81\xd1H\xcb\
\xeaI\x12\x06f'\x08\x15)\x92\xa5\x1f\x07j\x95\xd3\
\xb0\x10\x9ef\xb6\x04\xb5E8\xc8\x83Iv\x08\x8e\xec\
\xbco\xa6\xd8{\xd6\x8b\xee\xb4u?-,\xaf\xd6\x13\
\xe8u0\xd3\xb1|5\x8d\x88\xfbyY\x83\x1e\x0a+\
\x14\x10j<\xb67\xa9I0\xe6\x0fn@+\xb5\xa7\
8&\xa5\xd7my\x99F\xa6\xc8\x82\x97\x1a\xd4\xaa]\
O.8@ \xa4\xa6\x0c&W\x1a\xe2F\xa5\xf3\xdd\
D5n\xc3#7\xc2\x9e\xd3\x0cS\xb7\xd5\x1f\xa19\
\x8d0\xf6\x5c\x07L\xf2\x0e\x9a\xea\x10\xc6\xf1TX\x12\
r[\x9b\xda\x91\x03\xa9y\x0b\xc7\x0e\xf5\xb3\x1e\x81k\
K\xa3js\xeb\xa6$\xc3f\xb4\x07r\xdcD_u\
\x0d\xa8}-y\x9c\xe8\xc5y\xe9\x13\xad\x8ec\x83u\
e\xbb\xb2<\x1b\xb5\xc9[\xa7M^\xca>g\x9c\x92\
_>\x1ak\x9d\xc4:0\x9e\x08Lj\x1b\x07~\x8e\
\xc2w\x8a\x1f\x08\x15qAt\xf9\x0c\x12\x98\xa19y\
\x06\xefV\x81=Bz\xe6\xa9\xc0X\x1f]0\x12\xe4\
\xf2\xac\xd1\x99\xc7ry\xcb\xe8$,-\xa0\x08p\xac\
\xb2d\xcb\x98\xf4ZoV\xb4@\x0d\x15\xbf\x19\x1c`\
\xf0\xce\x1dF\xca\x99\xc6F2C\x80\xa4\x8e\x8c\xd5\xdd\
\x8b\x8a:p\x95^\xb8\xbb~\xfa\xa9\x081\x02\xf4q\
Y\x80t\xbe\xb8_h\xa8\xe6\x95:\x5c\xbe0\xa7\xa0\
l\x17iv.L\xd8\xd4<\x12\x15\xa0\xe7\xec\x00|\
Nm\xcaAZi\x16\x0a\xf4-\xf7\x87\xf5<\x7fA\
N\x80\xf5\xf0\xc9M4\x85\x0f\xc1fu\x88\xcc%\xc5\
CxR\x9f\x01L$\xd1\xb7\x112\x82'k\xbb\x9f\
|X8\xe9d\xca\xe2\x91\xcf\x1a\xbe0\x19S\xa4\x00\
#\xdf\xba\x83^\xfdOh\x5cU\xdeA\xf7\xff\x1b\x1d\
\xa1\x94\xdf\xc8r\x04\xf3\x94\x06 vug-Z)\
\xeaX}\x17\xf6o\xd9f\x0b\xe9\xee\x1e\xa2W/\x86\
\x99\xaa\xca\x87\xb8\xb1u\xe83\xaa\xf6iz\xd5\xd29\
\xcfJ\xdd\xf0\xa9\xb0N\xa6\xd69\xd3E\x8cjuZ\
\xa3\xd6$S\xef\xadNs\xf3\x07\xd5\x09&5T\xca\
B\xa1\x8f\x9b`\xea\xb5x\x8b\xa7%Tb:\x87\x13\
:\xb9j\x062m\xee\xe2\x96HU\xdc\x16#\xd5\xb1\
\x0b\xec_R\x1d\xb8\xc6[\x18\x991\x0c\xad$\xc3\xce\
\xa4W0\xb8\xd3v\x17V\x0e\xab\xd9\xb7\xa0put\
\x7f\xcb9\x94\xfc)Gt\xb30R&U\xa7\xe2t\
B\xadn\x18;\xea.\x9b\x1a\xb9\x98R\x1c/\xd6\xd9\
\x81\x98\xa6<:`\xf3\xc7s\xfe\xe6\x97\xbf\x97\x85\xa4\
\xe0 vq\xdf\x82\xff\xda[-\x129\x82\xdb,Q\
\x0e\x0b\xaa\xb5\xc8\x81aniF\x1cAgE\x03\x95\
\x05Xy \xc9\xd9\xf7\x88\xe92X\xbd\x94\xfd\xd4~\
\xa1\xa7/\xcd\xebx\xae\x12R5\xfb\x03\xe1j\xb8\xd8\
@\xc9\xa6\x22w\x1a\xd9X\xb4\xb3\xa9\xf5\xf6\xfd\xe1\xaa\
\xa8G\x1a\x22U9\xe3\x06p\xbd\xad\x5cf\x10\xd0\x12\
3\xd0\x19t\x17\x0fD\x82\x14\xf8\xf9D\xf9\x85\x93\x99\
Ah\xbd\xf5\xfe\xbaA\xb8\x7f '\x8b\xe3]eU\
\xa8\xbd\xc7\xdc\xfb\xd8\x09\xb05T#\xbewU\xe4\x8e\
\xddb\xc4]\xd1\xa0\x18\x8b\xda\xc4\xa8w#\xbb\xaf\x5c\
\x1d?\x94\xed\xd2\xd7\xae\xfc$v\x5c\xe1\xd7g\xab\xc6\
Ta\x9b\xd9\xf0\xa4\xf2\xc5\xae\xbe\xde\xbe^\x0a\xf3E\
\xb4\x85\xa4\xd0o\xa3\xee\x8d\x01\x92+\xa2}\xa8G\xc5\
y\xc6\x18\x9e\x02\x1c\x16\x8b\x12\x15GL\x8eR_n\
\x84G\xd8H\x0f\xf2\xbc\xa6y\xd0\x81}\xd4'\x82f\
\xd9\x08\xcd\xb4\x91\x1a\xeb(\x0d=\x8c\xd7\xd8\xcd~X\
bA\xaf\xc8\x05\xc3\xa3\xa5O2g \xd4\x01\xf4j\
\xd7\x0d\x0b\xb4Qz\xc15\xd0\x8d\xe4\xb1\xf0\x0b\xed\x9d\
hY\xad\xa7C\xc23\xba\x9b~\x0e]\x82\xe53\xd4\
\x09\xeb\xe1\xa9\xd1\x9aj\xefB\x87Y7[\xb0\xb3\x14\
`\x0f\x16\x80\xdd\xd4\x96\x8b\xf4\xa8y5\xb4\x18\x96\x8b\
\xa8\x83wc>k\xcc\xdd\xe1v\x8a\xff\x9a\xf6\x9c\xbc\
9\xed)\xda\xf3\xa5\x1di\xb6\xf7\x89\xbb\x04\xb9\x96P\
\xb4\x09\x17\xc5z\x0as\x8f3\xca\x02k\xe7Q2\xc6\
.g\x97\x83\x7f\xe1E\xe7\xeb\x13\x90\xa9\xcdC\xeb(\
G\xb1\x09\xe5i\xb8CNcsb\xa1-\xe14\xf8\
r\x8d`\x81\xae\x91\x8c&\x09KA\x02\xe9\x15\xe1\x80\
\xfb\x18w\xbf\x5c@\xdb\xc2d\x96\xa8w!'b\x82\
\xa9\x8dc\xee\xdb\xdco\x88\xc2\x9fGue\xf5\xdb\x85\
\xef\xd0\x88\xbe\xfd\xd3\x90\xbd\x02\x92\xad\xd7g\x1c\x8by\
\xba\xe9\x8c\x06\xa9*X\x02\x0d\xcb\xe9@~\xca\x9a\xeb\
\xdc\xf7:k\xbec\x99t$\xa2z\xab\xa3a\xa4\x09\
\xe0f\xd1)\xb1\xdb\xb13\xce\xea\x7f\xb6R\x9a\x0e/\
A\xce\xdf\x00\xad!\xd3$\xd3\xe6\x0d\xdf\xfa\xd4?~\
\xea\xc3Y\xc7\xd2Ds9M\x87\x00\xe7\x04w\x91{\
\xbf(\xfc\x85|\xd87\xb9\xdbE&\xed\x0a\xef\x0e\xcb\
\x90\xc98i\x93\x0ca\xa7\xd3r\x8d\x15\x8e\xe3\xde\xc5\
\x83\xa5\x86\xc6&\xc8\x0e\xa9\xcde\x00\xaf\xf5G\xf2Z\
\xee\x0b\xd1\x91\x01\xe1>\x17\x95g\x91\xaf\x89\xc2{\xa3\
\xd9\x8f\x89\xc2_F\xdd\x0f_-\x0a\xd7\x94\x7f\xd1[\
\xe2\x86\x84{U\xd8!\xe7\xde\x04\xd8\xf0\x134\xcce\
{\xffD\xa3C\x7f\x0e\x98\x11\xad\xc59F\xec\xe0-\
\x0a\xf4\xc1*\x9d'\xf5;\x05\x85u\xd1\x00\x9a\xa9\x93\
k>\x1a)\xaf\x86\x12\xd0\xed\x80\xa4#5lC\x9c\
$\xf2`\x9b\xc5\xcbr-\x03\x844\x9f\xa4=\xdc\xe2\
-r\x86\x07\x82\x04\x8b\xc8\x1e\x84\xd3\xc3\xb1\x1f\xec\xb3\
\xf8\xdc\x80[c\x8e\xc4G\x8c\xbcJ9\xa1\x15\xfb\x1b\
\x15\xdb\xe9\xf8\xf0m%\xe7\x9f\x13\x04\x93m!\xf2\xfb\
1M\xba\xee\x06\x8f\x9a\xafN(\xa1\xa7K\xb5W\xc2\
\xa6N\x1a@\x8f?P\x9c\xc7\xc4\xd8\x97\xa2\x0f\xb9\x97\
\x08\xf0(9\xc4\xe8.\xe7\xe3\x0e\xe8\x90\x1dt\x08\x87\
\x10\xd7\xb1Db`\xd3\xc0&26\x10;\xf6\xfcL\
|W\x93Y\xac\xf6\x14\x8e\xf9{)\xd8}\x11\xe0\x82\
/\x00\x08\x06\x88\xae\x82VP,\x8f\xbc\xfdC\x5c>\
Kq\x8b\xb5\xceZ-\x03\xa8\xee\xf6y\x08\x8d`y\
$\x8e_\xc7\x17\xec&br\x87\xcf)\xf9\xc0\xb5\xce\
\xe6.\xf0\xca\xf7\xc23\xf7\x12n\xd7&\x8e\x88\xa1\x16\
E\xe90\x97%+Q\xbc\xe9\xb4\x96q:\xcd\x1cY\
*en\x1b<\xc4\xa6\xd6\x8d0:7`&\xc0\x06\
vx\x80P\xcfa\x8do\xe1Z#\xb5\xb7\xab\x17j\
S\x83\xbc/\xb9H\xc3b=i\xceT\xe9\xa1\xc3\x9e\
$\x0fh-y\xf3\xe4s\x0f\xf9Z\x92Z\xf6\x88\x1a\
\xd0\x17h~)S\xbb\x88\x06\xd9\xbd\xce\xbd(~H\
\x9e\x8b\x0bt\xdc\xda\xd4by\x14\xcd\x1dB\xd1\xdc!\
z\xcf\xa2^\x95W\xd8\xd6\x09\x99E(\x0f\xe6\x12\x99\
F\x13\xf3\xb5\xdb\xa42\xd5K\xdby\x9d\xd6\x1c\xc0\x1a\
z\x16\xebI\x87L\xa1\xb0\xfa\x01\x81\xd5\x8d\x90D\xfb\
\x8e\xcfj\xc0\x8f\x89\xd4\x96Ck\xce\x8e\xe7ZJ\xa2\
\xcf\xc7\xfdQa\xc7\x17\x836x\xd1\xa2\xe83\xd5\x08\
k\x8aq\xe76.\x8f\x91\x0b\xbb\x8c\xbc\x06:\xdfu\
\xd4\xb9\x8f\x22\xce\xb3\xe3\xa3%\x11\xe79~\xe4\xac\xe3\
\x8b;\x1b\x94mI\xc4y\x0e=\xe2@\x0907\xcc\
3\x1c\xbfLP\xd55\xae/\x7fh\xba\x5c\xa8\xd7{\
+\xaa;\xa9L\x03w\xcc\xd73;'\xe9\x1a\x82m\
\x04V\xc04\xac\xa2\x07\xc3\xfa\xd20\x97\xe2\xa3}m\
}m\x04\xb4\xd0\x84\x9f\x15\x93\x94\x0eh\xde\x15_@\
\xa5\xa8\xe0\xf0\x92\xd3o\x7f%\x82\x9fN\xf5\x92\xd8\xd3\
\x1d\x8fZ\xfe\xdc\x871\x7f&\x8bc7\x0c\x86\xabq\
\xc6\xd8\xde\xe5\xdeBQx_\xd4]\xbc\xa0\xf0\xa6\xe8\
\xe8\x02\x1a\x14\x96\x86\xa5\x01\x1d\xe0)=WL\xad\x00\
k5\x1f\x03\xec\xfcH\xc4\xa7\x95\xc5LX\x0f\xddj\
\x05(\xfb\x14\xdb1\xc5\xff\xab#\x11\x8e\xb9[B\xca\
\x11\xd4n\xe8+\xfd\x94\x96\xa6\xc6\x94\x0a\xbd\x1c\xfb\x1a\
\xe3-\x18\xef\xb9\x0e\xa2\xd8X\xc2\x80\xf2t\x8e\xeci\
m\xfc\x9f69\xb2\x0ah\xa1\xb6\xbe>\xda\xe9\xc3D\
\x8dG 2\xd4\x02\xb1\xf4\xfc\x09\xb1\xad\xa0\x86A/\
\x97p\x92\x0d\xf3Q\xeewl\x84=\x146\x09J\x93\
\xa5\xd1\x15(i\xb8\x95\x88f\x17\x87[i\xab\xe2\x5c\
\xb6\xf2\x99n\x18\x1e\x8b\x8f:\xad\xf6\xfd\xdek\x85?\
ns\x86\xa3\xf2\xdd\xc6EY\x81\xe2\xb5\xbb8<\xa5\
\xf7'\x90^}a\xc4\xb8\xfd\xc9\x8d`\x18i\x95\xef\
\xe5\xd2\xf0\x8c&\x06Em\x0a\x9a\x92\xd2W\xa30$\
\xe2\xbb\x19\xe5\xed\x05Ip\x01\xf4t\xf3.\xf1\x12M\
\xaa\xbb\xc3UO{oq\x83Y>b\x99\x1f\x89\xc2\
_EW\x87\x0a\xef\x8f~\xc3\x9d-\x06\xee\xb1`,\
\xed\x82p\x99?\xaf\xcf\x06\x85\x96\x05\xa0fr^.\
\xb7\x03\x06\xf0n\xf9\xc7+a`_\xac\x03\x95\xa8\xab\
\x85\x93\x93\xc1\xbc\xfd\x81 \xb2\x16\x02<\xae\x01\x09\x86\
\xf8G~/\x95\xb4SI\xbf\x0a\x22k\xe1\xb5\xc3\xdb\
m0\x9f[\xbb\xe5\x0aj\x05A\x12\xf5\xfe\xe8\xda\xdd\
m\x9b\xfb\x82\xef\x83o\x8eL!\xad\xe1\xcaM\x1c\x10\
uE\xfd\xa7qV\xed,\xd6\x89%2\xf8\x1cbQ\
\xec\x91\x16\xcb\x8f\xcd\x98\x95\xcb9>\xd6\xf6\xed}]\
i\xcb\xaf\x1e\xe1A\xfa\x08\xddG\x13\x97\xf0\x8b'\xc0\
I\xcb\xbc\x9e\xa0i\xcc\x0aK\xb3\xb5\xb1\x1f\xd5\x09\x92\
\xac\xd1\xbc\xc3\xb1\xf7\x85\xcf\xa9\x9c\xf7r\x02\x93\xb7t\
!x\x98K\x0f\xe5[\xd5\x0cE\x85\xa9\xd9:F:\
\x9b\xae9\xc0%:5\x9ajz{{yQ\x8a\xf3\
o\x87\xc1\x01\x8c\xa5\x95\xa7\xa0\xa3\x1a\xdc\xdd6\xfeC\
!0K\x13\x95\x1a\x04F\x18\x16\x92\x88\xf6\xcdG\xf4\
\xb17\x02\xb6rDs\x5cDt01\xc2(\x18\xf5\
\xed\xf6^\x02\x02B{>G\xd7\xfc\xbc\x1cL\xff!\
\x9f\xfd3\xadp\x80\xdddk\xf1'L9h\xa0\xec\
\x9ag\x8cr1\xe5c\xd0\x01\x97\x0f\xbcv\xebz\x8b\
\xd6\x0b\x92\xc5\xaeGl\x1b\xbeV\xa0N\xf4\x81\xe5\xda\
\xfd\x13\xe2\x0c1E\xb0N\xcd\xb8\xceh!\xf8L\xae\
$\xa2\x94-%p\xd1D)\xb0\xeb!\x92E>d\
\x7f\xef\xa0\x01\xb7\xf4\x10\xf8O6\xf2\xb0\x1d\xdb\xb7O\
\x8c\xed\x88\xb6\xb8kP*M\x1eJul\x8f\xbc;\
\x5cK\x92\xbb\x96Q\x08j\xf2\x9e\xe1\x83\x8bv\x13\xd9\
\xe9v\xc7\x0bY\xccb.7V>\xe6\x9e\xd2(\x80\
S\x14uK\x9a\xc0ow\x8a\x94\xa3\xceh\xb2%\xb5\
O\xf5\xa6\xdd\xb5\x8e\xa5wO\x0e\xd2\xd1\x0e\xcb\xb5n\
rT\xf3\xe6\x9a\xed\xa6syH\x1f\xf1\x95?)\xd3\
\xeb\xb8\xea\xce\xf0\xd8!\x9f\x92\x11\xba\x865\x84\xd7\xd9\
n\x06\xae)\xcdN\x1aB\x014\xa4\x0a\xd8S\xdb\xb9\
\xb7\xbb\xcb\x84w\x97\xf6\x5c\x9f\xe6`\x0e\xae1\x86)\
\xf6\x8c\xe64\x1b\xd7Z\x06\xe3\x1a}\x15\x00N9I\
\x0a\x1ey:xdd\xea\xc65c\xf4xN[\x94\
~\x11\x0dS\xf3\xc1\x15\xe5\xce\xbbN\xab{\xd5i\xd9\
\x93\xb2Tn\x1c\xc7\xf1\xc10LMq$#\x1c\x93\
D>B\x86-GK\xe9\x16Q\xcc\x8d\xeb\xad\xb7\x94\
\x9f\xb93cpl\xf6H\xa8'm\xf9\xe1\x1b<(\
\xd4\x001(\x01\x1c<\xe5\x86\x95\x1ap8\xf8l9\
\x0e\xd3\xed\x01\x0f&\x0fW\xbd\xef\x9cB\xb9[m\xfd\
\x04\x06<\xe3\x82\x906q\xad\xd3\x9e\xb1\x02\xfeLj\
\x96d\xd6\x0c\x16\x1e<\xe5\x86\x95\x1ap8\xf8l9\
\x0e3\xbd\x96_@\x8d\x87k\xb6\xdb\x0cc\x1e\xd6\xa5\
\x03\xbe\x8f\xa6\x82\x0d\x09\x0e\xff\xd7\xfd\x96p?\xe9\xc5\
\xc3\xf17\xfd\x8d#;\xfa\x89k\x1d\xc7\xbd\xc9r\x1b\
\xdf.\xdc\xa8\xf7\x1e\xef\x8a\x7fX\x15\xd9\xbb\xf7\xef\x1c\
k\xd0\x9d/\xae]\xf7\xfd\xc8\xaa\x05\xaa\x8c\x1d\x1c\x11\
\xb79\xa0\xda901\xf1\x8bDb\x97i\xf7\x1e2\
\xa6-\xc6\xf1CYO\x83\xc4\x98\x0b\x5c\x1b&6\x86\
\xa8\x965#\xe2K\xa5\x13\x07\xc9\x22\x5c\x8e\xe5\x13\x83\
\xc9a;\x80\xa0%\xe7U\xb7\x8f&\xbf\x1e\xd1o\xd9\
\xcd\xd4\xactj\xe6\xd3\xae\xaf\xa6\xc4\xffP\x0e\xce\xce\
D\xfcZ\x87\x84h\xae\x1f\xa4\x11p\xd4\xec\xaf\x84\xc5\
\xa6\xde\x99\xaf\x0f\xb0\xf35\x1bT,\x9f\xe8'A7\
\xd0:\xac\xb9@\x0d\xde\xc3\xaa\xd1\x17\x80\xbb\x0a\xcb\x85\
\xe0\x22\xc8S|C;\x96\xa9aj\xe3\xb9\xadt\xf6\
\x98\x0b\xae0\xae\xaa\xfc(P\xa4\xd3[\x1c\xd7\xb6\xd2\
\xc4\x9b\xa7\xa7\xb7\xa9\xcd\xc9\xa3_j\xb0\x99\xae/[\
fk\x0fe\xedF\xf4 ?\x02(\xf9\xe3\xd4\x09\xad\
\xc34\xb8(Q\xb7\x9e\xb9\x1d\x90\x0b\x822\x8e\x08\x8e\
|Ba\xfe`\xee\xb4F\x9c;h\xfc\xffR\xe7L\
\xfc\x0a$\xe1\x7f\x89b\xf7\x89\xb5J\x0f\x16}]w\
l\xb8\xbd\xe5\x16u\x06|\xcb~\xf1N\xf7C?\xd1\
\xe9\xd9\xf3(\xf9n\x10\x10hX\xf6 \x1d\xc6f\x00\
\x8d\xb0o\x00\x7fjLO\xba1\x9d\x17\x88\x01\x1a\xf0\
zG(\xf1\xe2\x0c\xc9\xac\xa1\x91\x85\x99\x80\x86\xd5\xc2\
\xe5\x5c=%o\xeb4:\x9b\xe8(s,\xce\xb6\xe8\
I\xe3\xc9\xe1\xf4E\xc5\x09\xbb\xde\xb1?\xe9\xfe\xa9\xf8\
\xd8C\x11\x85\x9f\x8e\x10\xd71\xf5ZH\xa7%\x85\xc8\
\xb3\xdf\x1b\xa0$A\xbb\xd3\xca':\xba;\xba\xe1\xc8\
\x94\xc5\x0d\xd5\xbe\xdd\xbbP<\xa2s\xa0l&\xe0\xa4\
\x8biR\x87\x90V9D\xb6\x13\x1b.mC\xe8B\
\xbe\xd2\x0e\x9fh\xa7)\xea\xea\x95\x15r\x9cn\x0f\xc7\
\xdcK\xf7\x8b;\x9f~\xcb\x15w\xba7<p\xe5o\
\xfe\xe3\x81\xb0;\xd7\xbbA|\xde\xbd\x22\x1d\xfe\xe4\xed\
\xce\x83\x7f\xff\xc8\x03J\x7f\xe6\x92\xfd\xa2\xf0\x81\xe8?\
}D|!\x13\xd6\xaa\xbb\xf1Q\x92\xae\x8fj\xad[\
\xaem\xa35\xe7|t \xa3\xf0\x22$\xb9\xc79\x9f\
\xe5\xa41V\xf5Rw\x0c\xbcG\x8a\xce\xa1\xb9\x13^\
o'\xb3I\x9d\xac\xda\xa8~\x82U\x86\x97\xdd\xe8\xa4\
\xff?\xc7Y\xebE\x1dg\xc7\x8f~l\xd1\x94\x88\xd0\
q\xbd\xd7\x80_\x8d\x11\xc3\x92u\xc0zA\xd3\x1a\x00\
\x8c`\x06\x16\xcc\xb9W\xd7\xdc<v[\xb3\xd3\xec\xb4\
\xc2\x87\xdb\xe1m,;\x15\xe3~\x0e\xc3\x1dr\x1c\x7f\
\xca\xbdT\xec\xde\x15\xe1\x90]\x04D\x8f\xc2hNA\
YG\xfe\xac@G\xa9\x90\x9f\x05\x8e\x0bh\x85\xb18\
o\x0a'Q\xd8\x14\x197\xc82\xc0SN;MZ\
<r\xb2?\xc4\xbe+\xcc2\xc7z\xd9\x8f\xcaY4\
08@DMrc\xc0\x84\xd6yz+\x8a\x9a\xa3\
\x83\xae\xc9\xbem\xe2l\xf7\x1aD\xe7R>i!\x88\
\xd4\x92G\xdcV\x9ce\xa9\x085'\x06\x16\x12\x14\xf3\
\xc3\x05\xa6@\x0bk+\x8dCLz:\xaa\xcfM\x87\
\xb5\xe3\xe0X<\xd7\x08\xabJ#\xad-\x87\xc15\x01\
N}\x0c/@y\x04\xcf\xb4\x1c\xfb\xb0\xb5\x1b\xda\xc6\
+\xd5\x0f\x19\xe5g\xfb>\xa6\xa2\xc6S\xa6\xec\xc1>\
h\xbe>Z\xf1m\x02\xaf\x0e:\xc3\x0e\xe4\xb5P\x9c\
U\x9a%\xfd\xce\xa03\x08FT\x7f[o[/\xb8\
o9C\xf0\x8a\xcb\xd5\xa4\x88\xb9\xf1\x9f\xa0@X\x12\
q\xdc\x98hXN\xc2\xa2\xd6\x10\xed\xa1\x9b^\x96=\
d\x02E8\xd0\x94j~\xaf\x93\x1d\xb4\x06\xa9#\xc3\
~T+*\x14+HL\x9d\xde\xfc\xd5\x82\xfc\xb0\xfb\
\xaa\x80U@\xb1HV\x98\xab\xd5`\xda\x80vYg\
F\x99P0#k\xf2>\x04\x80\x9d\x1d\xf8?N\xaa\
\xc5j\xe6\xac1R\xe7\xec\x84\xafvj\x83\x94\xf1\xc4\
\x13*? \xe6\xceq\x13\x82\xa6\x14\x10\x88\xa2\xdez\
D/T\xa66\x9b\xa6\xd40\xb67,U\x11\x18\xff\
X\x86\x94\xe0\xaf\xba\xc3f\xd5u\xd8\x8f\xf3\xd9\xd7\xa2\
\x86v\xe3`#\x8a\xb1\xf6p\xb8\x09K\xcc\xc1\x8fc\
p\x80ViSS\xfb-\xb9\xec\x0f\x1b\xc5!NQ\
2\x86\xba\xfd\xc5\xb0Ow\xa8\xc7\xe9\xb5\xbf\xea]\x8c\
z'*\x1c\xdeT\xd3\x03\xfb\xee \x97\xe1\xb8\xce\xf3\
:\x9f\xed\x9e$\xacm\xad\xfd\xf6\x0fvy\xdb7\xb8\
\x8b\xc2\xbb\x92J\xd4v\x9c\x12\xfb\x92%\x8e\xb6S\xbc\
\x8c\xcb-@\xad'.\xdc\xa1\x0bv\xa6\xb4}Z\xdb\
[\xdb1\x0fh\x8b\xb3\xc5\xc1Lo\xfc\xb8\xab\xdd\x9c\
\x5c\xeb\xc0MHu\xde \xac\x08\x0aQ\xdb\x87\x1b\x19\
\x89\xd9\xea\x5cD\xa8\x9dG\x1b\xd9n\xb9\x15\x1fr\xdb\
\x85\x17\x8d8\xcc\x97\x00{E\x1c\xad\xb3\x16.\xe7\xd2\
qg\x070\xc0\xcde\x1f\xbezw\x80\xcb\x10\x0a\x0f\
\x93H\xbb\xedF\xef\xf3\xe6F\x9c\xf54\x9c\x0eA\xfa\
\xf41H\xa5FA\xe48\xd3\x1e\x1e\x84\xae\xc4\xf2\x05\
:\xfdo\x81\xdb\xddB7\xad\xae\xa0n\xda\xd9m\xbb\
s#\xee[\xbd;\xc5\x88wUC$\xf6?\x9f\x14\
w9\xdfu\xff\xe2>\xe7\xbb\xde_\xdc\xe5l\xf8_\
\x1fp\xacG\x9e\x15i\xe7\xf3\x8b\xbf\xe5X\xee\x1b\xea\
E+\xff\xa8\xfc\xa9\x0dH\xa2\xeePjT\x9d\xa6.\
\x88hs \xc2\xe4\x02j\x94\xca\xd1:L~\x8a\xd9\
\x94\xeb\xdf\xc7\xe5\x1c\x1d\x80\x00\x86\x84G\xb7\x85\xf9\xbc\
8\x8e\x81\x97\x5c\x07\xcc\xcd\x0eZ\x00\x0b\xda\xa5\xe2r\
^\x9c\x03\xaf\xa6:\x92\x1dIJ\xa9>\xa5\x0f\xc8\x0a\
M\xb2\x0e{R\xdd\x02\x04\x81\xf2\xcc>\x10\xd1t\x03\
\x114\xf7\xeai\x02\xea<`\xd5I\xf1\xd1\xe4@\xeb\
@+\x13\xdb\xf3\x02l\xbfe\xdd\xce\xc8mi\xe1\xdb\
\xb2\xd8\xa9\xac}\xcc\xa6V\x17\xd7\xde\xe6\x1d\xb7E\xf4\
mk\xf8\x9a\xa7\x8f@\xa66\xceX\xb96\x15\xb9\x9e\
\xc5\xf1Wu\xc1$\x97a\x88KG  \xb0W\xa5\
]\x87\x19\xedn\xb4\xeb*\x10FZZ\x1d4n\x7f\
8\xa8\x8a\x94O\x94\x83Ygi\x90\xd7\xd0\xd6j\xef\
\x8f\xd0\xdad\x81o+\xa4IX\x8d\xf6R\x1d\xb9\x81\
\xf9\xa8\x07\xaco!\xf7*Q\x898i\x8a\x9e^\xbb\
Hn,z\xbc\x5cn\x12qn\x10\x93\xb7xG\xf9\
v\x918w\x85\xb0\xbcoW\x8a\xa3\xd4\xb9K\xa8.\
\xe8]%\x82\xbfX1\x00}i\x95z\x86\xe1\xa0^\
Y>Q\xd2\x22u\xe0\xfc\x0a\xe9T\x05\xec\xbe\xa0R\
\x19d\xae\x97\xd1,\x97\xdf\xca\xd2\x07\xa1\xfb\xae\x0f\xed\
\xafL\xcd\x8fU\x8ae\xb7\xcdD8\xf8\xc6\x99\x89\xf0\
\xee\x9fV\x8a0\xa0\x8b\xeb]\xe5-\x16\xfbg&\xb3\
\xbc\xd4\xafF\xd8\xf2b=\x00\x8b\x11\xca\x07\x98F\xd8\
7\xa8\xa5\xb8p\xb5\x80\x16\x9d\x12\xc9j\x9en\x10\xe7\
w\x05@\xd6\xc0\x0d\xe9&\x9eV|\xf2\xc6\xca\xc8|\
\xb81\xbd\xc5\xee\xe2\x0a\x1e \x00\xc55\xfdU\x11\x12\
w\xff\xcc\xd43\x97V&\x9e\xc9\x0fph#J\x03\
\xe9\x88\x88I\x82\xcdP\x92l\xc3H \xffY\x1a\xb8\
]\x19\x98M\x19\xc6A\xb1\xb0\x8fy1\xd3e\x80A\
\x18\xfc\x1an\xcc)a\xa0\x8a\xf1\xdf\x93\xabH\xa1\xce\
m\xe1\xda\xe8[\x1e\x12{f6yW\xe1\x22\xdfL\
\xb6\xae\x0b\x01&M\xb5KN\x08\x93\xa4\xb2jf\x93\
w\xef\xcc\xc6\xbe\x17\x0f\xcd\xf8\xf6g\x94csno\
\x7f\xc7\x8f\xc4\x14\x8aU\x95\x082\xea4\xeb5\x9fi\
\x1c\xc61\x96\xa5L\xcf\x1a=L'\xf4T\x9c\xd0\xb1\
Q\x93y\x12\xfc\x88N\x15E\xa2w{d\xc3d\xa2\
V\xc8\xfc\xacz\xe0\xc5|\x84\xa9h\xacg\x96GT\
>az\xda\x07\xfa\xb7o\xa9yq0\xe4\xd6F\xe5\
\xb3\x15>\x18\x8d=\xa5\x88\x7f\x8c\xfe\x10\xb0\x1b\x0d\xb4\
\x0c\xa0r\x11\x902iB\xa3!\xd8\xe6\xb7\xc2\x19w\
+A!\x0d\xbbR\x11W\xd3I\x1d\xa1Qn< \
eR\xfbw\x93O\xdb\x08\xe8\x95\x08W(W\xfa\xab\
\xe4J\x99\x8e\x10\xd6\x0e\x9e\xeb\x04\x89,\xd1\x0d\x016\
mB\xdd\x01\x96pcA&\xa99\x94\xcc!\xef\x9b\
H\x96\xfc\xd4N6q;\xc1=\x05U\x96\x8e\xb3\x89\
\xa5\xdd\x14r\xe9\x0e\xf9y\xa2\xd45\xb4\xda\x13\xd3U\
\x11\xf3\x93\x9f\x0f\xaaij\x8a*h\x02\xf5\x96M\x9f\
\x80{\xf3SA19\x14pF=\xe5\xde.\x9c\xe1\
\xce\xa1\xf6\xc1\xf6\xc1\xd6\xfe\xe6\xdef\xa0-\x02\xee^\
\xe6^r\x9af@\xd7dW\xc7\xd74\xc4\x5cML\
\xb0\xe4\x10\xbb\xd5,\xe5\xb5U_\x1e$~\xa6^\xf8\
\x12\x96]@\xe6\xe4\x80SS6\xa74\x15\x1dr\xc7\
\x13;S})-T\x22A,ME7\xd7D\x07\
`\xf3\xd8D\x806\x0e\xba\xc8\xfa\x89[[\xdb}\xad\
\xd1\xd9\x14x\xec.\xf8\x8el\xc4\xe6\xfeV\xd9\xa0\xed\
\xf0\x10\x9d\xfe\xc7\x1a\xea\xf2\xdd\x7f/\xd1M\xe9'\x04\
\x9a\xa9a\xfb\xe8\xfb\xc5\xd8\x8f\xa2\xdeU\xee\x0a\x11\xe4\
\xde\xcdk\xc6\xdd`\xe1s\xd8\xfa}\xc1q\xa2\xa7\xf6\
\x11\xfc\x9b\x1ar\xf0\xe6\x13E\x1c\xbc\x89z>.r\
\x9b\xf9\x8a\xf1x9\x9ajr4@\xc8<\xf8\x1b\xa7\
4\x1aH~\xb3\xdf\xb1W\x87\x1a\x1dl\xe8f\xf8\x04\
\x96\xad\xfd\xed\xd0\x1cXv\x06\x88\xb6\xa0\x8b\x13\xbd\x83\
\xbd\x83\xfd\xfd\xb2\xe8\x85?\xbb\xf0\x0365i\xa7\xef\
\xdb\xed\xc4q\xa7\xaf?\x8b\xa0\x0e%\xfcvLom\
\x18Pd\x8d8\xeeJ\xdf\x82x)\xb9\xee\x1dc\x01\
x\x0b\xbdk\xc4\xd8?G\xdd\x85\x0f\x15-|K\xdc\
-\x82\x09\xed'\xa3\xc3\x9a\x84\x0dK\xbft\x18\xddP\
\xc6\xbb9\x09=\x97]\x11\xcf\xe2\x9f\x85\x0a\xefQ\xfe\
EW\xae\xd1\x1f2\x95\xcf\xad\x14\xc6\x0b\xdeJ\x84\x95\
\xa7\x90\xd4\x93\x8f\x8fG\xe0\xf8x\x84\x13\xd1!q\xbf\
\x17\x9ca]\xec\xf48F\x8d[\xdf\x09W\xa3\x10\x81\
\xc2\xf0\xa8^\x92\x07\xa9\x0bUq\x01qc\xf8k\x0b\
\xd00\xcd=\x88\xf1\xf1\xa6?!2\xa7,\x04\xfb\xba\
\xa1\xdeKW\x82\x93\xc9\xf9\xe4\xc1\x1b\x86\xb2\x91\x8c\xd3\
\x17\x00\xc0{\x10\xb4\xc5\x8fB\xa6\xf7Q\xa6Vk,\
bG\xf6\xf1\xad\x91>\x9fz\xccFt\x8c\xfc\xe0\x19\
\xf1 9\xf3\x16\xa0%\xc3\x10\xe5C\x1a\xa2|\x08C\
Y9\x15\x81\xaa\xa7m\xe8 \xc5Az\x1b\x03m\xd2\
\x88\x1c\x89\xed\xc6\xf1\x98\x226KE\xdcE\x07\xf0\x0b\
 \x85i>g*@\x9c.\xe6\xee\x08]\x13U\xec\
\xd5_\x16\x85\xebL\xc5\x8b{\x0b\x85kU\x97\x94\xfd\
\x96\xea\xb2\xab=\xab\xa2C1+<\xebC\xffo\x22\
Ue\x9c\xc7\x1e\x92\x8f:\xf6\x9d\xa8{\xcd\xa0\x18\xfb\
n\xd4[\xe6-\x13c\xdf\x8b\xba\x8f.\x18\xfb~\xd4\
kT\xe4\xe4\xd7G\xf7.(\xdc\x10\xdd\xb3\x00k\x1f\
\x8e\xee_P\xb8Q\x11\x97\xaf\x99\xf4\xbd\x017,\xdc\
oG\xddW\xba\xef\x14\x95\xa8\xfc\x15\xd98\xcaHS\
\x84+\xf6W\xbf\xe2x\xef\xb4^\xb2\x94Z\xc7}\xe7\
WW\x22\xa2\x0f\xb16%V\xd7\x94bIK\xbf=\
\x9dU\x18\xd4?\x8c\xb9\xcb\xdd\xaf\x8a[n\xf9\xd0\xdd\
V\x00\xae\x804\x13\x93$P\x8e+ \x84\x86\xd4\xd9\
\x1f\xf6\xea\xdd\xc4?Z\x86\x15\x86zx\xd6d\xfd\x0f\
y-!\x0d\xf5P\xcb\xc0\xf6\xef>\xf6\xd8\x94\x82=\
\xf6\x92\x03Ss'\xddv\x93\xf8\x97\xbf\xba\xfbz\xcb\
\xe0YR)N\xd9\x02\xd1\x9c\x8f~\xc3\xbd\xc22|\
Y\x10\x08a\xbfL\xbd\xf7.\x91Jg\xb2?~\xce\
\xaaF\x81\xbe\x9a\xc9Y\xd5\xcc\x84\x11?\x13\xfa_\xe3\
~\x01\xf9\x97i\xbd\x1d\xee\x0d\x95y\x0b|\xee\x8e\x99\
x\x0b\xbc\x1b\x1a\x84\xfc\x89\xaa\x16\xb3\xa5U.f7\
T\xb7\x98\xed\xafn1[\xfd\x94(,\x8dzkC\
\xb2\x94\xbd\xf5-1#\xff\xce\x0c}S\x95\xf6V\x95\
\xbe\x9d*zK'\x9a\xdf\x18\xa98\x19;e\x82\x15\
U\xf7\xd6\xb7\x0d\xedFn\x94i7\xa6\xef-i\xbc\
\xbd\x1c\xfa\xa7J\xe7\xa1w\xc3\x86\xdf\xd5\xd9\xa4\x99^\
\x8b\x8a\x10\xf3e\xe1\xba\xac\xcc\xd6\x1bD\xe1\xa6\xe8\x8d\
\xa1\xb1\xcb\xa2n|D\xbcQ\xce\xad\x05\xac\x0aS\x9c\
\x9c\x14\xccC\x02\xe5\x00(\xa6OP\xaa8\xa3\x8b\xb2\
\xa8\xcaq\xf7\xfb\xb3\xba\x90\xfc\xf6\xa8F\x98\xfb\xd2\xba\
\x82\xfc\xa1FB\xa0\x9c\xc0\x80a%\x0d\x98\xb0\x9a\xc1\
\xb4\xe8\x0e\xc2\x9c(\x86wZ\xaa\x80\x10\xcc\xf2\xc2\x9c\
\xcd\x11\xb1/\xda\x10\xfa\x87\xa8{CH6\xf4\x92U\
\xe2\xc5W*\xf0\xb7.q\x98\x96\xe9\x11\xd3_\xd3\xcb\
=\xd8\x95\xe8=\xf8\xdb\xa2\x5cK\xf9\x98`\x8bZ\xf7\
\xc5\x91|\xb0\x0f.p_\x13U\xa7\xc7K^n\xae\
\x8a\xa1\xcea\xe5#\x0b\xefp\xb6\xf5\x0c\x0f\x0e\x0f\x12\
\xe0b.\x1c\xc1\xe7\x83\xafe\xbeV\x88\x8c\xa9\x16\x19\
\xd3\xb8@\xae5a\x1cY\x1d\x0f{uIp\xf0\xbb\
a\x17\xb8\x9b\xd9\xc7\xb5\xce\x9c\x8b\xae*\x17\x9cY\xa7\
\x11\xcf\xce\xd0\x92\xc3\xda\x98>\x9c`\x12\x86\xa3\xaa\x03\
\xa3\x04\xd0\xb1\xdf\x13\xee\xed\x85e\xbe\xaf\x1c39\x98\
\x8c*\x11\xd9\x0b-`]\x11p6\xfa\x9cz\xe4t\
t\xb6j\xbav\x7f.Iygc9_#\xbb\xf8\
\x9aj\xb68\xf6\x16\xa7)\xe8\xe9D\xfev\x1c\xa8\xee\
\xf6\x05\xbc\x12h_!q\xc1\xab/\x97|\xd7xI\
\xe1*\xe5n\xdeFo$l\xe1'!\xdas\x92\x9e\
\x95\xa5\xddc\xeebw\xad($\xa2\xfb\x97\x88B}\
T\xff\xf9\x91\x8f\x0b?\xf4\xff\x8c\xa6\x13\xb4W-\xdd\
\x13f\xd26b\x8f\xe4l\x97\xd1;\x1d\xb7\xce:\xb0\
\x14\xaft\x81\xbbY\x14\xfeZ\x9e\xab>%\x0a\x1f1\
\x7fo\xf9\x9c(,\x8b\xba\xef\xdb\x86\xaf\xde\x8c\xaf\xea\
\x0a\xbe\x1ds\xd7\xec\x11\x85\x8fF?\xffEQ\xf8X\
\xf4s\x0f\x8a-\xdb\xac\xa9z4\x08uc\xcey\x9a\
h\xfd\x5c*0V{\xaf\xbdu\x9b\xa5\xbcA\xe18\
3@\x87\xd8\xa9\xe3\xab\xcdB\xf7%i\x969\x84\xc8\
\x1c\xcf\xb3\xd3\xc7\xe3\x99\xe7\xab\x01\xf4G^\xb1\xb5\xd5\
^\xed^\x8a\x8f\xe5\x7f\x8e\xd4\xd3fv\xe7\x99\x8b\xde\
\xa0\xe3L\xad\x80\xbc\xd4\x0a\xd9\xb3e\xb3\xd5\x8bN\x93\
6\xa6#\xc5\xb2\x96\x80$\x8e\x0f\xdc\xc1\x9c\xc5\x86\x8a\
\x0eK\x95\xb0\xd4\xdeno\xddl)\xcfbXg\xc6\
\x84xe\xf1\xd5f\xd1\xbaC\xee\xd3\x1b\x0f\x08/\xae\
\xa8\x0e(U@\x83\x08\xce\xe8e\xec\x0c\xb3i\xa2X\
\x1as \xd8\x9fx\xf4\x13\x8e\xe5\x0b2d\x82\x99=\
\x9c\xefC\xe7\xd9\x03\x912\x12\x8a\xc1\xe4\xbc\xaf9_\
{\xd4\x0ar\x1c\xd4\x93dZ\x9d\x86\xbf\x99Z-9\
;\x9d\xa4\xbd\xec\xe3\xc4\xe9\x9b\xe2a\xbcZ\x0e\xe3,\
\x0d\xe1\xac\x7f\xf8\xc6\xf6+a\xac*\xf0\x1d\xfb\x1a\x96\
\x17\x11\xadC\x9f\xe9\xb4b\x88\xed\x0d\xd0\x9cQF\x9c\
\x1b\x9f6\xa8\x1e\x08l\xe1\x0f\xcc\x9cU\xddvc\xde\
b\xb1/\x5c\x15m\x12\xde\xe4\xcc\x19\xab\x96\x8f\xec\x0b\
\xcfDi\xd4V\xa3\xacR\xb5\xd1\xe5\xe1;V\x89\xea\
\x88\xc8\x1e}\xe9\x94\xd1\xbdG\xab\x22XSn\xae\x1d\
\x22\xedvF\xfa\x19\x9di\x10\xdc\x93jDB\x12\xec\
j\xcf\x8a\xa4\x9cT\x09Y\x89\xa3\xa8cO\x01v\xf4\
\x94\xce\x1b\x0d\x9c[\x14\xee\xd8\x1f\xd7\xf5\xa8\xc7\x10;\
\x95\xea\xa5\xd4c\xe6\x9aKeR\xca\xfb\xb7G\xe5\xf6\
\x12\x8eK'?M*wi\xbb\x0f\xbc]x\xa1\x88\
\xd3\xea'\xb6-\xa7\xe9'\xdf\xe8\xe4\x5c\xe0\xcep\xa5\
2\x9cr\x0b\xee\xb7\xdd\xd0\xb1\x08mIc:\xedE\
\xeb\x13\xc1\xf6\xd0\x08\x80\xf2v\x9fp\x14\x18\x01\x0a\xca\
\xad\x12L\xbb\x039\xcf\x0c\xd9\x04!\xe3\x98\xdb\x19\xf2\
\xae\x89\xb0\xdd\x1b\xa2m\xba\xac\xe0\x8b\xbbvfy\xd5\
\xeee\xd5M\xb4=\x83\x91J9\x0c\xabK\xf5\xef\x9d\
\x19pc\xe4\xd3\xc2\x10\x8cR\xf2\xe8\x19j@\xd9*\
I\xef\xb2\xf0\x0c\xb2\x8d\xcf\xe4}4\xae\xb6\xb7v\x86\
\x83\xe1\x9aP5^:\xd9w\xab\xe4OUE\xeb\x19\
s\x1b\xdc}\xc2\xbby\x19\xa7\xdb\x22\xb22\xa7\xb4m\
&\x97\xaf\x84\x88\xc4\x18\x04\x7f#3R\xb1t;g\
8\xca\x16G\x1c\x7f\x0ej\x98\x93\xcb\xca\xa7\xe4K[\
\xc6\xb1[4<\xdafvg\x95\xe9\xda\x06\x9flc\
\x11\xd48\xef\x97\x8a\x82\xc9\xf6\xce[&\xdc\x8bF\x83\
B\xf6y\x1faqJ\xab\xbf\x07%\xbf\xef\x8axk\
\x1a\x84|,\xff\xf2\x8e#\xb6\xdc\xd2\xc9\x0b+/\xb9\
\x8b\xabKe\x97\xabLe$\x92<ux;Y\x5c\
D-\x00\xbe\xea2\xdb\x90\xd9\xa4p\x89w/sW\
\x88\xa5\xd5\xdd\xec\xea\x80T4pR\xfa\xf0 \xe9\x92\
\xd4jTA\xf6\x9bUF-\x99\xee\xe7\xa1}\xe1J\
)\x12*\xa6G\xa8\xf7V\x88_\x84\xd9,\x97C\xae\
\xabW\xfe\xd7\xe5KL\xb1\x1f\xa5l\x0e\xc2\xf5h\xc0\
q\x18\x8e0X\x02\x12z\x0e\x98\x85ss&`2\
u\x8a(\xf4\x12\xccI\x95\x08\xba+\xc2\x02\x1d\xc0\x13\
>K\xb3\x88\x17'\xac\xf2EI\xdf\x1dq\xe0\x00\xcc\
\xc6\xec6\xe0*\xc2r\x0c|\x10,\x96EO\xa3S\
\xa2T\x86A\xafJ\xe9\x1e\x83P(dZ]\x16f\
K]\xbe\xd8\xd9.\xff\xeb\x84*\xe5\x83\xde\x1aid\
>\xb2<;t\x0aZ\x9d\xce\xd4\xe0,|8\x97c\
EAM5w\x08\xe9\xces\x98\xa0\x80\x8b\xc4\x11\xed\
\xc28\xa2\x8f\xaf\xc7\x12\xf5\xc3hr\xdd\x1a\xc1\xdf\xee\
\x82\xfb\x90\xf7\x8b\xb9\x11\x9d\x94\xba\xe9\xbe\xc6\x8d\x8b\x0a\
\x85GY\x0e\xb1\xf8\x0d\x97\x12\xd5}\xa2\x85\x5c\x1eN\
\xd4\xb3\xfacP1\xcf\xe6+V\xac\xbbZ\xa1\xfc#\
_\xb2\xf8\x0d\x92\x7f$1\xca\x80Y\x00\xb1WT\x81\
\x0c\xdeA\xb1\x0a\xe4\xb4\x0a\xaev,\xe3\xb6\x88@:\
u\x1e\x09!2:X\xa5\xcf\x1cg8a\x1c\xb6\xbd\
G\x94\x80\xfb\x1c0\xc6\x14\xb0a\xb8\xdb\x1e\xe9\xb7\xcc\
\xa2\xdf\xe7[\xd1\xed\x91V\xf3\xd9\x04\x1d\xe2\xe8\xf3\xcc\
/\xdf\xe7\x98-D}~8\xa9\x81\x15\xea\xb3\x8fl\
\xb3\x0c{\x5c\x96\x82p5\x86\x81P{\xfcp2\xe5\
\xeb;a\xeauR\xa6\x01\xe4\xb9\xe9\x83 \x1c\xac>\
\xbd\xc52\xb2\xd3m\x8e\xb1\xcc\xec\x06y_\xead\xdd\
\x8d\xfe\xaa\xc6\xa4\xdd\xd0j\xf9%\xaa\x11T\xc2\xcaN\
\xea\xf3\x8d\xdd\xda\xc3\xa5\xc4r\xe0\xf3\xac\x95\xd0\xe6\xff\
\xec\xa7\xb7\x163opT\xf3\x8c\x96\xf8>\xa3\xd5\x1d\
\xb4\x87\xc3^\xaaxHn\x0c\xe9\xe3\x22\xee0\x89r\
\xbd\xe4Ok\xb7\x1f\xd9b\x99\xa4_\xea)\x8cYN\
\xdf[\xfc\x1d\xee1\xdf\xf7&\xed5\xdf\xef\xf8\xbe\xf3\
\xc8\xd6\xa2\xde\xd3\xc9\x04u\x9a\x92\xa2\x8e$\x13\xba\xa6\
\xef\xb9\xcd\xd3\xf5\x1c\xfb\xbfT\xef\x11s\xf0\xb4=\xe8\
\xfb\x0e\xf9U\xf4\xf7\xca\xf7\xe46+\x00;\x04\x80=\
m6\x86CE\x9f\x885\xf5\xb7\xec\xc9\xbf\x8a\xc6\xdc\
~w@l#\x93\x1d\x94\xf9@w\x16\xa0P\xcfs\
\xca\x18\xd6T>\xcb\xc4s\xd2t\x5c\xef@>\xb1\xa6\
\x9a\xad'\xc7\xdcAM\xbe\x01\xb5\xe7\xf3\x89\x0dw\xc1\
\x0bw\xd1\xcb\xcf\xe8l\xe1_\xa95_Is\xfc\x1a\
\x96\xf8\xdf$\x12\xbdk\x87\xed\xab\xd6\xdd\xf3o\x16\xdd\
\xcbB\xfa\x81\x07\x1c\x90G\xc0\x92\x06\xca\x22M|\xb3\
@'lC\xed\x82\xf8\xe8\xae\xfb\xe0\x85\xfb\xe8\xe5E\
yN\xd3\xc6\x8b\x5c\x08\xdb+d\x84\x83\xa9v\x01g\
,\xfbj\xe7\x118o\xdbf\xfbu^\x83\x00.=\
8_6\xd5\x8c\x0c\x8d\x0cm\xdf.\x8b\x11\xa6\xca\x93\
\x13\xe7^\x1a9\xe7\xa1K%\xa7D\x9aqC\xdc\x8e\
e\x0by\xd9\x8fk\x8f\xba\xa9\xc9\x87\x1d\xb8\x1b\xb6s\
\xfbn\xe2\xc5:\x1c'i\x0e\xda\x0b\x0e\x12\x1dn}\
\x09k\xe2\xddw\xc3\x10i\xe0R\x9eb\xd79w9\
w\xd1\x85~K\xce\xe8\xf5vWG\xe3\xcd_\xdf\xda\
\xd3i\x11'\xa5\xfc\xf8=tB^\xa0v\xb3\x1f>\
#\xb2\xe9\x00G\x0e\xb0\xbd\xc2\x22V\x03f\x13\x95H\
\x81\x91\xd0\x04\xae\x86\xca\xd5\x08\x12\xc1Q\x1aK\xf0J\
\x9c.OJ\xc2H\x89\xf8hR;\xe80\xdb\x97\xfc\
V\x84\x93\x83l\xf71\x9d5] \xf3\xa5\x9d\xee\x96\
<\xe6\xe4\x1e\xdcL;\x90q\xa5\xc81\xa4\xa0r6\
\x92\x0c@Ra'\xf92\xc75\xa9\x99\x8fu\x80\xe5\
9\xfd\xa8@4\x9c\xc2:\xeeb\xc1\xea\xe1s\xb5\xd1\
\xb2\xdf\x0d\x82&\x86a\x949e\xbb\x1d\xbb?\xac\x00\
\x19\xb5$q\x97\x81\x89\x98a\x1f1\xfaL\xfcZ9\
CwX~\xae\x0d\x14\xec`\xd0\x89\x9dN[Z\xb5\
\xe9\x8c\x06S\xab5\xa9\xbd\xdd*b\xa5\xc1^T?\
\x9a\xa6\x12\x1b\x17Iv\x95\xfb\xa2\x99\xe0\x86.%\x8b\
\xb6q\x09!\x9fS:]\x5c\xadC0J\x8c\x80\xcc\
,\xe2\xae\xcdb\xb8\xb1\xb7\x1b\xe5\x8e\x98\xc4\xa5\x96\x9f\
N\x0d\x9f\x8c\x93qXaI;\x1f\x8cT\x09\xe5,\
'\x92\xdb\x98Pz\xe51QX\x1e]\xbdZ\x14n\
\x96\x0bU\xc6}\x83\xe0m\xe7\x8c2\xaf\xd9\x9a\xc6\x92\
F*\xc2v>O\x93\xf1\x17\xda\xe6\xf8\x19|\x0a\xcb\
_\x90\xed\xf5y\x98`)\xde\xf2\xe0\xc6\xb4\xf5[\xe3\
\x13KI\xa42\xe6\x98c\x07N<\x09\xa6[\xa91\
$+\x86x\x85\x9c\xb8\xaau^\xad\x898/V\xdf\
\x81\xec\xc5K5M\xb4\xa9\xa9w'N\xaaw_M\
\x04\x16\xac\xa7\x86g\xc1<~\xb0\x93J:\xf94\xd5\
\xa4R\xf6\x8a\x15\xfe\xf6\xbaY\x1aT\x9b6\xe1>\x94\
\x85\x15'\xd3H\x8b\xc9Z\x9a\x98\xbf\x05\x07\xa2*\xd7\
\x03\xe3\x82\xe1O\x9ai\xa3\x94\x9e\x02\xe5\xcft\xd9N\
\x17\x1c\xaf\x88\xd6h7Y\x94\x02\xacC\xd5h\x0bu\
\xc6\xa4\xa9-Jp\xee\xe4+`\xadV\xf9\xbc;S\
\xd0\xa1I\xfb#\xcb\xc4\xfa\xf5\xd6\x17`\x1a\xafm]\
\x0fa\x9a\xb3\xba\xd7\x99\xf5\xdf\x85\xdcCH\xc3t\xa9\
\xda\xc5\xbe\xf19\x14QNRN\xee)\x85\xb1$\x8d\
\xb73:X2\xa1\xb9#j|\xda=\x89lf\x12\
\xc7l.\xc7\x87{3U\x0c;\x10\x1d\xedRLE\
f8Q\xad\x5c\x0e-\x08\xfb\x83\x1f\x14;\x9c\xed\xb0\
\xd2n\xe3\xfb\x99\xe0\x18\x06]\xcc\xc7@U\xabB\x10\
\x88\xd5s\x22Y\xed\x1d\xa3\xf5\xaa\x8bK\xb4\xbd\xe3\xa3\
\xc6xlD&^\x02\x90\xda\x07\xf2b\x98\x5c%\x86\
\x19U\xe5a\x9fUs\xb0\xa7\xae\xcb\xe9\x82#\xfc(\
\xc3\xf3Nh\xe79@N\xc1\xa1v\x82\xd3\x0b/\xf7\
^+\xda\x99cO\x1fd\x0b\x9a\xc5\x99\x99\x03Y\x19\
\x9eG\xd2\x19\xb6_\x89\xc5K\xefr\xbed\x12y\xe6\
N\xd9[\xb7L\x9d\xd9\xb1u\xabe\x9a\xd2\xdf\xec\xfe\
\x1a\xf4\xa6l~\xc2\x1e\xfe\xd4\xbdNx\x1f\xf7>n\
\x15y\xa9+\x91i\xc1_u?\xee~|\xd2\xfc\x98\
)h\x89\x81\xc8[\xae\xbb_u?\x14\x8co\xa2\x93\
)W\xdc\x12T#\xc3\x18o\x7f\x83\x9f\xa3-\xaa\x1e\
\xf9\xb7\xc0\xef\x89\xe5A\x12\xa9\x94&\x8a\x83\x7fM\xb7\
\x10\xd9/\xceJT\xd5B\x14G\xa3\xf7\x01\xc7VF\
\xe8\x22\x0aR)\x8d\xaeQ2HLM\x00\xb6 _\
\xbf\x1b\x0c\x12\x1c\xeb@\xbe\x9dp:\x9d\xce4/\xd1\
+W\xfe\xce\xefae\xd6@.q\xefR\xef\xeb\xbd\
\xcb\xe7\xc3\xe4\xfb\xd1\x84\x1c>\xe7\x1e\xa4\x08\x06\xf7\xaf\
-\xee\x8e\x22I\xf82\x91z?\xb6\x80\xe4\xe1\x0d\xa6\
\x80\xd8\x9c\xc1Y=\x85\xdcO\xc9$\x9baD\xca]\
\x1b\x1ev\x86\xbaT\xa2E\x7f\xbfJ\xba\xc0\xf4\x0b\x7f\
BF\xe7\x90?Y\xa3\xb5\xdf\x9f\xc8\xe1'\x928\x8e\
\xea\x8c\x90?\xc4IB%\x89\x15\x94KT\xf2\xd6x\
qP~fzV\xb8v\xc0rU\xa2\xde\xeag\xb4\
\x09\xe5\x13\x01,\x08\xe5\x1c\x85\xe8\x03\xb2\xbd\x176\x88\
\x97\x0c\xca\xfb\xe6\xf0Y%\xea\xcd\xa4\x9f\x0f\xbeh\x82\
\xf2\xa8\x1bL\xa2\xf2\xf0\xe0X\xba\x9c\xdf?\x1d\x1c\xf9\
\xa5\xc2\xd1W\x15\x1fz\xbd\x17\x13\xd5M\xa4\x0fW\x96\
\x13O\xadPAB\xbcn\xcf\xe2V\xae(+\xfe\xac\
b\xe1\xd3p\xb3S\x16\x93\xcem\xc2L\xa7y\xacx\
\xa0\xe8\xecT\xaa\xd6\xfc\xdc(\xa34\xe5'1C\xc9\
\x0a\xa41Q\x16\x93Nn\xc2T\xa7\xa3Z\x10\xf40\
L\xc9\x0fW5M\xec\xd8S\x07\xc5O\xa2?h\x16\
?\x8d\xfelP\xd6\xf6\xb9\xd7\x8b\xb1\xce\xa8\xb7\xd6K\
\x8a\xea\xd4\x9e\xe2\xeev\xc42T\x02j\xd6!\x1f\xe0\
\x98\xf0\xd6\xbak\xc5\xf3J\xf4d\xad\x18[\x1e\xdd3\
 \x1e\x88\x8e\xb4\x88\xc2\xc7\xa3\x1f\xd8/\xc6\xd2Qw\
\xed\x06Q\xf8D\xd4\xeb\xf4V\x8a\x8aI:\xa8'\x91\
\x83\xc4\x8d/\x09\x1f\xf4\xe2\xc2\x8d\x17\xd1u\xf8\xcf\xf8\
\xfe\x1a\xb3V\xf0\xd3-\xf2\xae\x8aL~\x7f\xc9\xd5\xa2\
\xc2 v\x90\xce\xc3[W\x1d\x15\xcb*w{\xc4K\
zW\x09\xb9CU\xfb<\xdb\xbdE\x91\xaa\x1a3\x96\
u\x87\xc4WV>\xd2\xd7\xf7\xc8J%H?[o\
%$Z\xaf\xa3\xd1\xa6f3wT@n@Q\xed\
`Da\x96V865\xa0\x8b>)'Z\xb3\xed\
\xce\xf6\xe6X\x8c\x19\x82\x8d\x89\xf9\xa4!E\x92K[\
\xc3F\x8bH\x86\x5c\xfd\x18'iv7Q\x89\xfe\xd3\
\x13Di\x8f\xa2\xbe\xcdm\xad`\x87 ?^{s\
'\xc1o\x90\xda\x1d\xbc)Y0\x0e\xbb\xb9,\x90\x13\
\x11\x9a\xb3\x8fK \x87\x8d\xe8\x90\xaa\x0f\xa1\x07\xeb1\
r:\xe5\x8c\xa2\xae\xed\xcdqg[\xcd)d\xa8\xa6\
\xe7\x0f\xb6\xc9,\xf34\xf9\xfa \xca\x0aZ\xd7\xd6|\
\xcb\x81^p\xc8-1\x8b \x9c\xb6\xdb\xed-\x16-\
=-\x1d\xcdNGKK\x87\xd3\xdc!\xffpZ\x06\
\xda{Z\x07IK\xdd\xea\x916Of\xa0[\xfe\x95\
\x1el\xed\xe9\x18\xb0b\xee\xb7\xdc\xb8\x02\x98/\xff\x9e\
x|\xd9\xe3\x8f\x93\xe4v6Sbo\x00Z&S\
J\x19\x91\xa2\xac\xaae\xcb\x1e_Fj\xf2\x99T9\
R\x89)\x090\xe4\x97\x97\x91\x97,\x95.Y\x9c3\
\xea\x14\x94.9!e\xb2\xc4\xc0\xfc\xb8\xbcu\xca\x01\
Kg\x8b\xe3\xc5\xeaq\xca\x91bd\x99M\xde\x87\x07\
\xff\xa0{\x9b(|R\xda\xb3\xefv\xff^<q\xd3\
\xd5W_\x9d\x7f\xe2I\xcb\x0f@\xe0\xd8G\xbf\xd3\xef\
\x8bb\x18H\x83\xfd/\xef\x13O&,?\xc6\x81\x11\
\x10Nky\xb8\x90}S\xe2\xea\xbc\xf5\x9d\xcbE\xe2\
&\xab\x08:\x04\x1f\x97_\xf3\x85\x10\x0c\x84\xc2N<\
\x99\xcf[\x97_'nz\xc2\xf2\x03+\xc6Y\x8d\xb9\
\xdf@\x9a\xfcx\x0a\xfb\xc9'\xf2W\xcb\x9e\x8f/(\
\x8f\xb7\xb0\xdd\x98\x1b\xb3\xca\xa3.\x8c\x00B\xe0N<\
\xf8\x86\xef\x1e\xf8n\xcd\xbd\xfbD\xb5\xd53{1/\
f\x95\xa2G\xa8\x95\xca\xa0F\x14\xf4/fM\x82\x1d\
issb\x12\xe2\x13\x18\xb9\xf6\x13\x89\xeb\xae\xbf\xee\
\x9f\xad\x03W\x8b\x7f\xfe\xce\x13\x09\xab\xecH\xe6\x93M\
\x22a]\xbdO|\xe7z\xf9o\xb91\xcb#\xd2N\
<a\xed\xcb\x8b\xeb\xaf\x93\xff\x96\x1d\x9d4\xf6\xec'\
\x9e\x90\x8d}\xbb\xfb\xb8p\x0fF\xbd\xc8\x9f\x89\xc2\xdf\
Dc?S\x7f\xfe6:\xb4I\xb8\xcfF\x7f8\x00\
\x83n\xaf\xfb-\xf1\xb6\xe8w/\x87\x0f\xb8;\xdc/\
\x0b7*w\xef\x11\xf9\xe27.\x87O\xfc\x9c\x87\xe7\
\x9b\xe4q+\x19&\xadtp'\xbf@n\x8a\x0d\x8e\
\xdd\xa4\xfc\xcd\xbf\xd6\x0e\x81Cd/\xb4\xa6\x8c\xfe:\
I\xab\x9f\xa6]\xab\x83\xcb\xd3\xbc\xda\xe2N^\xd0\x98\
\xd8\x82\x8e.\x82\x99\xc6r\x03v\xba\x89\x93\x0fOh\
\x1euu\x9ei\xb4S\x11\xc7ODqL;\xcc\x15\
V;\x19\xd1/sP\xf3d\x82d\x15\xb2F\x9f\x04\
o\xd3\xe7\xf4\xe7Z/mc\x11\xc0\xdd`y\x9e\x86\
g\xbd\x82\xfd\xebCa\xcaf\x9e\xd01\xa3\x09\xa5\xd2\
gg\xc3\xbb\x9c]p\xb0\xdd\x057\xc2g\xa6\x8b8\
\x98\xe2\xdb\x01\x91\x0f\xdfb-\x10\x1f=\xaa)\x14V\
\x01?R\xab\xa7\x9b\xaf\x06\xe4\x1e9\xce\xfdT\xa9\xcf\
\xdd\x11\xf3\x87>\xaf\xe5\x10\xc1og#\xce0\xf9\x9c\
\xe6\xea\x83\x9dz#\xdd\xcf\x0azs\xb4:\xba\xcdv\
\x17\xc9\xb4\xe8\x1a\x90\xbcX\xd4`=\x5cB\x83\xd6i\
=$#\xa88\x0b\xd9\x86Y:\xf0i\xdds/\xe8\
\x9c\xda\xe7Q\xc0!GL\xcd*Y\xe9\xd3\xd7\x89\x7f\
\xff\xf8\xe2\x8f\xcb\x01\x1e; \x0a+\xa2n\xec\xa8p\
[\xa2\xcb\xfeH\x14VF\xafv\xdf%\x8a\x85\xe78\
\xa6\xe9O\xd4\xb5o^\x1e\x99J\xa0\xaeRu4\xfb\
\xeb\xcb\xc3/\x8a@\xf2\xbe}\x11\xdf\xfaQ\x02\xe5\xce\
\x94\xe0\x92\xca\xfb\xea\xec\xe5_\x0fW,\x09Q\xb6\x05\
\xbd\x8b\x0f\x89\xb17\x11\x93\x81w\xde\xd2\x8d\x01\x14\xfa\
\x94\xde\x11{uu\x90\xddAoQ8\xe5\xa4|\x09\
\xd3\x94F\x0e\x1fwRv\xf3j_\xbe1w\x22\x88\
w\x8c\x83\xdbz<\xe8+\xc5\xc3\xe2\xa3\xe1@\x83\xd6\
\x82so\x16\x812JQu\x0a\xea\xd4\xbc\xc7\xc2=\
\x9a}l\xba\x04\xbd\x17\xdb]X9\x5c\xd4\xde\x13\xa9\
\xb8#6\x86\xbdO,\xf8\xf1\x9e\x1f\xaf\xb6\xbc\xa5K\
\xc5.o\xd1\x86\xf0\x1ew\x91\xd8\xe7-Z\x1e~J\
VJ_\x19\xf1\x165\xc8W\xe2\xc2\xdb>\xe2n\x0f\
\xb7y\xd7\x8b\x9e\x06o\xc8\xe9\x19\x91\xf3\xe2O\xdco\
\x0a\xf7\x92\xb7\xf8\x04k\xd8\xb5\x87\xceC*Y\x90\x82\
\xca\xb4\xc1r\xa4uI\xbex\xf9\xec\xb7x\x8bvV\
\x05+|)!\x85U\xc1\x09w\xba\x8bn\x09+\xfb\
\x11\x0e]5\xd4\x06\xd8d\x99\xb4\x89\xc9f\xa9T-\
\x97e5\x0eU\xea\xa0\x04-o\xb6{\xc9o\x8a3\
-\x18C\xa7\xa6\xc9\xbfy\xb3\xc4]\xde\xa2\xfb\xc2\xcb\
eONR\xf9'w\xb1\x18\xbb,\xea]\xe2\xad\x10\
\xee\xa9h\xec\xb9\xbd\xc2\xfd\x03\xf7\x0d\x96&\xc3e'\
\xa9\x97\xa0\x5c`$\xb8\xcel\xc9\x12\x93\x06\xfc\xdco\
\x01\x1d\xf4\xbc\x16\xd1<\xac\xad\x98\xe7\xf4\xb1\xe6\x98\x12\
\xf4E\xb5k\xf7c\xc2\xbb\xd6\xbb\xd6\xea'\x078\xb0\
\x8a\x0a\xda\x82\x1e\xa2G\xa2\x1dkt'%\x1c\xde\xab\
\x00\xadJ\xcc\x12\xe0]@)\x0e\xe00];?_\
?d.\xe30\x14jjyU\x12\xb5B\x95V\xbb\
\x8b\xdfc&dRh\xa2\x92Th\xba\xa0\xcf\xba\x02\
\xea\x14\xc6\xfb\xa0\x03<\xa7u\x94\xe64@\x87O\x13\
\xffI\x12\x84\x8fZ\xe1\xa9\x1a\xed\xcfy\x9f\x15\x85O\
E\xbd\xf76\x8a\xc2*\xe8\x80\x91]\xee\x02\x07\x09\x1c\
\x14\xea+\xa6\x17\xa4\xf3hW\x19\xa6\xa5h.L\xb0\
y:\x0a>Go\xa9\xb3\x01G\xbck\xe7\xd4\xfdx\
L\x0f\xefC\x9c\xc1\xab\xd4\x8e\xa9\x0f\x7f\x99\x1b\xed]\
G}w\x04\x0e\x8e.\xbd\xd7n\xb0\xe3\xf6\x95\xee\x87\
\xc4\xb6m\x88\x96\x19\x06\xccc?l\xac\xdd<\x12Q\
\xd5C[0E9@\xb8\xa4*Bi#\xb4\xcb \
'JFvt\x99\xc7\xcb\x05\xc9\xa7\xc75\xda\x88\x93\
\x9dl\x7f\xde\xd3\x04\xe6Bq\xfb\xab\x91J\x80\x8f\x17\
@\x16:\x8e\x90\xcd\x8d\x5c\x8e\x01\xba\x08(\x87\x0e\xea\
F\xc2\xeb\x1dbVWh$\xbc\x88l\xa4\xf6u\xe4\
\xe6;\xa2\xa4kR\xb9\x5c\x97\xc6\xe6\xcd\xd5\xfc\x18\xf3\
\xb4\x8d\x14\xa3)<L[\xc3lF\xde:\xbb(\x19\
c~\x9eD\x1cQ\xb3\xd1\xd4\x94\xa0+\xb2\xff\x9f\xcf\
[\xc9\xf6\xae\xed\x9d\xd66\x1e\x15\xd2\x96\x1dl\xb6\xb7\
x\x9f\xf4\x8f(w\x85aq\x9b6\xd7x`\xe6j\
\x92\xb9\x5cU\x09\xdb\xda\xea\x9c\x87.F\xbc\xae/c\
;x\x07\x05\x8c\xbaL\x9d\xad\x0dc\xbbB\x0d\xce\x96\
\x96\x12Q\xce\x82\x96\xb2\x90_\xdc\xec\xd8\x07U\x92\x19\
\xce:\xc4\xb2\x1a\xa4\xab\xf6l\xc4\xf0\xdb9\xc2\x99\x1e\
\xd1\x9c\x01\xa6v\x98r\xf76:\x1b\x1d\x96\x8a\xd0H\
a\xc0\x1b\x99\x9a\xba\x12bt]\xf3\x11]#|o\
\xc2\xd9h;\x1b5vU\xe3Y\xb5~\xc5\x11l\xc0\
z\xba\xb3\xa2\xbbuY\xb6[]\x0f%\x00\xe6k`\
n\x8c/\xe7\xab\xcdA\xc9\x8f\xfa\x927b\x8c\xa0\x95\
c\xb6\x1e1\x12\xb67\x7f\x83\x18F~j\x96\x9a8\
\xad\x92@\xe1\xd8\xe2\xdc\xdf\xa1\x14p\x0c\x97S\x81\xcf\
\xdf\x83N/DF{\xa0\xa9\xba\xb9D\x89/\x9dm\
\xa7\x0c\xf3\x81\xbe\x96\x08~\x07\x0f&\xe4\xc44\x19\x7f\
F\x15\x9c<MN\xbb\xdd\x18\x86\x1b\xe8M\xf2\xef\xf2\
\xd5\x9c\xb5=)\x02~\xe2\x22j\xc5Y\x0e\xba\x9cw\
Q{C\xdb\x9dvX{\xf0\x80\x99\xe4\xb2@Ai\
J\x8cjm\xeb\x8fh\x95D6\x160\x87\xb4N\xab\
.\xd4iX{(\x8f\x0bx\xaf\xfd\xc0\x03\x22s\x8f\
e\x18o\x8c\xccS\x99#\x84\x91\xc7<M\xcd\x99\xb2\
\x076\x8bt\xc6\xb9\xcb\xeaf8i\x5c+0\xb1m\
\x9a\xe5\xa8*o\x96\x0esp\xd71\xeb\xbe\xed\xdd$\
\x0f\xe6\xd2\xf2\xab\x8a\x95\xc2;\x1f\xb5\x17\xfbQ\xec\xcc\
\x17\xe2PijOEfD0\xea\xdd\x10\x9e\x11w\
\xf2\x92\xc8L\x828\xf6\xd7\xc2\xa9v\x86`\xc8Vn\
\xb7\xdf\x13\xf6\xb3\xaecta2GyQz\x91I\
\xc7\x9caF\xd3U\x7f,\xd6&\xc1fj\x06\xebj\
\x13\xdd\xa7|\xb7\xa3\x8f\x9d\xd3\xc6Mm\x1c\xb3t'\
\xfd\x5c\xc2\x81\x1dR\x88#Zo\xc6\xd4l:\xa8\x0c\
\xa4\x06RhT\xe1@d\xff\x96m\xaa]<zQ\
\xd4\xa4\xd5]'\xde\xe0\xcd\xbb\xf1\x1f\x03\xa4\xbe,\xe8\
\x99t\x92\x8e\xc1%\xd3\x90-*X\xdfH~T+\
\xb3\xe7\xfcT\xbf?\xbc\xc62\x7f\x19\x8c_\xb7\xc3\x16\
\x05\x19\xd7\xac\xcc\xea\xd6\xb9\x0b\xe9\x1b\x8c\x14\x08(^\
\xd4i\xccR\x1d{z\xb4\x89\xdc\xc5%x\x14\xb8{\
\x1d]\x065\xd6 \x12u\xd4\x8d\x89\xdda\xbfY\x05\
S\xfa4M\x89N.C\x88\xddQ\xb4vj!p\
\xf6\xb6e\xad\xe6,\xa14\xea\xfc.\xc6\x12\x07\xa7\xec\
\x10g\xc0\x84w!\x9b>\x0c\xe1\xdd0Ru\x00\x1e\
\x84U\x98\xd4,\xdd:\xb4%2\xcc\xa6\x1f\xed\xa0}\
\xedJK\x06\xc0\xd2c\xfa4\xabrX\xd6c\xa2\x98\
RC\xab\xa3\xcfvq\xe9\xd1\x98m\xa7\xc5\xf1\x96\x81\
\x14E2h\xc8\xc5sS\xe9U\x8c\xc1\xd4\xd7R5\
\xd0\x8e\xad45\x0bz\x92\x160\xde\x9c#\x9d\xbb\xa3\
\x8cc\xdf\xd2\xb45\xd2\xc8\xc3M+\xe7\x8ei\x9d^\
\xae%1\x0b\x89\x1eW>\xd1W\xbf\x22\x1e\x89\x04f\
+5~\xa7\xfc\x8f\x8e\x9b\xa7\xe3$\xf3\xe1\xb4\xfao\
{\x0ew\xec\xd6\xb5\x22uK\x98\x8c\x93\x1a\x9f\x0a`\
\x1d\xecC\x8ab\xac\xdb\xd1\xd1+}8\xac##\x95\
Z\xb0\x83\xf0U\xec\x81\xb2\xdb\xbcy\xe4\x80\xdf\x17\x02\
\x8f\x9d\xda%\xe3\xac\x1f<\x9fI*|\xb5\xb9\xac,\
V\xfc\xc6|\xed\x93;\x1f\xce\xa1x\xb1\x0b\xf48<\
\x1f(\x5c\xf4\xdenj\xc7\xb4V\xd9a\x0d/6\xb5\
\x17\xf2\xec\x87|\x1e\xc3F\xa8\x9f\xf2B\x9ee'\x0f\
3\x89\x86\xaf\x066\x15\x14Eo\x1c\xd6\x96\xf1\x0bp\
0\xd7\x92,\xf4\x1b\xf0kEwpXS\xcc\x1c\xa3\
\x90s\xc9s\xc0\xb3y\x04]u\xec\x96\xd07\xa2\xb1\
\xa3\xfb\xc5j\xdc\xd5\x1dF\x887\xd5\xa43\xe9\x0c\xc1\
\xfaj!4]\xcb\xa9e\xb0\xf7\xd5\xd0\x1b\x19\xf9\x1f\
#\x82\x09\x7f\xec\xd8\xdb\xc2f\x89\xa1\xf8S\x17\x97\xb5\
$yA\xc9j\xc7L\xb2\x1ao\xae\xc1\xf5\x84\x9c\xa3\
I\xc7\xde\x5ct\x8f\xe0\xb3\xd3Xv\xb8\xd7\x0c\xdd\xe7\
He\xf7\xb9\xe7\xbepE\x9f\xdb\x89V\x98C\xd0'\
\xf5C\xe9\x8c\x86]\x03\x8f\xa9\x9avw\x0d\xddg~\
7\x00\x94\xc62\xe3\xbf\xe6H\x85\xd7T:z\xe7i\
\xd0\xc0\xa4\xfam\xcc\xd8\xc1,\x1f\xcaC\xdf\xc6\xe5\x18\
\x85\x91\x9bSvJ-ogX0\x88\x12\xdf\x81w\
\x13K\x98\x86Z\xc8\x84\xd3\xe1N\xc5\x15/\xcdq=\
8M\xed0\xab\x82\xab\xbd\xd6\xb1\xd3w\x85\x1dF\xaa\
\xd3\x83\xa4\xe5\x7f\x0cY'\xad&\xc7n\xa0\xbe\xe4\x07\
\xd6\xd8\xf9\x0c\x8b*\xe91w_\xf3]\x11}M\x0d\
\xe6\x9c\x00w\x97*\xd3\xe5\xae;\xcd8\xfe\xa2{\xad\
Xv\x7f\x84\xc0\x81stV\x9cl\xe8\xd7B\xf8\x0a\
\x16H\xcd\x83\x132\x82\xe9\x09\xe6\xf8\x9dE\xcc\xf5\x8e\
}\xfb{\xc4\xd2/F\xb69\x08\x8fD\x1b;\xac\xa3\
\x00\xa6\x86:/\xb2\xb7\xd4\x96\xa4z\xaa\x0f\xfa\xa7\x87\
K\x97Ex1\xec\x1c;\xf0\xbc\xf8b8\xcb\xce\x02\
X\xc1\xf3\xf5\xf8\x9d>\x8aw\x074\xd0\xe9`p\xa0\
\xa9\xcb\xda\xd4\x8d\x1aM\x94\x06\xa0\x03\xc3\xa6\xe6QB\
\x9f\xe6\xa0\x9a\xaf)\x0c\x800w\x0ed\xa3b\x19\xa3\
\x5c\x89]Y\xfb\xbe\xddk#\xb4T\xc2 \x9a\xcf\x00\
\xe9\xe6\xe1ff\x8f\xd2\xfa\xac\xea\x18\xff\xb9p\xaa\xdf\
\xc8\xfe\xfa\xe3u\xa6\xe6\xa2\xcf\x84\x81\xbe\xaa\x83\x9c\xf7\
nMrj\x0b4|,\x8e\xb4\x0f\x9ah\x5c\x09\xdb\
\x19\x02\xe1\x174!\xcd\x91<\xeaS5qy\x08(\
\xbf\xf2\x09\xf2X\xc0\xa4Z\x7f_\x84\x1cj\xb5z\xdd\
\xb4X\x02\xab\xa0x\xd7\xd5\xe7v\xd8\xdf\xff\xbf\xa2+\
\xed\xfc\x80T\xbbZa\x9f-V\xaa\x83\x9d\xdae\x00\
\xd0`\xf3n\xcc\xabx\xf8V\xd1\x9eq\xdek\x91\xef\
\xa2\x16T\xad\xc0\xd8\x88\xe8\x01bju&IE\xc1\
\xcd\xcaFPM\xad\x85\x84q\xf8\xf4'\xc7\x8a;_\
\xec\x1a\xb9\xafa\xd7=\x91n\x0cn!V\xe2\xc2|\
\xfdN8]\xee\xa43\xe6\x02Lg\x97\xc5\xab\x12>\
p\x1b-\xc0\x83\xb8\x85\x7f\x01U\x88\xb2\x00\xb0\x82$\
\x83\xe75\xc0I\x1d\x03\x1b\xc1\xac\xc0R6\xca\xd1\xf8\
hr\x83\x9d\xdf\xf0\x9e\xbb\xfeu\xc3\x920-\xe7\xcf\
Q\xae\xd9\xdd\x98}\x8b\xe5\x0ex\x86\xdd Q\x16\x85\
8\xac\xad\x22\xfb_\x88(\xf4\xc3\x09\x08 \xe0\xda\xf3\
\x0b\xcc\x93\x22\xf9\xea\x8d\xdb7nG\x18q\xcdE\x9a\
X\xef\x95`G\xaf\x089;\xa8\xf9byn\xd2y\
\x9aS\x10j0-\xe7\x80\xfe\xa7\x0d\x8c\xf6\xb6v|\
Z\x90\xdc\xa5\x1d\xcd\x5c\xdb\xce\x0c_p\xf4\xc6rn\
|\xb4E\x8e\x0fdQ\xde\x0cO\xa9\x04\xaa\x9f\xd3F\
\xfa\x0b\x98\x5c\x93\xa3,\xe5\x13:_\x19j\x0a\xc05\
q\x14\xf43\x0fQ,\xb4\x9bN\xed(\xe6\xad\xe8\x87\
\x1e\xeb_=\xb4\xa7\xff\x96p\x969\x10\xfdT\xe7\xdd\
\x5cF\xc0\x9dm\xb3\x01\xe5\xf8\x04b\xd1F\xde\x161\
:l\x1d\xe4\xaeT\xd8.\xbdM\x9c\xd6G\xbc\x82>\
\x05\x16(\x96\xdaBF\xba\x0a\xdd\xb6\xb4\x0e4\xc9\xff\
\x87\xfdA@\xd8\xa2\xc7\x94`\x9b\xba\xfb\x1e\xf6<h\
\xee >V\xb57\xc2\xefl\x81[\xda\xbc\x96M\xa3\
\xbcb\xb9?\xc2\x04\xd6\xbe\x9a\xf2\x17*\x97\xb4s\xaf\
\xed~\xeb\xf5b\xecH\xd4{\xc3\x9db\x17\x9f\x10\xe4\
\xa5\xb2\x9d\xe6\xc0\xe1\xaf\x85\xd0'Z\xefk\x01\xe7\x11\
yJ`\xd9k\xbdf\xd7\xc5\x8b\x22\x9d\xe3\xb4B\xfb\
s\xc3\xba`\xad\xeb\xc5\xf4':|\xe2\xb10A\x9c\
k\xb0B\x0d\x0f6F\x06M\x92\x93\xe6\x99W\x0d\x8e\
e\x9d2\xcc\x0b\x94\x90\xdajo\xf0\x9d\x16\x98V\x8a\
2Q\xa9\x96\xa4\x93\x93\xd6\xb5v\xd6\xf4\xa7,-\x9e\
\x9b\xa0\x13\xe6ih{\x0f\xda\xde#\xaf/\xfcP\x90\
\x1b\x0b\xfaxL3\xf2\x9d\xf2\xf5\xb1\x82W\xc2\x91\xec\
8\xe7\x5c75\x0fE(\xe1\xa4\x86\x80\x96],\xd8\
\xa9\xbdK\xe8\xaa\xd6\xd9\xf6\xf2{\xfd\xf6c\x8f\x89\xcc\
\xc3\x96\x11OO\xa6&=\xadvj\xff\xf3\x18\xde\xbb\
\x5c\x12S\xf6\xf0z\xe5^\xb9\xdd\xea\x0d(0S\xc0\
\xa0\x8bK\x8c%\xc8G\x94\xa7W>z*\xff\xb5?\
\xa1\x97\x88K\xea\xdb\xb1\x83\xe4\x9a\xf8Z\xb1k\x14\xa7\
\xc2.\xe8\xebm\xce\xa0\xb3\x9bN&\xf3u\xa2\xe9\x1c\
-\xa3<\x07!\x000\x90\xea)cu\x82\x5c\xcd\x0e\
\xba\x9e\xb1\x1f\xe62D\xe5NT\xd2@5\xfb\xae\xcd\
8\xc3\xe0\x94\xd4T\xd3\xd2\xd6\xd2F\xf0\xe6\x93\xf2\xce\
\x1b\x11\xe4\x92i\xcb\xfa\xcf\x91\x1e\x8dP\xf5\xaa\xf2\x0c\
\xfc\xcb\x86\x0f\x85\xb1\x9aQ\x06\x1e\x11\xa5\x04\xbc\xe7'\
t\xce\xb2k\xe62\xde\x10\x0d8\x92\x11U\xc2\x97G\
\xef\xf2\xfe\xe8\xde\xff\xc7\xde\x9b\x80\xc7u\x9d\xe7\xc1 \
0w\xe6rH\x82\xda\x0e(\xdb\x89-\xc5\xb2\x9dN\
*'\x8e\x928\xad\xac\x96q\x12\xfb\xb7k\xd7\x8aX\
@\x89,o\x92I[\x95LJ\xa2H\x82\x22Al\
\x04f\xb93\x18\x0c@\x10\x04)\x82\xa4)\x8a\xf2 \
RI/q,;\x92\x12*\xee\xdf\xb8r\xe2\xfc\x05\
\x93&\xfe\xe3\xb8\xdeD\xad\x14\xb7\x0b\xe0\x82D\xef\xf9\
\xb6s\xee`!0\x12\x95\xa6O\xa4\xe79<\x98\xe5\
\xce\xbdg\xfd\xce\xf7\xbd\xdf\xfb&\x0c\x99\x04\x80\x0cJ\
\xcc,)h\xa5\xc5\x92\xdc\x88I\xd9\xcb\x98\xb4\x22\xa7\
\x1d\x1b\x8b\x81\xe9\xe57\x8f\xaau\xdf\xfa\xc4\xdeo\x1c\
\xfc\xc4\xf0\x97\xe3\x1f\xf1\x13#\xde\x93\xef*xO\xbd\
R\xf6>\x12$\xbe\xecy\xcd\x9f\xf0\xbc\xf5\xdf\xf0\xbc\
\xcd\x9f\xf0\x9c\xfa\xa3H\xa6P\x05f\xf8\x8e\xf8\xc2\xe3\
\xeask\xc4\xb8\xc1\x1dU\xa2e\xfd\x15~\xb7\xea\x0f\
\x968\x1ctZ\x94b\x0fc\x85\xa8\xfa\x85FI\xae\
\x9a\x86\xcf^\x08yG\xbf\xaf\x7f\xec\x9f*\xe03{\
\xbc\xc7\x0dn\x8c\xf9\xaf$\xebO\x7fWajU\x1a\
\xae\x9a\xcdd3\x9c6\xc4\xe9\xa7n.\x9f0B\xf5\
E#\x97^r\xfbI_\x08\x16\x09\x0e,\xf3\xfa\xe0\
~\xa3\xac\x06\x0b\xed{:69|\x88\x92\xa8O\x8d\
\x049\xf4\xba\xf8\xc4fU\xe4\x03\xa2\x86\x06j\xb0\x0e\
}\xbaF\x5cy5tH\xccK\x99\x8a\x9c+t\xee\
\xf0\x05\x08\x12OrHI\xf4\x04m\xdc\xc2$\x1d\xe7\
\xc2\x13\xe8]\xdfW\x11n\x08$\x0dj\xf2\xac\xc4;\
>\xbe\x88*\x9e\xbe\xdfl\xce\xc9\x9a\x94\xde\xac\x05\x8d\
\xb0A\x12\x8dM\xdd\xb2Y\x85\xb7\xd7\xe5\x14\x0cu|\
\xafY\x1d\xdd\x1b\xfd\x15jlY\xb2\xb8N\x8d\xc5\x93\
\xef\x0anQ\xc6[M\x0d\x15\xe7\xf01\xbeVg\xf8\
\x91\x00\xef\x93\xc2\xe3N\xaf\x94\x22ni\x10M\x09\x9d\
d\xa8\xbf>T\x1aJ\xf3\xa6\x9e\xe2\xb0\xc8\x05\x8cC\
@9\xa5\x0f%\xfa\x1eK.\x9a-\xc5^K%\xba\
@\x08\xe5\x1a\xf2\xdc\xe6\xb8\xac-S\xe2\xf9<\x82\xbd\
\x9eILO\x1b\xe9F2\xbb\xce\x09M\x0c\x84|&\
(\x07\x9f]\xaf\x98N\x09\x87\x0bz\xaev&\x9as\
1\x81\x8fU\xcb/H\xd4\xe7\x02\x1d\xff2E\xf8\xa1\
\x02\xe7F\xa6FX\x17\xcbH]\x19\xf9+\xda\x9b\xb3\
\x9cy8)iu\xbc\x0df]\xfcG\xa7\x8fMJ\
~\x0c\x0e3\x22\xb7\x8bh\x8b3E\x0d\xaf\xfe|\xbc\
\xd2\x17iMG\x02n\xe8A*O\xf3\x0e\x8e\x89\x8c\
J@\xcd\xa6oB\xff\x93\xb6R\xfe-\xf7\xb1IQ\
\x0f\xbb0[\xd4\x02\x1cG\xd5\xd8\xa2\xe4o\x1cVc\
\xb5\xc9_\x0e>\xab\xa7\xde\x05\xf2\x02{\x86|\xc3\xc0\
@K\x94\xd1\x10\x97c\xb5U\xc3SkS\x09\xc6\x9a\
&\x9f[*Cn\xa9-\xbf\xcc\xe7C\x00\x1b\x92`\
m7\x97\x8e(B\x8b\xc1g!\x0b\xf2=\x85\x1e\xc6\
\x0c\xd5\x8ai_\x01W\xc0\x05\x85\x80\x22\xd3}\xdb`\
\x7f\xc0\xaeR\x0b\x89\xc01:_\xf6P\xd0o\x91\x84\
\xff\xb0\x86kM\x13\x05\xab\xa0\xd9\x07(V\x93\x94\x85\
%)\x08\xdaebO.\x11\xc6\xbd\xc5\xb2\xe2\xc5$\
a/\x06[\x1d5\xb4\xa0gx#\x10\xf4\xc4y\xc0\
EN\x82\xf7\x04K\xd48\xa5n\xcf\xba]\xd0\xa5\xe9\
\xee,\x0d\x88\x0b0\xc2j\xc8\xec.\xc0\xa3\x14\x18\x93\
/\x02\xed\x9ay\xb5\xab\x05z\xa2\x05\xbe\xd8B\xb3\xed\
<g<\x91~\x1f\x04\xef\xb0\x84\xf3\xcf\x04\x1f\xd2\xc0\
F\xa2\xa17\x8e]\xd5\xc4\xb68\xbdVH\xcf\x14\xa4\
p\x0f\xfd\x17\xd5\xd9\x8aveW\x9aEo\xf9\xcd\x5c\
>Nk7\xad\xc1m5a\x97\xf7\x14\xa1\xfbK6\
\x90\x87D\xbe\xcb&\xd6Qp\xcb\x07\x15}$\x8e\xd6\
\xbe\x80\xf1u0m`\x8b#\xf7*\xa0\xd6\xf0&\xb2\
\xee7:\x158\xae%\xed7&\xf6\xa1\xa9\xd5r\xa4\
\x83\xb6B\xe3\xba\x1am\x9cN\xdc\x80]4%4.\
\xa0U\x1e\xcfz\x19\x8c\x02\x99\x96)\xe0\x86\x19m)\
w\xf5\xb3*Wb\xb8'\xda\xe4\xe5r\xef\x8c\xf4E\
\x08\xd9')\xf2<\xa3Y.\x94-Uu\x0f!}\
\x86\xb0)\xbaI\xb1\x85\xaf\x07\x916-\xebO\x9fQ\
]\xe94\xafv\xbc\xab7\xda\x99\xd5s\x9b\x036\xb1\
F-\xc7\x89\x81m\xc2=zH\x0d\xf68\x9c\x88\xc2\
+\xbc\x80eJ\x06\x0b\x9e!\xb5\xae\xc9\xb2\x8dW\xb5\
M\x07j-\xcf}\xe2A\xbdva\x8cAC\xfa\xaa\
2\x1b\x0a\x09\xd3\xbfpW\xf9\xb9\xcc\x86\xb2\x8e\xf2\xd4\
\xc8\xb4\xa2\x00]\xd9Za\xdd\xcf\xfcx\x06\xa3B\xe7\
\x1ex\x056&dt-\xc4\x980g\x8b.7\xbf\
\xdd)\x94\xece\xda\x18\x13\xcf\xa9\xb1\xb7$\x83w\x05\
\xeb\x94\xc1K\xc3\x8d\xf7\xcdjB\xf4\xd2b\x1e\x93e\
\x1dk\xa3Z\xa6\xca\x9c$\x12\xb2\xd2\x81\x19\x01\xa7\xa8\
\xa8)!\x19x\x099\x0d$p\xae4\x11\xc5*\x9a\
\x15\xfd\xc5\xc8\x80\x89\xc9\xccF\xd3\x82E\x86\x09\x17j\
\xb1\x90\x94\xeds\xc7\xa4\x9c;&\xe5T2\x09\xa7\xe6\
\xa8\x89a\xe4,\xd3\xf331\xce\x08\xf3'\x93\x17\xcc\
\xdf\xc4\x80\x91PL\x17\xec\xf3\x05\x92K[}\x195\
\xc9\xd1\xc4\x80\xe96i\xcc\xf8Ff\x0e\xbd\x00\x1b\x10\
W3b\xc8\x8f\x98\xa4\x5c:\xb5DL\x0d\xd8[\xbb\
\xfa\x99\x80C\xcc\x0ckf\xd9\xa6\x86\xf0\xf5\x8d\xc9*\
9\xc6Y\x8b\x1a\x1a\xc7\x16\x1a\xdcL`X\x84\xd8\xe4\
\xc8sy\x9e\x16pmj\x1c\xf7\x9fV\xc7\x92\xcd1\
\xffT2x\x1bZ\x1a\xd2\xa5\xd4\xcd\xb6\xb5Q(\xf5\
\xc2\xd8\xeag\x0bC\xfc\xed\xe1 ,\x0d\x0c2\xae\xca\
\xb60\x0a\x15\xd6E\x17\x85D'$8\x8aNV&\
bE<Au\xd6\x05\x08\xc5\x09\x7f\xdcT\x94I\xae\
\x0e\xd4\xd9\xc3\xbf\xd3EF\xb4\x08\xd1\xdeB\xac\x8bH\
\x00\xf6\xe2\xd6E\x91\x17DHm\x9efYH\xca_\
\xe5a\x93-\x8c\xe8\xea\xc69\x9dS\xe5\xb21\xc9\xd9\
\xda\x80\xfb\xcav\xce\xc3\xda\x18cY\x1a\xfdd]\xc4\
\xa5(V\x07\x05\xb6\xcf\x19g\x87\x8e\x9d\xa3\xcb#\x10\
\xd6\xc5\x00\xe3T\xe5\xee\xd9-\x8f\xed\xe6G\x0a\x15`\
\x09x'\xab\xad\x0e\xbew\x98P\xc6\xec\xe0k\xce\xc3\
\x18AT\x10\xf2\x88B\x83\xd7i\x1e%\xf7\xcb\x8f\xce\
av\xc0;]4f&\x8c\xca\xbd\xdc\xfe\x05\xb1\xe8\
/\xe83\x02\x9e\x97;U.1/\x93$g\xc9\x16\
d\xab7I`\xfdf\xbf\xeb,&\xc9\x7fW\xb9>\
4IJ\xb4\xf2\xc5\x0c\x13\xdf\xc2L\x12X\x9b/\x80\
\xdb\xe6\x82\xb1+\xf8d=\x83i\x02.0\x94M\x0a\
\xcf-\xf7\xf8\x8f\xa9\xa7\xbc\x8f~\x14\x19\x93\x06u\x9c\
\x82\x89\xf0^\x91\x166\xb5\x93\x94p\xbbu\xfb\xd6\xed\
\xf0\x8d6X\xd2\xb6ry^\xe2\xfe\xb5r\x09S\x0b\
\x17\xfd\x96A\x08\x8c\x0e\x12\x90\xb2^\xb8\xcd.\xd3\xdb\
\xfc\xeau\x89\x05\xa4\x92\xcf/\x97\xe5\xf0\xda\xf8\x1b&\
\xc0\xf7\xe8\xa3\x89\xc2\x0c\x92\x05\xf3\xf1\xc7!Yn\xd6\
s\xd7\x1e\x8d\xf3\x22\xbc\x84\x82\x9a\x03}\x03}\x98-\
\x0b\xc1L\x0cv$E\xd25)\xba\xae\x18\xab\x5c\x8a\
z9rF]\x22\x84\xce:\xbf\xff;\xff\xdd\xbb\xd5\
y]\xb2{\x8eW\xc5\x9b\xef\xae\x8c/\xbc\x8f\xa7\xdf\
\xa5\xdb\xfco\x15\xd9I\xa7\xc4`|\x95\xceT[\xb1\
\x0c\x97\xd53)J\x8eC\x7f?\xd7Z\x08\x05p\x12\
\xec\x5c]\xb6\xf6\xc3\x1b\xbb\xb8\x84i[\xcf'I\x8c\
\xfcr\xad\x7f\x90\x0e\xe2.\xd87\x5c\x1d\x22\x0b}\xb9\
X%\x5c\x1b\xec\xa4[E}\x95\x94\x96\xe7\x5c\x93\xbc\
~\xa5bB\x84:\xe1\xe3M\x00\x9b\x1f\x96IR\x91\
\xdde\xdd\x1a(\xeat\xef\xc1ej\xf5\xea\xc4k'\
\x02\x99\x9d%\xc5=z\xfb\x1b7w\x9e8ziI\
\xebW\xebyu\x19\xd9\x0b\xbb\x99P\x82c\xfdV\x0d\
\x22\xa1KS\xda\xb6\xaf\x074\x5c=\x0a\x1b\xb5\xd5\xe4\
trd#\x96\xdd\xc0o\x09\xb2\x88\xcb\x04\x17\x9e\x14\
Q\xa2\x84\x80\xb2\x13\x8c\x00A\xc3\xe1\x15q\xc6H\x95\
c\xc6m5-\xb0Oc\xd9\x06\x86t'\x5c\x05\xcb\
4\x5c\x87\xa9\x83\xfd\x0f\xf8{\xd4_{\xff\xee&F\
8'\xe5'\xc3]s\x0b4\xd1\x16j\xa8\x93lQ\
\xe9_\xea\xe6\xf2\x14\xe1\x1e\xda,,\x00X\x1f-\xb4\
o\x9c\x94\x1d\xe4$\xc3\x7f\xf0Ib|\xd3R\xeb\x87\
\xb8\xad\xe1\xf9tm\xca\xcfem5\x9d4\x19\x02\x99\
\x16X\x83\x8d\x8aqX4\xc1\xa86D1\xf8\xa5\x80\
\xaf\xc0\xd2%\xecE/\x5c\xa4\x97\xe6\xe5\xa2\x14\xc3\xb7\
\xceC\xf8\x1cK\xf0\xa0\xd4\x8b{S\xe7}\xfe\xed\xdf\
z\xbf\xe3\xccw\xe7\xa8j\x14\x9f\xa8nM|\x03\x09\
}>\xbcR\x08\xa6\x96\x82\xf9\x06\xdd\x06\x5c\x09X.\
&xT\x1f\xac=}tt\xab#\xc4\x5cE\xca\x03\
\xbd\x8a\xc6\xc0v:\xfd\x9c\x03I\xfb\x19\xd3\x1d\x8c&\
\x1d\xc2\xff\xf0ZV\xa2\x88xi\xb8\xd61[\x92\x88\
\xe0\x0c\xa7D]Lj\xa2\xf8\xd6\x07\x9f\xee\xa3\xbdt\
\xb1\xc8\x1c\xc9\x8b}\xb4~\x87\xcf7\xa4\x93G\xbf\x1e\
\xbb%\xf1\x9a\xd6\xbc\x8b\xc4\xe3\x5c\xef\xb1?\xbc\xab\xb5\
u\xc1\x9a\xc2\xc2U58\xf8\xd0f\x8e%\x9f\x15#\
\xfb\x0c\xf4\xcci\x8c\x82\x0aB\x16x\xc8\x1d\xfe\xa4U\
\x03\xe6\x0d?52\xb0}`;\xb3M\x13m\xee\xbf\
Xa\xffb\x85\xcd\xdf\x0a\xa3\xb3\xc3\x18\xec\x00@\xa5\
\x1b\x17j\x96\x98P\xb3\xa0\x86\xda(#\x02\x85\xc6\xca\
\xc3W\x91\xc1\xef\x9c\xa4*\x99\x9a\x0f.\x14B\x95w\
\xba[w\x0f\x0e.\x98\xe3QT\x9e[[\xef\xfa\xc3\
\xc7<\xe7\x92Z\x19\xb7T\x17D?\xf5+d\xcc\xe2\
b\xb4d\xb4\xb1\x7f7,b\xbbi+\xd4\xf6h\xd4\
\x0ct5\xc4\x8cNe\xe6|Fn\xae\x16\xdb\xde\x9d\
\x10 \x13\xa4\x1b\x8e\xb7\xd5t@\xf3vps\xb7\xd5\
d\xdb\xe1<\xe9\xb6\xd3\xb1\xf2\x9c\x89\xe28\xe2qq\
\xd8\xb3E\xa4:\x90#\xa7\xcb,Q\xe8\xd4h\x97\x0b\
\x94=\xe4Lq(s\x04\x8c\xde/)\x04\xc0NM\
\xbd\xac#\xf2\xda\xa8\xe8\xe2\xf24!E\xdba\xe1\xdf\
B\xab\x9a\xd1\xb9\x08\x1f\xa4}Ps\xa0k$Ty\
d\x98P\xa9`\xb5q\xed\x11\xf2\x12\xbc\x15\xfa\x0e\xcb\
\xb7\x88\x96\xe9\x0a\xe3\x90\x5c!\xa7\x86\xcb\xdbj\x9ai\
\xfd\xfb\x19\xf3\xb8\xe3\x9f'\xc9\x09\xb1\x99\xd9f\xc1\xbc\
:M\xd1\xdd\xad\xa5\xad\xe1\xc9\xfd\x15h\xa5\x97\xf5<\
8\x1e|R\xbd\xfeJ\xa5\xaf\xbfP\xa9\x1b\xa4\xe2\xa2\
\xb6\x01qC\x80\xdc\x09\x9d\x22\xd7:\xf4\xc7Y\xd3\xf0\
\x15\xd14\x0ck\xf9-L\xd8.\x0c\x19'\x09J\xd9\
:\xb3$\x06\x08f\x00\xe6\xe22\x98fX\xd6\xd3\x1d\
\x0e\x22\xaa\xcfK\x148\xd7\x1c\x96j\x13\xa00\xcc9\
\x10\x99_D?\xebI\x99\x1aaW\x8a\x91v\x98\xa2\
+\xe5H\xc8\xcfK\xd8\xd8Z\xd8\xfe& \xff\x14\xd9\
\x0a'%\x97\xe5B\xb8)j;\xe0\xc3\xfe\x7fT\xf7\
\x07\xaecy\xb7\xf1\x8c\x190+\x90,\x12D`\x8a\
\xb8}F\xef\xd7\x8e6\xda\xf1\xb4l\x9b\xa3\xc3@\x13\
d\xfflGE\x03\x8e\xd00\x13\xba\xc4\xd46s\x16\
\x1f\x0bwB\xa6\xb9;\xfcC\xc7V\xdb\x98\x22\xb2\xe2\
\x1c\xab\xfc\x18\xc9\x1a\x9d\x0d\x80\xb1\x98\xb6Ba\x87\xf3\
\xedo+/\x22\x1a7\xda\xd8\xdd\xdb\xddKa\xe3Z\
\x1aYB\x10<A\x08\x9e\xee\xf0?\xa8ty\xdb\xbd\
\xed\xf4\xc1\x89\xd4H\xaf\x85\x10\x84\x8b1J\x10\x93k\
)[\x92V\xd3^x\x80^z\x8c\xf0\x12%\x8f\xa5\
\xd3\xd6\xfc\xb5\x22\x86\x1dh\x87\x17\x81\x1c\xf6U\x09\x0f\
Y5\xc2\xcd0\xcf\xec\x98\xf8}'\xb0\xcb\x9b\xe8i\
=\xcf\xebpl\x96\xe4:R\xa2*u\x97\xba\xe90\
6I\xe9.\xd9\x12\x07\x1b\xa0\xf1L>;\xab\x86\x96\
9@!\xb1\x14\x93\xaf\x13\x8e\xbd<F\x8b\xdc\xbeB\
\xfe\xfe\xae,\xdad\xd9.d\x07\xca\xc2\x90\xc9\xd2^\
v\x01R\xec\xc2ko\x80\xfa\x030\x94\xd6S\x87\xfc\
X\xb2\x04_\xd4\xbfx9\x19\xbf\x87;\x91\x94\x00\x0f\
J?\x0f\xea>\xfa\x16\xde\xa9\xdd\xa9Oi\xfcS\xbd\
\x80\xa4\x96Q|i\xb08\xd0\x0b\xb7[\xa2\xc8R\x8c\
&P\xaf\xa9\x16\xddR\xd1\xd9G\x0fu\x0d\x86\x8a\xc2\
\x9f\xbd\x9eCg\xf9\xd0\xf0\xf9\xd7\x12\x1e\xba\x86\xb2\xf8\
\xf7a6\x97\x9eFV\x22J\x99C3\xe4\xde\x18\x07\
\xd4\xbd/(S\xc3S\xfd\xaa\xf4\xc5+\x8d\x94\xa9\x13\
^L\xf3xM\xc9\x8e?%g\x85\xa9FA\xa2\xeb\
Y\xf12\x19Q-4N\xc0\xec\x05\xd3\x00\xac\x87W\
\xe5\x0a\xa6\xf6\x0a\x1a\x0eM\xc4\xa9\xac\xf7\xd8/=\xa1\
\xfeg\xc2\xca\xb0\xdeE\xcb\xd3b\x09$@\xed\x0c\xf1\
\xba\xb6x[\xbc\xd6\xae\xceV\xb7s[\xe7.\xa7s\
\xb0\xb5\xb4\x05\x91\x8b\x9c\x12\x82.\xf5s\x82,<G\
\xd7\xddF'\xf4\x9b\xca\x7f\x93\xd8\x03g\xd8~Z\xed\
\xea\x05\x9ez\x8e2\xa0\xde\xfa\x99\x91\xafQ\xae\x00\x1e\
v\x17\xcb\xe7\xf8\xc3\x9d[\xde\xfa\xef\x13\xf5\xfe/\xc7\
\xbc\x0d\xe4\xc4~a\x94\xe1\xb4/I\xa8\xec%\xd1\x1e\
\x02%\x93z\xcb/f\xb1\x96\x13\xba\xd4\xcd\xdf\xe7x\
&\xfd\x8efD\x9dD\xa4\xad\xda(.3\xc5\x82\xfb\
\xa5]NA\xb0\x02v\xa8I\xf7\xd6\x102Gd\x11\
\x05z\xd8#x}\x5c4J\xc0\xac\xe1\xda^\xa2\x14\
\x08\x87\xed\x01.Q\xe2\x04\x02.o\xc1\x9d[V\xeb\
\xabGq\xf3:\xe0\xe2?\x9b\x09\x0c}BP\xa6\xa6\
\xf6S\x9a\x9b\xeb\xbcu\x1e--\xe3\xa2\xcdr\x9a\xbf\
\xa5k\x9b)!\x22\xbc\xe2\x06.I\xdaE/\x81\xe1\
\xactO?\xa2LT\xb7\x97\xc2E\xf1\xe8b\xb0\x08\
\x80\xad\x17hr\xa5\xdd\xc7\xef\xb3\x18j\x84k\xba1\
<\x90x\xc2ro\xb3\xaa|\xf3\xbfP\xb3Bh\xa4\
I\xd4g\xa781L\xbb\xf8#BC\x22?Df\
\xed\xa7~\xd71\xa1\x97n\x8a\xc1Z\xf1\x10\xaau\x19\
\xf8^\xd1\xfd\xfc!\xc7\x8e\xd0\x0b\x8d\x8e\x97\xf5*\xb4\
5p\xfb\xfc\xf8\xe7\x1c#\x96\xab\xc3\x07\x86t\x875\
5`\x1b\xa2\x93\x01ST\xa2r0\xd0\xeb\xd7\xfb\xff\
\xca?\xa8\xc6?\x97\xf4\xdf\xf2\xdbj\xfc\xf3\xc9\xe0F\
Mt\xbd\xc4@j\x99\xd2\xc4\xf0G{\xa4\xb1v\x01\
\xe2\x05&\x14u\x81Y\xfc\xa5\xe1\x16Qc\x11\xddb\
\x9e-\xf7QA\x9e\xb20A!\x1b\x11\x18\x81\xf8\x97\
\xe1\xf1Gl\xf2)\xc1x2;C\xdab\xdb\x22\xc3\
\xde@\xda\xa8\x96'\xd8\x9b\x99p\x5c\xeb!\xb6q\x8e\
\xe7\xb8\x1b\xd7)\xff\xe3\xc9\xfa\x13\xfe\x7f\xd0\xff\xee?\
\xacl0\x09q\x867\xd9\x5cM\xdc\xc6\x10\xa4\x9a\xd6\
\xc6\x12\xbf\xac\x95\xc0/\xe5\xdb\x0b\xaf\xa5!\xb2F\x12\
\x0c!\x11\x12~\x0d\x0f\xdctH\xf0\x92vmu\x92\
E4\xd2\xf2\xd9|\x96\x987\xcfGy\x02*\x18\x03\
,\xb2+\x8b9\x80\x1e\xe4\x8cX/g\xc8Dk\x05\
\xd4\xf7\x199\x1aq\xf2\x85\xfb\xd8\x7f\xd5\xe3\xe5\x1d7\
\xa8\xc8/h\xc9\x00:HI?]\x10Z]Tr\
~\xd0+\xde\xeb\x08\xab|\x8aY\x1b\xe6\xc3\xda\x05Y\
\x99\xb5\xe6\x83\x06Ls\x06\xce\xb8\xe1\xee2\xd0i'\
V,\x12`\x8d\x06C\xb8\xadw\xee\xf5\x06\x1eq,\
@\x0bv\xc3\x22\x1a\x8by)\x85\xa6\xd54\xf52I\
\xe5Z&t\xf6\x15=T\xb1\xe3\x0bqy\xca\x1a\xef\
2H\x16\x01\xd0J0\xc7;\xd7\xed\xf5Z\xbf\x8a3\
\xbf\x98\xb7\xd5zj\xe1\xe4\x96 p\xc9\x0e2\xba\x0d\
\x16/I\x0f\xb3\x13u\xc5\x98~\x19|F\xf5\xa9\x91\
\x8e]\x1d\xbb\xe8\xa4\x11\x1e\x03\xb6\xf4o\xe9\x87M\xbb\
H\x09\x8f\xb6\xbc\x1f\xc2\xac_\x15@\x84\xa9\x9d\x06\xc6\
[&\xa2%\xddC\xa9\xc1^~F\x00\x1c:\x90\xe2\
\xb7\xef\xd1+I\xfd\x9f\xffD\x8d\xdf\x95|\xc8\x7f\x8b\
\x1a\xbb\x91\xff\xfa\x99\xbfJ\x8d\xdd\x94\x5c\xb9\x0a^\x0b\
\x0f\x9f{\xd4\xbc\x09\xdf\xae\xbf>\xf1\xc6\xd1\xab_\xff\
\xc6\xf9\xc5N\x9cH\xbc\xeeY\x03\xd7\x9fX\x003\xdf\
\x0f\xfc\xdb\xd4\xd0\x9c\x99\x0b\xbc\x94\xd3\x91\xaaP ;\
5\x86yC\xe5\x99\x93F]\xfa\xe5\x01\x0fH8 \
\xdb%\x8ep\x1d(\x11\xd0\x10\x1e\xaa;\x5c\xaf#\x0b\
n\x10\x04^\xa4m\x86\xd8\x09\xca\xd7\xed\xb2\x1d\xd6>\
\xf9\x9e\xba;\xbb;-?\x15n|:\xfb+\x9d\x98\
\xcd\x07\x8az\xf6\x05\xcf\xdd\x1d\xaf\xaa\xbb\xf2\x09M;\
\xbbH\xa4\xdc\xead6\x9aZ\x02\xf92\xd1\xa9X:\
0\xb4\x93\x13\xf5W\x00\xc3\x13zk\xeau\x82\x99\x9e\
\xb6\xdb\xe8\x90\xf3J\x8a9\xd8_\x10\xc8\x80\xa9\x81\xe9\
<A\x19\xa2\xed.\xfe\x03\xedG[\xe3y\xa4\xa7\xb2\
\x17~b/\xbc\x88\x13\xf8\x99\xe0\xd7T.\xd1\xe5u\
\x17\xd2\xc5t1\xdb\xeb\x95\xbcR\x01\xc8+\x10\xf1\xc8\
\xb8\xc7\xd8(\x8f\x01\x87xw \x8b\x8fh\x16\x8a\xb0\
\xddbY`\xc6\x1d\x903\x0f\xab\x88<IWH\xad\
\x91lB\xbd\xff~\xffQ\xf5\xcd\xdf,\x1d\xe4\xe4\x09\
be#\xc7\xa4\xfe\x13\x97\xc5|\x8f\xb9\xef\x8a\xdd\x1c\
\x80K\x19C-\xe2\xb6~\xd2\x89lP\x00=\x9bI\
T\x92\x14\xe4\xc8zr?1\xe8D\xa8\x1f\xa9\xf7s\
V\x0a\x00\xb3\xc2\xb1\xa8d\xb4\xe8\xb1R>\xc0J;\
\xd8\xf5\xf1\x7fp\xb2\x91\xcd\xa9<\x12Mra\xc8\x1b\
B\xef\xdd\xbbW9\xf6\xa6=m?\x9f\xcb\x22\xc1\x1c\
4K\xbf\xd9\xaa\xe1\xe9\xa0\x96O\xed0\x9eG\xfeL\
[\xba&\xcb\xbb\x0ep/r\x9e\xb0j\xe2\xe6q\x98\
%\xc8#B\xf4\x0b\x12s</~\xe5\xf3\x92p9\
\x09\xf6\xb3\xc6\xdd\x06\xc9\xa0^}\xfc7\x897\xc6J\
\x84\xd0\xa3\xa5\xdb\xe3\x1c\x92@:6\x10\xeb2\x90h\
\xd7\xa4\x84:+~,F\xa9\xf4\x98Y\xea\xfe\xb7\xf8\
%u)\x7f4nw\x1e\xad\xc5u\xd0\x11\x1ap\xd7\
\x83\x10*\xf7\x9b?(\xad76\x8f`\xd4j\x8dj\
\x9dU#8\x9a\xcd\x19*\xb5E\xccN3\x83Q\xc9\
\x1dK\xa6V\xc1m\xfd\x86\xc3'\x96\x0bBJx\xde\
\xe4H\x98\x1a\xe1\xf3\x10\x8b\xeb~\xa25J7E{\
\x1f\xaa)\xe6\x0c\xfa4\xc3\x13\xcf\x9ceQ\x97+e\
\xe7:\xf9\xcd\x1b\xd5\xc8*f\xf2\x09\xc4p\xe3\xde\xa6\
\xbe\x97a\x1d\xc8P\x0f\xd8!\x84E\xc5\x1b\xe7\x8d\xf6\
\x0a]\xc0s\x7f\xc1\x1bl\x9d\x91\x9f\xdd\xd8\x11Q\xeb\
\x02\x1fk\x06\xde\xebu\x87\x9d9\xd9\xd8\x0f?\x8aO\
T\xe8\x898\xfd\x04oht\xcdp\x93\x95\xdc\x06\x86\
\xb32>\x13\xac\x9a\xd6\xd63\x9e\xc3\x18M\x06e\xa2\
\x9ec\x81F\x12fr\xb8w?\xe3d\xcd\x09\xaag\
\x16*\xcb\xb2%\xa9 (\xc9\xdaQ\xd9\xfe'\xc1\xeb\
\xef\xfa)H\x08\xa8\xa3\x93lOF+\xccZ\xdcG\
\x01\xcai\x08-v\xf8*\xf2\xe8L\xf2\xb1\xc7|\xc4\
c|r[Mx\x19\xd6e\xc3_\x8e\x81@\x0c\xae\
\x22\x8b\xe8\xe5\x9e\xf0?J\xda\x82\x97`\xb6>\xf6A\
\x15\xc1\xf8\xd64\x12\xff\x10\xa7\xf3\x9b\xcc\x0bC\x95=\
%{\x9c\x96\xb1\xf4\x84\x95\xa4\xd1\xe0\xe0\x0dB\xbel\
\x08Mh$\xd2\x17\x98\xb7\xa3\x863\x8am\x1e\xb5\x18\
Z\xfc\xb4\x9f\x93G\xc1\xd4\x98\xabM\xef\x99p\x85\x12\
\xf9\x1e\x08\xe4-P~c\xd4[w\xc3x}\x14\xa3\
L\xc9\xd1\x8ew\x0ekM'\xfe\x90p\xe8fM>\
\x94\x9d?\xe0\xc3\xa86\xf4G\x13d9ty\xee\xf0\
S\xca+r\xfb\x87\x9d\x8d\xed/g\xa0\x18.\xe4\x8d\
\x8d\x9e\xa1\xc7\xb2\x07Dh\xa1i\x9e.\x1a\x08a'\
\xcf0\x10\xdc\xb9F\x82\xce}v\xfd\x15{\xd4\xbb\x92\
\xbf}@i?\xb3#\xf2\x911\x01\x9d\x98\x1aL\x9e\
\xd0\xd4\xf1\xba<\xde$\xc04</0ZS\x9b\xa4\
\x059\x9d\xd5\x99\x02\x18\xbfL\xb7\xa3\x1aF'y\xf4\
\xce\x92\xa1I\x86\xd2\x84H\x03O\xb0\x0fT\xc3\xce\xb6\
x[<\xf2\x88\xd6\x8er\xd0\xc9\x11\x8f\x1dF\xe9!\
\xcc&r\xb0\x8bE\xa6w1\x09\xb2\x0d\x90\x5cO_\
\x82\xd3\xef&\x0d\xd7\x98$\x84\x98\x1a\xe2]G\x1b\xf3\
\xbd\xf9^\xda\x99c\xa9\x11\x9bq\x8a\xed.\xba\x07\xdb\
\xee\xcaj\x0f\xefe\x14\x1b\xdbW\xa2\x90\x9b^yw\
\x82'\x9a\xd9\x81\xf2y\x8b\xca\x07\x86\x9dg\x8d\xf6#\
\xdb\x1d\xdb\x81\xb8h\x94\x15\xd8\xa6\xa7\xfc\xf6\xb0\xe5c\
\xad-u4\x0e\x16\xb0\x84\xd0.\x88\x90z7me\
.\xc8\xc1\xbe\xc7Jv\xe1\x11\xf4\x9f\xfb\xdaow\xec\
\xd4\xf6+\xc3\xd1\xbd\x07U\xc9\x8b\xbd\x85\x92\xb6$\xff\
\x83\xbf\x5c\xc1\x89\x19Y\xf0v\x84G\x8f\x01\xc3 \xb8\
p\xfd+\x93\x91(S\x0e%\x831\xb9\xaf<\x93\x92\
\x80G\x06>\x0b<\xba\xa6J\x9ct\xb3\xd0\xfe\x13\x95\
\xe5\xa4\xf0\x9b^\x90p!\xd6 \x00\x19\x97n15\
\x07Y\x05\xca\x86\xb4\xdf\x0d~\xce\xff]-\xb63\xb3\
\x8e\xc7\xcc\x02\x1en\x90I\xcc,\xe21\xb3p\x87\x96\
\xb3\x9bY\xbccf\xc1\x0e\xf7p\xbb}\x86\xcfO;\
\x96M7\xca\x16F\xaf=\xf0l\xfb\x1b\xc7\xe5\xfd\xfa\
\xfc\x18}HLS4V\xf1\x07\x0e\xc7g\x968\x99\
Y\xb1\xc5}\xe6\xbd*\xc2\xc8(\xf7$\xc6[\x8e|\
'\xe7G\x1bgJ\xbe\xcag,\x0e\xc6}\x9b0\x9b\
\xb0\x1d\xdej\xf3Z=\x046\xb4\xc1o\xb6\xbb\x9b6\
\xcd\xa8\x0aZ5>K\xa3\xa8\xf6\xeds\x06(\xbc\x0a\
\x00]d\xdb\x11\xeb\x86I\x1f\xdc\xfd\x9bP\xeb45\
\x92\x8b*\xc7\xd6\x12g\xf7\xfc\xf4\x0c\xdcM\xfb\x90\xf6\
u\x00~`g\xf8s\xe8\xd2\xde\x0971\xa0\xefg\
6\x5c\xcb4\x0f\xcc\xa8\x05\xdd\xb5e4\xb5\x8e\xe9F\
\xdd\x96\xe7\x04Dw\x96\x8c\x01\xedcm\x83\x1fl\xc7\
\x95\xc2\x7f\xdbf5/y\xd4\x8b9\xcbV%\xaa\xd3\
\x5c\x8c>m\xb8\xa0.\x0f-\xc5\x8a\xc4\x07\x88\xb8\xa0\
q\x0a\x0dh\x11\xf1\x84\xab\xbd\xa6C\xd2\x1e\x98o|\
Q\x19+\xb6\xc9>\xd8\xeb\x0d\xeaQ\xa4l\xc9\xb63\
\xa2\x88\xb9\x03\xbe\xb5E\x19;\xba\xc7({g\xdd\xfd\
\xfb\xac6lg\xf4\x92>\xed|\xf1\x13\xaa\xd8~\xd8\
\xb3\xc4C\xd2\x03\xb4(i\x90\xcb\x96\xdb\x94\xf1\x0b@\
\x12J\xc6\x1c\xab\xdd}\x1b\x1dC$R\x1c\xa0\x1b\xd5\
{\xf8'\x1eP\x16\x03\x0c|\xd1\x10\x9b\xba\xeb\x12\x86\
Qg\xa0h\x8d\xcd\xdb\xf6\xa8\xf6\xe2&M\x04\xc1\xc1\
\xd7\x814+\x9ah\x02\xafo\xa8\xac\x89\x98\xf4X\x8a\
\x10k\xe3\x0cj\x89\xe9YGt\xdc\xda\xe3\xfe\x95\x0a\
\x0d9\x89\x0bV\xf0\xd0\xc6\xc8\xb1\xd2\xeb\xf5\x8a\xd1=\
\xda83\xed,\xc9\xab5\x86\x1f\xed\x15i\xbc\xc6Y\
4\xe0\xe8\x0b\xdd\x9e\xdb-{\xfa\xdc\xc2o\xa3\xc40\
\xef^\xef_\xb3\xf0mh\xc3\xa5\xdd\x86\x06h\x1b\x92\
cn\x13\xc7\xcc^\xe7\xed\xe8xd\x87\xc8_\xea\x1f\
\xb8\x04[\xd0\x8e\x85mA~l\x95Bb\xbb\x16\xca\
\xb0?\xcd6\xb2U\x03|\x00\x14\x15o\x9c&3\xba\
E\xd8\xf1NJ\xbc\xfb\xd5Q\x0c\x83l\xe32\x09\xdc\
\xfd\x1cBC;\x9ckC\xc4\xc6\xbb\x1cS Q\x9b\
\xb2\x9eD\x94w\xc1\x15v\x11\x1br\x12\xe6;\xc5X\
\xe4-8\x9e\xd6W\x0a[\x86\xd7\x1c\xaa\xf8%\xaa\x9d\
\xc5\x1c\x85\xf26\xeb\x1e\xe9\x9e\xeb\x08\xe1\x1f\xda\xa7\xc3\
~IuDl\xa0\xd7_\x02x`e{\xfc\x92\xa6\
\x9f\xbc>?0\xdf\xa7i\x8f\xcf,\x986\x8bT\x9a\
\xb5\xd4De\xdff\x16|\x0b?\x9f\xb8\x18e\xa1-\
\xf7f/5Q\xc9\xb7\x99\xc5\xde\xdc\xc3\x03\xa8x)\
\x9e\xc8\xdc4\x5c\xb3\xbdo\xeb\x95\xaf*\x0d\x9b\x0dU\
\xad\x03\xf0\xf8\xf3]\x0b\x9e\x08\x1c%\xc0k\xe0\x84\xe4\
\xd4em+fm\xd2\xefI\xc6E\x81\xbf)\xf3G\
\x0c\xa3ES+F\xd9\x02\x05wm\x22j\x81\x96\xcd\
F\x9du\x1f\xfdC\x05[lv\x80v\xa0\xc5l$\
\x809\xa5\xf3836\xfd\x8b\xb6+\xfe\xa8GQ?\
\x86\x16E\xb1\xddD\xb7\xddu^z\xc0\x19Y\xcb\xa6\
\x00\xb8\x09\xa8\x1f\xf5\x1e\xbbi\x7f\xf4\x14\xdc\xd8\xd4c\
l\x16\xb7\xe7\xd3\x8a|\x09\xda N\x93KAo\xe7\
\x87\x13\xc60\xea\xc1\xb0\xb3\x10F\xb8\xeb\xeeV\x14Z\
\x0f\xffjg\xf1\x14m$\xec\xdb7\x90v>\x9dQ\
4\xb6\x16\x93\xf14\x90E\xd3\xe3\xd1\xb8M\xca\xa0!\
BH\xe4\xe3\xde:\xac^\x9fE\xf1\xb5\xaf\x89\xee\xeb\
\xb3(\xbe~\xbb\x85\xfb\x83\xbd\x0b\xd2\xfa.\xb3\x17\x9a\
\xb9\xefg\xd6\xf8&c'\xfc\xa8g,\xa1\xb9$\x00\
\xb4M\xe5\x86F\x95\x98X\xb3\xf0\xfe\xc3\x1eO\xb06\
\xed\xbb\xd8\xe6?\xad`\xed\x1aekeF\x8euQ\
2\x09\xe7\x0c\x9c\xd8\x91\xa4\x91\xb2|M\xcctB<\
\x5ch.\xd1Z\xa1\xd7\xb0\xf7\xe1\x1a&\x91\xb4\x09\xb3\
\xb0J\x8d9!\xf5\x1a\xf9\xf1\x04bC!\xf5{\xa4\
Tr\xff\xf8\x8fgQ\x0du;oU\x0b\xe1\xff\xd7\
2n3J\x00\x5c\x8c\xfe_fjE\xc1S\xd6+\
jQ4\xe1{\xb2\x99\xa1fV-p\x8f6\x8c\xff\
\xe7\xe4\x93-j!_\xfa?\xe5Q\x0f>\xa9\xc2\x9b\
\xaf\xf7\x17\xfb\xdb\xd4\xf8\xdd\xc9\xf0Q\xeeI\x1ei\xe0\
Z\xb0\xe4Y5\x8bN\xe9'?a\xa9\x94f\x90\x98\
\x01\x17\xe31\xedC\xfa8\x0d\xae\x9eyn\xbe\xef\x8b\
\xf3\x00\xa6\xcd\xd7\xec\xc0\x063\x1ee\xe1\xf4i\x00\xf7\
\x13\x06:>\xdb\x80\xe4\xe1\x1a\x0e\xe0\x81uJ{\xaa\
D\xd7\x94\xc1GY\x9b\x1d\xd0\xda\x1c\xdf\x17\xc9\xaa\x81\
\x5c\x22k\x17\xceE6\xc4p\xac\x17\xf4A\xd8\xfd\xe3\
o\x18d\xa5\x89\xc7\x01\xcf\xe3\xf2\x08Z\x02\xf0\x04\x96\
i\x9f\x8f\xf00\xfe(\x9c\xd5\xad\xc2q>\xca\xc0\x99\
@\x1c\xd3\x81\xa0T\xc7uB&\xe5A\x9f\x12\x00\xeb\
+,\x90<\xf5\xa2\xf4\xdf\x8bL\x931\xf5\x92p\xe9\
\x9b\xd0\xff8\xb9\xfe\xb7\x13\x03\xe7f\x0a\xf4\xbc\xdcV\
\xd3\xf7\xa0\xdb\xf7 \xa50\xbf\x9a\xa2\x04[LT\xad\
\x17\xcd\xb6\xcb\xf5\x87\x01p{\x15\xa4\x1eR\x09\xf71\
\xca\xa2l\xe1\xf3\x0fu\xeeN\xef!\xe8\xd1N\xf2\xbd\
$%hlj\x90\x85\x12\x17\xe9 \x17\x5c\xa2\xae\x90\
\xd3\xc2;\x8b9\xaa[y\x85\xf0\xaa\x15\xf0\xa6I\xc4\
\xe16\x91\x0fw\x99tN\x5c\xc8\xc7t\x0aB\x89\x85\
\x11\xc0\x03\x7f\xf9h\xe3\xf6\x87\xb6?DB\xd5\xf5\xa3\
\xfc\xd4K\x01kxRR#^\x06\xb4\xd4(\xb6q\
\x1f\x97/\x08\xbf\xf9\x0b\xe1(kaM'\x09[h\
 \x95\xdb\x1f\xacP\x8cJ\xbb`\xa5C\xa0\x985\xac\
\x9enj\xa4\xd4W\xea\x83\x18B\xef\x8e\x9e\x1d=\xf4\
\xe0\x8b\xdaj\x06\xe0\x86\xe3B\xb7\xc23\x84\x89d\x00\
c|\x01t\x1a\x84\x9dF\xaa\xd4\xc1\xe7gF:\xf2\
\xa2\x03\x83R\xb4M \xaa\x92a\xf4dE\xc1o{\
\x1a\x9b\x0c\xf3\xb2\x86\xb5)#\xf1\xf9p\xe4c\xd4\xde\
\xed6\xc1]\xf31J]\xe8\xa2y9!N\x98\x09\
+\x94S6\xb4\xc1]6\x11\x14q\x166bd\xa1\
NBF\x06\xe9\x1e\x97\xd58l\xb7\x0cf\x9a\xb8=\
9\xa7\x1f^\xedO\xf7\xa3\x9an\x1a\xa2%@k\x0c\
\xb8#D\xdd\xda\xfb\xa8Mk{N\xee\xca\x17\xc6\xa4\
1\xb9g\x0e\x06t\xa3\x7f\x02lAq\xfe\x9fe\xf7\
V\x0b]\xf5\x94\xb4\xd4)\x18\x16\x16M!K\x8aN\
\x8b\xa43\x81_\x84\xe3\x86\xcc\xcbZ\x89\xc6\x98Z\x1d\
\xe5Z\xd3\x96\x81 \x15\x8d+\x1c\xe8v8\xf9&n\
7\x99\x17I\x05Y\x04I u\x84\xa4\xe6\xf5Y\x9b\
$%\xc3W\xcc\xf1\xbcI1\x19\x02\xa3\xad%\xb5q\
m4\x8b\x98\x93k\xaa\x9dh\xed`#k\xc6\xa6\x22\
g\xaa\xe8\xd9\x12\x9a>\xbb\xfc]j\x16O'\x08\xe6\
\xba\xc1\x1d\xc1\x1d\xcel\xb2\xb9\x17M\xce\xf5\xef\xf0\xef\
\x983A\xd1\xad\xffG\xff\xfd\xeaq\xaf\x7f\xfd\x01\xef\
\xf3'\xd6{\x9f\xbf~\xbf\xe7|\xf9\xa8\xba\xd7\xdbu\
4\xef9\xd7\x1dQ\xc1\xd5\x09\xaf\x9d\xcc<\x7ff)\
)NX\xd2\xbc\xf4\xee\xb1[\xe2\x17\xfb\xbc\x11\xa6\x1a\
\xd0r\xafq\xfc\xe6\x0e\xea\xf0\x84\xf0\x90\x99\x02\x22Z\
xB\xf0W$\xe6\x11\xd9\xa2/\xb5{\xee-\xc7\xe2\
\xe4J\xa7\xdc\xaa\x8b|>\x08\xef\x07rA;h\xb1\
\x98Ii\x8bu\xb8\xbcv\xf7\xe8^\x05\x8f0\x7f\xf3\
[<\x84\xbai\x99\x08\x87\xd4>f1\xc5\x09\xad`\
X\xeb\xf06\x116\x10\x18\xf5M#\x85fl*4\
\xcd\x9bX\x9dK\xff\xa6E\xd8\x1d\xe3\x18\xe0\xc5\xd4\xb9\
\xde\x14|\x0cO\x98\x80\x91\x83\xc4\x9d\xfevg\x006\
\xa8~\xbd\x19i~P}:\xda\xba\xef\x99M\x0f\xc4\
\xa1\xa16\xb5?\x08\xbbM\x0b\xec1\xad:\x99\xa8\x8c\
iDi\x13\xcbO\xb3h9-0\x1b\xc8\xecy\x09\
O\xbeM\x14\x9a^F!\xeb\xd6\xcd\xb4R=o\xfb\
BE\xf8\x8eS}\xf4\xf2\xe7\xd2\x8e\xed\x90Hj\xff\
\x10\x0c\x04\xa4\x06Mc\x82D8\x09\xbf\xe2\xe7\xd4\x8b\
\xbf\x94\xfa\xa5\xea\xa7\xd9\x0b/\xbe\x90r\xe6\xfa\xc4\x9c\
S0\x15~}\xc1Y\xc4\xb2@\x847\xfe\xa23\xd7\
'\xe6z*\xed\x98{X\xad\xbb\xd4\x8e\xb9\x0f\xbd\x91\
~\xb3\x0f]j/\xe0\xbaK\xec\x98\xcb\x5cb\xc7\xdc\
\x8e\x0a\xc7\xdc\xbcE\xa6]9{\xbcQN\xbaL\xa2\
\xaa\xe8\x80\x7f\xc7\xbb\xd5\x1b\x1d1<\x96\x98S2>\
\xf8\x8d\xc3j.\x8e\x8d\x7f\x89:\xff\x13D\x9d\xc3\xfb\
\x99\x93\xa1\xe1\xcb\x9fU,\xf8Cd\xa9\xd42I\xd4\
\xe1A\xc1\x85\xd1\xa6\xb9E6\xc9R \xfd\xce\x0e\xe4\
\x8e\xb0\xb1l\x98\x85\x0d\xaa\x1f6\x9c\x86k@\xa52\
N\xdd\xea\x9a*\xc1i\xeaD\x1d\xae\x02X\x030\x08\
\xd4\x88\xad\x80\xd3\xa0),\x19n\x15\xc0\x1a\x80\xd38\
,\x8c\x07VC\xbd\xbf&<\xcd\x8f\x7f!\xf9\xdf\x82\
{\xd5\xf8\xda\xe4\xcd\xfeZ\xeb\xaf\xfa\xff\xe5g\xd4\xaf\
\x05\x1f\xf9q\xb8\xd0\xf5\xe7\xfb\x0b\xfd\x05\xca\x1e\xadK\
I^\x84\x11\xd8\x02\x83\xdb\xa1\xb6\xe9\xe3\x12,\x8d\xc4\
()X\xb0\xc5\x06\xbe\xb8\xc5p\x1a\x11{\xcf\xd4|\
-\xf9\x22\x19\x5c\xaef\x9c\x8d\xb3\x86n\x89\xcbZ\xd2\
\x01\xc5\xa3(\x8b\xa2^\x90^:\x0f\x09\x93X\x06\xa2\
\x068!\xf6\x93\xa9\x8d\xcbY\xd8\xf4\x00\xd7:i0\
\x9e\xd3\xcbO\xf7Ju\xc7\x1f\x1d\x15\x9b\xb0\x0e\x16C\
\xc9\xfd\x9b\x12\xf0\xf3\x14\xb95sv\x86Wmt\xea\
\x9a\x89m\x00\xf4f\xdaO\x8a\x9ey'\x1d`'d\
TM\x0a\xc6x\x12\xce\x97\x17hLzn\xe1&\xf5\
\xe9'\xbf\x1e\xc7\x96\xee\xa3\xb9\xe4\x08\x0a\xd1\xd4p\x8f\
\xd3\x93\x19\x1e\x0c\xae\x94Kgm\x00;QH[U\
\x06\xf3\xa3\xb4\x0cs\xf2Z\x09\x8a\xec\x18t\xfd\xab\x1a\
\x22\x07v\x98^2^\x8d\xccd\x8c\xb6\x86^\xb2a\
_d\x06\xe8\xc5t\x8a\xa5\xe8\x01]\x8c!\x89\xda\xcb\
\xa2\xe5\x19\x12\xc0?\x9f WZ\xc9(\xb9\x9bZ;\
\xf5H8\x96\xbcv\x8fs\xe5\xc3w\xd3\x1c\x8d\x1f\xc3\
4k\x9e\xa3\x80n\x93*5\xc8\x18\xd0\x88\xf8\xe0O\
\xf4\x05\xfew\x0e\xe6\xafp\xcc\xd01\xf8\x1c\xe7B\xda\
\x04\xee\x82\xbb\x1dC\xc7\x11o\xf4\xa6\x96h\xab\xe9\xe6\
\xe3\x939HI[\x5c\x80#\xd5\x90\x90~\xe8\xa5U\
?\xf9NZ\xc6 3i\x09u\xf2\x1e\xf7\xee8w\
\xd2\xa4\xe6g\xd0\x83G\xcaq\xc8\x1bA\x1d\x9b\xb3(\
\x1c\x1aA\x18\xb8_\xfb\x9e2\xb668\xe5\xb6\xf3\xb3\
\x85\xcb\xd4\xc7\xe2\x11UE\x12\x04\xa1\x99ZHD\x90\
5\xe5r\x8fq\xefJN?\xa9\x08\xd5\xda\x81%\x06\
\x16\xc3\xd1\xddJ\xc9p\xe9p_\xb6\x0f\x03\xda\xcd\xfb\
{\xdfS\x9bG\xf7&\xea\xfdk\xc2\xf5+xKp\
\x8d\xff\x96\x84\xfft\x03\xd56\x05\xefV\xc1;\xc3\xea\
;\xe1E\xaci\xe8\xcf#*H\x06\xcb_M\x04_\
\x88\x9d\xf2\x97\x07K\x13\xbb\xfc%\xca\xff\xcd\xe0\xed\xf1\
\xe0\xbd_t\xfc\xf7\xfa_R\xc1u\xc1{\xfde\x09\
\x9d\xcb\xf7\xb4\xba!\xf9\xf2\x07\x94M\xfdJ#C\xd3\
\xff\x8e\xf3\xc1\x85\x12\xbc\xcf\x86\xe7\x22d/\xd8y\xbf\
C\x99\xe7\xb5@!\x03-u\x15\x0b\x8b\xd1\x22\x95\xa4\
i0\x90\xd5\x04\x05\xe4\xac;\x8f\x89\x8e\xe5n\xc8\xc4\
\xec&\xba1P\xe3Z\xca\xba\xa4@c\xf2\x8bO(\
\xd8x\x90\xf1\xe1<\xb0\x1c\xec]\xbf\xe7\xfe\xa1\xfbP\
\xa8\x0f\x87\xc5e\xa81424\x08/\x94`}.\
\x15qq\x1d\xd8F\x04%\xafJd\xc6\xd4N\x12\xcb\
\xd4\x16\xcf\xfdO\xadj3\xe1\x99N\x82\x97Q/{\
\xa7\x85\xb7\xcf\xd4 \x87\xed\xe5\xd4HzSx3\x83\
\x9e\xed\xc8\xac\x97~~\x0b5\xcb!\xe2\x83\xb8Zv\
s\xf8\xf17iyhxQ7\xeaA\xf7\xfd\x81\xab\
\xbc-\x04`>)\x81\xa3\x8a[vYqW\xb7j\
+<\xeb \x9c1\x91\xf4e\x90(\x01V\xd0/h\
b\xc5\xa6\xc3(\xa5\xd4\x9bw\xd2\xd3\x04\xb5\xd1\xe5\xf9\
\x93\xc6\xc6\xce\xb5dg\xff#\xadB\x9b\xb3\x84\xaf\x16\
\x12\x09L\x0c\xb9*\xb8ZA\x9f\x13\xf1\x83\x1e\xe4{\
8/\xf0ZP\x09\xbc\xa6\xb1)\xbc\xb5\xb7\x85\xbf\x99\
\x0b\xa7\xe7\x0f%\xe3\xf4\xa7\x8dM[(/\xeey\xf1\
\xa1\x9f\x01S\xe2,\x99\xfd\xed4p|\xd1\x94\x85\xe4\
\x81eb\x17X52\x9d\x86<\xf7\xaf\x0f(h\xf9\
\x01\xa0\x99$\xee\xed\xc5\xd2\x1d\xa6\x16\xd7\xef^F\x1d\
\xb3\x17\x95 \x88^c\x91\xd8Y\xb0\x02\xbc$\x8b\xfa\
\xcb\xb0C\xbdb\xe3\x90 \x0b\xb7\xb4\x89\x16\x8f\x17\xe8\
\xa3\xad\x05\x0a\x9b\xb2j\x9d\x8bS\x0b\xa8\x0f4w\xc2\
(ZJ\x0f\xb4=\xd0\x06\x92t\xe8\xc7\xc7x\xc1K\
\x82l\x7fI\xa6\xe0\x0b\xe1\xd76x$j\x08\xd9\x85\
/\x95\xcb;a\xbc`\xb9[\x13t\x94\x87\xa1\x11\x87\
\xa9\x93\x14\x08\xe5\xe9\x01\xb7\x82\x83\xf8\xfd\x9c[E\x09\
\x11y\x8b\x0b\x9d\xf2\xcf\x03\xea\xe9.7\xbb\x0d\xf3\x8f\
\xd2\x9e\x9d\x88\x88\xe9\xfe\xe7\xc9\x9b\xcdP\xe6Z\xb1\xb8\
\xa0\x96\x04\x01\xbbzZ\xcb\xf7\x0c\x10\x99dR\x9a\x7f\
\x09\xb91\x86\x88Sp)@\x11\x92D\xc6s\x10\xaa\
\x0f{\x87\x5c\xef\x00m\x16W\x09\x85\xd4\x15\x82\xe6\xbf\
\x82\x04\xfd \x14\xf0\xc0\xce\x07vb\xcbb\x03\xe9\x96\
vW\x05\xd7!\xf0\xd1\xc3|\xbeh\x8eH\xa4F\x1c\
\xdd\x1e\xe9\xd1\xa1\xca\x02J\xbcf\xdf\xfa\x19/\xeby\
\x9eS\x91\xac\x02\xd7D\x14\xbe\xfbl\xc2cd\xbe\x10\
\xb0O\xcf[\xe17\xe8*\x9e\xbb3^\xc8\xe7\xb2o\
\xbb5\xf1G\x7f\xa6v\xc6\x0d5S\xf8\xda\x87\x12\x9c\
4bsF\xbc\xb5-\x9e\xcd\x19\xa2\x8b\xb7U\xf9\xbb\
\xff_\xc3\xcexU\x0d\xf3\xa1h\xc3\xb4z\xf7|\xd5\
\xfb\xac\x13y\xad\xbd\xf2\x0e\x0b\xf9|\xe1\xad\x83\xb9\xf2\
\x1d\xde\x97\x1d\xb9\xdbT\xe5MEj\x14\xac\xe0\xbbm\
Q\xd9\x5c.\xfb\xd6\xb5m\x8fV\xdc\xf5hEwH\
\x0d\xcf\xf5eR1nO\xcc\xf2\xfd\x7f\x8a\xe1\x00V\
\xc1\xac=\xf3\xb5\xea\xee\xb0\xde\xbf\x09\x14\xefH\x07]\
\xb7K\x12\x84\xbf\x19\x09b\xd5\x80\xed\x7fqj\xa4\xb3\
\xbf\xb3\x1f\xf8\xe8J\xb0\x5c\x15\xa5l\xab)\xb0\x95\x87\
\xe8\x8eW\x09,\xb1\x0d\xac\xa8m\xe49\x86\x98\xc9\xd9\
QDrls\xf1\x1f\xc2\x80\xbcj\x89\xe3\x9e\x91|\
\xa0\xb3\xa92c~%\xecvV\x94(\xc2;\x09\xef\
\xa8\x13\xee\xad\x0b\xee5-\xa5\x8e\x0e\x9b\xf8\xa17D\
\x9e\xdd\xa5t\xf6qM\x15\xe13H5<\x07\xf0\xe5\
\xb9\x066@.H\x08u\x12\xd9P\xa0\x9c\x18\xa5\x80\
&1/a9\x06v=\xe5\x0eyXn\xa7l\x98\
q\xe0\x1e\xc3\x12r\xbcC\xbb8\xdd\x9an\xcd\xb2\x94\
\xf5\xab\x80\xb7!\x9a\xad\xf0\xa5bk\xb1\x95\xd2\xa8\xce\
\x91\x91\xbc\x1d\xcb>\x0ax\x8a(\xa8G\xf9\xe8u\x14\
]\xef\xe3\x12\x04d\x17\x93\x81<\xc8%\x9c@\x91\xe4\
.|D\xf7\xa8~\xd6+\x85\xeb$\xdc\xac3C\x99\
!\xf8\x8d>\xc2?\xb4\xd5l\xcf\xb4dZ\xc8\xceG\
N\x09$\x14|Q\xf4\xe4\xc2W{ZzZ\xe0.\
\xb6\x17=\x97\x92\x0f\xfbz\x86z\x86(\x0d\x0d\x95\xc2\
\xaf\x84\x01\xf9\x90\xff\xa0\xca\xe7(|\xd5\x0b\x07<\x0c\
\x19\x0d\xb6\xb0F\xaf\xb8\xf8~\x0a\x87\x94\x93\xe2\xe3;\
E\x1bgk$b\x87\xfabe\x13\xca\xdb\x02\x83k\
#\xd8\xf9\xf7y\xeev\xa3\xbe\x0ds\x87\xb2Ks\xd6\
\xe4EZ\xff\xac\xdb\xfeQG$VH\x9f$\x037\
\x9aa\xc1\x05\xfar\xdas?\x1eO\x93\x86\xa1\x95y\
[\x11\xf0\x8b$\xcd\x16\xdd\xe2\xc1[=\x07\x08\x7fR\
#s\xf9\x08\xe1\xe4\x94*\x1b`\x82{\xd4\xefv\x22\
'\x0a!\x9a!a\x07,5\x10\x19U\x85~\x1a\x7f\
\xcc\xa3-~L c\xaf\x82\x0f`\x1c\x22\xcfc@\
\x1d0\x86\xe4n\xb2\x88\xf8\x94\xa9\xd8\xee\x06\xd7\xfek\
\xb5)X\xeex\xbc\xb2\xa4\xf8\xcej\xe4do\xd5\x80\
\x16x\x94\x97\xabo\x1a\x19y8\x16Qns\x9e\xcb\
\x9a\xa8\x98\xfa\xc0_8,\x03bi\xacb\xc2}-\
g\x87\x83N\x93\xe7\xf6\xc7\x91ka\xb8\x17M\xba=\
d6$\xb5\x9c*\x1e\x9e\xae\x86+\x85\x86n\xe6!\
\xb6\x17+\x10>\xb5\xa0\x80\x84g\xb1\xae/\x10\xdc\xec\
y\x16\x88F;\xeb\xe5\xf2\x88M`\x15\xce\xe0u\x9e\
\x16\x0e'9\xaa,\xaf\xb0`\xc2\xd5\xfc|xK\x8f\
t\xc2oo\xe1\xf2\x0a\xdd(\xcf\x03\xcboc\xe3\xbd\
X\x16\xd7\xc1\x9a\xbb\x16\xcbp \xffT\x7f\xe8E \
\xaa\xd3\xe5\xfa\xadSS?\x02\x93\x97JJ$]\xc7\
\xdc\xf7\xdar*\xedB\x02\x19w@sY\xe1\x81\x95\
r,\xcb\x91\xd09\xd5\xfaX\xc6\x88\xe7>\x1fIB\
[m\x10\xa0\x1a\x83\x04\xd8XLb\xab\xe4\x0f\xac\x17\
\xcf`\xbd\xa1\xe3\x87T5\x9c\xd2\xcc\xec\xb6\x9b\x8e\xf6\
\xcb\xc0i\xc0UB\x9a$5;\xaa\xa1\xd9'\xf6\xca\
:jc\x0f\x0cd\x0f\xceKp\xad\xadp\x81\xad\xe4\
`\x10\xc5\x0b\x9a\xfd\xa66I@\x17\xcd\x1a\xc7\xec\xcb\
r\x18:\x83:HBk\x9d\x00B\xf4\xc5Q\x0a\x02\
\xa2\xac,\xe7\xad\x89V|\xc8\xb1\x08\xc30g\x1f\x08\
\x87lu\xad\x91\x22\xa3\xf84\x89\xaf^\x9b\xb1\xcc\xc1\
\x96\x05h\x8f%\xc6\xea%w\xc2\x00\x97\x89\xd1\xa6~\
\x18\xaf%.\x97\x8cjH\xea2\x04\xb4#\x9d\xc8\xf2\
\x14\xbb\x04\x97\xc8C\x98\x9aC\xa7Uo\xb3\xb7\x89\x82\
\xa7\xaf\xb4\xd5tl\xeb\xd8Fty\xe3\x94\x12K0\
\xa1.j\xa0@\x1a\xc8\xd4\x10;\xa07w\xd82{\
\x87\x1d\x9aF\x86\xed0\x09\x98\x1b\xc4\xbe\xf4r\x03`\
\xa93a\xbbD\x0e\x18\x96\xe1I\x0a\xe3n\xe7\x92\x84\
\xf9F\xc4Id\xe9K\xda\x22\xa7n\xa1\xeb\xc1\x95\x08\
\xffm'/\xda\xabp\xaex\x09b\xa6p4})\
\xa5\xc5\x19N\xd2A\xc1\xd4\xda\xf6\x91\x1ct\x033\xd0\
\xe9Z\xee\x8b\xe4\x98]!.\xda\x158\xcc\x9b\xf6\xd3\
\x98\xbeBF\xf7\x15\x0c\x90\xd2\x82\x0f\x14XM\x82\x11\
q\x95\x00g\x1b\xa8\xd7\x0fjTg\xdc\xff\x96\x82n\
H\xb7tAkw\xba\xfd\xad\x0e\xf5}\x02E\x9eX\
\xb5y\x19\xe3\x8d\xffj\x08\xcf\xa2\xe9\xa1.x\xb5\xd3\
\x05E\xc13\xe2\xae=\x8d\x92rMt\x9c\xd1\xdf\x09\
~\xbdQ\x0dv:\xb4\xc3\x9d\x11U\xe5\xd3\x92\xb6\xa4\
iv[z\x9c\x22\x5c\xba4\xd4\x8fS\xb1\xf3&\xc5\
\x8eu\x227m\xb2\xb4\x5c[\xb2\xc4\xd6\x01+\xc2n\
\x1a\xae\xda\x0a\x1a\xca86\x97\x1d!\xcf\x9a<\xcad\
\xfb\xcf\xc1U\x0a\x9f\xb7\x05e\x91\xd2nf\xc81\xcf\
h?7\xb7\x85\xfb\xac\xef\x0a#\xea\x14.+e\x03\
\x5cq\x87z\x98LB[\x87[\x99\x8eX\xdff\xc1\
\x99\xce\x05\x0a&5\x08#~N\xa5\xe1s]-\x9d\
\xd8\x0c\xad\xfd\x0e\xb5>iO5\xd1\xfd\xd4Q\x90\xdd\
\x0db\xefT\x85\x16\x87\xf3\xc3\xf1\x87\x9a$C\x5c\x0f\
D~\x1cl\x9fe\xac>\x8d\xef\xfe\xf8i\xec\x8ds\
\xda\xc5\x82\xae\x89\xb3`\x94h\xb7`\xe7\xa0\x03s\xbe\
\x9f\x16\xd3\xc5\x00\x1e\xd0\xb8\x8eu\xfe-\xaa\x7f\xd0\x19\
$\xe7UR\x1c\x0a\xe1GZ\xdd\xd6N\xa7\x93^<\
'\xde\xce\xb3\x1aF\x19\xdc\xb2N\xc1C-\x86u:\
I_\x1eD\xb7\x8d\x1eq\xfas\x9c\x11\x7f\x8e\xfd%\
\xae\xdf\x9eQ\xfd\x08Oj)R[f\x98\x01g\x19\
\xce\xb92i\x12\x8c\xb1;-\xf8\xb9\xef\xa8\xac~\xfa\
z\x89\xe6\xd6Cc\xd7sV]V\xb7\x9ca\xba<\
\x05r\xb8LS\xe4\xfe\x9b`\xa7\xeaiY\xbb\xdd\xb1\
\xf5\x8f\x10\xbf\x01Y\xd73A\xab!&!\xf4'\xda\
\xf3\xda\xf7\xe8Pf\xfbZ'\xfd\xc7\xaag\xc8\xe9b\
\xbe|\xc3J\xb8\x94GL\x1da\x1c{\x89\x84?\x1c\
\x12\xadn\xf7&\xe7\xa9{\x95\x97\x18\xa4\xb1\xbf\x14\xdc\
\xe3K\x99>(\xd3\xc2\x02\x1e:bF\xae\xd43\x1a\
\xad\xb45\x93\xd9\xe5\xfc\xc4\xcf(41\xa6j\x14-\
&\xfb\xe0\x0b{[\xc9\xab\x04\x92\x1c\x8b\xcb#\xcd\x5c\
\xc2\xe6\xfb\xc2\xa8F\xac>\x0f6\xe5\xf3\xa4\xcc\x0a\x14\
\xbb4e_\x92\xc9\x0b\xb5\x93\x04\xf2ononG\
\x8aQ\x00\xd8\xc1W\x81\x1a\xdcT7\x91\xf4\xdbK4\
\xaa\xdd?h\x1d\xfc\x13|\x08^\xf6\x14\xdco\x03\xec\
\x1d\x0d\x927~\x95\xf6\x07\xe9\x85m'/t\xe4\x17\
\xb1^\xdc\x89n\x14\xfd\x85\x03zU{\xea\x07\x8a\x05\
\xd0L\x84.\x9c_]\xa1\xad\x94\xb5T\x83M\x08\xa4\
\x8b\xa1-v\x1c>+F\xb7%\xe5\x05\x98\xde)\x89\
\xae\xb3##\xebf\xd3\xceB\xc2-Q}IF$\
\xb6\xe3\xd1+\x87\xbc\xc0nk\x17\x9c\xc6\xc7$J4\
.\xcb\xe5\x04G?\xe8\xefs\x22\xfbm3\xe5\x9f\x13\
\xbf\x9fo\x82e\xb0!\x8d\x97-i8L\xca\xf7\xbc\
\xd6\x92\xc3\xef\x87w\x91o\xf7\xf4\x91\x9e\xa0\x92,\x99\
\x888\xcb4\xa7\x80\xc0\xe1\x01\x82`B]jj\x17\
8\x8b\xc0\x22\xd3\xcc\xd9t\xa5\x9ch\xb8\x08,\x8f\x1a\
\x08#\xd7\x08\xce\xb0\x86|C\x9e\xcb~\xccq\x9a\xb4\
]Q6E\x11\xd2c#\xb9\xabd\x05TEx\xdb\
\xce\xf3]\xc4\x81\xc2\x19\xc5\xe3!(\xba\x088l{\
\x0a\xce\x10\x9f\xbf\x81\xe6\x90\xab\x85(\xbfMe\x16\xb1\
&r\x82\xc7'\xb9\x91\xbc\x94,\xdb\x8d\x8f\xb6m\x07\
\xb6\xb9\xa6\xcb\x88\xd9H\xa94\xed\xa6Sx\xf7M\xb6\
\xfa'/3Z\x9a7&\x8f8s\xdc\x85\x14\x16+\
D\x13\xa9\xe8\xf7\xfa\x90\x19\x06\xe9\x5c\x06\xd1*/F\
\xb2*\x01~\x16gY\x10\xf4\x86\x9aZ\x9c<\x93\xfd\
\xf0\xfbz\xdf^\x0e\x87\x17\xf4\x9fc\xb9\x5c\x1b\x0b\x9d\
\xfdL\x84N^bV\x070\x86\xee8\xff\x1crT\
0|\xa7\xc8q\xadsQJP\xa6;\xf7h\x8a\xe8\
\x9c\x93\xa8\x18\x9e-S\x8b\xed\xd1kX\xb8\xec8\x94\
\xa6\x5cM[v\x9c57pv\x8e\xe9\xf3\x16\xfe}\
\xde\x80\xe2\x02\x9a\x8ai\xb7\xa5#\x9b5'M\x89\x0c\
\x11\xb5\x96\x81\x0dS\x02\x1a\x92\x1d\xf5\xc3<\xdd\x09[\
\xdeP\xa7[\xca8v:0m2\xccO\xb6\xb1M\
\x95\x84G\x99UX99\xb9\xc5\xe6\xf0w)\xc0\xc7\
y\xe6\x09\xc1%%\xc2[\xed\xcf\xd2\x8f\x5c\x00\xf3w\
\x8am\x02/\x01\x02()\xa1\x164\x9a\xbf\xa6\x864\
kM\x86\x8c\xd8.\x1c\x16\x8c\x05\x9dP\xcd\x19nS\
\x8a\xeb\x81i\xfft\xa6@\xecX\xe9\x5c\x84\xd7+\x90\
D;X\x03\xb7\x93\x8d\xe7\xe5\xf0\x90Sp\xf3\xe8f\
\xd4\xe0\xfe\xa5b\x8b-\x16\xe2\x15\xcd\xd2\xdeo\x8e\x8f\
Y\xa3nL>)\xa1\xa1\xef\xe5\x83g\x8a\x16\x94V\
j\xc5S\x82\xe4~\x15\x1d\x5c\xa8\x91#\xa4+\xcc\xf5\
\xe8v\xd9\x88\xf1@\xc4:'\x8cp&m\xd9\xddY\
;\xe2\xaf7\x97Nz\xdcs\xf2\xe0\xe7H\x89\x87\xbc\
&\x905\x96\xc5g\xcd\xe6\x88\x0e\xcc\xed,\xd0\x12\x9d\
\xae$%N\xe7\x1dl\xd0\x0cn\x5c\xe9\xac\x19\x1e\xdd\
F\x7f\xc3-\xa5\xd1\x10\xeb\x22\x1b}\xd2fu\xb2k\
5\xc8\x9eW\x8e\x8cgS#\xc8\x9e\x97us\xc4G\
\x9a\xa3\x9f\xd4\x01\xf9\x09\xa3a+\x13\xe9\x1c\x048\xcf\
\x10\x0fz\x8b\x9d>\xcf\xc0\x9e&{\x02X\x99\xf1@\
\xe2J\xcbx\x96q\x07F\xf8\x15&\x94v\x88\x17\xec\
\xa78O\x02#\x15\x02\xaby\xc31\x97\xe3\xb2\x8e\xbc\
V|\xf0\xe5\xa1\xd4d`(Y\x03\xee\xef5\x81\xb2\
4\x97\xe1\xcdf\x8aY\xd7 V\xe0\x98l\xa4\x89=\
.\x13b'\xf2\xe6TD\xb0.&\xb0\x15\xb1\xec\xb5\
E\xbc\x17\xd1,.\xe0-\xe1\xdfK\xe8\x99J\x8c\xc2\
\x17\x1f\x15\xae\xe5\xf9\xbc\x9d\x1bTg\xc4B\x8d~;\
\x1c\x99-:\xec:&'\xb6\xa4\xa0\xf5\xcf\x96\xe8J\
<\x8f]\x8e\xa8\xffUp\x8f\xb2\x98\xc8#\x94\x8e\x96\
\x5c\xf4\x88\xcd\xa3}\xe7\xc1\xa9\xa9\xbf\x94\xee\xfd\xb6x\
\xab\x98\xf2 k8\xc4m\xfepN\x8f\xb2(5\xad\
\x04\x92lE\xff\xd7\x8a\xeb\xc3pY\xffZx\xe2\xf8\
:\xedAo\xa7\x10m\xf4\xf3\x86\xfb\xda\xa2\xac\x17V\
la\xa5\xdc\xfbU\x95K\xf0\xf6_\x83\xecF#\xb9\
\x9e\x5c\x0f\xb9Ek))\xaa\x00\x8e\xb7\xa1\xa9\xa9\x9f\
\x00\xd0e\xb4\xf1\x1eh\xfd{h\xb8\xfd/\xe1d\xff\
1\x9cx\xac\x5c=P[5i{\x16\xcd\xe6(f\
?\xe63\xae\xe6\xc3Y4\x1aq\xdbF\xc0I=\xf4\
@f?\x5c!\xf6\xc3\x9b\xc2'?\x0c\xbf\x88\xe5A\
\x98\xab\xfbZ\x91\xcd\xc4\xe2\xfd\x98&0[\x0b\xec*\
\x92{\x5c\xf8\x9a\x12bI\xd1\xe5\xab\x03\x80!\x96\xb5\
\x88\x09\x8d\xb0\x06r\xa3\x01\xaa\xca\x10\x97\x12\x9d)\xe9\
q\x166\xd3Y\xf2y\xd8'\x7f&#\xe6\x84l\xda\
\xcf\x11B~}\xce]\x9f\xdb\x08\xc6\xe8f{\xf1E\
f\x94I{?\xb1j\x94\x11\xd4Vc\x93\xc3r\xd6\
\xd2\xa85\x07\xf6\x10\xfe\xf7\x0a\xc4Q4\xc1Q\x85\xc6\
\x88\xa9]E!\x97}\x9a\x09=<\xbf\xa4\x87i\xf7\
]\xcep\x9bz\xbf\xe5\x11\x15|\xec\xef\xef\xbd\xc6\xef\
:wo<\xf8\xf5&u\xc8\x7f\xf3}\x89\x16?\xa7\
\xfe\xfe\x9a\x8d[n<\xe7|\xf2v\xf5\xd0\xbeS\xbf\
\xf1\xe0F'\xf8\xf9Cj\xf0\xa0\xbflU\xdbz'\
x\xdbv\xd5\xfb\x88\xbfb]\xf7}N\xbd\x7fE8\
\xf3~\x14\xfc\xfb[\xbd\xcf\xfd\xe5\xe7>x\xab\xe7\xf8\
\xbf\xd3\xf0\x15\xefC\x81\xfa\xb0\xaf\xbe\xec\x1d\xba5\xfc\
D\xbb\xff\x1e\x85\x90\xb3\x1c\xe0\x0f\xb3\x84\xa4\xfc\xe0'\
\xfc\xb7\x0e\x15D\xccjQ\x99\x01\xb95\x86O\xd8\x08\
\x10`\xfeM9*\x14\x03q\x16\x94;\xf3\x12\x9cH\
tF c\x00\xad\xbb+\x8f\x11\x02\xd2;\xce\xb1:\
\xd8\x05\x19\xc0\x17\x1a-N\x13\xbb\xb6\xa8\x1c\xc1\x89\xef\
\xca\xee\xfbO\xeb\xde{\xbb\xff\xb6\xdd\x05\xa7 X\xa5\
\xd7\xe3\x8e\xc5\xae\xd3\xb0O\xb7#>\xb8\x97D$!\
\xe5\xfcJ\xc907\xb5\xab`oJ\xd1AU\x1b\x1f\
\xcb\xdbj2\xbb\xbbvw\x11\xf3\xba\x0fZ\xc8gA\
\xd6\xb9K\xa7n\x9f\xe7\x14\x0a,qo\xf4\xba\xbct\
\x9e\xe9\xf7\xcc04\xde\xfd\x00\xa2I\xba\xbf\xf2Y\x87\
\xe5\xabk\x01$\xb7\x08B\x86\x06\xd4\xbe(\xea\xd5\x0a\
\xee\xd9\xae\xbc\xbd\xb4\xc0_n\x03\x87\xdc\xff\x16\xbc\xcf\
\xd9@\xf3\xe9e\x18\x94D\x22\xb8\x9fK\xb8`\x03`\
;\xaf\x0e\xbf\xf0\x5c\xa0\xa9\xea\xde\x0c\xa0\xc97S\x1f\
\x1dBw\xcd\x1d~\xad\xe3\xd7\xfd\x0f\xa4?\xd8\x84\x91\
:\xf4\x16L\x89j\x86\xa9M\xa4\xca\x1b\xa9\xbd_\x14\
\xd3\xe9E4o\xcaT\xf0\x1b\xee\x97}\x87\xf9\x8e.\
\xb3\xb4=\xc9y\xa33\xbe*\xc5\xb8u\x96\xcd\x9e\x8f\
\xaa_N\xf65x\x87\xe0Dr\x10\xac\xc2\x03\x5c^\
N\xde\xd5\x03\xd6\xcb\x07\xe1\x83\x87\xbcC\xdeA8s\
\x1c\x00?\xc4\x01r\xa9\x80S\xf6e\xf2\xd1l\xe02\
\xfc\xc2z\xef>\xd7\xbb\x0f\xbe\xb1\x1e>\xbb\x81\xcb\x97\
)\x12\xb0\xc1zy=|\xf0>\xef>o=|{\
\x83u=\xba\xfe\xe5\xe4\xfa\x91\xdf\x0f\xbfp\xd0;\x14\
.\x14O\xfb\xf7i6\x8bw\x91\x07q\x1f\x82\x96p\
\xa2\x1c\xa7A\xb3\x0e\x17@\xfd\xfe\xc7\xa7\x1ft\xcb\xe5\
~\x9a\x1b\xcb9\xd1\x93i8_\x16\x8b\xf3\xac\xb0t\
\x82\xae\xd7i\x89]\x9a\x1az\xe4R\x9a\xa9\xb3\xd3\xa3\
8\xdbrq\x1b\xbc\x15\xeck7\x1c\xe8_\x0cG\xe9\
;\xc8\x9c{\x0c@;$\xaf\xfa\x1c\xed]\xed\xf4\x9b\
\xaf\x02\xbc\xfaEj\x04\xf7S\x9f\x1d\xda\xcc\x8eWt\
4\xb2\x91\x01\xc4\xec\x8b!\x0c\x15\xbeq\xb7{\xf0W\
\x9d\xc1\xbba l\xe1s\xe5\xcf\xc1:\xf6\x0b\xfa\xb7\
`\x90\xfe\x22m\xf3\xd8r5\xbf\xaak\xe1\xbc\xfd\x0a\
\xad\x1c?\x0f\xd1.\xc7\xdf\xa3rq\x1b\x83rA\x94\
\xd9e\xa1\xca\xe1\x1e@oi\xff\xce\xe7R7{\xce\
\x1b\x96!\xf3l\x1c\xd6\xbbQ\xde+I\xe0\x0cKv\
+\xe0q\xe8\xd1\xbf{6\xf8p\x85r\x05}\xc5Z\
\x09)l\xac\xff\xf6LY\xbe\xf8\xe5\xff\xcb\x8b\xdf\x8e\
\xe8\x1f\xce\x9b\x8c\xbe*\xe2\xea\x0f\xc59\xb8LQ\xee\
\xd9;d\xdd\xfb\xfe\x1f\xff\xc3\x86I\x9a\x19\xa8)\xc9\
\x9dJZ\xfc\xcdi<\x1c\x00\xbf\xea\x7fS\xf5\xb5\xfc\
\xc8s\x16F\xfbuM\xb0\xdb\xbf&\xb1 \xc2\xa9\x1f\
y}CQ\xdaxj+L\x87\x9d.\x19\xe2\x06\xff\
*\xf8\x84\xf2\x1f\x9f7'OU\xa9>\xe1\xf6\xf5\x11\
\xc72\xa0\xc9\xbc\x16\xce\xea\x08\x11}\x96@\x07\xe7e\
]\xb7j\xec\x13\xccg\xf3\xc2\xeen\x1d\x00\xdc\xcer\
\xf0n\xaf\xf3\x1e\xa7B\xef\x05z8\x9b\xa3T\x19\xeb\
\xb2x\xbe\xe4Z\xd6\x0e\x5cV\x90\x92\xa3m\xcf\x07<\
\xf8\xb1=\x7f\xd1\x18\x9d\xa1\xaf;\xe1\xd8_\xadV\xfe\
u^z8\xf89\xcf\xc1#P\xda\xe2\xc7\xb7\xf8\xfd\
\xb7\xb7\xdc\xe09\x0b\xca\xf8\x0an\xb8\xc4\x09~\x7f\xea\
m\xf9\x88\x13\x91_\x803\xb5\x88\xe4E\x08\xd8\x0bt\
\xf0\xaf\x15\x08\x98U\xa3\xde)\xe4\x0b\xf9\x0a\xed\x0d\xec\
\x87\xfe\xb2\xffn\xaf\xff\x1e\xa7\xe2\x88\x06\x9d^\xc8\x11\
{\xb9u\xd9\xe9\xa7\xad\x99\xd5\x89,\x85\x003\xc2\xb6\
\xfc\xc5\x9f\xbe\x1e\xcb\xd3\x1c\x12$\xed\xfe\x0d\xf1\x05%\
\xfb\xdd\xe0m\x1fr\xa6\xd1\xb4,\x02\xc8M\x10\x0b\xee\
P\xfe\x0d\xf3\xe7\xb5\xf2\xef\xb0\xe9<r:\xc95\x1f\
\xe1\xe4\xba!\xf1\xc9fUl\x0e\xae\xf3\x8a\xc3\xe1\xa0\
\xbc\xe1\xb8:\xb1\xc0\x5c\xc6k\x83\xdd\xc1\xb5\x89\x05\xe5\
K\x9e\xd8\x18\xd7\xbe\x9e\xf0 \x9aa\xb6d\xe2L\x06\
l\x9e \x8a\x02s\xce\x12\x11\x81I\x89<\x9c7-\
$iX\x17F\x1b\x85+\x80T\xda\xeb\xa4\xffM\x8d\
h\xcby\x9c\xc4\x90\xc8X\xceoSp~\xa3\xfd\xb9\
\xc8ex\xbb=\xe9\x82\xeb_\xed\xafV\xb9\xe0\xf1K\
\xcb\xf6\x1b]\xc4\xe7\x9d\xbfY\xd5\x82\x1ev\xfb\x9f\xaa\
b\x16\x0e\xcf\x19\x1cj\x5c\xd6@\xe6\xd9\xa8hY\x98\
\x88\xa60ILJP\xa9\x92\xc3\x9c\xd9\xcd\x11JG\
T\x0e\x0c@2TA\xd8\x83e\x0a2\xb0\xde\x86k\
Io`($FMP\xe42\xbc\xdd\x9eb\xc1\xdd\
\x7f}bA\x0c\x99\xfe\x0d\xed\xff\xf7\xf4]{\xf0k\
\xf1\x05\xf1\x89^\x1f\x0f\x96\xf97+\x7f\x83\xfe\xe2\xbc\
Y\x86\xee\xa8.\xbb\xb7\xde\xbf\xd9\xcf\xa8\xdc`\x9c\xa3\
\xcc\xa7\xa5\xc7O#\xe6\x09V\xa2W :rR\xe3\
Gvt:\xf6\x19j\x09\x01\xfeK\x9b\x98\xbdv\xb1\
L\xf8\xf0\xdc\xd05\xb0\xb7\x97C\xbf\xfa\xdcy}L\
;\x93\x11(\xa3\x97\x1a\x8e[0\x07\x10\x16\xe1\x81|\
\x18\x19\xe5\xdd\x9eAg\xb0\x938\x83\xce\x8a\xb4\xe5i\
\x09\x83\x9cnd\xe0<\x07\xfc[\xdcv\x1d\xdb\x0fO\
\xac\xad\x1b)\xe2\xfb\x82\x1c(\x8d\xd0\x22\x05=\x9a\x08\
\xe0\x97iQ\xfb\xc8w\xa8\xc4\xed\xb0B\x879\x06\x8b\
\x8e9\xda@\xc0\x86=\xdb\xa7\xa4\xe7N\x81:\xf2\x19\
r=\xb4\xbb\x10h}\x01\xd0\x00'\x1b\x9bv\xc3I\
l/\x92\xfc\xd2\xca\x8d\x9e`}\xde\xfe\xfc\x03\xaa7\
\xaeS1\xb8)M\xf3BcC\xb3C\x17\xd0\x8c}\
Y\x8e\x8a\xa7%\xd4\x17v[\x01\xbb\xd0\x1dLx\x94\
\xaa\xc3\x1a\xc1\xf0;{i\x81\x0f\x90X\xafl\xfa\xc8\
s\xd7\x1ca==_\xe6\xe8\x98&\x93\x90\xc4)*\
\xce\xd2\xe9\xbek\xbd\x9bi\xc5\xf0~?3\xedAp\
n)x\x14\x96J\xfa\xe62^{\x00\xcf\xbb\xb3\xcf\
\x81\x1b\x1a\xdc_\x02\x87\x9a\xe7~\xa4_\xb5\xa6\x1d;\
\xf3\xa8\xae\x5c\x1e\xa26Z&\xe6\xf62\xcd\x1a\x82I\
sKt\x92\xf2`\x97\x03\x17h\x05\xf7\xc1VpU\
 'E\x9a\x93\xbf`\xbb:\x07\x1e\x0c\x18\xd8\xcfK\
[\x85'\xd6.\xf7\x95{\xd4\x8b\xc9 \x16{\x22\xd9\
\x1c\xfbf\xb2\xde\xff%\xff\x03\xaa*\x99\xf6\xad\x09\x8f\
\x06\xd8$$\x95\x8d\x13F\xd3\xbd\xff&\x87\xfc\xddd\
\x8aEq\xb8VM\x14\xf9\xa2\x82I\x5ck\x12QG\
\xa3\x14h\xf4\x03\xc5,{\xf8o\xd9\xb7\xa20\xbaX\
>@\xef6\x84\xef\xeeN\xcc[\xbfmM\x87\xeaJ\
X1\xd7\xed\x06iu\xd1,}\x8a\xec\xcfnW\xea\
H\xce\xccy\xeat\xb3\x09\x99\x9c\x09\xd8\x0cJ\x09\x8f\
l\x1a\xe4Ja\xfa\xe9\xb9\xb9R\x16\xc2\x05\x03\xb9\xa1\
\x13FM\xe9\xa2\xec\x13s\xf2\x8a\xbc&\xc5\x87yp\
\xdd\xfc\xf7f\x85\x00\xdf\xd4\x88\xbd#\xe4\xac1I\xe3\
\xfcE\xda\xed\x9b\xbbP[y\xfdo\x9b\x01I|V\
\x11\x11YBr\xd0\x0a\x90\x93\xd2\x88RF\xaduQ\
X\xb5\x06\xe1\xc1\xbf\xc6A\xb8\x8f\xb4\xbc\xae\x92~U\
\xdcB\xb3\x903|\xe4N\x95\xb5d\xcf(\x12\x02\xa0\
\x1c,/pW\xca\x19\xc7\xbd\xff}\x8e\xcd\xd9U3\
\xda\x94asE&\x11\x89\xad\xd2\x100q\x0b\x10\x19\
I\x8dX\x19\xb1\x0f\xff\x9dC\xc8\x0e:}\xa6Ff\
:\x9b\xb2\x94\x96\x04f\xef\xfd\xbe\x8a\x9c\xbbH(\xfd\
ui[\xe3\x04/\x14)$\x08\x80\x0c\x97\xf0]\x84\
\xd40\xb5\xa4L\x83%\xda\x89\x82\xffP\xa4s\x22\xca\
\xb5T\xc1\xba\x84\x99\xd7\xaf\x07\x0d\x87\xb7\x07\x12I\x86\
`l\x0fb\xb9\xcdFV\xd7r\x1e*\xd6^%3\
\xa6\xa5S#$\xcf\x89\x03\x7f\x82\xdc\x9fn\xe9n\x15\
\x09\x0aR0w\xf6\xf1\x7f\x01p\x8f`\xfd\x9e\x91\xa8\
\xbc\xf6@?\xf0\xef\x9d\xf9\xf6\x95 T*\xc3\x9d\x98\
a\xd04\xaf\xf9\xf0\xc5\xbfq\x18p*jLK\x19\
Q\x8c\xaf\xd5\x98eR\xf6\x80Y\x8e\xaa~\xac\xb5\xaa\
M\xca\xdb@K\xc8\xf3\xb2\xc0<\xafi\x87o\xbe\xd8\
\x82 \x01\x96\x85\xeeL\xe2^\xdc\xffm\xa7\x1fv\xa0\
p\xf8\xae\x00O\xff\xd5\x0b\x90\x12\x0d\xde<\xaa\x16\x1a\
#\x9eo\xc8\x97e\xa8\x89\x1dz\x99\xc4\xdc\x17\xb7\xd5\
\x0c\xc1l\x1a\xa29\x85\x19\xd1z\xc1X\xce~\xbc\xc8\
\x80\xa0\x88\xe74\xd1\xd2\xc24\x1d=\xcb\xb55\xb3\xe3\
+KG0\xec\xe3\x97\xe0X\xfb\x12\xf5\xc2\xe6\xed\x9b\
\xb7\x93\x9e\xfd\x19\x10\xbaol\xdc\xe2\xfaW\xec5-\
\xd48\xddu\x98\xcfr{\x98\x0d)\x0e\xe1,\xa3\xf5\
\x80em\xcalI\x9a>:1\x03\xf9\xd6L\xe43\
\xd3\xe7\xff\xe1\x84\xc7\xd8d\xdd\xc8KA\xae\x88`\xae\
v\xcd\xd7'\x15\xc8\xf6c\x90q6\xa2\x0chiE\
\xdb\xcc2A\xc3m\x17]\x0e*\xf5\x9f\x19{$\xae\
\xcd@X;Z\xe9\xb3g\xc4c\xa7\x1f\x7f\xc3o9\
\x96n\x07\xea{\xceL\x9a\xcb\xf2\x9c\xd3\x80\x18F\xc7\
\x0aR\xab\x0e\xfc\x0f\xc7 \xbcYj\x9ba\xdb\xcc\xb7\
[\x93\xaa\xc4\xb5Y53\x9am\xf1rY\x1cn\xfc\
\xa0\xb2\x99f+-\x04Q\x1cm\x9a\xe6\xad}Yl\
\x8cW\x1a\x1b\xbb\xb6\xb8-\x9f]\x90\xe9\xdaX!1\
]\x0bOu\x11su\xe8\xcbl\xae^\x0e\xa7\xa2+\
\xc4\xd9s\xa5\xc8\x11\xce\xe2\xbc\x0b{5\x9f\x0d\x17\x87\
w\xfa\xffZYh\x12\xc4\xa3Z\xaa\xec\x11\xa5Rr\
aTa\x80\x9b\xf5^\x0e\x8f\xcbi\xbc>D\x87,\
\xcc\x88\xc1\xf2r\x1ah{\x10\x15\xb0\x87\xd0\xf2@\x05\
\x10\x9e\x97vl\xd9\xb1\x05\xec\xd2\x07\xbd\xcd\xf3\xa2\xb7\
\xbb\x88~\xa8fBW\xcc`TsUj\xa4m\xb8\
m\x18\xf6\xd4\xdd\xb0\x80\xec\xe4\xf2\x05\xc2\x5co\x80\x8c\
\xfc\x17\x84\xa8\xe6%&\xa9\xdf\xf2\x80\xca\xda\xcdRc\
\x03\xb7\x0c\x97\xdd4]\xbb\xd3t\xa9\x16.\xcf\xa7p\
\xdf\x96D\xdaY\x1f\xd2]\x80J\xeaRYJ\x97\x8a\
\xd6\xd8\x129\xe6.\x11\xc0jr\xb4\xb1\x7f\xa0`\xc0\
\x04\x85\xe9'\x11I|\xe4\xb5\xb7\xe0\xae~gtM\
AToyf\xd5^\xd4\xf3\x153\xb4\xe5\xd6y\xad\
\x15b\x86\x8a\xa2\xb0\xad3,\x90\x9b\xa1\xa7\x9c\x88Q\
0\xda(\x04E<\xc7X\xbb>b\x86\xfa\xcd\x1d\xea\
\x22\xac\x83'\xc1\x90>\x05\xe8#-\x80\xd4\x92\x81!\
\x99\xc6\xfe\x07\x84{U\xe7\x83\x8b\xcf\xf6|\x0fs\xb6\
/\x13J\xfaz\x80\x1a-\xa7\xdd{0?$\xb0\xcf\
yj\x87\xfbO\xc7\xc6V&\xfd\x9b\x82{T\x8e$\
\xc7\xf1\x1e\xf4\x8e$\xb7\xa4\x87\xd9\x9fy\x1f\xfe\xfb\xdb\
ns\xf4\xe0\x0d{6G\xcc\xc2\xa3\x11`\xa4\xbe\xcd\
\x95\xa7\x1c^[)\xc5U,\x07\x8bF\x07\xfd\xa4\x85\
\xe8~_+\xc4\x0032L!\x81rc!\xeb\xfe\
\xe5\xf5\xdf\xfa\xa6\x13\xbd\xbf\x08\xa1\xb7\x10U\xb8\xdf\xfd\
7\xde7\x9d\xb9\x9ek\xde\xca\x1e+\xab\xe3\x0c\x5cY\
\xadS\x91:\xe6C\x8a\xa1\xa3\xf9\x8b+\x81\x87}t\
\xe3m\xdfB2\xb8\xd0\x227}d-\xf0\xf0,\xd7\
9b\xf0 \x1d\xc8HE\x5c\x91M\xc2p\xff\xab0\
\x09S\xb6\x95=\xadcS#\xd4\xb1\xee_\x9e\xf8\xd6\
\xc7\xe7$\x13u\xbf\xfb\x0f\xdem\xce|\x9f\xad*\xad\
\xf7\xe3\x89y\xcf\x84H?\xcd\xcd\xb4X\xef\xff+\xcd\
\xb7\x90\xc8\xe7\x95\xe7%r1\xcf\xcb'\xb2\xb1\xb0\xd6\
\x90\x8f\xfb\xbf\x14\xbb!y\xcb\xdd\x8a\xf60_\x88\xd9\
\xcf\xa4F\x06\xb7\x0en\x05F\xb9\xadp+\x5c\xe2Z\
\x7fz\x94\x92\xbb \x9fd\x8a\x8e6i\xda\xf4\xc6\x88\
(\xc5\xae\x9d\xd5\x13e\xf1(\xa7\x10\x86G\xc3\xf6\x12\
)\x9c\xd6\x8dj\xbe\xc5E:\xab\x96(mF\xc9\xf4\
!vl\x0d\x9dJP\xd2\xfd\x0bt\xa3\x0fd!\x17\
\x9fpE\x90\x80v\xf9(\xa6\xf0\x0d3\xb5\x13l\xdf\
\x97a\x14\xbc<\x04\xc7K,w\xa0`K+\xdc\xfd\
\x19\x09\x85\x9dN\x95{\xc8\xde\x9e\x22\xac83k\xa7\
\xb4;\xfc\x14\x19\xd4\xed]\x94\x09\x0c\xfcd\xe3\x04\x7f\
6\xb5n`\x88 \xceC\xc4h\x01\xb2q\xb9\xde^\
^\x22la\x0b\xcb\x8a\xb2r\xb9\xb6&\xfa\xf6\xba}\
{)Ko\x99\xecr\x8b9\xe7\x96j\x08fo\x1a\
dn)\xd8\x9b\xbb\x90\x14Htc\xc8Ylj\xe1\
\xdd\xb0\xd0U+\xac\xd6m\xe8\x07\xe0\xd2\x91C\x82\xf1\
_\xbd\x89\xbex\xb0H)\x5cK\xc4\x1f\xed\xd2Y}\
\xb0\x15\x134[\x19F\x04\xa9\xd7\xe7\x85\xe2\xfe\xbc\xc9\
\xdb\x1dm\x1c\xc4\x14D!\x16\xd1w\x16\x1exN\x03\
\x85\x04\x13VY\xb5$<\x91\x9eD\xcb\xe8\x9e\x06\xba\
\xd0\xe5\xa1s\xadw\xc2\x90\xdfI3\x10x4\x00\xfc\
\xb2XN~\xcb5\xd4\x0a\x8f{\x0d\xb0r\xbf\x89l\
\xdevJ\xee\x1eo\xabi\xce\xb8\xcd\x19\x14>\xd0\x9b\
C\x0b\x9c\x01\xb1\xec\x00\xbf\x0b\xea\xe9\xc1='!S\
i)\x98\x09)~\xae\x1a\x89e\xd4\x00OP\x8ch\
:8\xdd\xd2!\x12\xb8\xbe>\xb8\x95>\xba\xa1\xd8\xa8\
vq\xd7R\xb7\xb6\x133\xc2I\xa0Ez\xc1\x5c\x12\
|\xcc\xa0;\xfcRJg.\xbf\x1c\xde\x0a\xfeC}\
}\x0a\xf4\x13\xe4O\xabF\x9ay\xad\x05\x9a \xc4\xa7\
\x09DS\xe5>\x98\xb2}df\xd5\x85G`Q\xe9\
A\x0f\x92&m\x1e\xd0\xd2\x86\x13\xd3\xbc\x9b.\xc1w\
C\xebe}\x9a\x10ag`\x1f\xf8\x80\xdf\xa3\x1eK\
\xcc\xb0\x85\xa5F\xf2\xd3\x0e\x92\xd3\x83\xdfw\xcd%\xb3\
1\xda\x18]\xdc\xf8\x888\xb7\xc4\xc6?\xe6\xd4\xfd\xeb\
\x1d\x93$\x98aat\xa6\x93\xca3N9E\x5c\xf6\
9>\x86\x8d6\xda\x14y\x07\x0f:\xb3n\xc6\x0b\x8f\
(\xca\x99\x058O\x83+\xd6\xab\xfb\x0f\x1aS\xa4\xb1\
\xf15F<\xa3\x8a!\xb8\x89\xe8g\xb8\xdf\xb1\x0d\xd5\
\xf0\xe3\x99\x1c\x12Lr\x98X \xec\xf2b.c\x1c\
4\xd8\x12\xad\xb7\xab\xbb\xe2Q\x1d{\xd4\xb0O\x8dx\
V'\xe7\x11'^i\x9a=vQ,\xd4h\xa3g\
u\xb2\x980\x8d\xd1}\x0ew><\x09\xdf\xd0p\xd7\
E\xa5\x0f\xa37'\xcd92+R\xe3\xb1\x19\x81\x1a\
\xd1\x9b\x83\x81\xda\xa8-o\xf9S\xdf\xd0\xe7?\xac\xd6\
\x1ft\xec\xe3@x\x0f=y\xeb(@?]\x1b=\
\x1f\xf4\x18\x1b\x02'\xc4\xc3\xeb\x9d\x82}L\x99\x94\xc3\
\xfc\xa4\x0c\xa3I1\xe4\xce3+\xee\xb4\x8f\xb0\xe9\x80\
\x1d\xf8;\x1b\x22\x934U\x9e\xc9\xb2\xb5\x8ecB;\
<\xa7\xf8\x8c=y\xc3\xde\xc46\x19m\xccM\x9b\xb0\
2^\xe4H\xfb\xf8\xf3j\xfdz'\xda\x88\xd1\x01\xe6\
n\xdb\xe5D\xbf\x14]d\xe6\x98\x9e\xd0y\xee\xaem\
Nt\xb1\x89\xde\xac\xbbj\x95\xa6\x9fL\xbe\xb6\x9b\xf0\
\x93~r\x16\x1d\x1f,yr\xf3)\xc4\x1djq\x22\
)Z\xe1\xbd\xcc\xb9Rh\x94Z\x83\x1a_\x97\x0cV\
\xf8\xbf\xa4\xfe\xdeh \x94\x05\x1b\xa3\xdd\x95\xbb\xb6\xf9\
\xbf\xec9\xd5\x04\xc5\xdc\xe0\xe6\x0a\x81\x04\x89CO\x1a\
\xd52N\xa1\x17\xa5\x15\x8d\xb9\xaf\x1e\xaawq\xcfp\
U\xa1\xdaK\xa1\xd9T\x0d\x0a\xf6\xd2\xde|G\x9c\xba\
k\x8ae+\xd0Q0\xbbf\x1c\x1c\xe0A\x98\xe2\xce\
\xea\x84)6\xc7\x82;\xf3:c\xca\xe4*\xd7\x19\x96\
$*G\xd9\xd3\x11\x93`\x89U\x93@X\x0c\xdaW\
\x97E[rgRb\xc3K)\xe050H/,\
\x07\xce\x9a\xd0\x5c\xee=\xe0\xb9\x07\xd0\x0f\xd7\x0d/\xb7\
\x0f\x92\x91\xb2\x18L\xda\x84\x00F\x98\xdb\xb6\xc8\xb7\x04\
\x93\x96J!\x8a\x8a\xc9<4\xb5:V0\xd7_\xcf\
p\x89\xbcM\xb0\x18\xea\x14\xcc\xbc\x7fs\xf0\xcbF\x1b\
\xa4\x5c\x96\xc4`\x0a5\xb6\x0c9f\xe6\xc6\xfc7\xa9\
\x8f$\xfdO\x06w\xaa/\xc6Q\xfd\xc6\x16\xe8\x9b]\
?\xd9\xf4[\x8a\x83\xe4\xd2\xa3\xb3h)\x03\x98\x94x\
v\xc2q\xbe1\xce\xe9\xff\x01\xb8\x04\xe6\x96U6k\
B*1OMhYi`\x9c\x1c\x88\x93\xf9\xbb\x1c\
\xf0\x1cK1\x1a\xc6\x07\x99\xcb('c?e\xa3\xbf\
IN\xe6\x5c\xdbO\x89\xe3\x97\x09\x95\xe6R\xcaJ\xda\
!\xac4h4\x03\xb0\xa9\x01\xf2\x00\x10\xc7t\x96\xba\
\xb9\x03~\xac\x83\x99\x96\xf4\xd5\x96\x84\xa6\xc0.o\x17\
\xdc\xed\xce\x1d\xe1\x7f;\xa1\x1a\xbe\xe4\xed\x84\x8f\xec\xe8\
\xd8\xd1\x01/\xb5y\xdb\x5co\x1b-ugFu\xa2\
\xc39@\xfe\xa0GThHOC\xe3\xa6\xc2\x15\xd9\
\x7f@\x94u\xe6\xc3O\xef\x067%\x88\xa2\x9ab\xfe\
\xc8\x85\xaa-},}\x22\x96\xc2t\x0b\xdd\x83:r\
\xebK\xb3\xcf\x848\xd0\x9a;\xac\xdcs\x93V\xee\xc1\
A\xe4\xce\xac\xf4\xc3\x1a@\xa0$\xd4\xbcF5\x1f;\
\xba:Q\xd509\x1e\xdc\xac\x8aV\x97\xd3O.\x05\
\xae\xdfH\x97\x13f%<\xad\x1f2\xd0+o\x1f\x1d\
6.\xa3\x03\xc5 <\xe8\x0e}\xa8\xd1\xd8\xa4\xf0\xb4\
Y,\x16x\xc2\xc0<\xb8\xa9\xcaypS|ep\
\x93j\xaenT\x1f9\x1a\x1f\x8e\x1dY\xb5&q\xec\
\x98\xd2\xff\xd4\xfb{\xfcz\xe5\x7f7\x198\xd7\x10\xa1\
\x102Wi\xda\x05G\xf8d\x13\xd8\x07e\x96\xb2]\
\x0a\x8c<a3\x15\xf7z{\xf1\xf0\x95F@\x95\xe4\
\xf9\xe38\xe1\x1c\xea\xb3\x9a9\xa1 \xc4V\xb8G\x04\
\x84\xe948\xcf\xac\x94&\x01\x80,\x097\x9d\x0b\x96\
z\x90X\x1eu}\xdb@q\x82\x8b\x8f\x0a\xcd\x02$\
e\xc5\xfc\xfc\xbc\x07w\x07\x85\x14\xf5\xb2\x11\xa1\xa1\x17\
\x9f9\x91}ax\xb0\xa9\x97\x9eW\xff\x90\xff\xce\x7f\
\x1eK\x9b_\x13O\xcf\xc82\xe3\xfe\xe2\x02g(\xac\
\xe5Ij\xba\x1d\x17\x9d\xa1\xf5\xc7\x1b\xfc\x94\xd7\x9bw\
\x22\xf9\xbcx\x8e)G9\x0a\x17\x91\xcc\xa1W\x12\xbc\
\xfbb\x01\xe1&\x05\x1b\xbeT\x18\x9e\x92\x8d\x8d\xad\xfd\
[\xe8\xbd\x17\x05\xaa{\x02\x9a\xf5\x04sm2\xa3\xa5\
\xee\xe2V&y:\x1b\xf5;MH\xc8\xe8<S!\
tz,\x84\x17\xe8[\xa4\x08\xc9y\xf6\x7fa\x12i\
\x9d9\xb0N\x19\x93\x91\xe2p\x9e{\xdc\x8f)\x5cn\
\xdb\xa8Gp/\xc02\xd0\xfa&\xb8\xb2\x03\x89\xd0b\
h:]\xee$\x8bc)G\x96h\xa5\xb76\x87\x0e\
\xf8\x96\xac\xf8Z\x04\xc6,\xf6\x1dm\xb4\x09\xe0J\x1f\
\xf3oZ\xf8J\xff\x81\xc4\xbc`\xc1\x19$\x92p[\
\xe3\xe9\xa1i\x1d\xa4\x1dQ_\xf5o\x8a\xbf\xb1S\xe4\
\xa6\xaf&\xd8\xa7d\xf7r\xba%\xbcI\x03\xf4\x1em\
\x9c&\x1f\xec\x88\xab!\x1e\x9e\x9b\xfb]\xff\x03\x0b\xdb\
\x8d\xb4\xcd\xf4\x98\xf2\xff\xffd\x90\x0aV\xa8_N\xfa\
\x1fzB\x95\x9fp\xc8\x8b\xba\x14\x1d\xc2M\xa4\xd5`\
\x8f\xd2\x17D4\xe2%\xbaY\xb7|;\xd2d\x00\xc5\
\xa1&7\x5c\xc2\xce.P\x95\xd1H2M\xa2\xe1>\
\xfc)u\xac\x88\x87\xb2-dk\x9f\x04\xf7\xeaI\xa0\
\x95:\xc9\xe4K:\xacF\x0drF^\x83\xe2\x9cV\
e\x10~x\xf7\xfe'\x1d\x93\xa4\xc1\xba\x871\x00\xc8\
8\xa8\x99B\xe2\xc7=,{\x9c`d>\xee\x00\xa0\
\x5c{\xed\xdb\x15\xf8\x05\xc3\xbd\xe1$\x89\x8a\x86S\xe0\
J\xf0\x9a_I\xea\x98\x9aJ\x9d\xa1F\x1a\x03z,\
\xedX\x89\xa1\x98hs\x96\xfa\xa5\x9dK\x90\x19\x18\x03\
r\x19m\xca\xfe\xc5\x9f\xa8\xc7\x93\xf5\xfe\xe5?S\xbc\
\xa3\x84\x1d\x9d1d'nK\x87\x93\xb5\xf3,A]\
)\x97e\x00\x9f\x0d\xe4\xb0k\x98\xc7\xc8\xde+\xca-\
35\xca2+x\xee\x09+S\xd2\xb8\xb8\x04A\x81\
54\x96\x9bf\xc1\xdb\xb0;\x0f\xb8\xa9.\xd0\xf6\x96\
\x15Nk[R\x14\xc2\xb14Cz\xb0L\xd3z4\
i\xd1\x91X\xb0\x8b\xd5\xf1\x0a\xc1\xa2\xd2\x0f\x95\xffJ\
\xf2\xdd\xcf.x{\x5c5/\xd3\xaf\xad\xa6\x1d\xa6n\
\xbb\x8d\xd8\xae\x13\x86\xbc\xd97\x96c\x0b\xdbW\xfc\xd8\
:\xc54c>\xad\x0c\xdb\xad\x1b\x22\x16M\x1f\xb8\xca\
\x05\xc9J4\x11\xe1\xab}\xf0\xa9>\x16\x9b\x14\xd5\xf2\
$+\x0b]Ll\x12T\x9dP\xe1\xc9\xf5\x88\x01\x1c\
\x91\xb5\xa33>l\x07\xa3ju\xaf\xfc\xe0v5v\
[8no\x8e\xdd\xb20\xe9\xcc\x1f\xc5\x99G\x99l\
\x93L\x1a\xcf\xdf\xad\x9d\xdd\x99\x7f\xe6#\xbd+\x22\xa7\
D\xabr1mh\x87{\x8c\x10\xb8n\x88y\xf6\x92\
\x06=\x9b\xd15O\x85\xcf\x0d\x0bV\xf8\x1c\xbf7\xa9\
\xc7\xa4\x7furM\xb3\x82>\xa5\x08\xd5\xeb9\xd2\x16\
<\xd0.:Exv\xfb+\x1a\xc6>\x1e\x8e\xc8\x95\
\xfe=J\x13\xd5\xa2\xe0S\x8a2\xb5\x98\x1c\x99k\x13\
\xd4\x93]\x9e\xa6\xae\x9d\x107| \xa9]\xa6\x807\
\xc2\x8f\x10\xf5\xc4$XK\x93`\xb5WH\xbd\xd7!\
$\x98\xf8\x5c\xb4\x8b\x85S\xf1\xf2\x16}K\xc1D9\
lV\x17\x84N{Ew\xc3\x0f\xd4\x0d\xc9`E\x90\
R\x9a\xfa\xc0\x19\xd5\xd4\x07K \xd1\x02K\xe0\x9e\x08\
7\xa5}\x10}\xc2\xf2\x80f\x8a\x189\x08\xe2oz\
\x81m\xb76\x9d\xce~$\xcd\xc72\x03\x82\xdb\x88k\
Z\x02\x9b`r\xb4\xb14P\x1a\xe8\xef\x0f\x8b\xd2\xce\
\x1e\xad\x90\xb7\xb3G\xd7\xfb\xfb\xf5\xeb\xf8\x89\xc8\x972\
;\xed+v\xf6\xdb\xbf\x86\xbf\xdf\xea\xad\xd7\xa0\xd8\xf0\
\x9e6\xc1\xfdm\xa2H\x99\xdeK\xb1\x90\x177\xc1\xc7\
6x\xeb\xc3.\xbcAi6&G\x5c\xf51\xf1b\
\x99\x02\xdep\x80dy\x01\xddL\x19x\x18c\xc9r\
\x19\xa5\xb2t\xb3\x12\x87\x01cL\xd4\xb4\xf3\xcc#G\
}oPG\x14O\xc8F;\xdd\xad\xff\xd3\x1f\xa9\x0d\
~,\x17\xbfg\x83\xb7\x7f\xe4\x8b\x07<\xe7\xbf\xaeV\
\x1b\xf3q\xd9!F\x99i;\x01\xa7R,\x93\xe5r\
\x11\x02\xd1\x1e\x97\xa0U\x1e\xdeL\xff\xf6\xfe\xed\xc5(\
\x83\xf2\x98@\xa6\xc6\x847-B\xaf\xd7M\x16\x99V\
\xe2s\xef\xfa\xac\x97\xfbs\xcfk\xfeU\xcf\x1b\xfa\xd6\
\x9f9v*+:\x1c\x01+T'\xbe;G\x96E\
\x07\xbd`\xe8\x03\x10\x96\xa1\x18M\x96\x22\x97\x13\xa0\x0d\
1.\xaa\xe0\x9c\xa1=J4\x7fXfi\x22\xb9\xfe\
\xf25j\xefPB\xc4\xaa\x01\xdd\x1b\x03\x87a\x8c\xdd\
\x86\xbdV\x0f\xf3\xef\xb1\xa5-\xb5\x09\xf6\x94N\xffm\
\xcc\xa8\x9dD\xed/i-\xf0\xafO\xb1\xb1\xb8)\x0e\
\x06\xb2@\xfe\x13\x10\xa3\xc52I$K\x0c \xc52\
I\xb4\x9d\xfd\xd0\xbc\xfdB\xba\x08\xf2xh\x8e6Z\
5\xf4\x0a\x8cqz\x00B\x02\xad\x1a\x85\x8bP\x1b\xdd\
\xcd%\x98\xb4\x92X\xdb2\x15\x09\xc4\xbc\xc5\xa0\xca\xc4\
9\x00\x17`\xdf\x9fK\xb1\xbc\xf9\x98\x84\xa4\xc7\x84]\
h25\xd2\xe2i<\x02\xf0\xb1\xd7\x11\xdfN\x1f\x97\
\x015@\xb8\xd1\xec\x8bG\x85\xe0\xcbi\x96Z\x14\xda\
\xc7I\x16J\xc2m7!gFS\x0bO\x08\x85^\
\x16B\x8c\x09\xcc\x13\x07\x93\xc8\x94\x933$|\xc2\xee\
bw\x11\xe8r\xc9\xdf\xe2\xd6\xff\x89\xff+j\xdd:\
\xc7p\x1a\x13{\xeb\x19\xf2\xbdl\xc3\x12x\x05G\x0c\
\x0d\xb0]\x8b\xa3\x1b\xb1\x09\xf37\xb0cLm\x89\xf0\
d.\x95\x87\xb2ke\xc6D\x9a\xf4\x82:\xc1\xb0\x87\
]3\x80\xd8\x8aG\x0f?\xf7\xdc\xe1G\x1d\xc3\xf5\x8c\
l{\xda\xeb\x09_\xd8\x85\xa5\xbe\x18{\x8d*\x7fp\
\x1c\xbd\xa4\xe5i\xb7\x085x\x808\x1d\x86\xa7?h\
\xb8$l\xb3\x1a\x84\xd9\xdfuSq\xcb\xb9[?\xa8\
f\x0b\xc6\xbd>a\xff\xe9\xc1M\xb7`\x93\xc2V\x04\
\xca\xa7\x85\xe5\xee\xbbS\xcd\x12\x08\x9cWt9\xcf\xbc\
j\x22\x85A\xc4i\x8c\x18\x17\x9e\xb4ZzF\xc4\x22\
\xb8y&\xceL\x8dd\xccn\xe0\xde{\xaf\x1a\xbf/\
\xf9t\x93\x1a\xbf?\xf9\xc8W\xd4\xf8\xfa\xe4\xa1]\xba\
\xfe\xbem\x5c\xbf\x8f^\xdf\xf0\xa7j\xd7\xae\xe3+\xb7\
ms~\xf1\x17\xd5\xb6m+\x8f\xef\xda\xe5\xd4\xfb{\
\xfd\xbd\x8aV\x8a3\xe2\xd5A\x9al\x04\xecZ\x82&\
\xba\xa3X\xe6\xcc\xdd\xb8\xe1\xc6\xbf\xdf\x7f\x80\x09\xe4\x93\
\x04a7\x1e^\xc1\x8c,\x93|\xa3%\x8c\xa8\xff|\
\x90P7\xdex\xe3\xdf}\xff\xfbNK\xf0~\xb5a\
#r\xca\xb7\x03\x1dg\xf7Vok8N\xf4\x04l\
\xdb\xd9\xb6\x13\xd6\xcd]\xdenow8=\x97\xa5F\
P\xe2\xdc=\xb0\xdf\xd9\xbe\xef\x9ft\xd6\x85\x9b\xc3.\
k\xda\xd04\x82\x09\xc5\xf3\xeb\x9f\xc5\x8c\xfb`\xb0L\
\x19*\xcd\xec\xcc`\xef9\x93\x0c=\x83\xb2\xa4e\xb2\
\xd6h\xcc\x98\x1a\x03\x14\xa2\xa8g\x934T\x07\xa3\x9c\
\xf89Q\xaf\xb6lA\x13\x1e9\xa4\xc6\x1fH\x1ez\
D\x8doH^\x1b\x0b\x0b\xfd\xc2F\xfd\xc2\xa5\xbf{\
\xa1I\x9c\x966h\xb3n\xba\xd1Y\x1c\xb9\xfb\xf7\xdd\
K7K7\xfe@h\xff\xff\x9a\xbfQy\xb7=|\
\xd0\xb9?\xb8Ry\xdfzx\xbd\xf3\xfbO\xaa\xc6\xc6\
=[\xff\xe8k\xde;\xfe\xf6o\x7f\xff\xa9'\x9f\xbc\
\xe9\x7fz\xef\xf8\xcc\xd7\xb6lu\xfe2\xf8\xb4\x02<\
\x158ZC\xe3KO\xcc~@\xac\x0d\xe8.o\x22\
\x90\x9dO BD\x8du\x03o\x97w\xd4;\xda\x0b\
\xb5\x01b\x86\x04\x0f\xdbU\xb4yP@\xe62x{\
9\xa0\xd3\xae\xd4\xcct\x10xq\x99]>|)\x0d\
ow\x02&\xb4}\x17\x09;\xba\x8c\xbdD\x07\xf2s\
\xb2\xf5\xfe0\xfc\xdajo5\xed\xf9?\x94\x9d\xfe9\
q\x89\xbd\x00Z[')\xed\xa4\x9d\xd3\xdb_\x04\x86\
\x81\xe7\xd0\xcb\xf7\xf5\xd8\xf8\xa6\xe4\xea\xd8\xd8{\x92\xfe\
M\x0d\xefH\x067\xadQ\xe3\xcd\xc9\x13\x0d~.\x19\
\x1e\xa3\xc2j\xb0a\xb5\xaa\x8a%\xc7w\xe2\x97\x94L\
&p\xe6\x0f\xc5\xf5S\x0dc\xbf\x90\x0cR\xe1\xc3m\
\xd6\xcf5g\xa2\x84\xbf\x22\xbe\x80\x5c\x89\x85\x13s\x05\
+\xe2\xf3\x9d;\xe1g\xabm\xfd\x94\x8d\xa1\x9a\xa7j\
\xf9\x8c@\x90E2\xcfj h3\xffV_\x83c\
\xcb\xff^\xb2\xfe\x09\xff\x0e5\xfe`\xf2H\xc3XS\
\xd2\xbfv@\xbd&,\xc7\xbc\x16\x9c\xd7\x98\x05\xe3\x1e\
nW\xe1\xbd\x06+\x86\xd5\xb1x\x14\xd37;\x10k\
\x06\x14\x96A\xa6\xad\x9a\x11\xb87\x1d\xce4\x0d\x13\x16\
\xb1\x9a\xdcSA\xbd\xf2\x13\xc9\x8e\xdb\x15k\xfa\x80\x1d\
\xbf\xe0x;n\x92\x17\x8b\xc4\xd0\x8efL\x00.\xda\
\xec\xf8\xfbp\x8c\xe5\xa4\xe2\x92\x04\xea\x18\xbe$\xa9\xd5\
\x8e2\xf1\x0cD\xc5R\x0c\xff\x9e\xb0B\x92\x8d\xc2\x02\
\xd5$\xf4\x18,\xa3G\x0c\x8b\xe7\xe5\xb8Tq\x8e:\
\x0f\xb1\x07:tu\xba\xf8\x0f\xed\x8c\xf3\xe1b\x0a\xea\
\x0f\xab\xf1-z\x94~.\xb9\xb9!7\x1f2\x19\xce\
\x0b\x9av\x97D\xbf3\xc3\x93\xf1sC+H\x9b\xcc\
\xdcbq\xe1]N\xe0\xe8MTH?WD|&\
\x08\xee\xcd\x5ch~\xca\xff\x035\xef\xd5f]\xb0-\
!P\x1a\xe1\x00\x98O\x9c\xea\x8e*C\xb9\xbb\xe36\
Rn\xfe(\x9c;\xe6\x1b\xaa\x16\x9f\x00\x22\xe5\x0e\xc7\
g[\xed\xb2Lm\x1bdV)\x7f\xf7\xaa`w\xdc\
\xdf\xdd\xac\x82\x15\xc1n\x7fE\xa2\xde\x7f\x87\xff\x94\xfa\
\xdd;\x1dv\x17\x85M\x97\xf1\xd2\xae\xf7[\x1f^m\
\xbf\xc6M\xadO\x147\xea\x10\xbc\xbet\x86\xdc\x81\xdf\
\xbb\xd31a\x8d\x1e\xcfd9\xba\xcf\x1e}v\xb5c\
\xf2M{<\xc3V\xee~\xef+\x0e\xbb\x06\x17\xe9\xb7\
\x8a\xee\xdf'<\xbe\x8e\xaddWp?|\xd4\x1bu\
\xbc\x22sV\xc3k\xbf\xfb\x15V\xf9!f\xc4\xb2g\
\xf8\xb1\xdd\x0f\x07\xd7\xa8'\xd7\xfe\xfe\xda[\x1fu|\
g\x8b\xf2n\xbeu\xad\xf7\xe7\xce\xf7\xd6*\xef\xdbO\
}\xc1\xfb=\xe73\xa7\xd5\x93\x8f>\xb5\xf6\xd6\xb5N\
\xc7qu\xeb\x17\xc2W\x1fu~\xf7\x06u\xeb\x97\xbc\
?\x7fj\xad\xf3\x99?VO~\xe9\xc9/\xfc\xfeZ\
\xc7_qM\xf8\xe5\xdf\xd7_\x0e~\xed\xf7\xd4\xef?\
\xea}\xfb\xc9/\x84\xc7\x9fz\xffi5\xbe5y\xf0\
Sj\xebz\xc7H\xd4z\xcc'9\x13q1/\xb2\
\x9e\xfb\xa5\xf8\xc5\xa8\x8a=V\x05\xe1\xd6\xdaz\xd0\xa9\
8Q\x12\xb43\xeb\xcd\xa4\x95\xeb\x06\x9f\x8f\x8d\xb7$\
?\xf2\x17j|[\xd2\xff|\xc3xkh7\xbe\xd3\
\xdf\xa1l\xfe\x22V\xdc-x|;\x96\xd2\xaa\xbe\xc8\
\xee\xf5\x8e\xf9\xcb3\xcc\x9a\x0c/\x8c\xb2\x1a\xea\x19\xe8\
\xb9_\x88\xf3\x1d\xe1\x0eg\xc5\xdc\xa9\xe6\x99\xe4~|\
\xb6\xdd\xc1\xcd\xaa\xe2f\x83Z\xff&\xdd\xc0\x1d\xebT\
n\x95\xb5^\xa5Ffv2\x8d\x93\x1f\xaa\x13w\xf3\
U\xf3\xdf\xccW%\xe6M\xdar\x0cY\xf3\x04\xb9>\
\xe3\x1aE\xb2\xa9(5\x22W\x9fG\xf2\xda\xb1y\x1b\
6:R\x22\x1c\xa3\xa3\x8d\xd3\x16WGR3j\xb5\
\xe8\x0a\xb8\xdd\x8e\xcd\xdb\xf6\xc38\xcc\xfcl\xd5U\x18\
\xac\x17\x80\xf9\x8c\xdb\x02\xe9\xb6B\xcf\xf4\xcb\xd5\xe7A\
\xdd\x10\xe9\xc5\xf9\xc3\x5c\xeb\xfd\x1b\xc2\xd9\xd9\x13\xe74\
\xf0\xcbG53\xf6e\x90\x11\x83%\xa8\x81\x9d\x12\x02\
\xb0\x97\x85\x14\xeceF\xbehm\xedls\xb6Y\xe7\
\xc5\x8cj\xd53\x0d\x08\x5c\xf3q\xc7\xe6Z\x0bD\x8e\
uR\xfb\x9f;\xees\xba\x88\xe3\x0a\xf9G85\x8d\
\xe4\x1c\xa5\xf6*\xec\xad\xba\x98\x89\xc9\x04\x9c\x0e:\x99\
m\xb0}\xb0{\xc8\xdb\xe3\xfaW'<b\x96\x07l\
\xec\xe5 {\x8b\xb4\xd7#vm)\xb8\x1ctQ\xf1\
\x06\xd4.\x97\x8cg\x9dc\xee\xae\xbbN-t\x97\x96\
MZr\x86/\xc2\x87\xdb\x9e\xf0\xb2`\x10V\x97\x95\
\xbe#\xc1\xf2-\xe1n\xb7\xd3\xb6\x02\xdb\xe0I\xb6y\
\xdb<4\xd7\xa2 \xca \xa5\xad\xb8)Fi\x04N\
\xe2\x92&Y~5Q2\xa6a\x0fG\x1c\xe8`[\
B\xb1\xe2b\x7f\x14\xb7o\xf8I\xa3l\x01\x18o\x1d\
m\x9a\xce/ \x04\x8a5\xb4|\x19R#\xa6sF\
\xec\x80\xcd%\xab\xb1\x08\xa4\x0a\xa6\xf5\x0b\xbb\xd2\x9a\xfd\
\xd3\x7f,\x9c\x1b:E\xba\xbe\xad&\xbd\xabsW\xe7\
@[_K_\x8bM\xa4s\x81iv\xac\xda\x04\x10\
\xe4\x91\x07\xbe\xd5]\xad\xe7\xc28y\x0e\xba\xa9\xe5u\
z\xa2\xdb~\xbf\x93f\xdep\x1d2\xc0\xd90\xc1\xfe\
'\xc2q\x11\xd7\x82\x9d\xa6\xd9\x01D\xf1\xdb\xc15\xb0\
\x9d\x1c\x04\x93m5\x03\x08\xa9\xa1y\x00.\x07\xd6\xb3\
\x8e\xaa\x5c\x1b\xed\xeb\xa5Q\xa4w\x02\x92\xe8\xea\x98\xe9\
\xdc\xbd\xee\xbd*\x08/\xb6\xa5\xb7e\xa0u\xa0\x95|\
hc\x98O\xc9qNS\x03\x9d\xccZ\x8a\x91\x10\xe6\
\xd2\xd4\x806iI\xaa\x5cBz\xba\x1d\x87\xd0\xa8\xe9\
\x87x\x13\xdd\x04s>\xbbG\xbe\xe9\x0c\xc2=\xf4\xe9\
\xf98R\x18.\x0c\x93>\xda\x15\xbaa}a|7\
5\x80$\xeb\xc4\xcd\xa9W\x00P\x83\xe5\xcb\xa9r/\
\x8aT\xbb\x998 \x924\xcf\xe2(\xf7\xf6Iq\x9a\
\x98\xdaip\xf6I\x0al\xc5G\xe0k/\xc3\x12\xaa\
y\xbeN\x1dV\x0bb\xbe\xfe\x97\x99\xfe\x7f\xdaL\xf7\
\x9et\xe6\xb1\xbe\xcb\xa96\x01l\x08_\xfd\x99\x1a\xff\
\xb9d\xff^5\xfe\xf3\xc93\x9b\xd5\xf8\x9b\x93\x9d\xfb\
\xd4\xf8[\x92O?\xac\x06\x89\x90\xa7\x88\xba\x9f\xe1\x7f\
\x10\x18/\xda\x00H\x9d\x8e\xdd\xc8Z\xcc\x22\x1d\x0f\xb1\
\xb8N\x0c\xe5\xb9\x1b\xe2`\xc6\x93\xe8\x0c\xa6=p\xf2\
\x83a\x02\x9e\xc0\x08'\xe2\x0a\x99=\x06\x0fh\x81\xa0\
:\x02\xc9'\x1a\x1f\xd5c\xb0\x0d\xf8\x891Nj\xa2\
\xa8\xe6\xc4\xd4\xc81\xd6\xf3(\x88\xa4Q\x1d%[\xc6\
H;\xde\x0f\xc4=^\xcb \xa8\xa9\xd7#\xa3nO\
\x89\xe4\x93\xa4\x8c\xe1qy\x16\x14b\xc6\x80\xc9\x12K\
\x9dK\xec\x0d\xb9\xf5y\xbfE\xf9\xff\x90\xccmT\xfe\
\x0f\x92\xfe\x95\x7f\xa6\xc6\xdb\x92\xfe\xb7\xfc\xeb\xd5x{\
\xb2)6\xde\x91\x5cSV\xe3\x9d\xc9\xfa\xa3\xfe\x1e5\
\xbe=\xf9W\xc1b5\xde\x95\xf4Ul\xbc;\xe9?\
\x16\xdc\xa0\xccG\xfcO\xfd\x8d\x12\xb8M]\x04\x90Q\
0u\x13\xc4t3\xbd\x8e\x89\xbb\xb4\x9b\xa0i\x9a\xcb\
3\xe1W[\x80B\xe6U\x8aQ\xb6A\xb3\xb4Q`\
\x07\x02\xcfz\xc5\xdc\x17Yx!\x5c\x93\xe0\xc0\x8cU\
\x83\x05\xd8\x95\x8c\x0c}\xa0\xed\xa7\x09\x92\x94\x04\xea\xa5\
\x0ce\xa7VOb\xfb7\x0d\xe1Y`\xb0\xe0\xf5{\
\xbb\xf8\xac\xe3\xc8T\x89\x89\xbcW\x05/\xf4$\x91\x9b\
\xa4-Rc\x1aK5\x8cS\xed\xf4\xb6g\xbb\xd2]\
i\x189]0}:\xbd\xec\xb4\x03\x8c>\xf2D\xb8\
\x80Xn\xcasW\x17\x9d\xac9\xcc\xe5\xa7\x09\xa1Y\
:\xda\x16\xd9\x9ejl\xdc\xb9g/=\xa3\xc9^\xb8\
\x82\xc0\x1b\x07<A\x18\xd1\x85\x06\xa0#\x07\xd3\x14\xa5\
\x99\xa0,\xf6\xed\xa8\x19\xb6\xbd\x17i\x00p\xba\x9c\x91\
\xdf\x1d\x13\xb4\xd8\x19\x0e\xc0\xb9\x1fd\xfaM\x91Bf\
UL\xa34H\xb3N\x07\x05\xb4\xb3\xa3']\x998\
H\xeam\xb34\xd5=\xf7U$A\xcby\xfd=\xcf\
*\xc6\xab\xd7\xea\x14sB\xaa\x18\xcc\x0a\xca{7\xb1\
\x08\x9a\xc5\xb6\xe9P\xfa,\xa2Z\x05\xdb\xca\xce\x10\x82\
nH\xa4\xda\x81\xd1\x14\x97\xe3d\x82\xb9\xb2(\xed\x07\
\xe3\xf0zf\xefL0\x13\xf1)\xe1\xe49W\xb6\xd2\
m\x98\xf5U\xfb\x09\xb1\x0d\x7f\xe1wU&\xefD\xfb\
\xba\xecEF\x88\x80\xf0j\xf8\x94\x945B*\xb8\x8f\
\xb1\x14\xf2r\x9a\x89\xc0\xe6T\xa6\x94\x941N\x5c\xc1\
\xcf+X\xc6\x0d\xd7\xa5\x82\x14\x16|\xd4+XE\x9a\
\xf2\xf8\x0d\x15N\xf8\xe2`\x7f\x7f\x89\xe4pc\x90d\
^\x07;\x14E\x9c*\x05\x8f0\xd6-Z\x85\xf0\x14\
\x7f\x07\xf4\xb7\xdf\xa75\xe2.\xea\xf1\x1f\x87-v/\
\xcd\xc3\x9f\xd0tu\xa1uJ\xa8\xfe\xa2\x87\xeez\xb4\
}\xfcbQ\xd9y\x83\x13\xd8$\x1a\xf8q\x1e\xa6\xdd\
y\xf6\x12\xa2s\xab\x06\x15]\xb1\x14e\xb0\x1am\xd4\
\x0c\xc4\xf7\x16\x06\xe0\x85B\xa6\xc0C\x8b}\x92\xedY\
>\xef\x03|\xdal\x82\x16\xf1\xd0\x05\xd4Q\x85\xa9:\
%D\x98\xd3\x18\xf6jY%\x932\x0e\x85\x96\x0f\xad\
\xc5Zr\xed\xa1\xf8^\x811C\xa4K\x9a/\xe5K\
\x04\x98\xac\x13\xfd\x90\x08@3MQ\x06[\x9c\x5cj\
\xa0X\x0fg\xf3\x8b\xef\x12\xd75\x8c\xa7\xe7\xde$\xf0\
\x13~jX\x8dg\x92A\xca_Q]x\xe5\xaf\xbd\
\x8d\x1b\x1c$}\x8a\xa6\xa5c\xa2\xfa\xcc\x16\x1e\x89<\
\x14\xdc\xa3G\x9c\x0a*\xdb\x08]\xab\xbb\xfa\x88\x13\x85\
>\xcfD65\xf3\xef\xba\xfb7\xfcNu\xe2:\xae\
\x7fo\x87\xfa\xeb\xf8\x1b\xa6O\xf3;\xde\xfe\x03\xd4\x0c\
Q\x08\x07\xf2\x19T\xb2\xd6V@\xbfW\xafq\xa6q\
nYQ\x1f\xf7\xe8\x1a\x87\x98*\xe7\xa0Q\x9d\xf9w\
\xe7\x1eg\x1f\x0a\x96\xa8\xb1\xbfJ\x0e\x9cP\xe3\xd9\xe4\
\xba\xd8xn\x96\xf1vw\xb0\xa1\xf2s\x17\x1d\xbe\x1f\
:\xa2\xc6\xbd\xb9\xc7/}\x84\x07\xf0\xbb\xfc\xcb\xd4o\
%\xfd\x8f\xf6\xa9\xf7\xcf}\xfd\xe6\xedj<\x9f\xbcq\
\x9b\x1a/$\xfb\x7f[\x8d\xf7\xcc\xf23\xbb\x03g\xda\
\x07\xfd\xf7\xecWG\x8e\xce:d\xa7y\xa7F\x1b\xa3\
\xacX6\xa3\xe4\x86\x8d\x9e\x7f\xdb\x81\x8d\xce\xac\x1c\x97\
\xf3\x0cU\xc2<Ys\xd4\xb9(\x8d\x9e%\x84\xe9\xae\
Y=\xeb\xa0\x99v\x0cJ\x8dD\xf5\x0f,\x0eN\xf7\
\xc0~/\xb8m\xc3~$\xd0b\xea\xb6\x08Bj\xfe\
\xf1I\xf7\xc8j'\xca\xa3\xda8\x03\x93\x08\xc9`/\
\x9a\xd7*\xf8+\x0f\xab\xf1\xe2\xdc\xc3\x88>\xf2\x84v\
\xcf\xf7&\xbf\x1f|Z\x8d\x97\xc2\x8e\xbe\xea\x05\xfdo\
\xb8,~Z\xbf\xbc\xeev\xa5\x03;\x0bQ3\xf1\xef\
X\xa0b\xca\x1d\x89\x05\x09\xc2\x04w\xc4\x17\xa4\x05T\
\xef?\xe1\xbfW\x15\x19\xa4\x1d\x80]\x82\x01.\x94}\
\xd7\x9a\x82i7h\x08\x1a\x9ctD\x5c\xd0J)G\
tw\xd1\x0dV\xf8+\x9c4\xe3{c@\xbd)\x0c\
\xe8\x98\x1d[,\xba?\xfe\xc9cw9\xd9.\xd8`\
Ao\xb0Q\xca\xd0<K\x97\xb2\xeeo&\xf8\xd7'\
S\x11\xbd\x90@8\x06\x90=5U\xee\xa6A=!\
\xc3\xdbx\xcf\x03\xca1\xb4\xd56\xb1\xc6)fQ~\
v\x96\xf5\xd2\x9f\xec\xe1\xb2\x96\xe5]D\xe7\xdc5U\
25\x1c:`\xf7r9I\xe4a&\x9f\xc7\xf5\xbe\
_\xbe\xc7ae\xe6p\xaf\xef\xa6\xc5`B6\xfb\x09\
\x80\xf9\x04\x94\xed\x9f\xc1\x925\xc4\x1d\xa1s2\xb5\x18\
3\x83k#\xa3\xc8e\xad\xf8gkd|I\x0ds\
gc@N\xaeuS\xf0\x1fL+\xea.t\x17\xc0\
\x15\x82\xa9\xbbY\xf7\xae?t\x98G\xa1\x86\x9a%W\
4T\x08\xe5H\x22\x92U\xa3\xe5!\x9d\x07\xf5I&\
\x8e\x14\x9dT\xf7\xae\xc7\x1ey\xc4)\xa2\x9c|\xa1\xa2\
\x0f\xb4\x82\xa8\xbeL\xda\xad?\xe7\xaf\xc2\xac\x9f\x01\xa0\
\xdc\xea\xd5\xa0\xdc\xd6\xee\xf6\xf0\xbfn\xa0y\xf3,\xc9\
\xec^xe\xa0}\x00|\xdd\x9a/j)\x18\xfd\xa1\
\x959\xe0\x96\x8f8\x83C\xeaK\x8f;tl\x027\
6 \x96\xe3)$\x81\xeb\x912|\xfa\xc1\xcc`\x06\
\xde\xef\xd2\xc9\xf6H\x05\xd7\xd3\xda\xd3\xea\xc1od\xe0\
f\xb0\xec\x82\xdb\xeb\xe8p;:\xe0S]\xad\x99\xd6\
\x0c\xdf\xdbi\xe8N,\xcf\xf2\x8f\x895\xef~\xe1\xf1\
/|\xde\xe1\xac<\xf0\x08@\xc0g\xb4\xd1\xba>]\
+\xfcm\xbcF)\xbc\x9f\x1d]\xf0T\x19\xb8c,\
=\xb8\xef\x9e\xc1\x9e\xc1\x12\xdc\xf7\x8e\x1d\xee\x8e\x1dP\
+\x85\xaf\xd1SY\x9f\xcf\x10O\xd9\xf8(\xb3g!\
]\xde\xd7nSem\x15$\x01\xbd\x15~\x10\x9ar\
\xb0w \xfc\xaf\x97\xafR\x0f\xbfW\x0f\xd0\xae\xf0\x95\
\xb0\xc5\x07Z{\x11/}\x1a\xf8\xe5\xc2\x16iG\xdc\
T_\xf2x\xc3x\x7fr\xe5j\xe5\x7f/\xac\xfa\x9f\
L\xae\x5c\xa3\xe0\xd5yG\xca\xfc;/1\xd4\xe8\xce\
\xeaBC\xfcL\xe3;\xaax\xa6\x08\xf2h\xbaj\xc3\
\xbc\x09\xc9SU\xdf\xfb\xd8\x86\xf0\x86\xc7\x06\xab\xb8w\
\xe7\x12\xf7\x87\xf3\xda\xfa\xa3:(\xd8\x9d\x97\x18\x88w\
\xe7B81\xbf\x1e\x9b\x7fo\xdc\xf4:\x8d\xa4\x9b\xaa\
ku?\xd3\x10\x0e\x9f \xb3Z\x85\xf3 \xfc#\xec\
\x82 \x13\x0e\xa9\xfe\xa4yG\x03'\xe5\x1d\xff\x0f\xac\
w\xfc\xdb\xec\xefl\xb6\xbf3H\xef\xd4\xfb\xef\xf6?\
\xa9\xc8EUO\x0eE\x02\x81\xdb)\x1e\x13\x22\x85>\
!=m\xd5\xc8h\xee\x12L\xb9\x96\x8c\xc5\xb5\xf6\x14\
\x0bMY5X\x89A\xe3\x08<\x9d/H\xc0\xf5\x05\
\xa2\xd6\xd9\xe8\x81|\x81\x8b\xff\x80\xa7\xe4A\xf2\xb4\x9d\
\xe6X\x0e\xd6\x96\xa5\xe8\x87\xb4\x97\x06\xc5\xa6\xb47\x1d\
\xd0:&\xe5\xcf\xaa\xa1\xe5\xa7\x05u\x17C\x9e\xd3b\
\xc8\x8f]\x16\xeem{\xdd\x03_~\xf8\x0eg\xc0&\
\xb9<E\xd7\xe90e\x13!\xb6\x13\xb0\xadc\xe9\xc2\
\xae\xba\x18\xc6\x05\xde\xc7Rp\xe7#\xf3\x0d\xfc\xc2R\
\xa1R\xba\x1c@D\x0d\xf0\xe1\x06\xca\x87\xd9Oj\xbc\
W\x82\xd3\x86\xab\x94e\xbb|\xb4q\xdb\xe0\xb6\xc1\xb0\
UG\x1bK\xdc\xc2Z\xbf\xa3\x0d\xc3w\x9d\xb4\xcb\x8d\
\xd3V\xd7\xde\x0e\x8d\xed\x1e\xfe\x8c\xda\xbbV?\xcf+\
\x92\x0b{\x86\x5c\xce]`\x0ft\x12\x90w\x02\xb2\xa6\
\xce\xa3\xae^c\x94\x0c\x09\xc3\xc9hA\x84\xdb44\
c\x89\xcbE\xb4\xc1I.\xfd\x95\x82#\xb8<\xdc\xab\
\xf6\xb8\xdd{\xb6C[t@Cw0\xba=5B\
\x1e~I\x1f\xf3\x80=4\xb3\xbdk{\x171\x8d\x9f\
\x03\xa8\xf0i`\xdf,2I\x88\xce\xb9\xc4{\x0e\xbf\
\xe3\xfe\xca\x93\xaa;\x8e\x99G$\xaa\x13pt\x0e#\
\x98\xa66N\xbc\xa2\xdd[\xbb\xb7rL\x1f\x0c\xb1W\
\xe0\x0e\xce\x08c0K%tq\xe9\x80-\x97`6\
\x14\xcf0Y\x15\xd1\xf0,\xd2y\x22\x86E\xd9\x96\x8e\
\xe5Z\x1f9\xd6\xc3\xb6\x1ar\x81\xc5\xe0\x1c\xb9\xd8\xc3\
>X,\x9e'\xc7\x9cr\xb0\xd6D\xf9Q,\x11\xee\
\xd6\xef\xf7\xdf\xae\x8e\xaeq\x16\x16\xbf\x9b\xc5\xcd\xb0\xf1\
\x80\x7f\xdbln$C\xc88?Y\x18\xedR\xaa\x14\
\xc2\xa8X\xc6MH\x0dH\xd8\x8f83\xf9Wf_\
\xc2gu7\x05\xb7\xcd\xe6\xc81\x19:\xb3\xed\x1dQ\
\xbf\x96v\xea\xcc%\xb0\x11I\xf5\xd6\x16\xbcV\xf7N\
\xa9w%\x83\xc2\xaf+\xff\xa3\xfeG\x1d\x18\x06i\x93\
\xfbYDf\x85\xe0\xa3A\xf8\x9e\xae\x16MJ(&\
\xb3\x85\xd7\xf8\xed\xf0\x1a\xc1\x15\x09\xca\xc5A\x0f\xf5\x18\
l\x94\x92\xc3fj.\xe4\x0c\x9a\x15\xef2\xd0\xa1\xb2\
%$\x8c\x8c\x098\x9eS0\x22\x9bf&\x14v\xf5\
\xbb\xcc\xac?\xe4\x16z\x1d\xf1\xca\xeb\x91\x1c\x97c\x8e\
6\xa9\xffG\xc2\xfbS\xb8\x8bG\xa1y\xf0P\xbb\x07\
\x93>1\xf4}F\xb2\x80L\xedTcc\xdf\x16\x18\
\x03i\xb8V\x1b\xdc\xecf\x08g\x9d\x13\xf5\xa7)\xd1\
\x0e\xb6\x0a\xfd\xc6w\x81t\xe0\xa1\xb0\xa1~\xd4\xad\x22\
z0t*\xf2\xd2@4$\xf4BL\xd5\x9fn\xc7\
X`;\x8a-fa]\xc9o/\xea\xe4\xd5p\x9d\
(\xb1(\xe1\x05s\x8a\xe3@E\xc9-\xf4\xd3j\xed\
\x8cj\x0c@\x1dLa\xdcAH\x86\xba?\xcb\xcc\x8b\
\x98sYf\xddLsl\x93Z\xedhc\x9a\xe8\xe2\
\x82\xc6\xe7\x94\x89\xaa\xf5\x11\xf5\x8dQ\xeb\xe3Z\xb1\xcb\
\x8e\x19I\x0d\x85\xb3\xc7\x19mJ9\x9b\x06\x8e\x8c\x92\
\xadM\xb6\x83\xc2PINR\xcb\xa6=\xb7+\xdf]\
p\xba\xecxn\x8c>[2j\xb79\x22\x9b\xe0\x9c\
\x1eHO\x95H\xa2Y\xe0\x18\xa3\xc8r\xbfF;\xc3\
\xaa\xe9U\x021\x7f]\xff\xaf\x8a\x0cUQ@y\x93\
\xb6\x95F\xe2\xcc=\x05A\xf7)\x99\x11S\xd2\xe9S\
\x22\xe7\xf4]Pv\xd9\xab\xdb\xf5r\x9e?z\xd8t\
\xf2\x08\x12\x0d\x98)\xc9\x7f%I\x98\xf0\xa7\xee\x8e\x03\
\x918\xd9+2\xa0\xe0\xbe\xb6\x14\xcd\xee\xcf\xaa\x87\xb2\
##\x7fR\xaa\xbc\x8b>\xbf\xdcv\x9b\xe9\x9a\xa6\xb5\
\x9a\xa2]\xd7\xfd\xae\x8e\xc8\x83\x9c=\x90\x1e2\xc1\xdd\
\x80\x94\xa3Mv\x9c\x15\xe9a\xeae\xac-m\xab\xd9\
\x09\xdb\xc7N\xdaD\xd0\xb6\xd0o\xd53A\xf1\xb1\xe0\
\xb0\xf2{\xd7'8\xce\xed\xd3s#\x03\x17\x95\xb94\
E\x90|\x19\x0cc\x1aqg\x013MmRR\x85\
\xcdW\x22\x83h]\xf83\xdf\x81\x85\xf1;\xd21?\
nl23\xd4-\xb4\x13.z:oC[M7\
FP\x0b\x91v\xa3q\xe7\xb9\x07rN\xfda\xffi\
\xe5g\xe2\x0b\x13v_\x91X\x90\xfe\xea{\x9b\x9f\x8b\
W\xc5\x94\xba\xaa\x82(U&dEa@\xec\x00\xff\
\x0ev\xc7mx;^u\x1ed\x9d\xc7\xaa\x12Ft\
O\x0c\xffF|aj\xbc+,\xc0\xeal\xdeS\xf6\
\xad\xf6{ns\xac\xaas\x8d\xee\xa6y\x9f\xc12\xf3\
\x07\xc4\xea\xdb\xaf\xe6T|{p\xb7z=\xd4\xf0\xe6\
} \xac\xaa\xd5\x8e6\xd8\x0a\x1b\xd5\xab\x08U\xd5D\
\xd5\xf5s\xeb\x8e\xea4\xec\xe6;8N\x5cZo\xc9\
u\x9fQ^\x046@9\x009,\xf3\xe4\x9e\x06z\
\xba\xd3q\xac\xe4\xc9\x99[\x03\x81#*)\xfd\x14\xc1\
\xfb\x02\xe1gUt\x13\xfe\xces\x84]\xc3\xf8\xdd\xb7\
\xc7\xb1\x92#I\x8c)\x08\xe3PI\x02\xebx\x7f\xc4\
\x96\x16\xec\xae2\x0b&Ve\x16\xcc\xee\xea\xb2`\x82\
X\xbc\xaa,\x9f\xe1\xa0\xa4\xc6\x07\x92G\x1a^\x0f\xa1\
\x9c\xaaTr\xe6K\x15\xed\xae\xf3\xc3[\xdd\xa9\xb3\xe4\
\xa2\x1c\xfe4\xd4f\x22\x9d?\x11\xbf\xa4\xb7~}u\
\x02?\xc1\xb5\x8f\xaaS\xcd\xd7\xcd\xdf\xc36mq\x9f\
\xa7\x97\xf0\xd4\xcau\xaf\x81F|\x1e\xed;p\xe4\xb5\
\xec\x86s\xa7o\x8c\xea\xd8c\xfd\xb0\xd6r\xdf\xfd\x7f\
\xb3E\xe1\xdf\xdd\xac\xe6;\x12\xaa\x19\x05\xf3\xce\xac\x99\
S_\xf8h\xc3l\xf7\x98\xe3\x90\xbc\xa1\xc6\xb5%1\
.\x0d\x1cy\xfe\x8e\xecR\xbbzG\xb2\xb8N\x99u\
?\x9a0f\x15\xe1\xc3{\x92\xeeu\xe9v\xa8\xbc\x9d\
j\xc6\xb5\x1c\xff\x1a\xa4\xf0\x9f\xd0\x86z\xac\xbaQo\
v\xac\x05\x0e\xfbXu\xc3\xde\xecX\x0b\x1b\xf7;\x82\
\xddo\xcc\xb8\x9fc\x5c1%\x05\xab\xdb\xba\x96\xd0\xad\
\x8c\xad\xb9\xe6\xc2\xccB\x81\x97\x0e\x86?\xefq\x7f\xbb\
\xbfm!(\xb8\x0b\xa3M\xc6\xa7x\xa9m\xc0\xeb\xab\
\x0b\xdd\xecX\xa7\xaeK\xd6\xfb\x7f\xf2\x8f\xca\xb0\xbe\x92\
\xb4hLr\xa7c\xb2\xf6\xc4\xc8\xdf[\xa4\xd8K\x9d\
0\xb7\xd6\x897\xad\xb6\xad\xa6\x15\xee\xb1\x95\xee\xf4\x0c\
\xfa\x14\x98\xb4\xe7\x82 e\xcd\x91\xfd\x82\xf6|\xb9-\
io\xed\xd3{\x9db\xa17_\xf2J,\x192E\
0]\x91>\x82D\xd6\x0b\xe4#\xc9ry^\xb4>\
\x04`\xf0\xbeu\xde\xdas_\xee\xefqJ\xa8\xac\xd0\
S [a\xf17\xd5\x1e:\xe3/K1^\x1a}\
\x1b\xa6\xe6\xa4D\x0d\xf7J\x8e\x1a\xa45\xabmS'\
r\xf8\x11\xcc\xfaU\xe1e|\x9e\x828\xf7QX\xe6\
\x04\x0b\x80\x82j\xb2\xeb\x05_\xf8\xd6V\xcf\xff\x90\xc3\
\x82\x165L,f\x81G-\x18\xa9\x80\x90\xed\x87\xaf\
\x8d\x8a\xdf\xda\x09\xcb\xe8\x11J{\xe4\xc1{Op\xad\
:\xd8\xf9p\xf6P\xd1\xed\xcd{\x87\xee\xefp\xd2Y\
p)\xe6\xa6'D\xa05\xcf\xb4}\x80G\x8fhf\
s\xc9\xb7XD7\xff\x93\xc3\xde\xe1\x1b\xd7:6\x8b\
\xde\x04ar\xd3\x99t\x06\xb9\x01mV@^\x01\x8d\
\xc1\x1f\xf5@:\xa3\x8d\x99~\x8a\x80>\xbe_\x94t\
\xcf\xdb\x0eS\xef5Y_eK\xd8\xbe\x10\x9e\xda\xfd\
\xcc\x9cj8\xaf\x8fv\xd6\xa7\xf7Tu\xbetWk\
\x95\x83\xd7z.\x9d\xa7]{tu\xfcR\xed\x08\xd3\
V\xdc\xa3G\x13o\x18|v\xf5\xd1xU\xdf;\x11\
\xdcQ\x1d\xe4\xf9\xc4\x1b\x07\x0d\xaer\xd1\xaf?\xeao\
X09<\x90\x16\x0b\xff\xed\xcc\xec\xb8>\xd9A\xed\
^U\xd6Rsu\xc6Rhd\xbd\xd6\x9f+\x97\xf9\
\xe7\xa2\xebQ\x1d\x9cjc\x92t\xe7\xe8g\x9b\x87r\
\xc24\x0a\xe2\xf9\x11\x5c\xefXsI\xad7\xf7\xf8\xa5\
\x05\xb8\xf8\xd7\xaeU\xe3\x83\xc9`\xc3\xe6y\xbb)\xa3\
\xb7\xf4\xfa\x9bE+\xabM\xf9\xdf\xe3\xdf\x00\xcfr\xcf\
\xa3\xea\xf8\xa5ux\xac\xbc\xb4\xee\x84\xd5\xb1h\xaf/\
x/K\x89\xce\xf8\xcc\xd2\x86+/\xaak\xf8Zd\
\x22\xdd\xdb\x8f\xaa\x85\xf1\xa5{6\x986\xe0\x1c/Z\
>,\x14\xb0\x8d\xfdu\x87\xab\xf4,\xca\xd2\xb30O\
\xe6\xbc\x7f\x0e\xf0\xb6\xf6\xf2\xf3\x7f\x1e\x03\xba\x86\xaa\xdd\
\x92\xb8\xa4^\x94'\x9eH\x5c\xd2U\xe2\x96*qo\
\x1b\xe6\x8f\x98|\xe2\xf6\xf8%=\xc4>\x93x#\x9f\
<\xb8'\xb8\xa7:\x93\xb6\xba\x91\xe2>siw\xae\
\xdb\x9f\x88\xcf;(\xe6?\xde0o\xa2\xb0\xdboO\
\x5c\xd2\x0d\xbd\xbaf\xa9v\xb0\x04\xf7\xf8)\xd5<<\
\x9c8rT]\xff\xee\x13\x89\xbd\xcdj\xd53\xc7\x12\
\xcdA\xf8j\xf3p\xe2\xd8\x11\xf5\xeew?\x97\xd8\xbb\
Y\xdd\xf2\xcc3\x89\xe7\xfc\x18|vU\xf8\xd9\x13'\
\x12+\x9b\xd5\xb1U\xab\xe2\xabW\xabck\x9ei^\
\xdd\xdc|t\xf3\xea\xd5\xc3\xc3\xc3\xcd\xf1\xa3\x0d{\x9b\
7'N\xacVkn\xd9{4\xfc\xfc\x1a\xb5z\xef\
\xd1\xf8\x91\xe3j\xf8hs\x02\x92sV\x1f9\x9a8\
zD\x05N\x10\xf3\x9dx\xf3sj\xe5\xca\xe3\x89c\
\xa1}\xbef\xcd\x91\xc4\xf1\xa3\xfa\x0d'|\xe3\xfa\x13\
\xea\xf8\xca\x95q\xff\x0e?\xa3V\x87G\x8c\x95G\x94\
\x1f\x0b\xc2\xff\xe3\xcf\xc1W\xe2\xc1\x8a\xe3\xaay\xd5\xf0\
\xd1\xe1#\xcd\xf1 \x16\xd3\xff\xacY\xa9\xf66?3\
||\xf8\xfa\xf0\x8e\x9a\x9b7\xc7\x9bc\xb7\x0c\xaf\x82\
\x1b;\x1e\xf7?\xd6p\xb4yu\xc2\x8bm\x1en\x0e\
\x7f\xe9\x96\x865\xe1\xeb{\x13\xabb\xcdkV\xed=\
\x12\xd6\x87\xc3\x8f\xaf\x19\x0e\xab\x09\xcd\x7f\xb8z\xf8\x99\
\xd5\xcd\xf1\xd5\x0d+O\x0c\xaf<\x96\xf0Sk\xc2V\
Y\xd3|,^\xef\xff\xe6\xb3\x0a\xfc\xf9YXCs\
\xda\xbb\xff3\xe8\xf1\x97t\x03\xbb,\x8a\x8d\x0c\x1d\xa6\
\x06\x80\xd57\x83\x07\xe2\xed\xb0\xbe\xbd\x1d6\x01\xdd\x97\
o\x06\xd6B`\xf5\x10\x11v\xa8]\x81\xde\x88\xc6\x87\
\xbd\x87=\xfc\x0bt \xe0\x13\xa0\xccm\xaax\xa9\xa9\
\x9f\x80\x97\xf3\xfb\xe1(Z\x97\x06\x9fE'B1q\
\x8fXB\x9c}\x80\x1e\xed42o,H/\x8aX\
\xaf\x0a\xbd:\xfbt\xe0J\xe7\x01\xf8i\x90\x0e\x93B\
\xeb\xae\x9d\x14\xfd[\x9c\xa2-\xbcYc\xc0\x9c\x98\xc8\
\xbe\x18\x88\xfa\x05\xe8\xea\xdb\xe0\x8a\x12%>\xc7\x09\xb6\
\xeb\x0e\xaeW\xfd$\xc2\xe8\x02/\x93+@\xc5$@\
\x18\x9756\xa6\xf7x{H~\x0b\xd9\xc8\xfb\x0d\x9f\
\xc5\x0eCW^\xe8\xcf\x0bU#p\xde\xc3\x0e\xdc\x05\
S\xa2\x1b6\xc14\x97\x13\xc0\x07n\xa8\xf4\xbb\x0a\x0c\
U\xd5ew\x09\x9e\x14e\xf4\x06!W\x02\x001;\
\xa0\x8f\xb1$+\xe0J\xe8i\x85\xda2o\xa2\x16\xfb\
\x22=\xd0U\xe0O\x03\xe0\xea+\xa3\xc0l\xdd\x84@\
d\xec!S{\x9e\xb2\x89\xa3jS\xcf3(\x1a\xc1\
\xcb \x07ej\xaf\x80<F\xb9\xdcJ\xe2i\xa7\x98\
K\x17\xfb\xecDj\xc4\xbb\xdf\xf5\xee\xa7\xa6>A\xea\
\xf1\xf0\x91ARa\xbb\x0cT*tw\x5c%\x9e@\
SS\x82\xc9n\xb0`\xb8K\x1ai\x95C\xba\x87:\
0\xbc7\x1cWk\xaa;\x07~'\xe1\xd1\x95@\x98\
*I\xae\x9e\x01.A\xeeuq\x8a\xc3b\xaeXT\
\xae\xc0E\xe2\x9a\xdfL\x8f\x8d~r\xd1-\x16\x7f\x91\
\xbeewmB\xe4\x12\x8c\xbb\xd1(\x06Jm\x92\xf3\
\xcel\xa7\x98\xc9aG\x92\x11\xbd\x1f\x8c\xc3\x861\xce\
)d\xda\xb7J\xc2\x89\x87\x16\x14\xa9\x80\x1dG\xcf\xa8\
OT\x1b\xa8hX\xfdO\xd2\xea\xcc\x1b\x8e\x7f\xc6\x98\
9\x8dZ\x9fY\xb0\xf1xl\xb5\xfe\x8cb\x15\xdc\xea\
\x19hg,\xb3\xff\xf4--Bv\x80\xe6\xab\xf7\x9d\
g\xd5\xdc\x08\x99(u_\xf5\xf0\x9dUs\xf2'\xb3\
\x9br\xd4\x06\xc3\xdd\xf2\x0fj\x03\xd2q\x9a\x14>\x83\
\x0f\xb5\xfc\x22e\xc6\x95\xc2\xc1\xe4j\x01\x86\xbe\x99\x5c\
\x9f\x87\xbd\xc3\x1e\xfe\x85\x1dx\xb5\x85=\x1f\x11~\xf2\
2\x0b\xfb\xd4\x09\x0c\xb3N\x10\x86(\xeds \xe1\x0d\
\x82\xdbz\x000\xf2\xfd\x5c\x02\xe3|\x1d\xeeA\xfc,\
?\x14\xe4\xdf\x0f\xa1w\x7f\x18\xe5\xa2\xafa\xa6z\xec\
\x98s\xb05a\x19^\xbf\xddku\xffq\xb7\x9a\x85\
\xbar\xcf\xddC\xbb\x89\xbc2\x12\x8b\xc4\xb4;y\xa4\
\xa5\xf4\xe2`A\x22\x94)\x8ca\xe4s\x84\x9a\xc9y\
9\x0a\x99\xe6l\xacL\x8emh\x0e\x18\xb5B\xbd5\
\xd7\x8a\x7f>\xb8\xd9\x89\x90\x840\xc1\x05\x9d\xdd\x85\xe5\
\x94\xe2\xabM\x08\xd84\x84\x9f[FZZ\x1c\x13\x9a\
\x15l\x0e\xd3\x0e\xd1\xb3\x86\x0d\x95o\xad\xa0m\xc9\x19\
\xeaMC\x82\x11\xb6\x81\x97\xa7 m^\xffG\x0b@\
\x8d\x04raY\xc8\x92\xbdq\x01\xb4r\xf5\x83<\xf4\
\x90c\xf3\x85.B\x5cm\x93iuw\xefI\xb5Q\
{\x88Q\xb7\xa1>\x85\xd96\xbb\xc0\x0e\xd9E\xd6\x88\
\xe6eC\x94kB\xb3\xb7S\x09\xe3\xe1U\x80\x1bi\
\xc2\x95\x8eDU\xd1\xde5\xd5\xad\xa1\xcd\x0b\xf2\x90\xba\
\xc1\xcd\xf1\x05\xf9\x12\x87\x13U\xad\xcfG\xaa\x8c$\x1b\
r<@?\x13\x8b\xe4..\x81\x17/\x89/0g\
\x1e}\xacn\x94\x947\xdc\xa3\xfb\xe3\x1aP~>\xa5\
\x93_/\x00\x14\x1f\xcb\xa9\xd1\xa6\x22'\xa7P\x8a\x0a\
\x1b\x92\x95K\x81aO\xd1\x1fdq0\x83\xfe\xb6\xa9\
\xaaP\xe5@[F\x1c\x17Kc\x96v\x1a~2\xcd\
{\x06\x96\xe1me\xd2Y\xf7\xf4\xb5Z\x93[\x8f\xf3\
A\xb8\xc2\xce\xae\x81\xae\x81\xce\xfe\xf6R{\xa9\xad\xa7\
U;\xd9[\xbd\xb6L{W\xbbN\xf9\x01\x02\xc2\x09\
m\x5cR\x19^\xa4-\x5c8\xaeKD\xddN\x00\xb1\
\xaf\xc8\x87&\xd1(\x9a\xa7\x88S\xb9\xb9\xc2\x11d\xfa\
D\x9a\xbe\xce\xf4\x1dg\xd2\x87\x9b\xc8S\xfeW\xd4\xf8\
\xae\xe4]\x9fW\xe3CI\xffw>i\x13{\xc1{\
\xbb\x93\xb7oP\xe3{\x92\xfe\xef\xfd\xde\xb4\xf7*\xbe\
G\x5c/3}\x8d\xdez,<\xf8y\xf7\x11_\xee\
s\x94.\x81\x01O\xab\xf6Rc\xd3\x16z\x1b\x22\xbd\
\xa6\xf63\x98B\xba\xf8\xa98\xd8M\xedD\xb9\x8cd\
_dJj\x88,f\xa9\x84\xdb~+\x9b\xf4\x8e\x04\
[M\x0d\xb9N\xc3I\xb1\xc5\x0d\x1e\xfcuE\xaf^\
N\x12\xa7\xa1\xbd\x0c\x16\x010!\xc9\x0e\xa5d\xb1\x0e\
\xad\xd2\x12\x18\xdcX\xee\x04N\xa4=\xe1\x7fP\xd9i\
\xbdUB\x13\x96\xbe\x16\xb9\x14\xd6\xe0\x87\xe0'/\xa7\
\x9bs\xbf\xf3\x8b\xea]\xd3\x1a\xbc6\xa8\xabd;\xa9\
h\xf7\xe5\xc1e3~\x22<\xc8>\xe6\xd8\xfa\xd4Z\
\x83\xcd\x06\xceg`-\xc5\xb4y\xf7?\xbc\xfa\x8e\xef\
8\xcc\xe6p\x01T\x979_f\xa4X\xa8\xd8j\xdd\
\xb0\x7fc\x8e~\xb9\x8ev\x95\x9eLO\x86\x83\xc2m\
5\xd9\xb4\x8b\xb7?\xf3\xf0a\xaa\x95\x99\xc6O\xe4=\
\xf9\xde{\xf2\xd3\xb9S\xa2\xdf\xfew\xad\xb3|\xa2\xe2\
\xb7\x89\x9fc\xc6\xdf\xe6\xf7\xfe\xc4\xff\x135\x8d\xd0N\
G\xca\xb3np(X\xe40\xc9\xc4y \x99H1\
\xecjB`W\x13\xe2yA*\x09\xea\x02\xf7\xc4\xcd\
\xdf\xbe\x9e\x99\xca\x03\xf1\xf2\x82A5\x13O\x03\xac\x8b\
\xb5\xda\xf7\x87\xbe\xe3E\xfe!\xa7P4y+\xc6\xca\
r\x83\xdf\x0a\xfe\xa3\xf2\xaf\xf5\xaf\xfd\xd5\xe0~\xe7o\
\xfcV\x15\x5c\x1b\x5c\xfbo\x9fr\xeaKg\xd53\x0f\
8\x11\x126\xad\x8463!\x1a(\xa5\xc4\x0dZ\xd0\
\xc6\x0d\x82\xb5\xd1\x97\xef\xcb3kc8\x17\x8a%$\
c@\x96\xb4\x12\x97\x8b$\xf5GrE\x9e\xd6Yt\
x<N42]\x86(\x03\xf7\x90\xbaP,5\x0b\
4\x1f\xe5\x84\xc3]\xa1\xaf\xa7\x8f\xbf\x1cnX\xfd\xb4\
\xe5 O\xdd\xb2\xc6\xa660!\xda8CK\x98\xb1\
O\x22\xc6\xf5$\xd8\xb6\xa7\xe4hk\x94\x8eM1\x11\
\xd1\x91r\xbd\xdc\x9aF\xa2[\xd0C\xa03K\xfb\xb2\
6\xe8\xff\xed\x1f:\x85C\xa86\x5c\xb3\x02\xb0!L\
\xa6&\xb5\xbd\xe1\xea\xa4\xbb\xb7\x01\x12\x5c\xe0<+\xb5\
\xab\x85I\xe2\xcd`\xa3cy\xf5\xa8}\x8e\xe7\xd3\xfc\
\x15D\x09\x0d\xe7\xe8\x07\xb8\x846\xfe)X/?\x06\
\x5c\x92\xfe\x87\xce,?\xa5,\xe5\x07\xb8\xd4\xdf\xd6\xc5\
\x03\xd6\xcb\xf4\xb1qfZ\xdb\xa0u\xa6\x05\xf1\xfc\x22\
\xc4\x00\xb0|%\x85\x04\xcf-{Z\xf6\x90\x1du\x85\
\x0c\xa9\xab\xc2\x1f\xff\xc7O)\x8e\x01\xe3\x80\xa2\xf4<\
\x1c\xa3z\x0c\xec\xedtJ\xd9\x12d\x0b\x95\xc0\xc8/\
1\xc1\x99tq-\xa4\xdfbY\xa39m\x81+\x93\
K\xc3\xcb\xc2PW\xb7\xb9\xdfA$k?\xb0\x1f\xf6\
\xc3\xcf\xf538\x84:\xba\xa7\xb3\xa7\x93\xd3\xa7&\xc1\
\xc9\x84%\xab\x03V\xbc\x1c^\x07\x99y\xdc\xef\xf9W\
(#\xee-\xb9\xd7\x09\x13IA\x1f\xd0h\x85R+\
,\x0ad\x99\x99\xf8\x13m\xd0\x1d\x11\xada\xd6I.\
\xcfd\xfeqX\xc5Ri\xed\x98\xdb\xf6c\xa1\xe4\xa3\
\x87\x95\xa1\xf3\x99\x8d\xb3\x9e\x9clM\x9e%\xb2!i\
GM\xd3x\xd4'd%\x08\xaf\xd8\xef1\x15=R\
\xbc:\x86\xe2U\x0a\xe2~-#q\xb7\xeb\x91x!\
\xc9t\x94\xf9\xda\x86\xb7\x1d\xd3\xcf\xf0\x9b\x9d\xfa\xe4\xfb\
\x1e\xff3\xaa\xe8=y\x9fCl\x85\xe7\xc0\xe6:E\
\x8b\x079%MM/<S/\xd3\xc9y3+\x87\
\x89\x22\xe59\xf8M\xce\xb2\xcef\xf3y\xbd\x9c\xce\xe0\
M40*6\x1e1-tJZ\x00#s\xe5r\
\x06>\x9f\xe1\x84\xf3QN2\x1fc\x7f\x1e\xb5\xa7\xaf\
wTtm\xe9\xddv[\x8f\xf0k\xc1\x95\x16\xa5\x0c\
\xaf'\x95|\xbe\x99\xc9\xcd\x0eX+t\xc2\xf3\x06\xb0\
\xf1\xcf\x22\xf2\x0cSDj\xea\x19\x91\x05\xceZ\x14\xf5\
\xafH\xfc7<\x93Q\x8e\xda\xee`\xa9\xfa\xfa#\xbd\
\x19d\xbdI\xc3cv#wg\x81\xb6\xadE\xa2\x83\
Sc\xb8N\xa9\xe6!\x15\x91\x95\x9f\x07w\x99\x0em\
\x82l\xce\xf1\x0c\x91g\xd6\xe8S\xdb\xc5\x04\x88h\xc9\
\x1a\xfb\xd9\xf5\xcc!;\xa6\x1d\x9a\xd8\x91\xa7\xf8\x90\xdd\
\x127\x89\xa4\xdb\xa9q\xc6!VsF\xe4\xbc\xce\x81\
\x8e\xb7\xcf\xa9\xc1V\x0dv\x8d$\x99F\x83nvG\
\xae\x98\xcf\xf2^9\x81\xbcV4#\xd2\x059,\x88\
\xc4\x1a\xb8Q\x1c\xc0\xf89\xe4L)\xe1ytG\xdc\
\x1eF\x98W\x0f\xba\xb3\xba\xa7\xfe\xeb\x91\x0a\xb7@\xb9\
l:\xc9\x0d\xdcm\xca_\x97`\x8f\x86\x88\xf1\xd6\x02\
I\xc1\x22 \xd5\x5c\xc4\x22\x01\x00\x92\x14\xe1\x13<E\
\x17\xcc\xa0@\x0f\xcd\xa3\xcdN\xd1\xe8\xb9YY\xdeQ\
\xb1S\xf6\xc3\xbb\xf9`\xd5\x96v\xad$0I,\x91\
\xe4\xfc\x19\x17\x7f}'}g<J.FfN\x99\
3m\x13\x88\x1c\xca\xa8\xf1\x87\x92\xfb\xefT\xe3{\x93\
_\x7f\xbf\x1a\x1fN\xfa\x7f\xf0aeQJ\xce\xf6>\
Y\x82_\xf1\xbb\xd4\x8c\xd8\xde,>\xa9;\xd8\xda\xda\
:'e\xe1,\xd9d\x98\xde\xbf{\x8fc\xa4\xa2\xb9\
\xd5!\xeeU\x07\x1f\xb3\x8e\x8e\xa2:\xa0g\xf0\xd6\xdd\
\xb3\xa5\xf9c\xc6\xfd\xe3M*\x97\xf0\xb2\xd3\x92i\xa2\
A\xde\xe1Y\xc1,\xac0Xc\x80\x86\x15\x81\xdf\xe9\
L\x8e\x00P\x9a#x\x98\xf5\xb2\xae\xbf\xe4i\xb5g\
\xabc\xfb\xe6\x16Q^l\x04wI\xe7\x06\xa6\xc8\x85\
\x91\xb4eK\x05\xdfn\x0a/\x91\xe7\xf2<E\xd6s\
\x96 (\xa3VSe\xd3\xce\xee\xe0`\xeb \xad\x80\
\xb9B\xa5N\x97\xa4>\xa5F\xf2\xd3X\x02s\x85\xac\
[\xfe\x94\x1a\xbe(\xc4\xa6\x82\xf6A\xc8\x16f\x85\xa5\
4\xc7\x17&\x88jH(f\x85\xd2\x04\x1b\x9ePc\
^\xf2\xe8\xb0:\x15l\xb8\xae\xc2]n\x9c0Q\xb4\
\x09\xbac\xe4\xe4\xee\xdf\x5ceF\xcb\xb2\x86\xb1|x\
\x98\xb9'6\xbe/y\xbcYU\x85\xa5\xf1\xaf~\x1d\
\xa0@s\xc2\x9a.\xc8\x08\xd3\x0bgp\xf5\xbc\xb1A\
\xee\xf51\xff\x7f&\x9f\x88U\xd78\xd5\xa5u\xbc\xa1\
)\x1d\xf5\xc7\xfd?P\xfe\x8d\xc9\xf09\xff*9\xfc\
\xac\xfagp\xcfU\xf5\xc5\xf5O\xa8p\x84\x1e\xde\xa1\
\xc6\xf7'\xeb\x0f\xeb\xed\xe0\x80\x0c\xdb\xbdjxss\
|x\xb5\x06\x06\xc4\xfd\x15\xcd\xf0o\xf3\xb0\xda;\xbc\
9\x11\xac\xb8Emn\xde\x9b\xf0S\x9bU\xf3\xde\xe1\
x\xb0b\x0d\xa0\x0a\xfc\x14~,H\xad\x86o\xfb+\
\x1a\xf4\xc7\xc3\xe6\x0c\xff~P\xff\xfd\x10\xfc\x1b\xacx\
\xb0\xe2\xef-s\xbf\xff\x01\xcd\x04z@+BmJ\
\x80\xdd\x90\xc5C\x81n\xa8>f\x03\xf0Io\xa0\x9d\
\xb8\x8c\xc8\xfe\x0c\x97WM\xdb\xe1k3\x05}\xba\xbe\
X\xe5g5\xe3\xca\xa6\xea`.\xd1,\xf2\xf9\x03:\
\xf6%\xe0w\x0b\x14\xecw\xc0|\x9aQ\xf6\x84\x83u\
\xe13\x0d\xf4\xc1\xbb}D\x87\xe8\x8eZ\x08\xb3Bx\
\xc9\xea0\x22\x99j\x11\x970Dh\xdc\xf87\xf9O\
\x03\xa7\xea\x16\x16\x8a\x01%\xc5\xb3\xda\x19\x80\xe6\xe3)\
\xe6\xb3G\xbd\x91)Q\x1e\x99\xe2\x006\xe8\x0f\xb0p\
3K\xd1/\x87\xb6]\xce\xc7I\xfd\xea\xce\xf0\xbf\xb0\
BZ\xeb{<\xf7H\x82\xb8\xb5\xc0\x06>\x99\xd2\x06\
\xec\xab\xe2\xbc7\xb53\xa0\xf2L\xba\xf0\xfc\x86\xd4\xc0\
j\xd6\x1e\x8a\x07\xbd\x07\xf18\x8c\xa2L._\xc4\xaa\
\xe9@8\x5cN\x13*\x92Ikj\xcb\xe9r\x0fy\
\xeeC|\xf3p\xbc\xae\x970\xaa\xa9AL\x1d\x8a\x8a\
7\xea\xe5T\xbe\x5c7\xba\xf6S\xba\xfeU\x89\x01B\
s @b\x898\x8f\x96\x89EX/\xa7~\xf0\xe9\
\x1fIl\xf2\xa8}\x16\x8b\x1f\xf6\x8a\xd0\x98\xdfC\x07\
\xce\xe5b\x89,\xd7\xfdJ\x8a\xa6\x87\x1b\xc2\xe2\xe8\x80\
\x1a\xffb2p\xc2N>\x98\x1c^\xa3\xc6\x1fN\x1e\
\x09\xea\x8d\xf5\xf8\xec\x095~(\xb9\xd1\xff\x98\xf2\xd7\
\xc4Y\x03$9\x03\x04\xc4\xd4b\xc4{\xe2\xb5\xba\xc1\
\xfb\x13^+E\xe1\xcfJ/U\x14g\x99\x11\x1f\x15\
9\x03\x8d58\x0d\xc3\xf5,\xb8\xac\x04\x12Y\xf1c\
p\x03\xc9\xf0\x83\x83\xae\xff~\x1d\x92\xc4s@RD\
\x18*\x0a}\xd7\xf8\x11\xfd\x14\xee}\x9fR\xad\xfen\
\x10=I\x18\x11\xb3\xd4Hwow/1\xc3\x01\xfd\
\xd3\x18G\xff\xe0\xc6\xd0\x8a\x1f'la7\x9c_\xba\
\x99\xfe\xb6\xad\xa6\x0bI\xc9\xdc{b\xc1\xdbE\x9e\xa1\
\x96(=\xc3\x0bw\x13\xd9\xe8y:`\x87\xeb\x8bn\
V\x82\xb5\xd01\xa47\xfc\x8f\x92\x8d\xe2)bQs\
\xfd\xb7'\xea\x8f\xf9\xdb\xd4\xc3a\xbf=\x9c\x1c\xeeP\
\xe3\x9fL^\x7fL\xf9\x8fWe?\x84\x8bB\xa2*\
ht\xf0xu\xc9\xe0~&Q\x95}4\xb0R\xf9\
\xbb\x9f\x09v\xc7W\xc6\x82\x94\xbf\xdbO%\xe69|\
\xe9p\xf3\x84\xbfA\x8d\xdd\x9e<\xb2Cq\xa3}\xf8\
\x98\x1a\xcb%\xfd\x0d\x9b\xd5\xf8\xa7\x92A&\xb8SE\
\xf1\xc2\xb3Q1\xc5$\xb2\x0b\x9b\xea)?\x15\xd4\xc7\
\xfdk\x82\x94:\x1d\x17\x827y\xaayD\x8c\xfc\xab\
\x83\xfaD\xfd\x0f\xfc\x9b\xc3s\xcc\xa5\xc4k\xcfW\x02\
\xd85\x1a\xc0\x80\x9f\xb2`\x09\x96}\xaf\x9f\xfd\xd1\x06\
\xeb\x8e\x17\xa6\x08\x9c\x1a\x89\xc2\x83\x85;\xbd\xaa;\xe3\
S\x97\x1b\xf6\xaf\xef$\x8f\xff@\x05\x1f[\x18`:\
H%<\xce\x97\x04\x9e\xc1\x99rn\x5c\xfa\xd2\x80\xb7\
\x10\xd4\xbb\xeb\x7f,\xbe l\xb8\x9fZ\x108\xdc\x1b\
0\xc1\xe8\x99>\xcb\x8eL\xf0m\x06\x1f\x0b\xeeP\xd5\
%>\xa7\xaa<\x1e}\xac\xca\xc4\xee\x9b\xe2L\xef\xe8\
\x13\xbb\xc7vx\xa8\xed\xdc{m5\x1d\xd8g\xee\xde\
U\xca\xdfp}E\xae\x91\xde\x9c&\x05vbj\x81\
,q\x80\xfa\x09n\xae\xf2\xb8\xb8\xc1wT\xb0\xe1H\
\xbc\xbaV\xb99\xb2X\xcc\xbbU\xe6\xb9\xeaq\x80\xed\
-y5@^\x95$tAR|/\x5c\x1b(\x10\
\x93_-\x13\x93\x09\xd4\x12\xe2\x0a\x830\x88\x06\xcdX\
-\xd9t\x95\x10A@7\xe9bq]/\x15G3\
\xd4\xce\x01\xd3\x18\x99\x86{\x5c\x1a\xbbI\x91\xc0\x5cV\
.?\x08n\xe7\x07\xd9\xf9\x0c\xa8\xb3\xb6\x9a,\xf8b\
\xb2\x84\x9c\x19\xc7\x88qS\x1b \x83\xda\x88\x97\x13d\
\xba\xce\x91Xa;\x98?\x9bI\xf8\xe7\x15#|'\
\x89\xcd'\xc9\xdd\xd9\xfa\xbf\xd9{\x13\xf0\xb8\xaa\xf3n\
\x5c\xb2\xe6\xce\x5c\x0f\xb6X\x8fL\xb6\x96|_\xd2|\
\x996\xc9\xf3\x844t\x81\xfe\x9d.4\xa4\xcd\x07\xc1\
\x195,m\x81\xd4\x0e\x8b\xc1\x04#[\xb2,Y\x8b\
\xa5Y\xee\x8cF\xb2$[\x92-\xd9\xc6\x06\xc3\x08\x88\
UB\xda8)\x01\x9c\xbd\x1f\xed\xd7|\x1d\xa5M\xdb\
\x904\xb4\xc1\xec\xd8\x0eW\xe3+K\xffs\xde\xf3\xbe\
\xe7\x9c;3\x92F\xe3\xa5$\x85<9>\x9a\xe5\xce\
\xbdgy\xcf\xbb\xfe~\xe8\x83s\xb4\xa35V:\xa1\
\xcaB\x02\xd0~<\x1d.RZl\x1d\x06\x1b\xf6%\
lo\xc9\xdf\xb1\xbeN\x83B\x17\x11\x16\xb9\x88K\xf6\
${\x9c\xde\xd4\xb6\xd46B\x95E*\xb6\xfe>\xc4\
_[\x0a\xd1\xabe*\xa4E\xbd\xa11d\xfd\x11a\
\xf7\xbemm\x83\x16\x22\xb1\x9e+\xc3\xfc\x22{O\xe8\
L\xba\xca\xdb\x03\xa99\xad\xf2\xc6\x0a\xb8{5\x84\xdd\
I|\xbc\x18\x0e\x8b\x0b\xb1\x99\xe3\x0a\xf7\xef\xa8\xca0\
=\xaa\x12)\x8f\x8a\x09Q\x1e\xe1v\x00\xf7'\xb5\x88\
\x9c\xc8\xba\x8bu\xe5\x9e\x02t\xd3\xfe\xec\xd7\xd4\x00\x1f\
\x05F\xaa\xe3\xe0\xc2?N\x86\x01z:\xc5\xbev\x93\
1\x96\x8c\x91/[\xf9r5V`4M\xf9)\xb9\
h)\xc6(Z\xaa@\xecCU\xf4; \xbfm\x07\
\xbc\xb7\x03w\x83\x0f\xa7\xd2\xd9\xe1\xec\xc0\x9f\x5c\xaa\x5c\
\xbe\xc0\xc7\x84\xc9\x05\xca\x00\xb8\x90k\xd7\xa31rN\
\x0b\xe4\xceL,\x13OK\xae\xe6\xe9\x1ciU\x9e\x9a\
\x0c\xdd\x9b\xa6m\x8f\xd4\xdb.*\xf8\xed\x9dh\xc9\x8a\
\x01\xe8\xe8\xeco\xb3\x86Q\xa9_\x0e\xa1\xc2\xb6\xaa!\
\x005\x1eBhc[\xe6\x8c\x93\x86|T\xa9\xdeG\
\x89\xc1H\xc2%\xcfP8\xc6{\x9b{\x03\xdb\xd1%\
\x17\xabD\xa3M\xf7gf\xabV\xa8]\x7f\xa1\x8cI\
\xd5k\x5cB{\x9b\x13O#%\xae\x18\xc7\xad\xc8\x9d\
\xeb\x02K7\xb6\x00\xaa\xa0\x02p\xd5\x04\xca,{\x90\
\x81\x01Z\xe2q\x09\x98+\x9d\xdc\x08^\xd5)3\xea\
P\x13=\x0e\xb1\x8c\xe3~\xbc=\x94\xe2\xf5\x09\x9d)\
g\xebn\x1a\xd2\x88\x14HB\xd4\xd7Cx\xd0\xded\
o\x12\xe61\x01\x86W\x9c\xda\x10\xf8j\x88>\x11\xf2\
\x07j\xdd\x9d\x87X\xd9z\x90wK\x85\xca\xf0\x8aP\
\xd9\xc5\x82\x07\x88\xf7}\x91\x8a\xf3\xd8@p>\xac+\
{2\x98v\xd2I\xe1\xbbO\x99\x18L\x1dc\xa1\x8a\
\xec\x89u\x07B\x86\x9eY|]/z\x19+\x1b\x93\
l]\xa8lh\x9a\xc1\xb2\xa1i\xec\x03\xa1\xb2\xf1\xd3\
\xf8)\xfb@x_7\xcb\x1f\x08?\xde\xcbT\xdf\xbb\
\xd2\xfd\x1c\xfbp\xb8q\x0d?\xff+\xc4Kk(\xb0\
\x15\xca\xadj\x14\xbf\x87\xa8\xb1\x11B\x8d-\x89\x97\x06\
n\xad\x9cRr6\x04e\xcfLz\x9e\x1b/Me\
R\xd7\x8equc\x91\x80T\xea\xcb\x9f\x14\xe9\xca\xfe\
\xb4\xa8\xa2fZ\xb9\xa6\xa75$\xaf\xee\xf9\x1d\xd7\xb0\
0\xdb-3\x88\x09Z\xdeLT\xe1\xc2\xad)\xa8\x1c\
7)P\xec\x8eA\xcb\x8c\xcf\xc19I\xd9\xd4:&\
\x03\xafF\xc6}aH\x13y\x1aD\x9f\x93\xb1\xbf]\
\x99>|\xe0\x0cW\x92\xbb\xb7\x94\xcd.?/\x04\x16\
\xd74\xaf`w\x86\xd7\x1d\xacx\xfe\xaf]T\xb2.\
\xa4\x90\xe0)lw;\xad-\x16\x15\x0fxJ\x81\x91\
s|\xfd|s\xdc2\xdc\xedX&7\xa1Gp)\
g\x10\xd4\xac)pm\xafNh\xc6\x99\x91\xe8\xd6\xf6\
P\xab{\xbd34$\xaa\xa94\x8cOu\x96$A\
\xef\xd7\x83\xb5\x87\xc5&\x13\x06\x81L\xab^\x1e\x91\x0e\
\xd4\xedm\xdb\xdb0\xb7\xe6(%N\x13D\xf1\x09|\
\xb5\x8d\xff'q\x86\xd1\xe5\x0a#$L\x1a\xf9a@\
 \xe6\x970\xdd\xad \x09\xe5OA\x1a\xb1\x85\xaf\xa2\
\xbb5B\x1eXp*\x0e\xde\xc8\xca\xad\xa9,\xb7\x8a\
\xd6v/\xaf`\x89.PQQ\xfb\x8c{)+\xb8\
\xf0|\xbe\x84\xf2\x0f\xf7\xcb\x83\xe5b6\xce\xe3\xef\xd0\
QL1\x00Wu0\xc2j\xa7\xe9\x95\x93MS\x8f\
\x83_\xb0(\xc4\x87\xe5$Y\xa5&RM\xaf\x9cl\
\x9a\xfa\xd2\x8bB|X.\x9e\x13\xbe\x05f\x1f\x9e\x10\
kq\xd0\xd1\xee\x8e9\x01H\xd0\xfcF\xc7\x09%X\
\x8d\x1bV:\xc5`DT\xa6 \xaf\x1e\xe0\xa1\x09\xd1\
y\x1b\xb90rQ\xc7\xc8\xf0\x9a\x1b\x9c\x03}\xb9\xfc\
\xedA>\xf7\x03b\x03U\xe8\x01\xfd\xc0\xd9u\x80\x1e\
\xa9\xcc\xff\xf9\xf0\xba\xf2\xd5\xa6\xa6\xf2\xd5&wm\xd0\
\xac\x86\xa1\x8a\x11\xaa\x15Q:\xd3\xa8\xd6\x99\xf0\x8dd\
J\x5cI^[\xe9K\xb5\xae\xe5\xfe\x15\xcb?\x18\x1e\
m\x87\x88\xe0\x84\x0c+^u-\xf3\xd3\x12\x95?;\
\x1fB\xefybkL\x96\x845\xdfk\xb5\xc3B\xed\
\x16V\x91H\x1e}\x89\x8e\xcb26\xf3\x9a\xc5\xec\xe5\
\x0b\xc4\x8f\x88hL\xfbN\xbb\xf9>A\x9b'l\x87\
m\xe8\x88\xffie\x139\xc7\x10\xad\xba\x96=_\xd9\
)\xfb\x1b!\xe21?\xa9B)\xfc\xf4\xeb\xb4\x1b\x11\
\xfe\x8b*_d\x90TDTbx\xdcNCr\xc9\
4\xd0\x98M#s\x8e\xe9\x1a\xbb\x17\x95\xc6X\xc1!\
k\xf6fT=\x18V[\xc9\xf7\xceA\x07\xc2\xa0\xdd\
\xf8\xa0<\x8e\x89#\xd1V<\xcd\xffV\xe9a+\xd8\
\x07gU<\xac:Z\xdf\xad\xfd\x1f\xf6\xee;\xad~\
\xac*\x0b(?\x09x D\xea\xff\x98\xb0\x86jU\
\xb2\xd8r\xa1@\xd8\xc8\xa4b\xef~\xc82}[|\
\xbd\xf7\xa2^\xf0\xc3P\xad\xfb+\xee!\xa6\xdd\x0f:\
\x93\x8c\xdbO\xa5\x0b\xd3\x1e\xbc\xc9p\x089T\x18\xe6\
\xf7\xc6h\x9em\xe9\xc0\xde\xe8\xd9\xc1\x87\xc7,\xa2\x84\
\x81\xdc\xb3\x1a\x95H\xa8\xa9\x8a\x0d\x0c\x12\xe2\xf9\x00.\
\x90\x96\xa0\xfa\xb5\x5cTQ.\xd3\xe6\x97\xe5n\xb8\xa7\
\x0f\x85T\xce\x22\xee\xe9\x92\xb5b\x87\x82s\xd6\xcb\x99\
B\xe7F\x12:\xe2\x13I\xb3~N\xde\x8a\xaei\x83\
{\x946\xffI\xf4I\xc8\xbd\x1d39\x04({4\
f\xdf\xddlQ`M\x95\xa9O\xab\x02^O\xad|\
O\xb9\xde\xa4\xbbT,\x86M!t\xe1 \xfbx\xbd\
d\xb8\x90N\xbd)\x95p;\xa5\xf8R]~\xf3\xb0\
\x9d\x92\xc4\x19\x9eC.\x15\xe9\xe9\xca\xab\xe0A\x1e\xb3\
M\xd1\xcf#\xcb\xeb\xb1\xc8>\x17\xed\xd9\xda\xb7\xb5\x0f\
\xb9\x22C*\xb3m)\xf8,\xa8\x9b\xc6\xa5gA\x11\
\xbah\xb7Q\x01\xae\xf2\x90\xcd*lG\xb2\xf7\xe20\
\xf9q\x92\x08\xe0L\x14\xec \xf6\x86\x01J\x9f\x979\
\x832qv\xbc\xbb\xbf\xbb\x1f\x03\x8dz\xeb\xf5\xcaz\
\xddt\xb7TR\xfb\xa8\x9dA\xd6\xa9\x14\xc8\xba\x14\xfa\
\xc5j\x94Jh\xa9\x0c^\xdd\x0bb\xca\xd66g\x9b\
\xd3\x07\x99_\xbd0\x19\xbd\x18\x9a\xadQ:\x0d\x95F\
\xd8F\x95\x04\xf2\x91\xa0t\xeb\xa2\xd6\x8b\x8c\xc7\xba\x12\
vw\xc8\xe9B\xed\x1d\xc97\xc1\xd5\xe4Q\xc4\x5c\xb9\
h\x13\xf6\xee\x0e\xcb\xcc\xd0\xacQ\xe5\x5c\x82\xeb\xd4v\
\xdf\xb51\x94P\xc7b\x8e\xf6j\xb5\x1a\xe3j\x18\x9b\
jUJ\x04\x5cI\x8fs\x13\xa8\xe0\x88\x9cs\x034\
\x96\xbf\x01\xbc\xb5\x0a\x97\xdd\xe4#1\x01r\xb1\x8cS\
\xde\xc7\x98\xde\xa9\xaa\x9a[;8R\xe6n\xbd\xf9\x00\
\xfb@\x85\x09.\x8fV\x96\xe0r\xa4\xc2l\x94G+\
\xcbF\x19\xbb\x8cM\xba#+C\x02\x07\xec\xc9\xb2M\
\x13{\x9d\xd7\x1a\xaa\x081~\xb5\xfb\xe4De\x18\xf5\
\x1d\x07\xe6D\xae\xc1lU\x91\xb7xU\xd9\xf0\xeeg\
\x07\x96~1\xba\xec\xc1\xba\xfc`\xd8}w\x07[\xbc\
\x81T9\xea\xbe]\xd1\xf3\x89\xec\xa5\xc1\xf0U\x83l\
>\xefd\xd9j\xe4\xaay\xd5Hc'h|e\xd5\
K\xcd\xef\xe7\xed\xf0D\xd1k\x19\x8c\xd2\x18E2*\
J\x1cYMb\xc0Y\x14\xd4\xa2@}\x0a\xf0\xdc\x00\
#6\x15$aa\x88\xaa\xe1BFl\xc2\x18\x0e\x89\
\xdb\x92\xff\xc8\x97\x91\x16\xdb\x8fb/i\xb1s\x0a\xfa\
\xfe\xae\x0e6\xf5\xe9\xb0{q\xa3,\x8f\x89\xd0\x81V\
P\xe5\x82\x88\xf9\xf5\x14\x81\x81\xa3P\xb6\xc0\xeb<7\
\x87\x0c=?\xde\x98\xbe=\xe4\xf9)\xf1L\xf4\xc4N\
\xa7\x0d$?\x91\xf1\x22\x8dC\xf7\xf2J\xc5\x98\x02\x00\
\xc8\x03\xcc\x0d\x85\xbd\x86\x1f1\x99*P\x81\xcfw\xa4\
B$\xbbH\xc8\x1b\xf9\xa8\x10\x13\xcb\x15 \xcd9\x91\
\xf1\x01\xfe\xdfv\xf8s\xc8\x19r\xb6\xc3}\x08:d\
x\xa9\xcdiuZQ\xd2\x1d\x17\xec\x89B3\x91m\
\x1b\x1c\x9f\xad\x8e\xdd\xea\xb4\x81j\xd1\x01*A\x07*\
J\xfc+\xdb\xa5&o\xbb+\xea\xe6\xffQx\x09\x07\
@]\x02o\x00\x0e\xb0VjA}\xab\xf8F\x047\
\xc9\x93l\xfbf+m\x1el\xd3\xc4\xee%\xe5\xb6\xee\
I\xdb\xc6\xe75\xbe\xe5Phq\x90\xaa\xa3\x8b\xfb\xfc\
\xca\xb3\xcb\xbd0\x19\xd2\xc5r\xa5\x13J|\xe0\xa5\xa3\
\x87\x83\x8b\x02;=\xf4\xc5\xa0\xe9'\x87\x12\xa9\x1a\xd0\
\x16\xd4\x0dQ/UXp\xf0G\x11\xd6\x19\x92\xb1\x8d\
\x0c\xe5@\xa9\x02\x9b\x90\x0a\xb5\xda\x84\xfe(p|\x1c\
jm\x1875\xcay\xb3\xfc6\x83\x07\x11FM\x16\
u}{\xb1?`o;+\xbc4\xca\x88\xbf;p\
\xa7\x1by(\x04\xde1eZ\xeb\xaa\x1fyw\xdc\x98\
Hw;\xdd\xb2\xee+A\xf1\xfb\xbc\xd2\xa4]\xfch\
\xbbS\xceu\xecr.d\xaf\xfa8s6\xf7m\xb5\
|H\x09\xa8\xaa\xf5:\xbd\x0e&\xae\x16\xccCP-\
J\x1bGj\xd0\x01\x8f\xa2\x0a\xef\x04U\xaeR\xf9\xd7\
\xb5\xcf\xd4\x85\x17s]{Qw\xdc\xb7\xcd\x19\xb1\xfc\
+)Z_:\xbd\xc8\x03\xa7\xb9\xa7\xca\xd3\x16\x17\xb1\
S\xfa\xaa{\xd7\xadL\xfbg\xc8s\x83\x17B\xdf\x8f\
\x0e\xa7\x17@\xa0(\xb1\xf5\x86\x8c\xce\xcb\xec+u\xbe\
\x19\x05\xb0e_\xdf>\xd3?\xd0\xd5\x05\xcc\xbf\xe8\x13\
p\xc1r\x97\xed\x94\xda\x9by\xdc\xd7\xf6\xad\xee\xc8\xa3\
!\x5c\xe5p&M\xa9]\xeaB\xe8K\xb6S\x08\xff\
\xdf\xd5'\xc3`\xfe\x98ZqT\xbb)\xa4UG\xae\
\x05\xf2\xffdyZ\x11*\xfe\xfc\x856\x03\xde5\x1d\
\xa1r\xd1}\xcb\xbe\xeah\xf9I\x06\xeb\x0e\xb2\xfcC\
\xe1\xa6\x80s\xf5C\x9b\xdd\xcd\x8e3i\xd5N\xba\x11\
\x96\xbf\x98k\xf9\x07\x98\xcaOV\xf5y\xf3+Ye\
\xe8XJ]-Tb\xcbU\x16\xed2\xb5E\xcd8\
\xe8\xad=\xc2\xf2\xd9\xf0\xd1\x95\x8c*\x0f\xce\xc1:\xe6\
\x01PK\x06\x90Z\x19\xb4(\xca@?\x86\x87w[\
)\x05\xa6\xd5\x01\xdd\x86\xaa`U\xfe\xbd\xee\xf1\x8f\x91\
.C\x98T\x01\x801YJ9F\xaa\xd9\x8e\xceG\
\xc8M\x7f\x06\xc8\xbf\x88\xf9{\xfb\x00|b\xc0\xf8\x9c\
\xa9\x85\xa9t\xa5\x82;P\xda\x18\xe1q\xa9\x1e\xffJ\
[e\x1a\x99g]\xc6\xf2\xe3\xe1\x81F\x96\x7f8\x5c\
;\xe6\xc6+f\xad\xd2\xda\xf4\x22U\xa7s\xcd(p\
Z\x9em\xf6\xd6\xbe\x92\xc5\xa2\xa2f\x15\xf8\x1e\xb6v\
Yt\xdcy\x02(M^\xeb\xd7\x83g5#v\xa0\
\xb12\x80\xde\x95\xe5s^\xce\x0fS'\xf4\xc7r\xe3\
\xaa\x13\xe5C\xea\xae\x0c\x99\xec\xca\xd5\x92\xd0\xf8l\xdc\
\xe3\x81\x0eFc\xb30l\xdfB\x14\xa0\x93\x95\xf9\xb3\
\xe6G\xf4\xf3\x8d\x93w\xf9{X\xe3\xea\xb1\xe0\xc1\x09\
\xf8gB\xfesx\x82^lZ=J/\xe2_\xb5\
\xee\x0an\x00M\x04\x17+\x81mQ\xa8\xd5\x899\x9f\
y\xa8P9\x01\x913)}sQ\xc3\xc2\xed\x87\x7f\
\x06\xe1s;\xba\xa8\xb8\xbd\x1a\xab\x1dR\x89T\x02\x00\
Ed\xfa\x9djg\x0a\xfc/p\xe0\xeb\xa0\xc6\x0c&\
W%\x04X\x17\xf8_#\xe3Fn\xaa\x09\xbc\xa0\xc0\
\xf1\xc8'\x9b\xc6V\xfcj:\x95\x16\xe4\xcf\xd5\x98\xa0\
-s?w\xf4\x0d\x82d\xef\xd7F\x99C\x15;\x10\
\xba\x13\x9b\xb4\x9b\x8e\x0d(\xa3\x91\xac|\xb7HV>\
\xca\xf8+\xe9\xca0\xfc\x0b\x00\x0b\xbf\x8aM]\x17^\
\x1d\x98\x8a\x86\x07\xd6\xb1\xfd\x82\x96\x91wk\x8f\xba\xfb\
\x99\x1cc\xac\xee\x89\x0a\xe7\xf7\x09p~K7\x8aJ\
$\x12\x97\xe9\xa4\x80\x1c\xff\xdc\x96\xae\x84\x09\x18(\x16\
I\x22\x99\x80\xbc\xe1\x04\x0c\x91j\xab\x0b\x96 (\xa1\
\xd5*\xa8P\x8d\xde\xec\xb4 8\x81PT\x8ere\
\xabu\xb0J\xf7T\xa0\xd2\xa0\x0f\x12\xbf\x9aN\xf2\xff\
\x11\xbd\x90\xfca~\x97}\xed0H\x9d\xdaTT\x15\
J\x00G$\xc6\xb8\x97\xdc?\x85cL\x08$s\x1c\
\xe5\x86\x0f\x0b\xf8\x10t]\x95\x1f\x9fuN7\x96p\
\xebMTX\xf8tK\xd9\x9a\x16\xdcX\x99\xca\x96x\
\xeeJ\xc2\xc2\x07\xc4\xa2Z\x13\x98\xfa\x13\xbe\xc6\xb0S\
{\x84k\x9e\x87\x0f\xaf\x0ay+\xb8\xc6\xf2H\xd8\xbd\
\xa5\x9dij\xcc\xb9\xefZ;*1\xba`\xf4D\x91\
\xce\x5c\x84\xa3*\x1b\xf5\x14\xfd\xb3\x13u\xea.\x17v\
\xa5\x9e\xe9\xbc\xd9\xf9\x93Q\xaf\xf3.a\xf9G\xc5\xb6\
~ox@\x00\xe9U\x8c\xc7x\xea7\xd31:p\
z\xc6\xbfBh\xcd\x81\x0aR\xa7\x8am\x1d\xbb\xa3i\
 xZ|\xec\x1d\x95Q\x07U`@\x95\xa8\x5c\xb3\
\x07\x9a:N\x93MW\x196hG\xf0t\xc4T\xec\
\x81Q\xdf\x85\x16S\xa1\xe7\xcfXs/\xf1\xde\xcd\xe6\
\xfd\xa9\x83\xa7b\x22\xfb\x13s\x8a\xa7\xa3\xd6]\xeb\xee\
d\xf3\xf1Pj\xd6\xe0S\xe36/\xa6\x80\x9f\x87\x9c\
\xe2`]\xe5\xa4\xc6\x95\x11\xc4\xeb\xdb\x9b#m\xd7\xbb\
\xda\x8b(\x99v\x80\x9f o\x89\xa7\xb7\xc4\xd3/\xbc\
x\x1a\xa8\xac\x0a\xb31\xb0\xea\xf0\xe1\xd03\xde\x0av\
F\xa5\xd7\xe8\xbc;\x87\xab!|\x9br\x05o\xcc\xfb\
,s?K\x05\x1e\xf29\x03\x84;VXI\x1e\x88\
\xd6\xfb\xeaI?\xbb\xa8zR\x15x\xf0>\x1b\xaa\xac\
j\xf6\xb3\xf3$\xe1\x17\xe5\x07\x9a\xf0\xc8\x11\xf7\x1a6\
_\x22\xb2\xccq\x87\xc1|\x8d\xb2\xd3\xc5\xab\xa5\x12\xa4\
\xe7K\x8e&P\x11\x1b\x819(;:\xdb\x06Q\xae\
6\xac@\x95Y\xd2\xe2\xa9_\xa3\xe2\x83\xb1k\x99\xfb\
\xae\xb0W\xeb\x05\xd8\x02\xc5\x14\x04\xf7\xa7bc\x92\xc2\
\x07\xcb\xe8@\xe8.E\xfcB?\xa2\x0bP\xcb.\xcd\
E\x9d\xed\x22r;\x8d\x7f\xf9\x91a\x08/F\xe2\xc7\
\xd8\x7fIr?--3{\xf5\x84\x04\x1d\x96K\x15\
&\x85@\x9d\x94\xbfk\xf5j+\xa1\x81\xeb\x13\x06\x9d\
\xc0_\x84 #\x94\xbf\xfb\x06F\xaf\xfc\xa89\xe0M\
\x7f#2\xee\xb4\x09_`\x0d\xfe\xe5G\xdfY\x0a\x93\
!aM\xa2\xa7D\x22u\xd4\xbd\x9a\xe5\xd7\x84\xc5\xea\
\xb0\xd8\x8b\xe1\xabFY\xfem\xe1gD\xbe\xa5\xf0\x83\
n/\x15c\xe6S\x88An\x8c-c\xc2\x9e\xafi\
\xc3\xb7\x95\x17\x17\x1d\x9bs\xbai\xc1\x99\xea\x0c\xd9H\
D\xb3\xdd\xf0\xb8b\xe0\x1b]\xb3^\x80\x9f\xb3_\x0f\
\x11\xb32\x5c\x12\x97R\x11\xc0\x8f\x9ej5\xf1\xfe\xe5\
\xa0I8\xce\x91S\xad\x97\x934\xd0\xa5\xc3\xc3\x9e\x98\
\x90\xa0\x89R'\xf0\xe1\x86\x09\x89#\xb0\x06\xed\x89\xd5\
VZ\x13\x04$4;\xaf\x98r\xc4\xfd_\x8a\xe7Q\
\x11\x98\x92\x9er\xb5\x00J\x81)Q\xd5\xb1o\xca\xcf\
`\xa1\xe4\xe8 s\xaf9\x5cQ\x01d\xbfC\xde\x7f\
\x05\xa2T\xe0\xeeY\x82\xe9.\x8e\x91JB\xd97\xaa\
(\xa90\xfb\x06g\xa7\xd3\x9795\xffQ\xeb|\xe9\
\x8eq\xef<\xe7\x8e;\x9c\x9b\xacr\x95\x00\x0d-\xab\
\xfd \xfe\xe6$:R*\x83\x96\xb5+\xf2\x9d\xd4\xba\
\xfb\x03\xf9lX\xf0|\x89 @]c\xa8\xec\xd2\x9f\
\xc3\x95%\x19\x8e\x85j\x8f\xb91\x96\xffB\xf8\xfe\xcf\
\xb3\xfc\xc1\xf0\xc7\xfe\x92\xe5'\xc2\x1d\xdeGY\xfe/\
\xc3\xcf\x0e\xb0\xfcc\xe1C\x1d,\xffE@\xa9z,\
<Qw&I\x0f\xe7\xd5\xbf\xcb6\x08>z\x84m\
\x0f\xfb\x9f\xea7\xbcs\xe9y\x1e7\x9e\xe7qx\x9e\
2\x97~\xaa \xdd\xac\x00\xce\xb2b}\xb7\xa2}\xeb\
]#\x90\xdc&\xc2\xeeZ\xef|V)\xfe\xd8\xea\xb3\
\x0b\xd86Qa>\xab\xf5\x8c\x98\xcfgN1Q\xe9\
\xc6\x90\xe0\xa7Y\xa6\x5c\xb6\xcb(\x17\xf9\xf1\x90/%\
\x07\x14\x5cx`\x95\x894\xab\x13\xc8@i\xf4\xa5\xe5\
l\x1f9\xa5\xf4\xa9\x89/.\xe2\xe7\x09\x864m\xfc\
\xb4\x86\xc9E\x7f\xf6\xdc?\xaf\xde\xa5\xa2a\xfb\xe6\x10\
\x96\x96\xcc\xc8!\xa1\x19Y&T\x9cCg\xef\xce\x8a\
\x07\xc6\xb9\xae?a\x0d\xc7\xb6C\xaa{?h\x10\x83\
\x14\x05\x98\x02\xbcoW\xd9\xfe.\xc4_\xf8\xab\xd2\xff\
\xdf)\xe3\xaf\xf0\xcd\x96\xd8\xec\xecO0\x84q\x1b\xfe\
\xda?\xc1\x16\x15\xedm\xf8\x1c?A\x07|K\xa6\x0d\
R\xef;AE\x91\xfe\xf9nqlee\xd1\x1e\xfa\
\x08l\xf0\xcf\xf3WU\x94D*4\xfc\x9b\xc3\x19\xbb\
?\xed\xfc\x8dU\xf1\xc8%?\xcc\xb6\xe0\x04\xbd\xa1\xc6\
G\x94p\xc4$\xfb\x05\xed\xdf\x19\xd8\xee\xe87i\xab\
\xca\xa0e\x10T\xd6\xc2Ri-dw\xe0\xdfoW\
i \x97\xa0\x09=\xe1L8\xf2/y'o'\xc4\
\xe3\x1d\xa4a\x9bY<\x19Yf+\x81\xb6\x1d\x95\xd6\
O\x1e\x96\x98:\x1aEy\xee\x1b\xf8x[d\xb2N\
\xbc)\xd8\x85\xcar\x1el\xbb<\xe1L\xec\x0fmI\
cMQ\xb5\x82\x7f\x11\xbb\xd2\xb9\xb5)\xe9\x1c\xb4L\
\x16\xabc0\xed\xc4|e;k\x9aR\xce\xa3\x96\xc9\
\x85uL\x96&\xd4\xe3kb\x1d\xdd\x83I)\xf2\x12\
\xfc\xd7S]Tx\xe76\xdc\xcc4L7\xa2\xdeL\
G\xeb\x09,\x83\xaf\x8a\xce\xdbb\xbe\xf5\x92\x81W\xfb\
\xb7\x90^*\xc7\x0eKX \x0f\xc6i\x1cj\xb2\xd2\
d\xa7\x11`\xafX\x1aIj\x81\x1d\xae\x0a\xd3\xe8\xd2\
\x84R\x15%\x00\x1b(B\x08\xc11(\xdb \x11\xc9\
\x08E\xa3\xcb\xde\xd6e\xf9S\xeb\x848\x0a\xa8EE\
\xbd\x0cI+\xb2\x9e\xd2)\xab\x0f\x0d\xe0\x10\xb9\xdfD\
\x1a\x96Cm\x88\xf0k\xe4*\x12Fl:ii\x9a\
\xa1\x0c\x86\x11\x8b\x91@\xc4o\xe5\x0c.#{[\x9f\
\x05w\xdb\x87\xe1>P\xceCp\xd8c\x8b%\x1e\x05\
II\x099:\xb2\x162\x00\x86\xbclk$\x5c\xfc\
\xb8fq\xb1w\xec\xb2\xd6\x06@W\xebR<\x9b\x08\
w\xd2I\xa0,\xa09\xf9r\xd6\xd28\x94UZ\x0c\
)\x8f\xd2\xacFF\x88\x9a\xb2\x08r\x1bt\x12\xdf\x94\
L\x18\xab\xef\x80ot\xe0\xf7\x5c\xc9\xdb\x87|\xa1v\
2e\xf9\x00\x8f\x08\x0a\xc9\x89\xf9\xd1\xa9I\x12'\x93\
V'*\x9e\xae\x9c\x87l\x07\xdce\x07\xde\xeb\x94\xf4\
;du\xd6\xa1\xc8\xc9(F] 7\x83~B\xec\
\xa9\x1a9\x89\x8a3\xa5\xd3\xd4\xf8\xaa\xec\x84\xbb\xeb\xd4\
\xe5C\x19\x95\xad>.\xec\x10\xd4\xc52:y>F\
\x22\x06\xf80\xb5\x88\x81\xbb\xbb\x04\x7f\xc7\x141\xc0\x94\
\x87\x97\xdcA)\xa4J\xf8\xa0\x84Y\x22=\xa7\x02\x04\
\x1e\x0a:/]D\xca\xbe\x98\xb8)\x15\x91\xd3=\xcc\
\x85\xaa\xd7l\x19f\x831\xcfB\x06\x89\x5c\x94\xd4|\
?\xb7\x03\xaa\xf9Y\x8c\xc0\x96H\xe1\x9f\x9fJ\x02d\
\xa7\x10\xb2\xcfv0\xf7\xa9p\xc7UD\xc4E\xa5d\
\xc1\x5ct\x0eV\x09\x99\xbc\x95\x95w(OO\xdd\x93\
\x0f\x19\xc9\xce\x17\xd8-\xb2e*zH\xac\x8b+e\
\xf2\xf5\xe0\xdbUt\x92\xacv\xd72\xe0At\xeeC\
7\x11\x03\x1c*\xd9\x9e\x0f\xb8a\xb9\xe80\x94\x1a\x0f\
#\x15\x16\xe0\x11\xbf\x10!\x90\xc8\x9f\xaa3\xf3\xa7\xb0\
n\x9f\x87\xf2v\xa0h\xa5i\x96\xbdc\x00\xe2$\x1e\
\xf4\x15\x01x\x86\xed\x8b\xc0\xf0\xfa|v|\xab-\xff\
\xc1+\xc0\xee{^\xd5\xb2\xea\xde\x0b\xf2\xe4\xabo\x04\
d\xb5F\xc4W{=B\x0c6\xdc:\xdf+\xdb\xee\
\xfb\xe0I\xf7\xc9\x96\x8b\xba:\xc8\xe5\x8fF\xf7P\x0b\
\xb0\xb5\xe7\xb7U\xed\x1e\x96\xe6`\xba\xc7Lc\x85\xa4\
\x81\x15\x5cg\x10\xcc\xb7\xf5\xdbf\xab\xde!\xd4\xddo\
{c\x0cHo\x07\xf1\xfb\xcba\xbb\x9c\xaf\xc4\xcf\xac\
Z\xf1\x90B\x92W\xe3\xa3{P\x1ciAn\x8f\x04\
e\x92Y}\xb0\xbc\x80\x84!\x88\x84EQ\x93\x9fR\
\xbd\xd8\xa3\xbf\xb0-ao\x13\x14\x11\x11\xb1\xdfkD\
\x01\xa1x\x8eA\x8dt\x87\x08\xcb\xf7o\xdd\xd7\xb2\xd7\
4\xa6\xc1\xab\xe9\xe1Z\xd6\xe4\xa4\x91\xf1dW\xaa+\
\x85<#K\x14\xcal\x00\xea7=E\xe6$Sp\
\xf8\xa7\xfb\x92}) m\xee\xa1\x15f),`p\
\xe1Z(\xff\x1a\x86\xd7o\xfb\xbc\xd3L0\x1e'\x09\
\xa7\x17\x18\x89I;\xf1\x22D\x16pB\x17K\x9eP\
\xfc\xa8'\x14\x82\xdb\x09J\x86\x92=$5\x8dv\xc7\
\xbb\xe3\xe4\xd4Ef\x1eG\xb5\xca|\xf2L\xd88_\
V3\x9f\x8c>TN\x8e\x11a\x9b\x84N\xe6S\xdb\
l\xcb\x7f\xe0\xc3\x9b\x9c&\xe7\xf3\xdb\xd6\x0f7PQ\
\x90,\xcc\xcc\x12\xc3\x14\x0dE\x0f\x0cN\x8a\x0fS\x12\
\x06\x0c\x87.@u\xbbFo\x09\xf2\xbb\xa4\xba\xecT\
W\x12&\xc3d\x8d\xc5\xe9\x82\x89#\x07\xc8\xde\x96}\
[\xef\x97\x02\xcb\xd9\x86\x87~\xd0$\x97\xe9\xd7\x12\x80\
H\x8cT\xed\x90\xe6\xce\x8a\xd9\x90\xc9\x98\xffR\xf8\xd0\
\xaa\xf9c\x8d\x8bpx,\x02\xebD\xd6y\xce\x83\xc8\
\xf3\x8c\x88\x13\xdc\x1f\xbeqR\xdccc\xc0\xf1\xde5\
~\x87{\xbd3>\xee\xb8\xef\xb2N?\xf6\x82we\
e\xa9\x99\x1f\xac0\x9d\xf2\xca7\x09\xa2\x82\xf7\x11\x99\
4\xa7dY)\xbf\x1by\xe5:\x1d{e\x90\xdct\
\xb8xK\x9c\xfd\xa4\x19\x88\xd4\xa8K+\xc5=Hz\
\x1f\x09\x96\xbd\xf0&+s\x7f\xb8\x1f\x09\xd5>\xe16\
\xb0\xfc_\x85\x1f^U6R\x95\x0a\x90\x95\x91\x9b\xea\
\xa7\xba\x98?\x18?Z~,\xbe\xf6Y\x91\xa8\x7fq\
\xb0\xec@tS\xf9\x09`\x8ba\xcbXD\xba\xfd\xed\
\x87\xc507\x06\xee\xb8\xc3\xf9mw\xc4q\xfe\xe5\x8e\
q\xab\xf6\xb0\x10A\x7f\x1d\x1e\xfc@\xf9\xc5\xcd\x8d\xf3\
'\xbf\x92\x08\xa2h\x15z:\xca\x12C\x0b\xa3.E\
\x16\x83\xba\xa4nu\x8e@\xaa\x1fl\xa98\x92:\x16\
*;$\xdc~D\x0ccc`}\xc8`%\xa7\x00\
'\x15\xa7\xdcq\xbb\x1e\xf9\x12UfB,\xed\x0b\xd5\
\xba\x97\xf29\x01m\xc7\x91,\x83R\x89\xa9U\xf4\xd5\
\xbagG\xc6\x9b\xd3\x12\x93F\xf8Yg\xfcC!W\
K\xda\xb1S\xe5\x01,\x01_]\xf9,v~\x12\xe3\
\x8f\x04\xcf,\xce\x1c\xbf\xbe@R\x81\x8a\x80l/\xa8\
Y\x83\xd4Zb\x1a\x96\xb5U\xa5FR#\xa8\xe8-\
\x8fP\xd4\xed\x1c\x15u\xe3\xbd-h0q%(\x1d\
\x03t\xddvP#\x9b\x87\x9b\x87\x05o-\xe1g\xbc\
@.\x17\xdd\x050T\x9c\xdbW\xc4\x95\xb0=\x96\x13\
d\xb7\x5c\x1eo4\xccW\xc1\xfe\x157}}\xbaW\
\x03\x92\xa2\xc6 ?7\x02\xbbi\xadE\xa0\xd0>\x97\
B\x9f\xe2\x01\x87\xa0\xb2\xd0\x96\xff\xf0\xf1\x00\x8f@.\
\xba\x93\x8f\xff\xa5\x1fe\x15\x0d\xec\x91\xb2\x04wj\xce\
\x02s-\x91\x8a4\x88\x0f\x94\xbd$\xec\x895lj\
_x\xf5J\xe6\xde\x12\xaeu\x7f\xd3\x0d\xb2\xed\xa3\xc4\
\x0e.\x7f\x04\xe0^\xe7\xf2\x8e\xcf i\x9a\x8c>\xdb\
k\x04\xb9\xdcQ\xd8^?\x03(\xe5)\xe0\x17\x9c\x22\
fg>\x96\xa0\x17-\x87\xed\xbc\x1c\xf5|\x8c\xa3\x87\
\xa1fU\xb6\xcb\xb0\x1ay\xd8\x19v\xe4_R{\x0d\
\xab\x98\xae\xee\x05\xc5\xcd\x1d\xc7[j\x919\xd3-q\
\x09:--\xb2\xe3\xca6\x83\x1e\xe0\xe4\x82\xdf\xe4\xa8\
\x00\x9e\xc9<\xcd\xdc_\x0a\x7f\xc0]\xc1\x0e\x87\xdd+\
\xd6\xb1\xfc\x97\xc3^<0uC\xd8\xbb\xb2\x83Ur\
\xb8\x96{\x96\xcd\xab{\x96\xad\x00\x0c\xb8}\x02\x0c\xff\
)o\x0d3\x89\xd7Br\xb8\x04\xfe\xf1\x05\x00a,\
\xa5\x1aX]\x8aPu\x99\x22Y]\x06\xca\xf2\xb9x\
\x94\x8da+U\xf5\xf3#\x22\x8d\xe2\x5c\xb0\x92\xcfU\
\x8c#K\x85\x80|Y)\xf5\xba\xf7\x0aq\xf0Jd\
n\x176\xf3\xab\x0a\xb4\xea\xb8\xb02\x8e*\x08\xeaW\
\x94\xfa\xf5\x0a\x0c\xc6+\x8a\xeb\xf6\x15\xe5e\x81\xde9\
@T(V\xe3y&\xb5HW\xb7\xe9\xc1\x9a\x915\
?\xb0\xd2O\xc0i\xa4\x8c\xa24\x18\x5c\x19>\xdf1\
\xd8\xbb\x090\x16\x1cj\xf9+\xe9L\x86k\x99\x0d|\
<\xf3\x87\xc2\xde-\x017\x18\xf6\xde\xdd\xc1\xf2_\x09\
\x0f\xbaw0\xbe \x0e\xbf\x87\xbd\x14\x9e\x1c\xa3\x1a}\
)p\x96aA\x80\xb8\xc3q\xb3\xf7\x86\xb8\xd7\xa5j\
q\xc2\x93\xe8\xde1\xaa\x5c\xc6T\x98WdB\x8c\x92\
tG\x15u\xb7\xeeAT\xfe\xa8 \x15\x16\xe3\x19C\
\x98p0\xbc_\xcdq\x9b]d\xd2\xd8\xdb0\xa1\x06\
\xaa\xc5\x8eG$\x0bLgec5\xefP\xcd\xb7\xda\
dZ\xce2E)\x7f\x8e\xb2\xd5\xa87 \xc7\x06_\
$?\xaf\xec\xc1W\x96\x81\xc5\xb0\x5c(\x13u\xe4i\
\x07\xe0\xb2\xe3\xca\xe7\xf23\xe5u\xfa\x99$\xa6\x04\xba\
\xd3\xac\x0cY\xd8\xa7O\x90a\x81\xf0\x14m\x19\xa3w\
R\xbc\xbb\x1c\x7fd\x98\xda\x90x\xb2sh%\xc8\xe4\
\x0f\xea\x0dI\xc7\xa9T&f\x94\x821\x032\x12\xaa\
Z\x96B\xda\x92l\x01\xd4\x9a\xaf\x15\xa7\x85+MG\
\xd8\x13\xe1\x83\xa3l\xea1Q4\xc0\x15\xb2\xc0\xa4\x17\
\x086Nr\xb9\xb5.\xc0E\x80{E\x9d\x90]W\
zW\xb2\xfcW\xc3\xee\x95\x03,\xdf\x1c\xf6>\xe4\xbe\
\x9b\x81\x9bW\xe1f\x95\x02\xe8\xa5\x03\xd4\x89\xd9\x1f\x0d\
\x01\x12\x9cI\x87]|\x96\xe2w2\x5cA\xa8\x0d\x0a\
L8\xedD\xd2\xab\xa2\x90\x06\x92/\x8a\x8c\xfd\xa3\x90\
\x93Q\xe0M\xd1\xa2+\xfbh\x14c\xfc|]\xea]\
\xc1*\x82\xf4Y3vp\x18\xfe?\x0a\xff\x86D\x13\
\xac\xa8\xdc\xbf\xf69n)\x19\xcf\xe9'\x04\xf5E\x16\
q\xd4\xf80^U\x0e,2\xedC\xfe\x9c\xb5A\x9a\
%y\x95R\xe3B\xa3\xc6\x87\xf1\x99\x90\x93\xf1\x91\x9a\
\x96\x18u\x9a\x13>K\xbd\xfc\x84\x0f\x1c\xe6\xcb\xe5\x90\
8\xd9\xdc\x15uB\xc4\xbd\xdb\xbbT\xa2\xb7\xd4\xf1\xf5\
\xe2]\xc9\x0d\xab'\xc2\xee-^\x03\xab\xc8\x1fp\xf0\
\xac`)\xe8\xe9\xad,\xa5UCk\xa3YN\xbe\xdd\
\x85\x98<\x22\x15z\x19\xde\xe9\xc5Y\xcb\xc1\xe1\xe0\xc3\
k\xe0\x9fq\xf9\xcf\xc3ukZ\x0e\x86\x00w;\xff\
Px\x11`\xd1\x8b0\xc1\xcb6\xbf\x07\x5c]\x90~\
ji\xeb\xa3\x0b\xb8\xb6\xdc\x0f\xba#,\xff7\xe1\xff\
\xcf[\xc1\xf2O\x84\xd5\xdf1o9s\x97\x1e\xf2\x96\
>\xed-\xfd\xb4\xf5\xd7\xd7\x8a7\x93\xb7\xb2\x7f\xbc\xf3\
\x1f\x1f\x8a\x0d_u\x8f\x85\x85\x88\x8eLm\xb4\xaf\xda\
o\xcdCt\x8b\xac(O\xf5\xb0\x03\x07,\xa2\x8f \
\x9b\x98\xb2\xb4\x1e\xfe\xe67\xac\xb4i/\xcf\x81|\x82\
\x0a\xfd\x92\xc8\x5c\x91,\x88\x10\xe2\x86M\xd8\x9f\xba\xe6\
6\xc7\x12\xf7I\x85\x93\x02\xdf~\x9d\x0f\xcb|V]\
\xaa\x1a\x02W\xb2]\x82\xb96\x19\xf9\x84\x0f\xde\x15D\
\xb2g4\xc8#h\xb3f4\x16\xa7\x98+3\xce\xe9\
&\xddf\xf6\xf5\xca\xf2Z\xae\x05\xe9s\x92\xbc\x0f1\
l\xe1\x17\x8c4_\xb1\x00\xf7l\xd8\xb8\xc1\xda\xd2\x8f\
\xe1q\xc1\xc8!]\xdb\xb3h\xdf)0 P}T\
\xee\xc0qE\xad$A;\xb3\xd9\x16xT\xd9\xb6\x02\
\xbe\xe2\x96\xad[\xb6RV'\xaaU[4\xa9#\xc4\
\xa4\xb6`\x1c\xed(\x94GR\x17#\xb5G)uB\
g\xd4\x82^\xd1\xde\x0fW\xb5\x0f}\xc5*\x0d\x17@\
\xe9\x83\xe8\xea\xf7;\xf54\xeb\xb8\xc6;(r\x1a\xda\
7\xdehi\x9bw\x07\xe6Z.\x13\x08\xad\xbd\xb1\xde\
\x0c\x7f\xefC\xe2\x85_\x8eF\xf9\xc5~Y\x5c\x91\xab\
\xb1Rs\x1a\xc6(\xfcre\xde-W \x80\xcb\xf1\
\xb1w\xe0m\x84\xfd\x845|\x19\xf5JF\x12{l\
l\xcf\x06\x1f\x0dq\x8d\xb4\x13\xb2\x12?'\xa3\x1cS\
9q|,\xb4;\x06\x07\xad\x9d-\xbb`\xaeFa\
\xee\xde\x94O\xf1\xdf{\xb1\x8b\x93+\xa4(,u\x0f\
F\xf7un<K,\xdc\xf6\xf6\xff:\x91\xf4\xd4O\
\xd9\xa3\x8f\x9c\x099{\xeb\xad\xd6\x16\xe2\x9dB'\x14\
\xba\xeb\xc0Y\xa0{\xd3B\xd7\x06[h\x16\xca\xdeg\
e\xc00\x17\x1d\xc8\xc8T\xa9A*yn\xab\x1a\xec\
\x1d\x14\x0e.<\xf8\xb7\xc3Pm' W\x05\xbe\xc1\
?\xddio\xdb\xbam\x9b\x05\xfd~\xf4\x12\xc9\xac\xab\
j\x80\xec\x90\xf1HT\x13\x06\xbb\x07\xbb\xc9\xe1\x07~\
#.\x8f2\x9d\xf0\x13\x1dp?\xed\xd4\xf2E\xd1\xd6\
\xb5\xa5e\xdd\xbau7\xaf\xb3a\xf2\x06[\xb6\xc3\x94\
\xef\xe0Gg\xbd{\x0d\xcb\x7f\x8d\xebi\x07\xd9\xc7\xc3\
/xocd:r\x0b\xa5\x07l\x92>\xd9\xc6\xcc\
\x80\x97\x80\x81\xdd#\x83\xfa1\xac^\x9f\xc6|\x968\
\xb5\x1613@\xe8\x82Z\x0b\x023\x18\xb5\xe8\xa1\x96\
\xe0\xec$\xa3\x90\x836?f\x95\x8d\xc7\xd3\xf1\xb4&\
X\xc3\xe4\xa6M\x5cnHW\x8d,\x02\x87+\xe4\xa2\
\x92y\x93\xd2\x0c\x1c\xa4\xc5\xcb\x80s\xb5\x1f\xbc\x14\xfd\
\xe8\xab\x08G\x08\x9dv\x19\xda\x95\xa2\x05\x07\xc4\xb4\xca\
\xda\xc9k\xb8/\xb0\xdb\xa6Tb\x8d\xf0@l\x90k\
7\x83\xcbL\x832\xe9\x84\x18_L\xb6\xcb\xe9r\x88\
\x92\xc2\xaf\xc2\xeb\xde\x0c\xa6h9\x84[$\x13\x02=\
\xbe\xa6\x12\xf6h\xcc*\xc2$\x9e\xc6\xfc\xffnj\xe5\
\xa1\x12\x19\x97i\x83\x12`?\x0697\x9d\xf0\x18\xb2\
m\x83\xc7lq\xeco\xa7\xb9\x12\xff\xc5\x10\x08]\x07\
\xd7<\xdc\xb0M\x19cF\x0f@\xab\x8e\xf2k79\
M\x18M=\x1a!\x82\xdc7\x14\xfe\xd7\x1b*[A\
\x5cIx\x14\x84\x9a\xf6\x88\xe0\xd1|2\xec=R'\
\x97\xda0\x145\xf8\xe7%\x038k\x0a\xc7\xdf\xd6\xe9\
\xf4\xa8\xdb+\x88\x84) \xd9\xa4\xd2\x0d8a\x9a2\
V{\xba\x9b\xd6P\x90\xc0\xde\x14\x9df\xd64kt\
\x8f\x00\xbb\xfb\x9c>\x07\x8d\xe3\x19\xe5D?\xa9E\x89\
\xf2\xb7\xa2Ox<&6\x81\xdc\x116\xec\x84\x10\x12\
\x13\xc8%f\xf4\xde\x90Y\xb5BtK$u\xb9\xc7\
d.m\xd4\x9c\x97\x18@@;\x8a\xeb\x80o\xae\xad\
~X\x88\x10\xd92b%$\xec]1\xab\x0fo\x98\
\xe8E{\x12=\x09\xe2-\x01\x8ca\x0f\x8b\xad\xc6\x0b\
,\xa18\xb5' %\x0c\x0f\x0c\x87\xda\x13*\x05\xc3\
\x93\x00\xca\xd0\x9e\xa4t7X\xfbb\x13\xc8\x1d\xf1\x86\
\xdc!(\xcd\xba\xa8\x0dG\xeb\xe3\xd2w#\x96\xda\x17\
\x83\xe6B\x83\xc1\x96\xb0iK\x89;Y\xf6 \x05`\
9\xbf\xf9Qg\x94\x82\x009bN[J\x9c\xcc\xb2\
w\x8c\xae$\x17\xda-\xc1\x89&!\xd3D\xddo\x03\
\xbb.|\xd5!\xf6\x99\xb0\xb7\x22\x90\x7f\x92\xbft\x9d\
\xdb\xca>\x1d\x1e\xab\x8b\x86\x0fyWWf\x92\x9a\xa4\
\x8f\xd9,\x19\x89~\xa2\xd7\x1a\xa5*\x18F\xe2\xe5\xdc\
L\xf4\xacU\x0cn\xe4\xd2\x17Yo{\x11\xe9\x1f\xef\
ee\xfdU\xd2\x04\xf8\x90f\x8a\xa3Ks\x08xZ\
\xf8tS\xa9.\xba\x0e\xbaVD\x06]6k\x16+\
\xe9\x1e?\xef\xdbc\x92\xce\xbc\x8b\x881\x01\xf2\xdf!\
`|\xf9\xe3pz\xcf(\x82>\xa3G\xd8\xf0@\xe2\
\x80\xe4W`\x8d\xcdJXi\x90\xf0\x91q\x13\xee\xde\
\xd2T\xa5\xe0\x89\x8d\xd6\x9bo,Qz\xcd\xac\xb8\xeb\
\x10E\xd9 3/\x152\xe1\xa9\x14\x80\x97\x5c{\xc9\
\x81d\xc2\xd2\xb7mT\xab\xc9\xd1Bi-\xcb\x9b\x92\
\x04\xb4\x0f\x0ewB\xf6\x871\xec\x15\xe4N\xff\x09g\
\xdd\x8b\xc8\x83\x82\x0e\xcf\x8b\xa2Q\xb3\x07)\x8a+`\
J\xdf\x0e\xab\xf8|\x93\x7f\xbb4;\xf792g\xaa\
\x1e\xb9\x03\xe4\x1b\xaawn\x96\x12^\xe4\xb68\x0f\xa9\
\xcc\xb3\xb8\xeakq\xad\xdb\xba+/)\x99\xc5K\xf1\
\x8eKVr\x08\xfeI\x07\xf0\x7f\xa8\x9c\xce\xe7\x15\xb5\
\xfa\x8b\x8aZ\x1dz/\x22\x91\x0b\x0cC\x97\xfd;\xee\
\xbb\x99\xe1\xd8\x93|\x8c0\xf8\xd5\xda-\xa5\x85b\x8e\
\x1cw\x19\xa7'\x9d\xce\x08%\xc8\xc2\x93_\xc2\xd2+\
pzrp \x86}\xa1/\xc1.\xedLX\x08\x0b\
\x1b\x94\x96\x84\xf0Lg\xf1\xc8)\xf0\xe2NE\x09\x89\
\xff\x0d\xdc\xc7[\xf8\x81t\xe9\x0b\xac\xb7\xe3\xad=\xf8\
&\xd9\x83\x82\x82\xe0\x9f1\x85v\x9dh\xb3\xc8]\xf9\
v2\x8b\xaa\xeaT\x12 \x13\xb8m\x22\xe2\x9b\x1e\x95\
\x8a\xa9\x0c\x9f.\x07MY\xb6\xe7ba\xef.g\x97\
\x03ow\xed\xd8\xb2c\x07\xf4\xfav9\xb6x\xf1\x5c\
U\x11\xbc\x1c\x02Q\xb2\x0d\xa1\xa9\x93n\xe2j\xe7\x8b\
\xa4\x06\xce\xbe\x00\x99l*\x19S\xdc\x9a\xd8Y\xebD\
[/o]\xfcm\xdf\xee^\xc5\xd2\x05|\x1e\x05\xc0\
WQ]\xa8\xff\x9a\x22\x1b\xe3F]w\xbb\xe6T\x95\
\xc1\x15\xa4\xb6\x9f&j{\xd2\x12\xe5I\xcfOV\xf1\
\xdd8\x0d\xbf$\xe8X\x02@Z'\xd1FNa\x94\
@X%}\xfc\xf1\x97\xb6U\xf5\x0fe\x86\xb8\xa2\xb5\
,\x22f\xe5\x1c\x91q/\x8ag\xfb\xd9\xd0\x90U\xc4\
\x92\x14\x88\xd6\xcb\x5cH\xca\x88\x5c\xaa`}u\xdd+\
\xf5\xb6m5\x97y\x8d\xd2\x81\xaaE\xb5#>\xd5\xac\
\x8a<\xf1\x87j\xeb\x02\xb3\xb6\x05\x8a\x0e\xd6\x89\xb6\xfe\
f\xe8\xdb7\xcfV\xbd\x13\xd6\xc1;\xc1\xcc}'(\
\xfe\xe7\xe0\xd7\xb6\xe3\xf0j%Q\xfcD\xbf\x89\xe4\x1b\
@!\xb3m\x1b\xe6`\x07T\xbdG\x804\x07\x91J\
.)\x8e\x89\xe8\xd8&^@\x95Kag\xbc\x8f\xb1\
\xee\x0es\x85\x0bP19\xd8\x94\xa32\xa3Bf\xb3\
\xd1\xfa4l\xcd4\x11.H\xf7\xa7\xb9\xd2Si\xcb\
\xd1\xc8JqSn\xa0A\xa5r\xe0i0\xedd\xc8\
\x04\xe4\xad\x8aB\x22x\xbd\xc9\xdb3\xa3S9I\xf8\
(\x22\x14s{\xceJ^DM\xf0\xa2h^$5\
Eu\x84\xea,\x0c\xd6\x08\xec\xa5\x0a\x1f\xc5\x09Qb\
$\x17\xea\xdb\xd2}\x19t\x14H\xb3\xd8\xb76|\xd2\
#ZOF\xba(\x0c\xe8s\x92\xa6\x14V|8\xc8\
\x8e\xa399\xab\xe1\x16\xe4\xddH\x9b\xaa\xde\x90\xc2\xdd\
\x03\xd6\xc4\xfd\xb3U\xef\x00\x99!^<_%\xe4\x9f\
K\xd2C\xba\xe7\x98\xc0o\x94l\xcc\xf0\x83\xe7\x03+\
m-\x95\xd5\xc8u\xa6{\xafG\xc6\xfb6\xc1=l\
\x22: y\x8ad1\x84(\x5cY\x89D\x22m\x15\
|\x0b\x98p7\xc1-n\xc29\xe0\xafv\xe9o\xe9\
\xdeVqx\x93\xb8\x7f\x05N\xb3\x17U\x5c\xf7\x05\xc5\
\xa7{\x84\x9e\x0b\x0eux\xd6\xd9\xff\xc8\x8eO|\xde\
^\xe7\xfe\x16\x13\xc3U%\x8f\x0eS\xdc\xe0s\xca\x17\
\xba 2\x1b\x05\x14Kq+\xb2\x9dF\xdc\xbf\x84^\
/\x09,\x12\x99QP\x7f\xb3\xcaJU\xe7\x918\x7f\
\x9d\xb4\x147\x83ra\x22\x0c\xb2\xf2\x85R\xaf\x17\x5c\
V\xdaA\xea\xefeu\xeem\xc2\x96\xb5\xfc\xf0\xb4\xdc\
\xa4xY,\xb90\xc5\xaf\xe5\xd3\xeb\x1e\xd0\x03\x5c\x04\
 \x11+\xb8\x80\x1c\xa6H\xaf\x8e\xfe\xfa\xc3\xc4K#\
\xd9\x81\xa2\xe0p\x90\x82\xee\xf2\xcb2\xd2\x8c\xf1f\x05\
\xfbM\xa1x\xdb\x8c\xca\xf3\xcbuP\x1c^\x15\x16\x1d\
W\xe2O\xc8\xec\x16\x07\xf2\xf2\xe5\xad\x8at}\x0c\xbf\
\xbf\xa2B\xf2\xd0\x13\x8f)\x05\xe3\x11\x91O|\xe4y\
\x86\xfa\xa5T\x04\x85~)\xb5\xbfZE!\x0d\xbd\xe3\
\xa4_\xca3\xd2V\xc9\x14\xb6\xd4]\xebQ#|\x15\
\x8e\x8fW\x11\x1d\x83r\xd7_WF\xbb\xee\x1d'\xf5\
\x12\xdf \xbdS\xf6\xe0kJ\xbd\xb4Q\xbf\xac\x0a\x89\
\x97\x9f\x07t\x0dP(a\xdb\xa9\xdeE\xa4_V\xbd\
M\x9c7\xdd\xedo\x09\xd4\x9f\x03\x81\xca\xcd\x221_\
}r\xfe$T\x0aTl\x5c$M\x17\xea\x89\xb9\xd7\
f\x91\xed\xd5\x0d2\xedW%;bQHC\xb2\xd4\
\x8c\xb0(e\xcd\xd49X11\x88\x22\xc6VF\x14\
\xf4\xc2\xe8\x08\xdb\x91\xb6\xf9s\x96\x01\xf3T\x16\x0d\x8c\
f\x10\x9e\x8d*\x11y\x22\x22\xcb\xcd\xba\xf9\x7f(;\
O`\xc9\x0d\xd7\xa5\xfe\xc1}\x92\xe5\x9f\x0a\xbb\x9f\xbb\
\x94u\x0cy\x96\xe3\x1cnr\x9cU\xbc\xd3\xd1\xeat\
\xb9#\x8eE\x9fxn%;\xdc\xc4\xdf\x08\xe1\x1bN\
_\xc7\x90\xe5\xd5\xae\x94\x1e\x82\x88@\xcf~:\xfc\xdb\
\xe2\x9f\xa7\xc2\x8d\x81\x9bW\xb9\xe2Z\xd6\xe8*\xc6;\
7\x1f\xfe}\xc7r\xf9g\xbd\x11\xefjw$X\xfb\
\xb4\xfbeV\xff{V\x81\x12.\xcbh\x13\xb6w\xdd\
Y&\x1e\xe1\xbf\x976\x89\xb2h\x1d\xda\xf5\xff\xcf\x92\
a\x99n\x98\xe1.\xc86\xedr\xbaaa\xc8\xdc!\
\xfb\xc7[\x98\x18\x96\xc7\x0f[\xcf\xd5}\xcfy\x5c\x8c\
\x1d\x7f\xd6F\xe6]\xed\x8d\xb8W\x87j\xf7\xb8\xefg\
\x90\x14\x94\x80M\xd0\xee4\xd9\xb7\x85\x9c\xf64\xec\xcd\
\x0c\x5c#\x83{$Hx\x04\xe0\x09\xb6{\x9b\xb6\x06\
A\xd4\x012\x8d\x1f7\xde@\x90\x97\x98\xdb\xb5\x22@\
\x11r\x06\x13\xdbb\x99X\x06>\x90\x96\xac\xa5\xf6\xfe\
\x10i\x9f!\x8c\xcfg\xe0z\xb2MC\xb6\x8e\xf4b\
J\xce\xf0sU,\x03<\x01\xc5$\x1a\xdb\xf1\xedZ\
`\x90h\xec\x0e\x92\xf76/\xc3\x18x`\xcb6\x01\
\x0eo\xa7]<u\x13\xc8\xb3v\xc8wM\xd8\xee\xf6\
:\xe8\xa5\xe1\xd5Ag\xd4~D<\x00x\x0dc\xe0\
\x19\x8d\xa1w=/\x93T\x91\x86\xc4\xee\x1e\xdd\x869\
\xb9\x04*\x14\x02\xa5H\xb60R\xc7\x15\xcf+\x90\xab\
\xff\x0c~e*W\x9f\x81\x01\xcb\x98\xe9\xc8\xb0\x80\x80\
\x0fDT'K\x9eW\xc1\xc4\x19\xe3\xff%\xb6\xf2\x1b\
\xbfK\x5c\xe1u\x1c\xeb\xb6R\x09\xc9m\xe8}\x13s\
eo\x1d\xed\x0d\x12\x07]\x10\xf3\x153\xb0\x8ad+\
k\x8c\x9dA\xf1\xb4\xa3\xb0&\x06a}\xa4m\xef\x97\
>\xc1F\xbf\x14\xcc\xde94tg\xf6K\x8e3z\
\x93\xf3P\xb6uh\xed\x9d\xce\x97\xf8\xae\xbci\xedC\
\xad\xad\x0f\xad\xb5nj\xfaR\xf0\xce\xb5C\xad\xd9\x87\
\x04j\xfd_\xb1o\x84\xdd\x06\xaf\x8f}3\xecE\xa4\
\xbfN\xbc\xf8\xc3\xf0*\xfe\xda\xd9\xe5l\xe7\x0b>\xe4\
\xae\xf8\x04\xcb\x1f\xa6{X\xb3\x92-\x90U!h\x08\
!\xa1\xc7vo\x0a\xca\x9eL|//\xb3\x02D\xe5\
4x:\xf9\xd7\xa1\x07N\xdf\xf93H\xdc\xc0e\xe6\
@\xdd\xc8$H\xeeY\x1c\xaa[\xcaM\x15:%z\
{\x95*t\xb0]\xf2nWP\x1c\xd5X!m\xf0\
5\x95! \x8dUV\x1bu\xe42<\x87\xc6\x98\xfb\
\xee\xb0{E@\xac\xc1\xc3\xdfa\xee%\xe1\xcd\x9fb\
\xee/\x87\xddj\xf7\x8faaN\xf0\xe3\xcc}o\xd8\
\x0d\xe0\xc9\xb5\xd3}\x84\xb9\xef\x09{\x0dc\xbe\x97\x9f\
tw2\xf7R\xbe\xa5V\xc3\xdf\x13\xe2S\xbf\xce7\
\x1a\xff\xd4G\xc3\x9e\xb5\x12_\xe5\xd7\xfa\xcd\x82k\xfd\
\x86\xbc\x96\xf1r\xad\xf8\xd8\xc7\xc3\x87\x1b\x99\xfb\x87\xe1\
\xf7t\xb0\xfc\xd7\xc3\xee\xff\xf2~\x89}k\x8e\xf7.\
\xf6jY\xf2\x03A\xff\x8a\xccf\x8b|\xf6\xd3f\x1c\
\x85N>\xf3\xfc\xd3k\xd0\x0f\xac'W\xa3\xc2\xaa;\
RQ\xde\x9a\x19W\xc0\x85\xe8G\xd2\x9bVk\xc3`\
A\xe0#\xd7\x18:\xa5'#\xc7\xae\xc1jCM\x1a\
\xdf\xae\xc2\xc4\x0a\xbe\x9a\xf0X\xb7\x00\xcc \xa0\xcc\xa3\
\x82\xdf\xd3\xb1\x11\xdf\x93-&\x1bo\xf20\xab\x88\x11\
\xe9\xda\xd0Y\x9b\xe7\xc3\x95\xe5'\xd6\xba\xd7\xb8\xfbY\
\xfe\x1b\xe1\x0f\xd4\xe5\xbf\x19^]G\xe1>\xf98\xa5\
\xaas\xf8\x1bH\x99\x0e\xba\x5c\xbb\xa6\x10+]\x01D\
\xf5A\x83\xc0\x04O\x15C\xf2AJQ\xa2\x0br/\
TX\xdc\xcf\x84\x1cJ\xa7\x01f\x93R*\x92\x8b_\
jw\xec\xc6\xc6\xe0\x5c4'\x08\xae\xe7QJ:P\
\x1d\xc8\x04\x03b=\x99\x93'd,Tr+\x1f\xf1\
\x02\xacK&%\xf4\x90\x8e\xe4b\xc5\x7f}\x11i\x8c\
\xeeM+\x13oVA\xa1\xa8\x9e\x1c\xcc\x9f\xb5U\xf5\
\xa3\xf1\xceo\xa6e\x04\x13c.R)7\x17a\x8a\
\xf6\x08\xe6!\xf1O\x0d\xdb\xfdh\x99H\x0e4\xc2\xa0\
\x90~R\xdd\x9b\x06\xb5O\xd9\xa1\x96r X2>\
Q\x8fa\x14\xdf\x03e\xc7\xe3]\xdc\xa08\x22\xd6\xca\
7\xc3G\xea\xf8\x82\xf1.\xae\xcb\x7f+<\xf9\x1ea\
\x1a\x94\x1c\x9f\xaf{\xeff\xf9o\x97~\xef\xa8g\xb1\
E\x17\x92,\x94;\xban]\xa8\xdcj\xc3\x92\xa5\x86\
\x05x\x85\xf6\x81\xbb\x82\xa7\x84\xc0\xb6\x98\x8a\xd5\x03\x0f\
\x86\xb8\xadX\xa4\x18-\xc8\xbdzW\xb0p\x07\xf3I\
q\x03\xbf\xc7\xee\xff\xc8\x1e\xc7:- \xc1\xeb\x0c\xce\
\x0b\x22\xd2P-\x0c\x09.\xb5\xb4\xbd\xe9\x9b\x1b~\xcd\
rhffJc\xa3\x15L\x9c(2,\x9bM\xc3\
n\x98\xbc\xfb\xb3\x22_\xb6Dn\xbf\xddT\x01\x9eo\
\xc9\xfa\xcbj\x85:&\x96\xc1\x90\xf3\xe8\xd7D\x92W\
\x0d\xa05TG\x85\x99!\x93mfu\x12;\xa5\xf4\
\xdb\xa3\xd7\xec~\xd1\x22Z\x8a\xea\x02\x0d\xa7\x80\xc4\x22\
\xe7\xe3^\xcf!4\x02\xde,\xb6\x10yC?\x89\xf0\
G\x96\x14D\xbf\xc26\xec)\xc6\xa7\xa9\xc2\xa4\xf1$\
\xb5'\xd1\x82K\xc2\x80%\xc93\x95\x8b\x1a5\x85\xf6\
\xde\x0d\x0d\x0d\x96\xbf\x5c\xab\xdcj-\x7f\xf2\xb4\xbdg\
\xcf\x9e\x0d\xd6\x1c\x00\xe6\x8bB'\xb4\x1b\xf6\xee\xddc\
\x99\xb9\xff\xfc\xab=\xd2\xb6HR:\xa3\xb2\x22\xa7\xa5\
\xdd [\x1f\x93\x04\xe2>^#*\xed\xbf\x13\xf6j\
\xdaY\xfe\xbba\xf7\x97\xbc\x8b\xd8T\x88\xcb\xa9+\x85\
3\xe4o\xc3^\xed\x8d,\xff\x7f\xb8\x16\xf7>6e\
\x87\x8b>\x0e\x88\xba\x9f\x005\xd1\xbd*\xbcH\xcd@\
i\x14\xab*\xb2I*\xf2\x80T\xac\x19\x14\x8c\xc7\xc5\
\x97\x15<w%\x08\xe8\xab*Bc\xa8\xa8\x16\xe2p\
e\x08\x05\xfa\xb9\x03H\xfb;\x0fti\x5c\x03\xc5t\
\xda^\x83\xe4\x8e\xea\xec\xa1\x13\xb5D\xa65\xe5a\xf7\
CI;df\x13<Ki6bL_\x80\xdf\xe8\
\x87\x02\x8f\x851\x9a4\xb0k[\xd0,\xb8\xe17\x17\
\x97e8\x02\xc3]ezG\xc6\x8bP\x8c\xb4\xce\xc2\
\xf5\x98NQt\xab\xe1!r\xd1\x22\xb6&\xcbL\x8f\
s\xfa%\x9dH\x0d\xfed\x8f.\x9d\xe2\xa3\xfb)\xb1\
\x9d\x9e\x81\xedd\xbafg\x0bnMe\x0f.\x88\xfe\
\xfa\xbc\x8fQj!P(\xff\xed\x89\x1b\xe8\xd1\x15O\
\xf6\x8e\xe0br\xe5\xc5\x8c/\x0ad\xc3\xbb<X\x06\
\x914\xd2\x0d94\xdb\x0b\x91<\xe1\xfa\xe1C\xf1C\
\xae\x8d\xfd]X\x8f\xf1\xf2u,9\x10*\xb7R\xa6\
\xa2l\xf3\x0e\xf5Deq\x1d\xc9\x11[\x88\xb6\x1b\xaf\
n\xec\x11%\xf9K\x11#R\x0c\xcfY\xfc\xfe\xe8\xa8\
\x08\xce\xb5\xa2\x92\xf8\xf99\x1b`d\xca\x86\xa0\xbe\xbc\
lU\x07K\xc2\xe6\x06\xee\xff\xe1G\xe5\x9a\xf1\x1fs\
\x87D\x09\xd3\xb7\x8b\x0e\xc5\xaf\xbf\x87M\x06\xcb\x0bj\
hp\x8cD2!\xf0eN\x0bGB\xe1}>\xff\
\x9e7\x9f\x1d\x91TtX?\x1f\xf6\x83\x7f\x8a\x8f\xae\
d\xeb\xe0b\x8b\x9f\xe3\xbb\xd4\x03/\xca\x9fX\x91/\
\xf1\x80o\x92*_P\x07\x0e\x04\x17M-\xb3\x10(\
O\x91\xce\xb8\xfc\xb7\x18\xb1\x01j\x8b\xc9gG\xa1u\
\x85\xa9j\x11#fFq4\xddS\xa3*r#\xec\
\x0d\xbf\xba\xe9\x9b2\xd8\x96\x91\xa8\x84R\x0b\xf6\xa8P\
\xc9\xe8A|\x90\x1b\x13\x92-\xdb\xbe\xe731\xc7:\
\xa3\xf0*\x83PT\xbc\xc4o\x00\x89\xc0\xf0\xe8\xa3{\
~\xdf\x9a\x9b\x1aP\xf7(t\x87\x13\x0bm5\xad\x93\
\x22\x83J\x86\x92\xc9\xac\xb2\xf7\xbc\xb0\xeb\x9a\x82_)\
\xb2\xaf\xd0\xeaJ\x8b\x9b=u8\x8cy\x0fMI&\
J\xdc\xd8\xf1\xa2\x9d\xe7\xae\xa8\xe7f{\x8fa\xb6/\
\xb0\xd0*r\xde\xb7\xbf\x99\xcc\xf9\x0d\xdfk\xba\xd5*\
*B\x99\x81\xda\xf8\xf6\x8a\x82\x0c\x8b\x880\xf8\xcd\xfc\
\x8cs\xff\x13\x96\xaf\xe6\x9c\x06C\x86)g\x15\x04\xc8\
\xac\xd4&\xeb\x11o\xf8\xac\x98\xfd~\x81\xf2\xac\xf7\xce\
\xd3i\xf174l8u\x8b_=\xbc(\xc9\xda\xbb\
\xa7A\x11x\xf8<k\x15{\x00\xf6\xec\xdd{\xfa<\
\x00\xfe}w\xc4\xabb{\xf6XsP\x81\xcd\xed:\
K`\xb9aC\xc3^\xe1\xe7\xa8\xc4\xb9\xe6\xd7\xe2\x88\
\xaf\xd4\xde\xb0wC\x83\xe2\xbc9\xa92(\x8a\xbfQ\
.e\x95\xcd'd\xafo\xbd\xf0[\xe8I\xc1\xc8\xa5\
h\xbdK\x01.\xcd\xe2\x94jM\x89\x8e\xe3\xf7\x8c\xbb\
\xf3l\xd9\x15?\xcf\xb6\xf7[\xb6\x85[{@H-\
\x11q\x8d\xa8\x1a\xa7\xd9,\xa5\xac\xce\xfa&\x160o\
\xd3>\x08y\x13L^\xe5\x8c\xca\xf2\xae7\xf8\x1d\xb6\
\xc7D\xf5\xc2\x942\xb2=\xc2d\x13b\xaeK\xd7\x91\
\x11L\xb5\xae3\x96\xc9\xe0\x80bM\xc5xX$\xa7\
\x90\xf1\x97a\xd6\xe4\xe8\x16L\x8b\x84\x04\xf9\x97 i\
<\x92m\x80{j\xc0;;\x02\xb2\xf5\x88B\x83\xd5\
\xbd\x17\xa3\xf5\x03\x88\x00\xb7\x1cr+U\xef\xf5h\xfd\
.\xac\xe1\xbf\x08@\xa4~\xa6\x8a{\x80\x8d\x8a\xe1#\
\xdf\x87\xad\xf0S\xed\x85\x18\xce\x1ej\x97\x8b{?_\
,\xe1\xf31c\xc7\xec]\x98\x83\xe2\xd2\xec^X\xd2\
{qa\x03p2\x1f\x83\xfb\xba\xef\xeb\xc6l\xc87\
\xda\xaaF[\xec\xd1\x96ax\xd0A\xc8\xf7\x95mo\
\x83\xcc\x18\xb5\xbd+\x0e0\xf7{\xe1\x07\xff\x90\xf5\xa7\
,]*\x1a\xd7!\xe1\x98\x14W\xc9D)\xc3H\x03\
\xf3\xf6\xe8r\xd4\x98\xdd)\xf2\x94O\xe0\xc1\xb85M\
\x85\x86&F\x0e*\xad\xfc\x80\x8c\xc3\xb5d\x9b\x8c\xa7\
\x0c)\x8fR\xff\xa4\xc2\x9c\x9a\xc1\xe0\xa0\xc86\x12\xab\
]\xe4\xe6\xa96\xa8\x02c\x01:\xfau\x17\x8b3\xab\
Q,\xf4P[E\xc5Q\xf2\xda\x96:\xd2\x10H\x1f\
o9cwo\xeb\xed\xb3tag\x9aPl\x02\xea\
\xf8\x97\xa4\x01\x10E\xd0`C\xba7-\xd2Le\xc6\
X\x95\x028\xae\x82\xb4\xecY\x5c\xde\x09\x22x\x98\x82\
\x04,\xb7\x08pG*&\x98*3-\xf20\xe5h\
\xc5{`\xf4zpgC\x19\xe8\xac\xca5\xae&\x5c\
\xe1m\xe9>y\x0c\x0d\xa7\x98\x13\xba5\xe08\xa1\x9e\
\x9f0\xed\xc4K\xa3\xfe\xa4\xf5z\xea\xf5\x10\xc7\x06\x88\
~\xd1\xf6\x98\x87\xc7\x8c\x86\xfaQ2\x8c\xb2\x86\xe2\xd4\
B\x8a\xec\x0c:k\x1dj\x97d}*U\x8d\x84\x94\
V\xc1\xf0\xaaH\xb6\xc7\x04.\x9a\x86\x12:\x0f\x0b\xd2\
\xd1\xbbV\xa3\xfcl2\xdfV\xc9V\xb3\xd44\xaf\xd4\
\xe8\x13jHO\xf8\x09\x04=\x1c\xf0.\x8aC\xcd\x82\
>E\xec\x81\xb6I$\xb8D\xf1\xbc\xf8\x9e&\xa7\x8c\
L\xf1$?\xbe\x81\xe5\xff\x9eK\xc9\xd6\xaf2\xb8\xdf\
X/\xaekK\xfd0\xdf\x98\xcd\x1b\xdb@\xb2t\xa9\
\x16\xcd\xc4{\xe1K\xf7\xe2\xa3\xbe(\x86{\xa9X\xe4\
/+TO\xdd\x83\xba\xbc\xf3s\xf5\xed\x00\x0c/[\
.\x07\xea(m\xdd\x96\xff`\xd9\x5c]d|\xfb\x9e\
\xed{F\x00Y}lxlx\xcf\xc0}\x99\xfb\xf8\
\x9a\xaeS\xb5\xc9uJP\xeb\x9e\x90<\x22w\x9b\xcb\
\xb7W\xb3\xe3\xb2\x85pu#\xe6\x82\xbf\x00\xd3G]\
T\xa6\x8f\xe0\x11\xb4~\x8e\xe3@\xae\xbf\x8b\x94\xb2{\
!\xe1\xf3\x03(\x9b\xd1\x83\xb8\xf9y\x91\xecf\x90\xb4\
\x9bQ\xde\xbe\x22\x8bm\xb2R\x86Ko\xa3\xd1\x8b\xc8\
\xa3nc\xcc\xde\x18\x13)\xf0\xa2\x16\xfaU\xc1\xaa\x82\
\xed1\xb1X_S\x04}/+0\x8c\x97ea\xbd\
\xb8nN\x1a\x07\x1b\xb1\x95$\x96/\xe50/X\x82\
\x08\xea\xde2\xac\xe8\xdc\xd9\xba\xb3u\x14\xb6\xf1n0\
\xd6\xed\xddh\xb3_\x98\xa3,\xed\x0b\xa1hA\xb6\xe7\
\x8b\x89\xb1s\x84\xe1)\x12\x14\xfe\xe0\xdbl \xe5\x83\
\xbc\x986\x190cE\xf5p~E\xc3\x0c`&\xfc\
\xdc\x97\xf5\x14_\x116N\x87\x10\xd7\x9e2\xe5\xf2 \
\xa9Hd\x9b\xa0j\x12\xe1\xfd\xa4R.\xa8\x97\x8c\x17\
\x03_(\x9bB2\xeb\x98\xa2\x9bK\xb7~\xfe?-\
\xb2{\xa5\xb8\xee%Q\x9d\x8b\x96)\xaag\x0c\xce\x13\
\xbc\xa1\xd3!\xaa#\xe3\xa2\xc8\xbf\x0a2\x88\xabT]\
\xc5,f\xa5\xcc!\xa6c\xa6Z\x7fR3\x85\x80\x0e\
@\xddT\xdc\x0c,\xeb^\x0d\xe2\xe7\xcb{\xb5\x1f\xdd\
\xc6\x1c\x90\xd0\xa1\xabr\xbe8\xa4\x01\xfc`)0\x08\
\x1d\x03\x04_\xb9\x88,T\xab\xc8B\x8d\xd2zu/\
\x80s\xdb\xeb\xf4:&Y@\x8dV\xd9T\xaf\x1a=\
\xfaN\xa7-B\x223*\xfbeZ)y\xd3~\xc6\
\x82\x93\x8a\x87\xf5\x89\xed,\xe1\xab\x12\xc8f\xcd\xe0\xba\
\x91\x95\x01\xd9)\xb8\x02e\xd5n\x1fA\xf5+%\xbe\
F)\xf1\xb2\xe0G\x19\xe3&\xfcGP\x99!\x96F\
\xeb\xf1\xe7c\x11\xa1@\x97M;\x03\x8a3|\xe6\x98\
\xaf\xb8@\x85,\xb1\xb0@\xb60\xc3\xb9\xa8o\xb3a\
\x8f\xb0\x11\xb4\x99L\xbdD\xba\xa8\xb6Y\x9e\x8eUX\
\xe3/\xb8\xec\xc4?q\xd3\xb8\x9d\xd1\xf7\xc2/\xe1\xb3\
\x1f\x8d\x1e\xb9\x16\xcc'\xd1=\xa9\x1e\xd6k\xc4?\xfb\
\x95?\x83\xd3)\xe5\xb6\xb0\x1f\xdc\x90J\x0bf#\xa8\
iZ*\x05[\x16A\x91\x02\x0amU\xf6\x14\x10\xce\
2\xa8\x98\x5c\x06S\xb5\x1c<k\xf4I9\xc4\xba\xb7\
T\xe6\x1d\xd5K\xde\x06;\x95\xf8\xc1W\xac\x84\xaa\x85\
\x1c\x97\xc8\x93e\xa4-\xc9T\xdarr\xb1<\x09\xd9\
R/\xf7\xa7\xed\xae}\x1f\xeb\xd3\xc4\xb7Fu\xa7=\
\xf9e\xc7{\xdbeOX\xe6Y$\xeafd\xa1\x9b\
\xfd;\xd7\xb2\xc1\xad\x83\x024\xe7B|\xe6\x91!\x99\
\xba\x06 \x9f\xff\xb9\xca2\xc3\x84\x9e\x02B\x95@\x1b\
\xd8R\x16\xa0:\xf3\xb8\xe1\x164\xcb|\xf2\xb4\x96\x11\
\x05F\xb6\x1e\xf2Ui\xd3\xd4\xfe\xcf\xc3\x16U\xaa\xf1\
;i\x95w\x05\x83z\xed\xd7Y*~\xd9g\x1c\xf7\
m\x93\x7fj\x19E\xb0\xe2y\xdb\xfad\x05\xe1\xdf=\
\x0d\xd9\xb4nC\xe0\xe3\xe1\x891V\x90\x08]v\xac\
\xdf\x89]\xfd9K\xc7K\xf5\xb1!\x95-\xfb\xf0#\
\xce%\x7f\xf4\x18\x9d[\xa6\x88\xc8\xc60\xef\xf2O-\
Br=iB\x9e\x17\x81\xd5\x10\xee\xab\x80\x9al\xc0\
4\xeab\x98O\x03\xf0SY}\xc2o\xce'W\x94\
\x82\x98\x92\xb2^#x\xd9\x7f\xf4Y\xe7\x8d\xc3\xb7Y\
\x14\x86\xac&\xc6\x1e\x15w\xb4\xaf\xfe\x82\x93\xb1*\xca\
6p\x03\xab\xe4X_\xee\xfe5s\x03W\x0b\x08\x15\
)\x82r\x8a\xd3\x04\xf6\x8fl\xa5\x94\x051/F\xd0\
\xe9\xba\xfc\xc6D\xc6\xea\xda!\xe1\x04\xa4FuT\x1d\
]FO\xe1K\x1d\x03\xd5\xf1\x98\xa8\xa5\x92x\xc3U\
\xaa\xf8\xcfSx\xbc\xd2\x90F<\x9d\xae-v\x22v\
\xf9!\xa7O\x8f@\x0e\xebY\xc4]\xf5Q\x1b\xc0<\
\xca>\xc4\xeb\x0b|K\x88\x0a)\xa2\x11\xd4F\xe2\xc3\
\xf4\xa1S\xe2ro9s\xbc\xda\x1f~\xd9q\xc8\x0e\
<G\xadbQ\xb31h\x7f\xec\x7f\xb1t'\xca\xe3\
<\x90\xfcJ\xc2_\x89?\xa3\xa4*T\xd4\xb8\xf7\xaa\
\xca\x8c\x10*\x05~\xcc\x87\x00\xbas\xd2\xfd\xf6\x87\xf8\
F\x16\xcb\xbe\x05+\x10\x8fJ[\x1d\xc1\xc8\xda\xb7\xb6\
\xf3\x9d,\xcb^\x97\xab\xda\xc5\xe5\x88]6l\xbb\x9f\
\xbd\x939n\xed\xca?\xb7\x9cv\x5c\x80?Sg\x9b\
\xd8@N\xe8\xe3O#\xba\x8a{\x00\xa6\xd5\x07\xad*\
!\xa4\xa3~\xbb\x07\xf9,\xa3\x98\x04\xe14\xd3\xe6\xe9\
\xa2\x8d\xa3\xa6\x9do\x1c\xaf\xea\x13\x7fi\x99\xae1\xfe\
\x9dn,Z\x9a\xfc3r\xa9KK\x05v\x0eeG\
KYo\xf4\xa4W>Z\xb8s\x22j\xbf\xe8=D\
W\x93\xa0;3\xc4\xc37\xf9\xd7XH\x05\x9f\xeb\xd5\
\xa9\x13\xf6'\xfe\xc2q\xab\x8a\xb6\x0eJ\x9b>\xb1m\
vZ*QD\x923*CR\xb6K\x14\x19\x1d\xd9\
\xa8\xb4\xb0j`I\xc9\xc1\xba{\x17s\xff=<\xea\
\xfd\x0f\xca\xc9\xafe\x07\x86\x0f\xb4<s\xd0q-\x0b\
|v\x11\xf2\xed\x94\xca\xb8\xc8+\x8di\x0a\xaaM.\
\x96B\xd7A\x91\x5cV^\x83\x15\xfa\xdc?\xb2.2\
\x13\x09NM\x0co\x17\xb5R'26\xefD\x83\xf3\
\x0f\x96;r\x03\xeb\x0bQ\xd6\x89T\xcf\xf0\x9b}\xd4\
z\x08\xc1\xd6%\xb7\xd6\xa6\x01\xe7\x0f\xac\x83u|\xef\
\x5c\xf2-\xeb\xa64\xf3\xde\xff\x1b\xd6\x19\xd9&\xde\xd7\
\xf6\x88\x85\xfe\xc6'\x05\xa3\xc7\xa5\xcc\xb5\xcaIG\xa1\
\xc1\x84\xa4\x1cI\x94\xa2\xd3spm\x94H\xfaXb\
(\x90\x9eu\xd5\x9au\xc3\xebZ\xac\xcb\xdcs\x98\xf3\
\x07\xab\xf7.Z\xf8\xc4\xfe7s\xfeaW\xc7\xe2\xc4\
iW\xe8\x92\xcb\xd8\x1bW\xf3'\xb6\x92\xde\xffd\xee\
\x8f\xc27%\xd8%\xdf\xe1\xe3l\xb9\x11\xf7v\xc8t\
\x9epw2\xa7\xa1\xa9\xc3Z\xd4\x5c{\x1f]0S\
~\x00\xcf\x9e\xb0\x9a$\xd1\x1b(3S\xfe\xd7\x17\xbd\
\x82\xf6X\x0b\xe5\xd6wP6:\xa8T\x91 \xd5\xcf\
\xb9\x18c\xd9\x0a\x1f\xddJu\x01bv\x85\xce\xd5n\
\xdf\x14pnh\xdc^\xc9\xde~ \xca^?\xbb\x08\
\xc6\xce{\x7f\xff\xe6{\x87\xefm\xb1\xdcw>\xc9\x9c\
\xaf\xf4w/^T7\x87\xbc\x15\xdf\x16\x8b\xc3]\xf1\
\x9b\xfc@\xab\xfa\xf0S\xd6s+\x99\xfb\xe3\xb0\xb7\xe2\
Z\xbe}\xaa\x9e\x8b\x8aZ\xbe'\x19\xdc\xa2\x9c\xd4\x85\
\x08S`\x18\x9d\x86\xc5.`\xef\xd7\xb1\x1eR\x96i\
,L\xaf\xd2\x80\x93\xda1\x7f\x0dj\xf12+o\x1b\
\xee2\x96\x19,\xd7R\x0b\x99\x96\xb8\x5c\xf8\xd7\xfc6\
sn\x185\x16\x8f\xf4\x1f\xd6`\xf0\xa4\x87\xda\x93\xb4\
x\x94\xab\xd8\xbe\xdbX<\x98\x0c\xaa\xf06\x17@\xe9\
\x8e\x04+\xaa\xefq\xde\xfb\xbd\x9b\xef\x1b\xbe\xaf\xc5\xf2\
\xde!\x16OG\xb7\xe5s\xc2\xd2\xe2\x11\xb7\x1c\xa7\x16\
\xcc5s\xf1\xb8#\x1b\xd8\x87\xa3|\x91l\x08x+\
\xfe\xd9[q\x05F\xa1\xe5l/\x01UT\xb9\xb6\xb5\
\x17@R\x84\xce\xe0\x80\xa3\xc8\x10\xbd\x0c\x22.\xe9\xa0\
\x9e\x11\xde\x03\xce\x02xx\xd4\x0dmod\x0f{\xee\
)\xbefE\x89\xdbZ\x96\xff\xbfa\xafz\x173\x09\
c\xaaA\xd7Ub\xdd\xe7\xf1\xc5\xd3@Dc\x9d\x1e\
\x15\xe8\xc3\xa2\xf9$\xb5\xd5\xe4T\xc5\x5cT\x0d\x03\xaf\
 \xacN\x82\xd9 \xf4\xc2\xe1t\x10\xab\x99\xc5\x9f}\
x<\x04P\xd7O+\xf2U\x83\xea\xd5\xd7C\xb4\xa9\
\x98F\x0f\x8c\x12\xa6\xa0\x073 [>\xa6`V\x8c\
wS\x0b\xf8\x22\xf9\x1c\x16\xbc\xd8\x00\x1a.\x03E \
\xcc1\xa6\xd9M-(A\xd3\x11\xe3\xde\xcc\x9eE\x18\
*\x847*E\x93\xc8F\x13\x9e\x944\xb55*g\
u\x89\x12m\xbaW\x8dT\x84rU\xdb\xe9\x16]\xb0\
\xa9\xecv\x09\xa8\x82-\xb95\x8a\xac~\x8d\x98\xc2\x9f\
\xde\x89K\x84\xe0\x14\x0d\xa9la\xcf\x88\xaa\xdd\x9ed\
\x0fE\x06\x00\xbbT\xfc\xf6\x00@\xf2WI\x94b\xe1\
?\xf3~9\xca\xf2\xff\x10\x1e\xfa\x22\xcb\x7f/\xfc\xd8\
Z\xdd\x97\x0b\xe9\xa3\xcf\xbe\xc7\xb1\xca>2\xbc+F\
\xdd+*\x93\xfcG\xd7\x04\xcbH)U\xba\x07h%\
\x13\xde\x95\xc1\xca0\x17\x03\x8dn`qg\xb3\xd7\xdd\
\xcc\xf2\xff/|\xe0!\x96\xff\xc7\xf0S#\xace\xe5\
pP\xef\xb5\x9d\xb7\xb2\xc9l\xc8X%\x04:,y\
\xbc$\x8d\xb2P\xca\xbb\x0c\xe7\x11`\xa3I\xf9R\xd2\
\xc5\x83\x14\xf4\x09sq$%\xea\x0e\xe0\x8d,Q1\
\x95\xb9\xa23i\x8a=+\x83\xcc\x97E\x8e4\x10N\
,\x09\xb3\x98\x88'\xe2q\xc2MP\x98\xd3\xa8\x16\xcd\
\xaa\xc1k\xfe[\xb6q0\xe4\xf3\xea\x81\xbb\x09\x137\
S\xd4R\xaeLJ\xa5t!Ej\xda12\xc1 \
\x12=^T+\xde\xba\x965l\x0f\x01\x80j\x84\xe2\
\xd2\xd4V\xfbX\xee\x8a\xc4U:\x99\xa6\x141\xe9\xef\
\x939W\x9a2\x8e\x920\xec'\xb82\x98\x0b\xff\xe3\
~\xb6rd\xffHH\xedn\x14\x16\x19\x82\x05\xe0m\
OO\x9a\x90\x18dB\x85\xda\xcd\xb2M\xc2+\xd21\
-\xdbxO\x0c\xbe\x19C\x8bKz\xdc\xd5 \x0e\xdc\
\xc1\xf2\x93\xb8\xc7\xf2\xdf\x0f{\x7fr\x0f\xf3MS\xae\
\x9e\xbc\xc6\xf0\x0c\xb2\xadA\x5c\x9bL\x92\xffOz\x90\
\x01c\xd6\x8aP\xaaT@%)\xe9\x9e\x94M\xca\xd3\
1\xbfl\xa2\x83wV\x91g\x17\x86\xfb\xb4?;\x92\
\x8d\x1b\x1a\x15J\xd1j\xe5t\x15\x87y[\xda*\x8e\
O\x14\x12\xf9\xcd\xe4T*\x84r\xedP\x8f\xb8\xc5\x96\
\xa8\xc7Y\xe2\x7f\xb0*::e\xae+\xe5\x1a\xfa\xc1\
B\xd4\x1e\x98\xd1$\xb63\x1aP\x0f\x0e-\x91\x034\
\x1ct\xe84\xaeA\xdf\xaa\x0a\xb6\x02\x8a3_\xe9\xb1\
tLR\x0f\xa5\xfcl\xb6\xfc\x95d,!\x02\xe8\xd3\
\x0a\xe1\xaa\xd0J\xa7\xa7\x15B\xc9\x89\xd9\xc2DWT\
\xe3\xe2\xae\xe2\xd4.A\x07t\x8f\xa1.\x91\xc1N\x11\
\x16{{\xc2\x92=\x08\x9af\xd3\x94j9\x03\xd0\x8d\
3\x00\xa9\xa4\xf2\xf9\xfc\xe8]\x05\x09\xa9\x98\xd3\x970\
\x80\xbe\xe8K\xd9\x92\xe9\xbd\x11\x05E\x00\x01\x8f\x19\x95\
\x9d!\xb3\xdd@Q\xf0\xb3\xc4\xe0\x98\xd7\xa3.\xa4\xc0\
\x85Z\x82\x8e\xc6V\x8a\xebo\xd8\x9fy\x9c\xe5\xff\x89\
v\xc8?\x87\xbd\x1b\x9a\xd9p\xd0\xc4bB\xd5\xc3\xf7\
\xdc\x94\x89\xa7<\xac\xb3*\x0du\x962\x06%Zd\
q\x16\x1b\x91\x0c\x10\xd5@5.\xd6R\x09\xaa\x98\xfa\
\x07_\xb5\x1dCAJ\x90\xd4\xa1\xd9\xac\x97\x0eL{\
K\xda*\xcc\x87\x10{\xc5\xbf\x83Nf}\xb9U\x05\
\xbbN\xeeI\xa8\x8c\xd2\xb0\xe6\x98\xea\x08\xb8\xf4~\x1c\
\xea\x1a\x93w'\x93\xce\xa4a\x9f\xa4\xf0\xbc5t\x99\
$\x5c)A-\xc4\x0bO\xa24\x8dS[\x8d\x18E\
|\xd9\x8a)S\x18Pf\xf0\xa30\xf1\x17\xab0\x0b\
d\xb0Z+\x12\x0a\x04\x01AD\x92,\xa4\xa1S+\
q\xe2rQs\x11\xa7\x122\x81\xd1N\xfbFH\xa1\
\xa5\x8b\x93Q\xed\x0a\xbd_\xfc\xbbhI\xd4\x97\x92U\
\x10\xa0\xc1\xe4K\x0d\x98\xee\x91k\xad\xf4v\x86\x18\xed\
I\x8cB$\xa8=\x91\x8b&\xbbDt\xc7\x00v\xae\
B\xe7\x9d<\xe2Dl\xb0\x1a\xd5\x994A\x0c\x9d\xcc\
\xaa\x12A\xe1\x90\xbe~\x0f\xcb\xff \xec\x06\xee4\xce\
\x86\xb4\x8e&&d\xdbC\x89\x16\x94D\x89g\x83\x14\
\x8bo\xa6\xf3\x01\xf1\xbf\xcd\x1d1\xff\xd9\x90,\x91\x12\
\x5cM\xf9\x87\xa5\xcf\x04|\xd4\xcci9\x0fF\x82Z\
R\xa9\xf8s}BE\xa1\xd5N&^\xf6\xb4jE\
6\xa5\xbf\xea\x11V\xb8\xb9H\xf4\xd2y\xeb\x9c\xa8\xfc\
\x9c\xd0'\xc4u?\xdf'\x04\xd7\x95T\xb0\x0bwJ\
\xc1\xe9\xa0\xf4$\x9d\x22\xa5{\xb38\xf3\x05\xa7Cd\
\x9cN\x07\xbf\x0fA\x9e\x0eh6\xfc\x97\x9c\x0e\xf0\x8c\
\xea\xac\xd3\xb5\x06\xe4H(\xef\x94\x80=\x94Sh\xa2\
z-\x8a\xd3BW\x92\xd9\xba\x8b\xfe\xc0\x19:2\xcb\
<5\x9014m\x18\xdb\xa9\xc5\x9d\x14*\x0a!\xf9\
,\x91\xd5\x92K98)4f\x14\x9e\x14\x05\xe9\xef\
\x0b\x9e\x16\x9f\x91\xa7\xc5\x87nf\xfb&\x9b\x9dM\xd7\
8\xce\xa6onr\xf6\xaf4\x5cB\xef\x13xc\xa6\
\x00G\xb7\x96\xf6\xc7\xd1J)\x91\xb7 }\x0dq\x05\
\x8aIU\xae*u!\xa1\xda\x5c=\xd9\xb5E.3\
 \x12\x11^\xb7v\xa0p\x94\xc7\xad\x02\xba\x9aV\xbf\
5\xads\x0b\xa3\xf5sd\x1e\xca\x8d<\x8e>\xab\x9c\
Q\x11V\xec\xdf\x8a\x90\xf7\xab\xda\xf0\x88\x8dk\xcfv\
\x06\x0f\xb8\x91:\xf4\x17I\xb9\x97G]\xbe\x9b\xdai\
\x22IQ\x09\x84f\xef\x04f,mu\xb6:\xf2/\
\xd3\x09\xa8R$0\xafG\xa5$\xe9\xb0?%:\xf5\
\xe1\xa4\x0e\x86\x8c\xa8[\x9fY=\xbb\xc4H\xf5\xc9f\
\xd0l\xd5\x04$\xf2m\xacl\xd9\xe6ls\xe4_r\
\xdb\x05@\xa8\xc8\xb6F\xc4\xe9\xc5\xc7\xbb\xa9\xad\xc6'\
!w\xf4\x8aq\xf6\x80\xcc\xb3\xc7\x9d\xd1\x1b\xef\x8d+\
\xf43\xd2\xa8N\xa8\xe0\xe2\x09\xedm#.2\xe9\x94\
S\xdc\xf6'\xd4\xb9qB\xbbh\xf8o\xc7\xbb\xe3\x94\
@\xd1V\xd5\xe9\xd8w\x07G\xbe\xcb\xae\x1b\x0c\x99e\
\xde\x98>\xa4d\xad\xd13\x0bvtE\x0a~\xc8_\
&QE\xa9\xa9\x19\xc7L\x04\x0e(iU\xa3\xb9,\
U\xaa\xc1\x12L\xdbI\xcb\xb4\x9dt,\x85\xa9O.\
\xeb0\x8c\x95\x7f\x09{\xecj&\x985g\x15!\xec\
\x8c\x8e\xd2b/!Wv\x89\x9c\x1f\xb5W\x94\xe4\x8b\
\xeb\x9a\x8a\x82M\x99 i\xa6<\xca\xba'\xe0Mp\
U\x0f\x92\xdb\xcf\xd4\xea4\x1dj\x0d\xe5a\xa9\xcc`\
\xdeba\x09\xa5\x00'M\x9d3]\xc0%j\xf6(\
#\x90\x9f\x05b3a<+'|\xc0'U.\xdf\
I\x93X-\xd3m,@s\xdb\xf8\xd8c\xa2\xf5\xbe\
x\xb8\x7f\xe3M\x03\xe3\xb0\x0e\xa4\xeb\x9e\x00Q\xc5\x95\
\xdc\x1ert\x0eK\x17\xfd\x9a:AO`:bL\
\x06\xbf{\xcd0\xe7\x0cr\xef8\xd4Z\xf8\xd0\xbd2\
\xb7\xceT\x99kpO\xf4R\x0b\x87p0\x82\xf0\x9e\
\xb6Ww;\xdfP*\x9e\x8a^\x93\xde\x9e\xde\x1e\xfc\
n \xea\xabg\xd1\xbdj\x85\xcd \xc2\xe13f\x95\
\xbd\x89\xde`)\x84(\x08\x9d\x94\x12>y\xbc\x1cl\
\xb2\xfd[\x18\xf9\xb2\xf8\xef'%\xdf\x8fT-\xd5T\
\x148\xe9\xab\xb2&\x10\x0a\xacu\xb5\xc2gu\x06\xa9\
\xceg\xcf\x19K]U\xae\x9cT<A\xa2\xaaE\xc2\
~'\xe3\x98y\x0a~\xc0\xf6\xbf\x09\xba\xef\xda\xc0:\
\xe4aa\x9c\x8bdG\xa1>G%Q\x09\xd5\x8a\x07\
Q\xc1\x0cE\x1eH\xf2@\xf5\xaa\xc9\x10\xc4d\xc4\x92\
\x5c\x83\xc3\x89\xa0\x8fiKg>N\x1b+0Jg\
<V\xee\x16X\x83]\x8e.\x93\x98\xe3D@_=\
l\x8f^j\xc1\x1d\xa5W\x0f\xa0^\x84\x94n\x17D\
g\xa8Zl5\x90W\x1a\x80\xd8\xacl\xad,\x91\xa4\
\x05Q\xe0\xc1ohV\xbbB\x81g: \x12\xb8M\
\xe9.\xbb0\xae\x92h\xd1\xbc\x86Z\xa7*J\x81\xd4\
%O\x89T\x22E\xf6\x1eM\xefB\xd9\x8f\x94\x89)\
K T\xe9\xa3X\x1f1T#^x\x98m\xbe;\
\xe9l~\xa0\xc9\xb9o\xcd\xbd\xabw:;\x1fH9\
;\xef\xde\xe5\xac\x9f\xd8w\xd0\xd2\xc6\xc1\x1d\xf7\xb2-\
7L~e\xcb\xed\x1b\xb3mk7\x86\x8e~\x97\xad\
_\xbdo\xcd&\xa7\xf9\xfe\xa4\xd3\xfc\xf9f\xe7\xbe\x89\
{\x0f\x8e:#w\xf3/?`}\xe1\x8f\xd9\xee\xec\
\xf6\xb5\xbb\x1f\xdeq\xc3\xca\xaf\xec\x08\xe1U\xfe5\xec\
\xfd\xd9N\xd6\x12\xd4\x90\xd6\x90W\xackmuM\xac\
\xaa\x00\xc5\xb1H\xa9V1\xbe\x19\xb6\x90\xeeI\x86\xef\
\xf1\x84\xb6\x1as\xf2\xe5\xb8A\xb0\x85[F\xf2\xa1\xe7\
\xb5*UbwH9-7t\x0d\xf0sh\x89\x8e\
\xb5\xb1\xa7\xb63z\x9b\xb7?\xb49\xa4\xcf\xba\x12d\
ty\xd0\x9b<\xc0\xcb\xf3'\xfd\xcd\x10\xb0\xa3\xaa!\
\xd3\xcf\x8djY\xcc\xa0{\xf4%0IuU<\x9b\
\xb9t\x03\xd2\xcc\xd4E\xbe\x9a3\x0b\x8f\xc1>\xdc7\
\x96zlK=\xb6N\x9c\x0eD\xc6\xa5<\xb6\xd0O\
W\xe9\xde\xa1\xc3\x92\x0cw\x9b\xec>$\x8c\xa4\x00\xf2\
\xfd\xf5l\xf3\xe4H\xf0\xc0\x9f\xb1\xfc\xbfi=\xe2#\
\x7f\xc1\xf2?\x0c{\xa1=l\xf3\x9dk\x1f\xda\xbcr\
\xe4\xe1\xec\xed\xfcCCl\xf7\xf8\xf6;\xc6\x1e\xd9q\
\xfd\xca\xaf\x0e\x85\xf6\xb7\xb2\x96I\x15\x8c\xe2\xca\xc7\x1f\
5\xb3\xcdk\xd7f\xf9\xc7\xc7\xb3w\x8c\x04\x1f\xff\x0e\
\xcb?\x1b\xfeb]\xfeG\xe1\x9f\xacf\xdf\xdd\xbc\xf2\
\x90Z\xd1\xfc\xc3\xad\x973\xd31G\xf1\x5c\x84\xc1P\
\x0b\xb5@\xb5\x98Q\x85\x05d\xa0KzZU|\x1a\
P>&\xdd[\x82\x89E\x12<\xd2~b\xf3\x9f\x84\
\x1cE\xee9^\xeaxP|\x11\xd3\x8a%B\xf7N\
\xe2\xc1\x99\xd0\xf7dxy\xa4\x11*\xdd\x06\x0a5I\
\xab)vn\x9b\x0e\xe7=y5\xbbgr\x97\xb3\xeb\
\x1a\xbe\xf9\xbf\xb9\xcb\xb9g\xa5\xf5\xd8\x98~W\xc9\x90\
\xdf\xdc\xcf\xb4\xc1M\x8a\xd7I\xedR\xc4^\x1c\xc37\
\x05jQ\xb5\xa4oE\x89\xbfPX\x9b\xd4\x19ew\
\xcc\xa0fd\xaa2\x9ey\x12\xd3\xb9\xa2O\x18\x18\x0f\
\xaa\xd3\x8bSK\x81\x0db\xc5TE\x8e3\xbaX\x22\
b\x14\x0b\x14i\x8d\xd8\xebIS6\x02\x14K-\xd1\
\xbax\xae\x9ej\xa3\x10k\x0f\xb4v4\xad\x9d\x8c=\
rW\xdbH\xf7\xa9\x85\xc0)-\xdd<E|a\xf0\
D\x01\x1b}\x81^\x8c\xba\xbfi^A\xfa\xb5(@\
\xd3T\xa2\xc8\xa4\xa6\x82\xd4\xba\xd2?\x17-\xed=2\
N\x02b\xa7\x22\xca\x06\x94\xff\x9a\x8f\xa2\x0a\xed\x9c\x12\
\xbe\xc6\xa4\x89f\xe5]\xf5Y6\x1c,\x85\xc7 '\
X\xa5\xdd\x15\x17\xa8eK\x94t\xf7\xf0\xc7~b\xe4\
3\x12\xf2J\x99\xb8\x9e\xca\xa3\xd7=\x82\x8a\xeft\xc4\
a;\x8d'W\xdc\xf0@\x92`\xcbb\x00w\xc6H\
\x19\x91\xde[<\xad{\xe4\x99c\xff\xf4If\x84Y\
\x93\x99D&\xd1\x13O\xc7\xa4%E\x82_\xb6IP\
\xb3\x12d+\xc9\xd3\x8f\xefy\x19c\x93\x1f\x80P\xea\
\xe6\xcfo\x9e\x0c>v\x0fK\x05U\xd6\x90\x19\xc0S\
\x19\xaf*\x0bV:\x9ep\x1f\xda[\xee\xde\x11\xf4\xbb\
\xf9\xda\xaa\xd2\xa9t\xaa\x08\xfb\xa1\xe0\x8c\x94fh\x84\
00t(\xf7\xcf\xcb\x09\xe5.!\xcd\xd7p\xdbK\
hd\xe9\xba\x17cT\x86\xeb^\x9a\xc2\xe4\x0b\xafQ\
gZ\x8d\xf2\x94\x9f\x11\xd7}\x9b\x0af\x19'\xc7\xe9\
s\xdd\x9b\xd3\xf1&\x09\xe9f\xc7M\xb4\xd2\xe9\x12z\
\x8c\xe1\xaa\xcf\xa9UfV\xc4\xe2*,p\xd5G\xc6\
\xf5:\x90w\xbc\xe3\x17\xda]\xff\xa9\x14\xcb\xff\xd8\x08\
\xeb\xde\xfcVX\xf7\x17;\xac\xab\x81\x85|\x07:\xfa\
\xcaK\xa2\xb0\x11Z\xcd\x19\x0f\xf3\x82\x940\xd9\x8c\x0d\
\xe7\xbd\x8e\xcb\x11E\xfb\x5c\x86\xfd\xa9\x86y\xf9\x96x\
\xd3\x9c\xef|\xe9\xa6@\x93\xa2s\xdd8\xb6\xe8|\x07\
B\x90\xd2\xe7\xbb\xfb\xdbO\x829\xde\xfc\xc0&e\x8e\
;`\x8e\xdf\xeb7\xc7\xff\xfc1v\xf7\x1d\x07n\xda\
\xe4lx\xb8\xb3\xc3Y\xbf\xd9q&G\x1c\xe7\xb6\x94\
s\xe0\x11\xeb{\x7f\xcc\xb6\x5c?\xf9\xd5-\xb7m\x1c\
o\xbbcc\xe8\xfb\xbb\xd8\xfe/7;\xcdw\xf0\xcb\
\x8e7;\xfbot\xd6\x09\xd2#\x15\xd4\xe8\xb9\x95q\
\xd3\xe6\xe5\xfdl\xef\xf5\x03[:ZZ\x86?\xb7#\
((c\xb9\xd9\xd7\xdf\xcb\xffg\xd2B\x07\xb0x\xdb\
\xde|=\xbbo\x22\x19lklk\xb4\x9e\xfa*%\
\x80a>\x17)\x08\x86\xd9\xa2{\x5cb\x9f\xd1d\xb0\
\x7f\xe5O4\xc2R\xce\xe8-\x03\xce\xe8\x17S\x8es\
\xdd\x10\x1f\x9c\xcd\xce\x86\xeb\x93\xce\x86\xaf\xf2\x81Z9\
\xe4X\xb9\xbaSq f\xc5\xed\x86d\xf1\x88vn\
R4\xba\xc8\x91\x88#\xd1\xdd\xd3\xdd\x83\x09\xb4\xd5H\
L>\xb7\xf3P\x0bCU\xf6\xa9{U@G\x9c\xc5\
\x84/\xb9\x18\x8d\x9eJ\xe2T\x5c\xa4\xf1\x02\x07b\x91\
8\xd1\xb0is:\x12\x9f\x08\x16.\x99\xbf\xdb\xcf\xf2\
\xff\x1e\x1e\xf9.\xfb\x0cF\x18\x9c\x1e\x0c\x0c`\xe2\x99\
N?30\xc7\x0a4\x17\x8a.\xf4\xa4\xe4\x973\xdc\
p\xea%\xc7C4ZI4\xe1_v\xb0f\xbfK\
\xeb~n\x98~~\x97\xb3\xfe\xe0\xbe\x09c\xe1\xd7\xf5\
\xb1\xfcO\xc2\xa7\x18\xb0R^u\x9f\xaf\x1d\xdd\xbe~\
\xbf\xbcL\xbc_\xc0=iXT\x11Q@0\x87\x8b\
%\xe3\xf7\x9b[\x0a\x07\xd0,\xef\xb6\x14\x88\xc8\xe2\x02\
V\xef\xb8\x89\xe5\x9f\x0b\xbb\x7fx\x1d\xdb/\x22\xa1\x9f\
J:\x9b\xbe\xe1\x8f\x84~0\xc6\xcaQ25\x9c\x82\
N%u\x12\x8eI\x85\xa9[\x14\x90\x89$`\xb0\xf9\
B\xd2\xa8O\x19\xe9\xa79ih\xf8\xcfP4\x0e\x95\
6\xe1#\xdb\x93^\x8d\xb48\xa6Ue\x9f:\xe7\x0a\
j\xfcj\xd0k\x9a\xa14d\x9fm/\xcf\x9e\x8c\x83\
fB\x15j\x9f\x18 \xebA[X\x07\x82\x8auv\
\x05\x8fb\xa0\xf4\xd5\x80\x10T\xc7S\x12^I\x985\
\xbb\x01\xc3\xdb\x9d\x95\x89\xd0\x82\x0b\x1a\xebme\xaa-\
^3c\x06\xf7\xaa\xd0\xb1Vxy>\x05\x5c\xda\xc4\
I\xb2\x1a~B\x8f\xeeJ\x9b\x93\x0en\x02\x81A\x94\
\xb4\xe3I\xb3\xdc\xdf\x97P@(\x17\x0ai\x0b\xc1\x1a\
\xc0\x1d\x85\xc5\x0dCA\xcd$\x98\xa2\x18caC*\
3*\x96Z\xc5\xd4\xef\xe263P\xb6\xd12$\xb4\
Lu\xfcV\x97\x82\xf1\xc4\xdb\x22\xccO;\xa9Wa\
\x91\xe2\x9f\x80\xe5\x98p\xec\xce-A\xef\xfd\xb7\x8b\x0d\
rt?31\x93\xa4\xc34\x92\xcdPU\x8a2\x92\
\xc8@\x07o\xa5R\x97\xc0@\x8fr\xf3(\x06\x9aQ\
\xdc\xb0\xd4\x13\xd2v\xea\x12\xc6y\x0b\x18\xe7e\x9a\xe6\
9y.\xc6\x1c\xbb\xf5\xee\xa1 h\xe2\x04qY\x22\
\xb7\x9c\x10\xcbR\xdar\x87/8\xca\x1cW\xb2\xfe\x95\
\xfd\xa6\xe3\x01\xee\xc3\xf7\x9cq\xe9*K\x93\x07]U\
\x07\xcd\xe9\x8c\x88\xc7(U\xfe\xa4R\xabfT-\xd2\
\xe6{\xa4S\xc2\xc9\xc0F(\xd0\xa3\xa6U\x84\x5c\xba\
 >?\xbf\x0b\x02\x9d{\xda\x07O\x00\x1a\x0aT\xc3\
~\xb0Nr\xbe\xc3\x15;c\x9d\xf6\x96/\xb4\x0c\x0f\
\x0f\xec\xe8\xf8jC\x88\xd0\xd5<\xc9\xc8J\xbc\xa3@\
[\xba\x9em\x1f\xdb>\xc6\xb5\x8c\xd5\xf7:\x86zv\
\xbb>Z\xf2\xf8`]\x14\xb1W\xae8\xaa\xf5\x8fu\
\x1b'\x8e\xce\x81(\x0e\xdf\xce\x9b\x0bAG\x0b\x05^\
{I/)u\xb4T\x92\x0b\x91\xcd\x96:b0'\
B\xa54\xc4\xfc\xe5ARISG\xcb\xc4Ml\xf3\
w7\xec\xf8\xfa\x96\x0d\xc1\xc7o7\x5c\xf5|\xc8Z\
\x1ec\xf9\xff\x08\xf3)\xcf\xffg\xf8\xbe\xd3\xa6Y@\
\xa5QQ\xde\x02\xe0<\x89\xcb\xf6\x91\xa6\x91\xabH\xd3\
\xf8\xd6<\xcf\xf0\xecul\xf3\xf8\xda;6O\x8e\xac\
\xcdfG\x82Cug\xa0H\x02\x04G\x8f\xef S\
=\xa8u\xe5\xbf\xd0\x05\xfaq\xa9S6\x01\x02\x90\x8b\
\xb4\xd6\xfb\x87\x00\xa2X:STFJ\x81\x84\xa9\xa6\
\x92\xbdXi\xd7\xb3\x96\x19\xbf\xff\x96\xa3\xff\xf48\xfa\
\xefl\xdb\xf9\x96\xa3\xbf|G\xffG\x87L:\x96\xa4\
\xb1QdBC\xbc\xa2\x83\x18\x82\xe7>O\xf9\xa2\x0f\
\xe3y|\xe4\xe8'\x98\xf3 >x\x1dk\x99\xdc\x11\
|\xf8z~\xc6|u\x98[\xaf[\x9c\xdb\x9fH:\
\xa2\x96z'\xf3\x22T\xe9,\x1e\xb2c\xe1\x82\xfa\xf7\
/\xb2\xa0\xfe\xfd\x8b\xa3\x9eS\xe5\xf1\x1d\xf3S\xe7Q\
\xbd\xe3\xc4\xa8,\x07/\x1fVG\x15\x1d\xcbG/\xa7\
tQ\xb1\x88z\xaa\x82\xbf\x02\x1e\x1d7RY]\xe6\
\xca\x95lt\xaciq\xc3\xe2\xfd\xea\x22q\x12\x169\
\xad\xa3\x8dMgy\xf0\xde_)\x0bQ\xa9\x93\xf5\xc9\
\xfd\xba\xff\xb5\x1d\x228\xff\x8b\x5ck\xdb\xd18\xb0\xc8\
J\xdb\x9b\x9b\xd9\xc8\xd9\x0d\x09`*\xfa\x5c\x95\xaa\xb6\
c\x22\xa6\x17\x94\xc1\x1b\x05\xf1Hy\xafC\x03>\xf0\
\xaaj5\xa0\x85\x0ei8G\x17\x19\x1e\x98?\xaf_\
\xa5\xc8\x9aE\xea\xb2l\xfd\xd4\xc3\x04\xbe\xfc't>\
&\x0d\xe4{\x9d\xdb\x7f6C\x04\x8a\x97@\xe5\xf4\xef\
xS\x84\x08\xe0\xf8\xcd\xc3\xa0\x13,S9!\x021\
\x83:/Y\x84\x09\xd6=u:\xb4\x03,O-\xb8\
\xf7\x93\xa4[\x962a}\xda\x02\xe5\x07Q\xcb\xaf\x96\
\x8a\xcdk\xc2.\xa4!\xfc\xfbu\xa71\x1b\xd6\xcf\xf9\
\xa5{\xd2\x89\x1d\x19_\x94\x13;\x82\x91\xcb\x98_\xa9\
\xf7\xe7)P^\x12f\x02\x9c6\x87u\x1b9\xac\x7f\
1\x8f\x85\x0f4\x1eY\xe4\xb1\xb0\xf3\xb1\x820\x0d\xca\
\xc13h\x82\xaaL\x11\x15\xa6\xf9i\xf8\xe9\x16\x0cG\
9N\xf3\xf8\xa6\xe2p\x14?\xe9\x8d@R\xa1t\xc5\
\xa4\xea\xf9\xbdM\xb8\x0b=\xca\x1c)\x924\xb9(\xa6\
\xc2\xd8\xc3w\xed\xcf\x8d:\xfbW6;]c\xf78\
]\x8dk\x9d\xd6\x03\xad\x8e\xb3N\x04\xd4\xac\x91\xcf1\
e\x18\x17c(\xf48\x19G%\x1ah\x83*\xae \
\x18\x82\xdf\x8f\x0b \x90g\xf6\xb2\x943\xf4'\xc3\xce\
\xee\xc9f\xa7\xed\xd3I\xa7\xf5\xe9V\xa7\x95\xff\xdb\xf6\
t\xb33\xb6rX=\xfc\xf7\xc3r\x8e\x0e\x0c\x85\x86\
\xd6\xedr6?d\x89\xe0\xb4\xac1S\xa4L\xf3\xe6\
\xa8\xcc\x19?\x83+`\x9a\x06\x8c\x98\x94P[\x98\xf0\
\xc4\x16\x97'\xc88\xbd@\xb6\x80\xa1\x8c\xfb]\xbc|\
\xf8\x92\xc2\xc3\x18\xfc\xe1_0\xdfb\x12\xc9' \xab\
2fJ\x0aB\xee\x08\xdbV\xb6\xd5t\x22\xc3\xf8\xcd\
F\x94\xe1Ytz'\x0a\xe0\xd1}=\xa2'\x92\xa3\
\x9d\x0a\x15d\xaa\xa7\xd2\x86\xd3\x8f\xc4(\x9c\xe0Eb\
\x14\x94\x03!{\xfb\x12\x12y\x5cB=\x13V\xba\xfa\
I8\x85\xeeX\x19<\xf0\xb7\xccH\x01N\x9a\x9e\xe6\
\xd4\x9c\xd5t\xd2\x8b\x9c$\xf2\xb49\x1d\xcd\x9a\x09\x92\
\x22o\xbb\x83\xc3k+\x0d\xb7\x94pz\x1b\xb8\xcbF\
\xcd\x99'\xeb\xe8\xda\xf6\x1a\x89\xb0\xed\xbfu\x0a\x85\xd3\
\xcaC\xa8Q&\xdeD\x19Xg\xb8xz\x81\xd9\xc2\
i\x97\x0e\x0e[\xf99T}\x19\x81@\xdb\xc3Ab\
Y&5\x8cB6se]u\x9fR\x91\xf4i\xca\
\xbc\xa2\x84\x0b\xa2+(\xcc\x83\x91OZ\x94\x89%\xdc\
\x92\xe5\xec\x8f\x8a2\xb0\xe4\xdc\xf82\x91T\x99\x85\x99\
y\xb5\xd9g:Ue\xb3q\xad~\xdb?\xe8g\xfb\
\x9d\xbe\x8d;\x9d{&\x9b\x9c{V\xf2\x83\xeb@V\
\xe48?\xf2\xd9\xb7L\xae\xffV&WE`\x1bg\
\xc8\xc4:e\xb0\x8d\xd3fb=\xd31\xef\x81A\xe5\
\x1d\xe8\xfdI\xaa\x16\xc9m~\xe1\xd1\x98\x88m\xaf4\
o\x8cYL}\x1a\xd1724\xe2o!2\xbd)\
\x906\xb8b\xd5\xf1\x96b\xf5\x96b\xf5s\xa3Xe\
\xb1\xa8R\xee\x8d\x84\xaf\xea\xd2\xdc\x17\x95*U\xff\xfa\
\xb8\xa8\xd2\xfb\xca\xed\xdcL\x1ev\xacS\xd3\xa2\xd2\xa4\
A\x19L\xb9\x00\xf7Z\xa5\x0bO4\xff\xb1\x99\xcf^\
\xa0IIU\x0b\xbfd\x1b\xdfW\x1a\xd5|9\xedo\
iQo9\xae\xcf\x96V\xf5\x16~\xd9\xe9\xc2/K\
\x95wJh\xcd\xe9Lc\x96\x95>5\x94G\xac\x14\
\xa8O\x0d\x8a\xf7\x0a5\xaa\xe2\x93\x82\xb6\xd7\x9cDI\
\xff\xf5\x1a\xd5\xf7\xc3\xde\xf0=\xbf {\xe4-\xab\xe3\
-\xab\xe3\xb4\xee\x11\xf7\xfc\xef\x12\xfa\x01\xc0\x19\x18\xa0\
\xdb\xcd,\xff|\xf8\xc7\x1b\xb0x\xdfqv\xc9\xe2\xfd\
\x1f}\x87QV\xd8I%\xe8Je8\x81\x0b~1\
)|\xa8\xd9J\x9c\xaa\xe9h\xb4\x14\xf4\xfcYH\xdd\
\x03\xa1\x85(\x0b\x8e\x99}4W\x0a\x1f8.\x0c\x84\
'\xdb\xe4`\x97\xdc\x8b\xb9\xa8*a\x99\xa3N\x1f\xef\
I&^\xce\x14\x046\x17N\xdb\x93\xa1\xe2x:\x8e\
){~\xda\xf7Y\x85\xc7\xb5\xc8T=J\xa0\x97\x0a\
t.\xaa\x05\x80V\xab\xfdizTbQ\x808\x88\
\xbdl\xf1\x19\xea\x98\xf0c:]O'\xf7l|@\
$\xf1<6\xc9\xf8\x1a\x0d\xde_\x97?\x12~\xaa\xce\
\x97W{\xd3\xa9g\xb4\xbce\x18\xbc\xe5^\xfdy7\
\x04\xee\xdd\xa0\xb2\xe7\xdd\xb7\x89\x227\x07\x0bE\xd7\xaf\
\xdeU\xb2P\xf4\x05\xbe\xb7ne\x9b\xbf\xb3a\xc8\x0d\
\xb5n\xf8\xe4\xe6\xef\xdc\x14|\xf5\x0e#e]\xbf\xff\
\xf5\xd6\x0d\xc1\x9f\x0c\xb1\xfc\x8b\xe1'[\xd9\xde\xa1O\
\xb5\xee\xf9\xa4yTl\xba\x95\xb5:\x1b'w:\xdb\
?\x9dr\x86\x9e\x1er\x86\xf8\xbf\xdb\x9f\xde\xe94\xae\
lqZ\xbe\x96t\xac\xc3\x7f\xc26;\xfb'u,\
\xdd\x924\x18\xdf\xb8S\x16\x91\x15\xc1i\xfeK\xf8=\
o>\x90?\x1f\x07\xba?3;\xad\xd9_\xca\x04\xf8\
+TF\xaa\xb2>\x00O\x03\xdc\x8f\xd8\x00\x8b\xd3n\
\x00\xe3\xb2T\xc5\x87\xae\x079s \x7f\x11A\xaeT\
\x0a\x9c\xb2F\xb2s\x9b \x7f\xaa\x80\xa2\xb0\x00\xd1\xa0\
\x13.\xa8(\x91\xb5&\xa5\xaaP\x80(Q\xaey/\
\xb8[\xf8\x85\xea\x87\x9d1\x91>\x11M:\xadO\xb5\
:\xad\xfc\xdf\xb6\xa7\x9a\x9d\xdd\x22}\xc2\xfd5qd\
\x1c\x96G\xc6\xa5\xee_\xb1\xf6\x100z\xe3\x0d](\
k\xb5\xb3\xa3\xc0J8\x8a\xcc\xd8\xb5\xe2\xd5\xd7\xc5\x8f\
\x9d\x13\x8d6Q\x1b\x14\xe3\xf7\x92\x92e/\x88U\xa1\
\xf3\xb2\xc8aa\xd6\xf1\xeb\xa3\xaf\x84\xc3\x82\xfc\x1b*\
Y\xa9\xa0\x817\x08\xbb\xc9\xb1\xdb\x838y/\xe0-\
\xcb{\x117\xdcD\xed\xeb\xc0_.nV\xbf\x8c\x1f\
\x83/\xbc@\xe7n{\xa8\x92{\xf0\xab\xa7\xb9h\xd1\
cV\xab\x13HY\xe6|\xe3\xc8\xdf\x95\x83\xf6\x92\xa4\
7\xaco2\x86\x16\x87\xba\x16\xa9!\xd5T\x88[\x96\
\x13\x04S\xc5\xc4\xfa\x0bVr\x0f\x8eYJYP\x18\
T\xedG\xb1%\x8c[\x07\xa6\x16V'\xc3[\x96\xf7\
\x22nx\x94\xdaZ\x5c,\xa3\xc6\xcb\xf81\xf8\x02#\
3m0T\xc9=T\xb2\xb6lo\xb9w1\x1b8\
{\xeb\xb2C\x8eS\x13R\xc2\xbe\x0a,\xc5\xc0\x08\x0a\
\x0c\xc8\xaa\xb7L\xbc{LL\xe9\xb9Q\xa4\x887z\
\xe7\xc9\x1c8\xb1\x0fg$\x93\xd2\xd9\x1a\xaf\x8e\xd0(\
N\xf4yR\xc4\xd4#m\xbc\xb8u\xa3'\xee_6\
\x05o\x9cKt\xb8\xf2\x02\xfcR\xa3bP\xce\xd6:\
\x1d\x90ra\x14\x86\x0f\x07\xb2`p\xa1\x07C\x0f\x93\
P01\xd0{\x15\x1f\xa2I\xae\xd7\x8e\xb3'\x1f\x06\
BM(\xd8^Efcy_p\xebFO\xdc\xbf\
l\x0a\xdex\x0d\x97\x0e^\x80_\xaa\xc9v\x03\x7f\xca\
\xdcw\x18F\xc2\xff\xb8\xe7\xad\xa0\xda[A\xb5E\x05\
\xd5|$\x97\xf2)*q\x91\x9e\x89`\x9a\xcf\xdd\x83\
\x015\x87\x82is\xb8z>\xfd]\xb6~\xcd\xbe\xd5\
\x9b\xb8U\x90t\x9a\xef6AYG\x1e\xb0\xfe\xfe\x93\
\xac\xf5O'\x87?\x19\xd2j\xfdu\x8f\x09\x8d\xff\xd1\
\x95\x0c\xb1-[V~y\x87\xf1\xf6zn\x1b\x1c\x08\
\xdesh\xa7\xb3\xf3\x8e\x94\xb3s|\xa7s\xcf\x9fZ\
_\xbaK\x90~\x19H\x98\x17\xb8+\xd8\xad\xb7Z\x09\
\xd3\x8bAy\x8cN\xe52\x12\x13n\xd3\xf6\x9e=m\
\xcem\x0b^\x1f\x85\xea\xfc[B]s/\xbf\xe6\x99\
\xbc\xe7lv\xedCV\x22\x9d,\xe6YC\xb1\x8e\x97\
Q\xc0CK\xc0\xcfP\x90\xf7\x95L'\xecGo\xdd\
\xee4\xec)y-\xfa\xb5tZ\xe5\xb4\x16\x7f\xff\x11\
\xfe\xfd\x0d{N\xd7\xbd\xfc\x9bc\xe9\xecu\x84g\x08\
\x81\x0c\x85\xd7\x94\xb4\x0cQ1\x81\xa8\xac\x1eH\x0f\xf0\
\xab\x86)\xd2'\xf5\xc1\xbc\xa2\x15\x9f\xca\x8e\x0f\xb5\xf2\
sK\x0c\xea\xcbH\xce\xce\xb5\xc8\xecx\xab\xe0!\xcf\
\x02\x199\xe6\xe9\x1f\xc7,\xdc\xd9\xd9\x9f\xe1\x09\xdf!\
\xdd0\x1d\xb8\xef\xf3\xb2\x98\xbb\x1e}\x84!\xe5-\x0c\
E\xc95\x14R\x9e\x10Q\x13_{\x80\xaf\xdeCA\
\x95\xce\xab\xe1z\xc5\xc1\xf5\xc0\xe3\xd9\xdf\xb1\xc8cQ\
\xadr\x97\x94_#I>'\x91wGE\xaf\xa6\xf7\
\xa8\x00!M\x9d\xf7\xc2\x8bd?t\xec\x81?\xb4\xd2\
\xb1\x9eD\xc6\xb1\xf9-\xcc\xfeT\xdc\xe3\x0f\xc4#~\
_\x9c\xe1?\x10\xcf\xfe-\xf5\x9a\xe8U\xbdW\xfc)\
\xde\xe5\xbdz\xf9\x0d\xf1\x9a\xdd6\xc6\x9et\x1e\xfd\x9a\
\x95&\xc7\x8f\x82\xdd\xadQ\x9e0\xdd3\xf8|\xa3\xd1\
\x98}\xe0\x0f\x1f<n\x91g\xab\xba@')x\x02\
|\xbe\xb4Q\xe2[4\x22\x11\xc3\x07\xc8\x17\xcd\xa5_\
\x13A}\xaeB\x1f\xe8\xbd\x1f\xac\xd1}\xb1\xbd|\x02\
\xc5\x07\xceo\xab\xda4\xb4i\x88\xcfv\x0e9\xb3\x85\
\x1d\xe1P\xcbW\xc3\xd6\xe6\x16;\x1e\x8bg\xac\xe6a\
\xf8{\x9b\xff\x13/\xe5$q\xf9\xa6\xd6M\xad\xf2\x9a\
\xb3\xaf\xf0\xb3\xa6\x01~g}\xef\xe7\xe1w\xd7\xd9\xb5\
n\xc4M\xb1\xa1a\x0bIx\xa1Y&\xce\xf1\xa0x\
\xdcZ\xf5\xb8F/\x82\xdc\x92\x92\xf1^.W\xd5\x0b\
G\xb2\xedh\xbc\x1fE\xa3\xb6\x1d\x97\xa0\xac39\x0e\
\xb7\xc7\xdf\x8b\xb7t\x81\xf1c\xef\x0e\xa22\xf96)\
\xd7\xf9\x1c\xae\x10s\x98'\x03D\xf6.\x04\x83O\xc8\
\x96s#\xe3\x9b\xb6o\xda\xce\x1f[\xbaq\xc77\x82\
\x8c\xda\x88\x92\xea\x15(_\x01s\x90\xff\x8c\x1c$4\
\xb3\x96\xe3\xfb\xdb6\xc2\x1cl\xc4#\xfae\x89z\x1d\
\xdd\xd4\xb6\xa9M\xfe\xc6\xeckT\xab\x22\xf6\x1b\xf6\xd0\
\x92\xe3\xb7\xf6\xbc\x18!\xd0\x1d\xff\x93\xff\xc2\xee`\x17\
\x0cP|\xd8\x81\x9fp\xd0\x16Z\x82u\xa80\x0a\x83\
\xb8\xed\x97\xe3(\x0d\xcaQ\xc3\x17U\xafV\xd1\x89\xd4\
*\xa9\xaa{bff\xf3B\xb6\x84\x91y\xdb\xfeU\
\xef\xfd\xec\xfe;f\xab\xde#\xee\xe6G\xe2\x12\x1f\x14\
o\xfdX|\x5c\xf4\xaa~I4\xfc\xdd\xec\xfd\xb3U\
\xbf\xcc\xbfpO\x10m\xe1\xe7\xf9\x02\xe0\xad\xf8\xde\xbf\
\xf15\x01\xed\xbeu\xfb\xe0\xdd}\xb6[\xe7\x9e\xcf\x1e\
\xbd\xf4[b\x89\x9e\xaa5\x85\x1f2\xd1\xf9\x93hA\
]\x15\x8c9\xf1t\x22c\xdf\xfd\xf7w\xfeOK\xc5\
\x90\x0at\xee\x82\x90\x12VD\x09\xc4$\xca_FN\
\x18]\x1f\x9f3\xe0\xd3\xd3\xf6\xda\x7f\xba\xfbf+a\
\x22m\xce\xa82\x82\xabL{%E\xf4\xa6\xb2\x9d-\
\xc5\x08\xba8\x1b\xe5\xdboR\xf1S\xeb\xfe\xb6\xfb8\
\xc3\xa5\x0ako\x19\xea\xe3C\xf0\x89!\x94\xd7\xcb@\
\xc6/S\x00+\xba\x17\x16\xb3$\xb8W\xc4V\xe8\x90\
\xed\xb66X\xed\xad\xd4\x82\x0a\xf6:\xd7\x0c\x9b\x13h\
\xa3\x008\xe0+b\x17\x01\x11\xf9\xcb\x10\xdf;.6\
\xe3\xeck|\x13o\xe4\xff\x1e\x89F\xb9\xa0zN|\
\xe6\x05\xf1\x99g\xc9\xe5\xb4\xee\xc8\xc1\xc3\xeb&\xadm\
\xfc\xbeeq\x7fH\x09\x85@[U+<i+\xae\
\xcac*Y\xe6\x18\x80\xe9\xc8\xf6\xb8\xdcAB\x1cA\
\x119l#\xd5\x9b\x12C\x04\xc2\xf2\x84\xba\x84\xeeA\
\xfd\xca\xeb\x5c\xbdhN5\xc3\xf9\xbd\x09 \xff\x9a\xec\
A)%\xe4F}\x09\x85\x15\x17.\x17e\xc7\x1b\xee\
o\x80m\xd7`\xdf\xf6\xe3\x03\xe2\xdek\xdd\xdfz\x88\
5\xb7\xc9'\xf9\xc2_[\xa3\x83R\xb4I\xab\xe3\x22\
U-\xae{\xe7\x83-\xdbV5\x8c6+\xb7h\x9b\
\x11_\xef%X\xb6|#;\x9f\xe7\x1f\x11\x9f{\x0e\
^\x16\xcdO\xc4\x9fGD\xf3\xc3\xec\xf8\xad\xb7\xcf\xce\
\xfe_\xf1*\x1fJ\xbb{\x8c}\x01\xa4\xed\x01\xdef\
\xc7w\xdf/\x7fC\xc8\xda\xed{\xd0\x0fy\x91\xf2H\
\x9e\x87\xf1\xaf\x91n\x10^\xb2\xed\x04\x09\xd4\xd6\xdf\xd6\
\xcf\xc7&G81GU\x5cI\xf7\x8e)\x1e->\
\xc7]\xf6\xdd\xb7\xed\xfb\x84\x95\xee\x22`~\x85t\xcb\
G\xd9\xbe\xfdz\xab\xfb7\x99\x1c\xa7G\x1f\xb7\xc8\xa5\
\x8a\x1f\xec!^\x15.\xbf\xfb\x9ap\xcb\xbf\x0c\xc8&\
\xb2\x95Vq[\xd5\x96\x16\xd4\x8c^\x83\x83\xe0eE\
\x03\xf0\x02*\xb3\xeba\xf4\xee\xd9\xc9\x0f\xc1\x0b\xb2\xe3\
w\xceV\xbd3\x9b\xe5\xed\xaf\xf0\xbe\x8db=/=\
\x1c\xf5[\xf1oALq\xd37\xd8z<\x90^\x96\
>\xb9z\xb90\xe4k\xe8\xb7\xc3\x19K\xe0\xc0q1\
3\x9c\x96:\x9c\xf4\xe0\xd2v\xdb\xc9\xbbb/\x9e\x03\
c\xac\x14G\xa3\x87\x92vg\xccn\xbc\xd7\xf2\x89.\
\x01\x03\xab\xea\xa0\x8c\x1eEO\xb2\x06\x1c\xfd\xfe\x8f\xdf\
s\xbd%\xe9\xc0\x9cn\x19C\xb1k\x7f\xea\xfe\x15\x83\
\x97\xfa\xb6\xf6\xc8\xfaNj\xa7 \xa8\x10\xa1#\xef\x04\
\x0d\x06N\x15T\xb6Bx\x1d\x06[\xd5c\xbd\xa1\x10\
\xfc\xf8\xee\xe9GO\xb2\xadVB\xad<\x8c\xb3\xbb\xe1\
\xef\xddx\x0a\xd6\xca\xf3\x90\xbcJ\xfc5\xbb\x1f\x07\x08\
\xdc\x06a\x05\x85\xb2TE[\x97*'@\x08v\xb2\
\xaa!\xd5\xbd)\xa2L\xf7?\x18?\x9f\xbb\xbal\x97\
\xdd\xc6\xa8\xf4\x14]\xc3i\x13\xe5P\xf7N\x084@\
9\xc0y\xb5L\xf3\x18\xcb\xedD\x17\xc6\x1b\xeaB\x5c\
\x1cm\x17-\xba\xc2\xc4\xdf;a\x93l\x17m\xb6\x0f\
\xfa\x19|Tn\xda\xf6\xe3\x94\x09W\xbe\xee\xc2\xcff\
\x88W^\x81[\x08V\xa1\x04\x06,\xc4N\xf9\xd8\xfb\
X\xfb\xe0\x96\xde\x16\xa7\x85?\xd91H\x8a\x89\x8c\xb7\
\xc14\xb4\xe1\xb4@J\xc11\x82|\x93\xea\xd0\x0cm\
\x1f\xb9+\xa4:\xf4\x12\xca\x14.\xa7.\x8e\xd6\xf3\xf6\
\xdd\xd0\xe7\xed^xe/\xbc\xbb\xd7\xc6I\xbb\x10\x10\
\xb2.\xa0p\x8a\x94N\xb3JM\x01\x80\xc7e\x91l\
\x1bLU\x1bN\xd81\xb0\x84rQq\xc3[\xba\xdb\
\xdb\xf9\xe1c\xb9O\xb2\x5c\xd0\xa8;_\x10\xe1\x848\
\x81\xec\xa6PE_[y\xb8\xb2\xefy+B\x15r\
\xc1\x1f\x0a:\x0a\xcf\xb60/\xe9\xa4\xcaJ\x06=\xa8\
)h\x1a\xecB\xefH\x18:S\xd2t\xda\xde\xe8\x05\
B\x95\x81\x8d\xac\xa8\x0cl\xe4\xf0d\xb0\xa2\xef\x8dV\
\xf6s_\xfe\x00\xcb\xbf\x14\xf6\x96F%V\x96\x93D\
\x193\xab\xb0\x9e\x8c\x86\x0f\xaec\x84uf\x10\x071\
\x89\x9a\xfd\xacr\x0d\xce\x82Z8\xab\x82\x83\x22\x0a\x8e\
a\x0e'\x85\xd9)U\xe0:\xc0\x16\x03}\x8e\x11\xc4\
\xa8\xc6\x9fL\x15\x5c\x18zI\xf2XAi\xea\x1a\xe3\
\xe6Q\x8c%U\x8b.;\xbc\xf1\x0e\xf3\xc61a\x0d\
\xaf\xc7\xdb\x14irbh\x16q\xc3\x03\xe6\x0dcV\
\x02\x8dA4\x95$\x95Y\xdcl\xcb\xcd,\xffr\xd8\
]\xf3\x83\xb36\xe0\xe8\x81\xe5\xb7\x90\xe2\xff\xe1\xc3\x94\
\x1cl\xfe\x89\xa41\x1c4<j\xa0\xf9\xbdOm\x09\
gn?\x13\xb7\x8e\x92\xd7)\xbamp)\xa9\xb1\x97\
\xcf\xb1\xf8[\x17!\xd9[\xc4R\x7f.\xca\xfc\xbf\xa0\
\xd7\x98ZimUE\xf7.\x17\x16\xbfh\x92\xff\x87\
\xaa\xee\xac\x8a6\x0b\x0cT\x0c\x9b:\xb44\x8b\x17\xad\
\xfc\xa9\xc2{\xd7OX\xd0\xa8e&F%FC_\
\xe9\xcd'\x93\xc6\xbe\xa0\x07Pq\xfaY\x0cy\xd2\x03\
\xe0.J\xf9\xa7\xa7x\xcd\x94w\xf3\xde-\x93L\xef\
&y\xb1\xe2U \xd7G\xf1\xbd\x03\xf8I\xf1\x1aS\
{\x1bD\xc0\x19\x1d\xfc5\x81\xa9\xcd\xe1\x18l\xdc\xc3\
n\x13k\xf2\x9d\x08\xf2\x10*uD\xd1\x01FG\xe2\
\xaa\xca\xbe\xa7\x8fDuX\x96>J\xf5A\x0b\xa2\xdd\
\x1d\xf1\x9d\xf8R\xe8\x97:\x12\xe8\xc0(:\xb9\xd4\x99\
V\xfa\xc4\xd3\xe7!\x1c\xc1\xab\xd4\xc9\xb5\xb8\xef\x8d\x96\
\xfbs\xe0e 8`{e\xb0\xa2\xd1<\xe8\x8d\xb0\
\xc3\x13\xabBcu\x87+{\xcc\xd5\xe5\xfe.h\x8a\
*2%~{U\xa3\xdb\xe0\x06\xbc\x86P\x93;\xc2\
\x9aV\x8e\x86\xf8\x1f+\xd8ao\xc5\xaa\xa0\x17\xa9[\
\xe5\xae8\x1c\xacu\xdf\xe5\xeeg\xf9W\xc2\xee\x05\xde\
\xaf\xb0\xe4\xe52\xdf\xb0\x13s\xdc\xb5qpB\xd1\xae\
B/\x8f\x91\xd1N\xbe\xd9.\x0fvR\xee\x8c&\xc4\
\xb4T\xd6\x8c\xce\xed\x11\xb1\xc6~\xdb\xf9\x81\x1bp\x03\
V$\x90\x7f:,<\x94W0\xde\x19:\xca\xa6V\
\x87\xff\xf5\x126\xb5&\x5c\xfb\x9c\xbb\x13c\x9a\x98!\
\x93\xab\xcf\x98\x80>FOR\xd1e5\x03.\xc6\x84\
A\xe5^\x86~#\xd0S\x1dj\x97!8\xe3N\xf4\
\xdaX\x0a65 \x15\xeaz\xcc\x9a=\xa9\xf2gO\
\xe2]P\x1a\xa3\x18\xdb]\x9f\xb4\xd0\x18\xe0\xef\x0e\xe1\
/.\x85\x0c`\xd9\x06\x88\xeb\xb2\xdb\xe9F\x8d\x1d&\
\xf08$\x00\xcb\xf65\xcc\xe5\xda\x08W\x91m\x03<\
\xc7zg\xbd\xd3\x00?\xb7Q:\xe57\xe2\xe8\xbe\xa6\
\x80C\x8eC\xccQ\xb6'H\x19\x140\xf2H\x9e&\
\x96\xc2R\x80\xb8\x11\xed\x10>\xeey\x94\x88\x9a\x0a\xed\
jc\x0b)'\x11\x03J\x5cf0\x8cA\x7f\xb7\xb3\
\xdb\x19\x83\x8f\x8d\x9a\xe8\xd5(\xc8r\xd1y\xb5\x97r\
\x0fQ\xb0\xfd\x13\x8dI0c\x1cj_\x16\xf4\x15\xc2\
\xd0I\xd3\xa7f\x10z\xc4\x7f\xe2\xcc\xea\x83\xe9\xde+\
\x98\xa1\x80'\x13\xfc\xbf\xa4\x01\x11b7\x86\x10\x0c\x1f\
Q\x8c\xc0\xf3L\x0b\xde\xe8\x05)\xd3Q\xd3 8\xf2\
U\xe9\xfb\xb3\x14\xc8\x94n\x96\xe4\x14}\x9d\x88\xbc\x8c\
\x85\x16\xb0\x1a\xaa#Y\x1d\xf4\xb6?\xd1\xce\xe0\xe6\x8e\
)y\xfb\xb3\xc8\xf8@\xc7@\xc7vXMC\xce\x90\
\xb3\x1d\xde\x18\xe0\xff\xe1\x9c\x87\x85\xf2)\x9c\x12\xb6\xd3\
\x93IY\x830\xf1\x83\xce\xa0t\x19d\x92N\xdc\x9a\
\xff\x8a\xdcL\x8f\x18\x0bh\x80ZXV\xfa\xea\xf0(\
\xa5R\x9c\xd3\xc1\xb4\x93N\x89\x08]\xaa\xc8\xbfZ\xfc\
\xdc\x09\x19\xc1\x94\xae\xda)\x98\x13H\xe9\xd2`\xd1\x9e\
\x12;\x12\xfd\xf6\x04\x95\x00H\xf9tL\x15\x00\x1d\x03\
L\x80c>\x22Y!u\xe2H\x0apB\xe1\xc9\xeb\
^\x9e\xf2\x1a$\xa8\xd7'\xca6\xd5tq\x9e\xe2=\
$\x0a3\xc7N\x05\x0bPm\xe2\xc8\xd8\xe8^:\xc8\
\x0c\x8ft\xd2\xef;\x9f\xf5\xe1\xb5\x9b\xeb\x12n\x15)\
\xbeh]\xaa^\x90\xf8c\xcf\xda\xba\xacu\x1f\x99d\
\xab\xb8\xd1\xed\x05\xea\xc4?\x8d\x93,\xff*\x88\xf3G\
\xd8>g/\x08\xa4\xdd \x9cd\xcb\xc5\xb2\xd8Y \
\xbc\xce\x81\xd8\x8cl\xad\x5c\xb4\xc1Yo\x8bK8(\
\xbaO@\xf4)2\xde\xb6\xbd\x8d/\xc9\xa3p\xff\xe2\
\xf9^\x83a\x91\xed\xd1\x9c\xfc`\x1b\xffO~C\xbc\
$\xdf\x96\x17\xdb\x07\xd7\xde\x0b\xbf\xb3\x9bZq\x0f\xa2\
\xd9m\xbc\xbc\x17>\xb8\x8f\xab/+\xbc[J=\xd2\
\x15B\x8f\x7f-\xec]\xe1EX\xfe\xf5\xb0\xdb\xe7\xfe\
\x1a\xcb\x1f\xe5o\xacu\x1fb\xb1\x0cAN\xab\x93r\
F\x9d\x94\x9a\xf4w\xba\x80^\x03\xb0\xd8\xa5\xd0\xae\xd1\
\x01\x5c\x05|j\x8b\xc5\xea\xa2\x7f\xbe\x13\xda~\xa4\xa2\
\xb1A\xa0\xdb\xaa\x80)(\xa5w=\xe6\xa2\x8a\xdcT\
\x9bRTA\x81\x81\x14\x90\x13*\xa9B\xf7<\xca\x0d\
\x16\xeb2f\xdf\xf8\xfb\xa5\x9e\xf2\xc0\x13L\xb3$\x8b\
\xe7\x101\x14\x83\xaeY#4G\xeb\xa9\xbecZ\x05\
t\xb4\xdb\xd2\xc3\x88\x89\x22\xdf\xb0p\xaa\xfb\xbb\xe0i\
\xfa0k\xd6\xc2\x5cc\xc5\xf3Q%\x8b\xcc\xc6%]\
\xa7M\xac\x9d\x0a\x0cM\x13\x87+r\xd4\xfa\xa4\xf6\xa7\
\xf2\x85z\x0b_\x92\x8bq\x0di\xac]+\xe4\x98)\
\xf1:a\xbe :\xa6cg\xc5\x086\xb9h\xdaH\
3H\x99\xf9an`A\x98\xe1\x0e\xbc\xbd\x9f\x81U\
\x13X$\x9e.\xdd\xbfY@\xec+\x1b(\xbeg\x15\
\xdd*\x15\xfb\xa2\xc8\x18\xdd\xbfU\x19` \xdfh1\
v\xf0\xd4\xf2 \xf1\xee\xcdgJ\x99n\xb45\x84\x10\
-\x06\xa4\xa3\xd4P\xd1 \x16\x0e\xad\x1c\xf0R\x88\xcf\
b\x92\x10U\x90\xee^\xce\xa79\xc3z\xdeO!s\
sM\x85\x06X\xa02\x03\xcc\x8b\xba\x163\x93\xe3\xa7\
\x91 \xa4tj\xe4l\xc4\xac|\x94m:\x91\xd1J\
~\x0c\xe3*\xfc\x1ew\xa0\x10x\xbb\xf2\xaf_\x82\x82\
a\xc2\xb1{E\x8a\x8e)^\xf8\x95{\xfc\xc4\x05K\
d\xba\xd1\xb8\x9fjF-\x5c9\x5c\x13k\xact\x22\
U\x84\xf9\x86\xd54\x09{\xf5\x1aK\xe2\xc6'\x92E\
\xe9S)AAZ\x22\xc9(-\x11\xf4\xec\xbd{\xbb\
D\xf2\xcf?\xf17n\xc3\xa1\xff\x09FqZ2m\
`\x1ftR\x22D\x10$[\x08x\xb2lQ`k\
&\xf7[(\xe23\x19\x931:\xe8g\xe9\xab&N\
tI\xf2\xb2\x04@>\x89OPs\xfd\x9c\x04'\x0c\
%\xd5Q=\xb2V7\x8c\x8a\x91zl\xe8\x0d\xdb\x8d\
\xefb\x18\x8d\x98V\xe6\x19\x9f\xa9L\xac\x80\xb2\x1d\xc4\
3(cR%S\x95\x13\x11\xa2\x02!\x95,\xd6e\
\x0a\xa4i,1\xe8jD\xcd\xedy\x93\xd8[%\xad\
\x11\xde\xa2\xad\xf03\xa8\x0a\xaf\xa8\x8e\xb7*\x9b-\x91\
\xafU\x8d\xa1t\x89\x0d\xb6\x17?{\xbe\xa2]\xe3\x87\
f__\xda\xe4`3\x8a\x17M\x8bE\x9a&)\xdb\
\xf1\x19<\xa5\x92\xdf\xa6%\xfc,i\x92Kt\xc9\x94\
\xfc\x1c\x9c\x0fY\xcd\xafb\xf4pB\xb9\xc5\xe3Cb\
\xf4\xf1x\xe8\xb7`>sQMR`{\xefx\x81\
M\x1d\x09\xd7\x8e\xb9\x11\xa6\x97w\xae\xde\xd4N\xb5\xce\
zJ\x19}u\x98\xc06[\xc5\xc0\x02\x80\x881\x85\
\xe7do\xb9\x98\x91\xf3\xc5\xf3\x9e\x8f\x11@[wg\
\xab.\x14_^\x9a\x13\xd1%\x0b\x22M\xb2\xad\x12\xf1\
&\xb1&d\xcb5\xc37r\xf5\xdc\xaa<\x0a\xb6\xe5\
Q\x083E\xc67q\x11+\x9e\xe5E\xb06T\x0f\
t\xc0\x17\x94{\xe3\x88\x1a\xf6#\x12\xb1]\x84\x80\xa3\
\xf5\x5c\xaa\xbf\x08\x89q\xe2\x1f\xd4\x13!\x1d\xe1\x15*\
|1zP>\xf2\xb3\xecxC\x17\xff_\xb2!\xd3\
\x90\xc1\xdf\xb2))O\x06\xd1\xf2\xba0\x09)\xdda\
u\xf6c+T\xe9m}}\xf6#\x0f[\xed\xf8\x0d\
\x90\xd8\xb5Pfx\x1e\xcc\xe8y\xa4\xa6W-\xcf\xd5\
\xef\x808\xa8}\xff\xfdV\xa9\x1c\xc6\xb4,8M\xd8\
\xc3\xad\x0f>h\xf9\xe8;\xe1\x90D\xedE\xc1\x88i\
`\x84BM\x08\xd6\xc8\xb4\x02\x14\x16\xa2\xf2\xae\xbb\x1e\
\xb8\xfb\xc1\x87,\xbd\x17z\x88\x87\xcb\xe0\x13\xa6\xf2\xf1\
\x14\x01\xcdN\xebl\x1f\x5c[\x09\xfb\xae;\x87ZK\
\x8b\xdd\x84\xcc/\xb5?\x7f\xb7\xb5\x05\x93\x17_\xcfQ\
\xa1\xce\xab*\x04\xab{\xafS*\xa50\xdd\x06\xed\xdb\
n\xb3\x12\xca\x16R\x0e\x01\x83\x05Mj\x0d\xc4\x84L\
\xee\x89\x9d[\xf8\x12\x14\xbf3E\xa5*R\xc0\x19=\
<j\xc7z\xc7zw\x0d\x8c\x0c\x8d\x0ca\x98\xfe\x5c\
\xae\x87\x8e\xda\xfd\xa3X\xfdv\x01A\x99\xca\xef\xea\x9e\
'&\xe0\x02\xca\xd4\x87\x05o\xf4\x8e\xc9I\x8fB\xaa\
\xcb\x0ej_\x11\xaf\xda\x11L\xdc\x90\x8fi\xf6\x00\xfc\
\xb0\x1e\xd3:<\x95\x93\xe6\xc9\xa5*\xec\x00\xaal\x10\
\xa3c\xeb\xaeH\x8d\x11\x15\x05\xe2\xcb\xaeL\xbb\x89\x9a\
=\xd8\x12/s\xc9\xb6\xd1\xae}\xd6\x8d\xb3\xfc\xb1p\
\xd3A\x96?\x1en_\xc3\xf2?\x0b\xd3k\xcf\x08\x85\
\xff\x8d\xf0U\xdc\xca\x19\x0bV\xa2vT\xa4r\x8c\x9e\
\xbd\x9f*\xfb\xa9\xd03kP\xdb\x94\xfb\x13\x07\x1a\x83\
&\x99+\xfah\x8d\x02YU\xe0\x19\xc9j\xe2\xcan\
l\xe5\x99\xe1e\xc7\xcbR\xf2\x1aC\x8b\xf9)\x05T\
rB\xe5\x92 \xb0/ri\xe2\x0f\xe9\x1f'\x85]\
\x9e\x10\xa7\xfd'\xcbTe\x9b\xca\xfd\xc9\xa8\x19\xcdw\
L\xd8bO\x95=L+\x07\x11Nt}E\x03\x8a\
Y\xd5\xe0\xcf5\x08\x03\xcb\xf9\x89u\xe5\xba\xfeqq\
\xf1\x9fPu\xd7e\xc6\x19\x1a+\x0a\x86T\x14\xd2h\
:{?U\xf6SU>p\xeb\xc6\x16e5\xf1\x0f\
\x02U\xeb\x0c1\xfd\x96\x13\xc3\x19\x0bU\x22\xba\xfc\x8f\
\x0e\x84\xac\xfeeV\x83\xab?\x8d\xeb^x\xe6FO\
\xc3O\x95\x1dH;k?\xb5\xb8\x01\xacl\x8e\x0e\x84\
\xce\xf8A\xd1\xe1\x8dH\xea'\xf3Y\xf47\x94YX\
\xa3\xf3j\xa0\xfe\x09\xc2\xa4\xd7T\x16?,`/*\
?\x0c|M\xc1x\x94yZ\xd4>\xe3>\xa2\xd5\x8c\
#\x13B\xbb\xa8}\x8e+\x1bn\xadd\x15\xf0\xd7\x9e\
i\xeb_W~\x89\xcc\xed\x98\xed}$\x04H\xfc\xa6\
\xf9X\xd4L\xa3\x16\x19\xe3\x0fZ\x1b\x8c9>\xa4\x14\
\xff\xa5}\x84oN\xc6v\xf9\xf5\x891\xb6\xc6o\x1f\
\xea\xa6\x86Xf\x1d\xdb]\xea]\xc1g\xcf\x0bx\x91\
\xd0:\xe1\x14V\xaa\x94{\x0b\xb7\xca&&V\x87\xbc\
\xf8$\xfbx\xd8\xbd\xb4\x83\xe5\xdd\xb0\xb7\xbc\x91U\x94\
T\xfe\x7f\x82\xe5\xfa\xb9\xe6\xb2\x04\x13Fe\x1e\xa5\xc0\
S\x15%x1\x15\xc8\xca\x02%\xac\xeb\x98\xeff\x92\
\x22\xd0Q\xda\xd3Rt\x03\x22tR\x90\x7f_a\xbd\
\xf0\xdc\x95Zv\xc7\x8dgo\x88\x85\x03ID\x0e\x13\
\x8b\xa9*\xb0\xdd\xc8$K\x06\xcbu\x17\xda\x87\xcb\xbe\
1{U\xa8\xf0\xde\x0c\x0ab\xc7^U\xfe=\xd6N\
\xb8;\xd9\x1f\x87\xdd\x80\x1aM5\x1f\xa5gK\xcfe\
a5\xe2\xbc\xc9\x8d\xde\xc5g\xd6#\xfd\x8c\x1bb\xf9\
\xa9\xb0we\x82-\xc2s\xef\x07\xcf9l\x02\x0c\xa4\
\xcc\x85\x97\xd2\xa8\xf4\xb4\xe4\xfc\xe0D\x0b\xa5\x81\xfaf\
\x84\xfc\xa8s9X\xf5\xa8\xad\x0eL\xdd\x1f^\x13\xf0\
?\x11\x0e\x81\xfa\xbd%\x02=\xa8h\x09\xbdI\x9e@\
\xc4\x05\xd725\xfb\x15\xd6\xde/P\xebj\xbb\x17\x9f\
Y\xaf\xfc3\x9b`q]\xb1\x8d\x1d.\x0b\x84\x22E\
\xfbD\x9dEU\xdaE\x8b\x03P\xc2}\xa7\x19\xa0\xc4\
r\x5cU\xb1\xf0\xaeH.\xae\x09\xf8\x9e-i.\xb2\
\x94\xcf\x09S\xf6\xf3h@\x8dUg\xf6,X\x1d8\
]\xf3rJ\xd2\xb4\xa2q\xbf\xf1\x08\xd7\x1b&\xc6\x98\
\xdb\xb0(^P\xad\xacU\xca\x0b\xdap*\xbc\xa0\x15\
P[\xca\x93\xa6q5\xcb\xffZ\xd8\xbd\xc4\xd0\x93*\
\x14\xd7\xbe\x83\xbc\xb2\x9c\x93\x8aDr%\x91\xe1\x02\xad\
c\xbe\xe0\xb0\xbeq\xbe\x9b@\xe9*\xbc\xd9\xf93G\
\x16q\x5c\xfc\xd7\x8c\xa0{\xe9\xb3\xec\xec\xe8:3\xb9\
\x22\xda\xfb\xc3e\x1f\x14\xf6\xa1Ulb\xf5\xeaP\xad\
[{\x9858f,\xe2e\xa8\x09\x92\xed\xebb\x8a\
ks\xd16(:\x93-f\xb2\x5c\xc4ok\xaf\xb3\
\x17S\x1b.\x12\x1f\x17\xef\xcaV\xfa\x8be\xa3^\xdc\
\x8eA\x16\xfe\x85\xbd\x8e\xbd\xd7\x91\x7f\xca\xab\xa9\xab\xb7\
\xa1\xab\x99\xff\xf2v\xe3^\xf0\xde\xf8]:\xe2n\xff\
#\x1a\xed\x5c\xdf,\xcb+'?F\xc0\x1f\xd3\xdaG\
&b\x95\x86\xe7lQ50\xa6\xdb\x0c\xe3ch1\
\xd9\x1f\x9btD\xd4\x94\xffl\xf3\xfaN\xb8\x0dn>\
}Df|\xd6\x0a\x98\x8d\xa7\xc3n\xedj\xa1l^\
\x00\xe1\xe2\xf3\xdb\xaa:!H\x22\xdb\xd9\xd9\xe3\xb9\xe8\
0\x94c\xca\x1a:\xa3\xf7j.\xda\xdf\x04f\xb7j\
\xab\x22\xe3M\xb1\xa6\x18\xbc'+\xc4\xc4\xe7\xdb\xa8\x85\
\xaa\xd0\xa3\x11*\x03}\x15\xbc\xe8\xae\xc2\xe5\xf1\xb0|\
\x1e\xe3\xa6/\xab\x0a\x83\x97\x15\x80\xe2+\xb2$\x0d\xbf\
a\xf4\xc2X4:\xbcex\x0b\xa68\xb9*\x1e\x00\
\x81T\xea\x8dbf\xe9\x05\xca\xda\xd4\xbd\xf3\xe0\xf2\xe2\
\xddZ\x04\x8a\xb0\x1d'\xb7\xd27]\xd2\xa3\x18\x8dV\
\xee\x08W\xce\x03\xe5\xa0T\xd3\xb52g\xed\x84B\xc7\
\xfe}\x0e\xc4\xea\xb9-\xfd\x1e\x96\xbf%\x5c{4P\
\xf6\xf1\xfb\xa0{i\xf0\xeca\x81]z T\x89]\
Z\xa4\x93\xac\xacH'\xb1\x0f\xadc\xf9|\xf8\xb0[\
\xcb\xca\x96$\x93A\x893]\x915/\x8d\xe9\xbb\xbc\
\x8f\x04\xcf\x1a|\x95{\xe9\xba\xd0|\x89\x12\xf6\xa1g\
a\x0c\xbc+\x17\x1a\x83j\x05\xc1-\x1c\x94\x07Nu\
\x9d,tV\xf8\xd6F\x81\x0e\xab\xcf\xc3S\x00\x86[\
\x19,\xdb&\xe1\xeb\xa4\xec\xfb^\x1d:\x93\x81}{\
\xa2\xa2\x8c+n\xbb]'\x12\xe8*9\xe3\xd7y\x1f\
\x09\x95\xab\xb1T\xa4O\xf1%\x1a\x9c\xd7\xa1\x90,\xcc\
%\xd1\x94s\xca\xa9\xa0\x16l\x95\x01\x94,\xce\xcbP\
%\xbe\x10\xfb\xc0\x8d\xcc\xfd\x87\xb0W\xbbf\xfe4\xdf\
\x84\x93\xb0W\x86\xcaU\xd2\xe62\xe8ioi\x1cg\
\xb9\xc1B\x95\xb8O*z\x5c\xef\xd2\x07\x83N\x1a\xe4\
oZ%&\x897.\xbb\x91M\xbd\x18v\xaf\x5cS\
~\xbas\xc1z){\xa1\x95\xad\xea\x8a\xf5bb0\
\xcb\x9c\xe6E\xa6u.\xc6!\xb5\xa85\xe4\xcf\xb0\xe6\
\xeb(\xbf\x0d\x5c\xcb\xfb\x99 \xaa\xa6\xe4\xba\xd2\xf55\
T}\xd3)ta*\xc71\x90n\x0b\x9a\x93\x84\xa0\
\xdbi7^uf\xc7|\xd0\xd9\xe9\xddH\xf4Fo\
d\xc73\x9d\x98N\x99W\x10\x1fy\x99\xf3,\x15\xc8\
A>Mvp\xd01\x93\x9cC*\xd3\x99z\x19L\
\x87\xe6W\x1d\xb4w\xba7\x0c\xfa\x90lR\xf3m\xec\
\x8a\x96\xf9U\xc1\x0f\x8e\x9d!7n\xe3\xca\xd0]\xe0\
w\xadQ\x84\xbd\x22/'\xddC,\xc8U~\xaa\xe0\
\x1a\x7fv\xdaI\xf0\x01\x88\xd2\x82\x01\xef#&\x8d\x14\
\xc2\x87G\xa3\xf1D\x9ch%fs>\xf5_\xf7f\
0\xf1\x10\xb1\xf6\x5c\xcb\xfd\x1d\xe6KaS\x96w\x19\
\xcaY;\xbf\x11\x07\xd0\x02\xfd\xbe`\x22\x096v\xbd\
ls\xd1\x94\x94\x1f\xb3\x8a\xf0\xd3\x1ep\xf9E\xca\x1d\
\xeek\xeb\xca=\xf0\xb9\xc0\x0a\x9dE\x15*T\xb6\xfa\
,\x0c\xa3\x0a\xcf\xd9\xc6\xc9\x05\xab7\x8c\xf3i\x1d{\
&xFQ\x9f\xda\x9df\xef\x06\x89\xf6\xd4\x1e#\xec\
\x1d\x85\xb4\xa1{.\x1a7\xed\xfc\x14\xb1\x83\xed\x0e\x16\
?\xd4\xa8\xac\xeb\xa0\xca\xc4\x96I\xc56\x1a\xf1\x83v\
\xb3{C;b\xf2\x9d)\x8f\xdc3cA\xa7\x1f\xbf\
\x18\xf4g\xf1\xea&\x88gn\xbf\xd8\xf1\xfd\x04l\xae\
\x81\xcc\x0bD\xf5\x12\xa2\xd3\xee\xb4\x0f\xaef\xde\xff\xe6\
\xa2\xf1z\x8b\xd8>\xaas\xc0\xbd\xbdp\x80\x95\x8b\xc7\
\xb2\x03\xc8\x04\xf2\xee\x9d\xe7~\x9c\xf9\xd2\x83a\xd9\xcf\
\x9b\xe2\xad\x17\x98\x90,\x0b\x05n\x14\xbe`apA\
%-\x16\x88dn\x0d\xd9\xedj\x93\xcf\xe3a:R\
\xc7\x95\xa5\xf9\x03K\xed\xf2\x06}\xf4\x12=\x89\x9e\x04\
\x96\xbf\xcc\xe6\xc8\xd4\xd6\xcc?\xc6\xc4+\xb1\xa7eN\
\x05\x07\xf6\x8due+:Z\x06UVY\xb2\xa8*\
\x8dK\x0bt\x10\x9cd5\x87r\xf7\xc0\xce\x15q\x9a\
kX\xfep\xd8\xab:\xc8\x0e\x14\x14\xfe\x8bbM\x0d\
-A\x00\x17\x0bU\xfc\xab\x8a\xf9{\xd7\x07\x17\xfa\xac\
*H\x9aU\xa9\xa1\xb3\x1azc\x1ex\x80\x03fy\
=\xe18\xa8\xfaS\x05A\x01\x9b\xe7\x9a\xba\xf2\x1e\xcc\
^\x17\xaa\xec~u\x15+\xbf\xaa\x02\xf8P\xf7\xba\xef\
\xde\x90Y\xb7\xaa1*\x14R\x85\xc2\x9bP\x0f\x85W\
\x90p\x1a\x04\xaeAX\x07\x7f\xe4-e\xeb\xef\x0b\x95\
\x8b\xd20\x1f\xbe\x84\x02\x0dYW>4\xc3\xc2c\xaf\
9RTf\x86\x81Z\x222\xe2\xe7\xc0\x93p\xd7\xd6\
\xad\x0b-\xea~iL\xf95J\x8c\xbd1\x9e)?\
\xc6\x07!\x7f\xe0\x98\xde\xb7/X\xce\xd8\x97\xb5\x8c\xbc\
\x9d\xee;Y\xa5\xb94E\x90\x0ag8Wh\x97\xfa\
\x1a$^\x070\xb5.\xa3\xdaHV\x97\xc0\xe3\xf3\xc5\
o\xb30]YS\x9ap\x99\x22\xa9\xae\xe2>p\x02\
UZ7\x96d\xee\x88w\x8d'\xc8V\x22\xee\x95\xac\
\xcb<\xec\x81-\xdbU\xe8c\xba7\x15\x15W-\x09\
]&\xdc\x99S\x88\x82\xd3\x8e\xad*\x9d#\xc8\xb2\xa5\
\xd1h\xcb\x08\x16\x1a\x5c\xa4\xe0\xcb.B\xe0\xce\x11D\
\xea\xe4\x9f\x1a.\x80*C5x\x90Z\xf1sU\xa1\
\x9c*\x0dP\xc5M\x16\xdef\x0f\xea2U\xa4\xe7\xc8\
\xde\x14\x16(vI\xce\x91?xf\xf1Bv\xee=\
\xb0\xfe\xde\xa0S(\x85\x0cd\xa2\xa4\xf1\xd9r6\x8b\
\xb9\xb1\xe7\x93?n\xa0\x22\x81:\xe7s\x94-x\xee\
[\x1f\x9a\xe7\xb3x\xcb\xc5B\xc7\x94T\xa5\x05j\x95\
\xf7\xbb\xec\xde}\xa1\xd3q\xfa\xf9\xf0nPH\xf9\xa0\
\x0e\xb2\xd9\xb9\x84\x7f\x99\xe3\xafAn\xb04&\xe9\xc7\
\xabR\xa3\xef\xbe\xbbn\xe1\x13M\x9d\xd6\xeb\xca\xc1\xb7\
\x91\xa2{\xb1\xe3\xbb\xef\xbe`\xb9\xa7uy\x02\xf6j\
7\xca\xbcx\xa8\xa2\xe4o\xf7\x9a\x0a1k\xe2T\xfb\
\x8a\x02V\xc8\xacrr\xa0g5\xdd\x11\xca{\xa9\xf4\
\x93\xea\xef)\xee\x81\x13\xb4n\xbc+6\x19\x12\x16(\
\x22\x95\x8d\xaf\x9b\x19\x95\xd1\xaf\xe0_F\xeb\xdck\xbc\
\xb8wMP\xa0\xd5\xbf\x8f\xe5O\x84\xf7y\xefc_\
\x09{\xf6s\x0c\xea\xe3\xd6\xcb(\x94\x88t\xed\x93\xe5\
%\xd9\x83\x96\xc4\x89\x18\x84ch\xd0\xd9Q\x12\xef\xd8\
\xbe\xe7\x1bM\x87\xbe\xf7\xa0E\x08\x90* f\xe7\xa2\
\x1b{6\xf6 \xa49\x9c\x05\xaf\xa0\x14\xd6\xbd-2\
`*d`#\xb6\xb2 \x1e\xf0\xb0CX\x03c\xbb\
\x97=\xc4\xf2^\xb8\xd6mu#\xa2\xf3L\xdd\xfb\xc2\
\x8du\x0eV|\x81\xdc\x7f\x01\x00U\xc4e_T@\
\xe9\xd0{\xad\xad\xaa\x99h\x84T\xa9\x17\xf4^\x00\x5c\
[\xd1\x1cQg\x96\xee\xbd\x10\xad\xef\x95\xb5cP\xe7\
\xfbf\x1a\x8e5k-\x98\xa3}b-\xf0\xf3\xe7m\
\xb8\xc4\x1f\xa0\x16\xeefEN\xb0\xf5\x5c\x04\xb8,p\
\xb2\xd5\x89\xe5\xb9\x5c|\xf6\xed\x92\xee'\xaa{\xf7c\
\xd1\xe2\xdb\x14\xca\xa7\xee]$FP\x222\x1cQ\xb0\
:\xd0\x83\xf0\xe7O\x81 \xe29\xb1\xff>\x14\x17K\
\xab\xd6}\xd2]\xcb\x14\x22\x88\xc6>\x8eF3\xf6\xa7\
7\xec[e\x0d\xf6\xcbCS\xd6\x11Z\x84\x89o\xf4\
\x00\x93b\x19h1\x02/\xf4\xb2\x8fJ$`\xa7=\
-]\x87\xf6\xafz!\xabK\xd7pw\xa3vpR\
\xb9\x13\xb0W\xafu\x874\xb5S\x0a\xd8'\xaf\x5c\xa9\
\xba'\xe1\xf2\xb3\xc2\x02\xb5\xc1\xf6\xb4\x95\x05k+\x02\
\x5c[\xa5\x05\xdb\x00N\x10B\xe7d\x9f\xed\x86^\xb4\
P}\xb9@\x9e\xc0\xd91t\x0f\x5c\xa8\x1c\x05\xd0;\
G\x06\xfc\xebwAq\xa3l1\x17\x00h\x0c/R\
YI\xbaw\x1e \xfe/Gb\x1b\xfb\xf7\xd6\x8d\xdd\
\xb8\xffS\x16.\xa3\x13j\xe5\xf3\xcfnq\xec{\xfe\
M\x82')\xac\xe8\x19\xed\xe5\xf3\xfb\xfb\xb8 \xc5\x14\
\xe1u\x1d=\x1d#\xbdm\x9b\xb0N\x9a\x80\xb7\x8dB\
X\xbf\xd3Q \xffK\xabW\x7fK\x1d\x88\xf8y\xe4\
\x83L\xfb\x8a`\x85c{0>\xb0\xb9{\xfbNk\
\xa1\xbbL\xa0\xa8W\xb9p\x9b\xbb-\xef<\xef\xc3\xac\
\x12\x95\xf8\x94*V\x16Q\x82d\xfb\x8f!\xd0\xf3U\
\x10\x7f\xaep\xbe\xad\xc8\x01\xbdO\xfe\x16\xf3\x11\xa1\x10\
\x055$\x02\xc9VQ\xfa\x18E\xa0p\xfe,\x86\xd9\
\xf9\xbf\x88\xd2\x07X\x9d\xa7\x95\x12DQ\x98\xb3D\xe9\
\xb3(F\xe7\xe1\xa0\x93A5\xedT\xd8\x9c\xfd\x85\x0b\
\xfa\xcf\xe9\xacA\xfdX\x09\xb5\xcf\x7f'6\xe7O\xa5\
X\xfe\xc7a\xf7w\x1ebj-*Ljz\xe6\xf1\
\x9e\x04\x8dU\x11\x15&\x91d\x9a\xb4\x99\xca\xb7_@\
\xb1\x99\xd0\x94\xc4qj\xc9\xb2E\xf3\xb5=\xa4\xb9\xb7\
\x95\x9c\x9c\xd6\xe5+\xd2\xafF\x1eQ\xffn!\xf4\x0a\
\x83BS\xbb\x9d\x0bH\xca\x89|S\x97\xa8\xe8\x1e\xff\
ur\xee\x0aJM\x03\xdb:_\x006$\xad\xe3\xe9\
\xc8\x1c\xf4\x98\x9a<\xb3\x90R\x13q\x82J\xd0p\x82\
\x01\x5cC\x80C\xd4J\x22L0\xd0B\x04z\x19T\
\xdb\xd7\xc2\x08H/\xb5\x5c\xd4dz{z{\xf0\xad\
j\xac\xad\xd7\xa4dH\xb5\xd5\x1b\xef\x8d\x93\x8e\xbc\x04\
\xd0\x93d\x0bV\x81\xe6\xcd\xde\xb7\x8d\xa5\x9c\x87\xaf\xdb\
\xe18\x93-\x8es\x9d\xe3\xdc\xfe7\xad\x8e#\x982\
\xb5t\xdd\xd2\xcc\xf2\xd3\xe1\x81;X\xfe\xa7\xe1}\xe3\
\xba\xff\xe4M@\x07\xfb\x8d\xd6\x86\xe0\xf7\x86\xd8\xe6\xbb\
\x93\xce\xe6\x07\x9a\x9c\xfb\xd6\xdc\xbbz\xa7\xb3\xf3\xfe\x94\
\xb3\xf3\xf3\xbb\x9c\xf5\x07\xf7M\x18\x97\xb2\x7f\xef\x94\xc9\
\x99\xc9\xbf[*\xc3E\xec\xa0\xb4\xe2]V\xb4\xd6\xc5\
\xc4\xcc\x82\x83G\xb2\x019\x05\x84\xcc\xc5G7\x22'\
\xbdE\xce\x5c\x099sA\xe4\xcb\xec\xcd\x94\x08\x94\x99\
\x91\x92\x05\xc8\x9a\xfd\xec\xbc\xf5>\xc66\x7f\xc4w\x09\
\x01\xf3\xfc\x5c\x107_\xf9\x14k\xf6o\xa5\x07R@\
\xd6\xbc^\x905\xef\xfe$\xfb\xce\xe6\x95_\x1e\x0a\xb9\
\x81\xef\x14\x90:\x8f\xe0\xe7\xee\x9d\xb8O\x90:G\xdc\
'+\x0b\x8c\xb6\x8743\xacf\x8b\xf5s\xc8\xbe\xae\
\x00\xf4M\xbeY\xcdBK\xcc\xb4\x05\x0c\xad\x95\xe5I\
\x94\x99\xd7D\x0c\xad\x92\x94H\xb3\xf3\x9a\x9c\xbd\xc4\xe4\
\xeb\xe7\xf7\xbdPA\x1a\x12\x13\xb0f\xc4=\xf3\xb1\xa6\
\xc1\x90f\x86\xd5l\xb1~\x0e\xd9ZE8e\xf2\xcd\
j\x16Zb\xa6-` >\xa3IL\xc4@\x8c\x84\
T\x8a\x9d\xd7\xe4\xec%&_?\xbf/\xb1\xfej&\
`\xcd\x88\xbb\xb8{\xe8X\xcd\x04\x12\xc1\x11P@^\
\x02P\x0f\xa0\xaa\x8aF\x8b\x1ax\xe3%P\xd1\x8e\x88\
\xf0\xbf\x5c-\xa3&Wk)&W\xcd\xf3Z\x8a\x05\
\x968b%\x9e\xab=\xda\xc8\xc6B\xa38,\xc4a\
[\x9a\xe1V\xf3\xdf\x96b\xc7\xd5\xdc\xb9\x82K\x97\xdf\
lB\x22\x0c\xc1ST]\x08\x10&p'\xd9q\xb3\
'F@\xb8O\xe0\x11\xd3\xf6\xb3\xefecr\x92\x9a\
LJ\xd4R\x84\xa9\x9aN\xb5\x14\xd9*Q\xb1Jj\
V\xa8+\xaf\x833V\xdc\x09\xfc \xfc~a\x03o\
\x5c\x08Y(\xfc\xe3\xf6{/\xe3\x93\xd5\x84\x9b\x94\x18\
fK\xf3\xcfjv\xdaR\xdc\xb5\x9a\xd9V0\xdd\xda\
c\xc14B\x1b\xc1\xa3\xc3 \x14\x0c\x0c\xf4`\xd8`\
\x00\xeb\x04\xdb\xd3\xa1\xe7\x99\xfb4x`\x22\xec}\xe1\
\x0fM2\x9dJ\xd1\xe1\xe0\x83kO\xa1Tfs\x92\
\xc80n\x1c\xa1I\x00_\x03\xddB\x1a\x84\xca\xea\x22\
\x8ds\x18\xf1\xfe\x96\xa3\x8f\x03\x9d\x12\xdc\xe0\xcd$\xd0\
\x84>\xa9\x0c]!\x81{\xe3\x169\x03\x88\xc3\xb5\xf2\
\xc4[\xd5\x82\xe3\xf9$(Y\xb2\xe5O\xc3-1\xfb\
\xc3u8\xb6\xf8\xe0\x94a\xa2\x0d\xb1\x5c\xd4$Z\xa5\
^\x5c\xaah\x86aj\x98\xa8(^\x92\x86\xc1\x8d.\
\xea\x1aX\x0f\x80x\x9b\xe2\xd6\x97\x1c\xa5\x00`*i\
f\xf7\xe5*Yd9Bu\x0e\xc3\x91\xe97J\x15\
\x90\xd1IC\x95T\xf0n\x22J@\xe5.\xf4qa\
\xd3I\x13\xceO\xe7\x995s\x12v\xdc\xc8\xdc\x1f\x84\
'\xebx\xf3\xfe\x0f3d*\xe2\x0bo\x18\xb9*\xcf\
\x05\xfdJ\xb4\xc3\x88\x9b\xb4\x8c\xb6\x8b*\x9cO\xa1\x8e\
0\x0b\xd1<\xd9\xce \xea\x1c\xa6\x96a\xf4\x85l\xa2\
\x97\xd4\xd7_\x82\xfa\x92\x97\x08\xa8/F\x8b\x0fc\x15\
\xf1t<\x8d.\x99%x\x8d\x1e\xd9\xa6\xd0\x19H\x85\
\xf86-n\xef\x82I\xe6E\xeeq\xcfO\x86n\xbb\
\xc7\xd9\xf7\xe8\xfd\x16@\xa2\xbd?\xec>R'\xdf\xcd\
\x9f\x0c\xd7Np\x8d\xe1\xc3a\xf7\x9d+\xe1/\xf7w\
\xdd\x06\xd1\xf1~\xd7\xbd\x86}P|\xf2\x03\x02\xaav\
\x8c\x1d\x0a7\x06\xbe\x12nt\xafd\xee\xf7\xc4(}\
/\xec\x05\x0f1\x93C\xee$\xf9i$\xe8U\x22\xe1\
8\xa7\x9d>\x95RwQF\xa6\xdf\xb4\xab\xa9\xf4\xe6\
\xb2]\xbb\xce\x04WXb:\x88\x12vZ\x0cYZ\
\xb1\xf9\x1aeX\xce)\x9d\xefZ\x9d\x16\xd9\x82\x89\x94\
0cj\xd0^\xed1\xf3\xad\x8e\xaa\x1c\xac\xa3R\xb5\
\xafoA\xf3WK\xc3\x93\xa8\x19%\x15j\x1a_\xf7\
\xf1\x1e\xc3\xe9C\x99D\xa64\xc4\x93\xb3F\xe2\x82R\
\x02\xab\xfd)/\xc0\x92\xa1\xb3\xb7\xad\x8aw\x95]\xee\
\xb62$B?*\x03U\xe6f\xbb\xe2aF\xb9\xc4\
\xb2\xec\x8b@hp\x00U\xcf\xc3%\xa3\xf1w\xe4\xe4\
L+`c\xdd\x93\xd17@\xc9T\xe6>\xd5\x88\xaa\
2\xd2\x80rF\x06\x14\xa2\xe3\x12\x81\xb9b\x13\xe8\x8a\
\x94\xcc\x1a\xfd\xc7\x87\x03\xa4\xc0+\xb9\xd4\xf9\xfaz\x96\
\x9f\x09\x1f\xb8\x8cy\x17\x07\xa5a\xd3\x85\x18w'\x14\
\x0e\x1b\xf5\xe2X@7\xab\x02\x03\xe4\x9cr\xd0`\xad\
\xa2\xa2)'\x84\x7f\x04\xe5\x1e%pny\xaf\xd4\xeb\
\xc3c4\x08\xf9\xe7\xfc\x06\xa0\xd7\x87wo)\xa6^\
\xea\xf5`\xa1_\x95AH6\xaemQb\xbb\x13\xeb\
\x8c\xdf\xc0\xff\xcf\xde\xbb\xc0\xc7Y\x95\xf9\xe3I\x9aw\
\xe6t\xda\xa6PxSP\x17E\x11e\x10\xddU\xf7\
\xc7\xae\x82VT\xd6+\xb2t\x13p\xad\xa8`\xab\xa2\
\xd0B\xe95M\x9aK\x93\xc9\xcc\x99\xc9dri\x9a\
\xa67(P\x9d\x80\xb6\xab\xa2\x16\x17\xd0\xba\xe2\x8d\xfd\
\xac\xca\xd4\xcb\xfa[\x96\x9f\xcbJ\x11\x84^\xdfd\xde\
\xb6\xf9\xbd\xe79\xcf\xf3\x9c\xf3N&!\x09\xe2\xee\xff\
\xf7\xdf\xfa\xf1p2\x97w\xce\xf59\xcfy.\xdf/\
\xa3\xa0w\x22\x0av\x91\x06\x81k\xed\xb8\xba\xe1B\xe7\
\xc7\xeft\xefl\xec\xd08)6\xdc\x0a\xd9u\xcc\x0a\
e\xcb\xf5i\xe5x\xf1.\xab\xbd\xbd\xb1[\xe3\xb7\xb0\
\x96n@S,\xf8\x14\xb0\x0c\x11h\x8aX\xb7\xdb\xed\
h\xbcSknY\xfb\xa9\xe5~\x93Z\xa4\xb0\x5c\xe2\
\x8d\xee\x9d\x83\xa6\xa1\xa5(0\x96Y5\x9f\xb7P`\
\xc4\xf0JwpGctO\xed\xe0\xba\xc6\xe8\xb7\xa0\
\xdc_;\xb8\xb61\xba\xaf\xbaq\xc7`tIm\xe3\
\xf6\xc1\xe8\xc7\xa1\x0c\xea\xc1+\xbc\xd6\xdf}\xaf\x9bZ\
\x99\x8e\xca\x01\x9c\xc1\x18\x00\xf7\xe5\x87\xfb\xa8\x9c\x83.\
\xe0\xadr\xab\x1cH\xf4\xb5\xf5\xb5\xc1\x9f-r\xa3l\
\x83\xc5\xdf\x06\x9b\xa1\xcd\xb6\xb0\x15\x15\xcb\xa0\x16\x95\x81\
\xec\x14\x9f\xfe\x84L=*\xe5\xea\xd7I9\xf4\xdd\x1f\
80\xed\xb9\xac\x06\xbb\xd6\x22?\x87RO\x9b\xd1\x22\
\xb0\xee\x22,\xc0\x1d4\xe2eu\xd9\x9e!\xc4|]\
\x16\x09\x0aR/\x01\xb33}\x16rE\x80\xc8W\xdb\
\x22tn\x06\x9d\x1f\x1d\xa3s\xf3\xff\xf8\xb3\xe1/\xef\
L\xef\x83\xaa\xe2\x9f\xf9\x1bsl.\x0c^\xa3@W\
\xbd\x93\xd9\x99Rmy\xd9i]\x07\x8b\xdf\xc2\xe4:\
U`\xa9\xc1V\x08\x03\xd6\xc5[\x96\xe8D*\xb1\xc5\
\xb6o\xdc\xd4\xaaqX,\x99`\xf90\xaaM\x0a\xba\
\x11/$tP&|\xf7*WF3(\xbaOk\
\xfc\xfc<s=\x0c\xdb\xb5\x91\x02\xaek\x00\xd7\x16\x96\
(\xc1q\x1d\xb7\xf1hK\xd2\x16\x0d\xf6k\x12\xf5\xf2\
J\x0dSY?.tH\xe7D\xb0**J\x84\x86\
\x16%\xe3\x85\x0c\x89\x1f\x12G\xc2\x7fK\xa3;\xed=\
~gc\xc4;\xab\xb6c\x10\xb7k\xc2\xde[\xe5v\
\x1e\xed\xcb`\xbbn\xdf\xed\xde>h\xc4\x03\xa3,\xa1\
\xf2`jU\x9cw\x0a$\xb8~|\xd0\xedn\xbc]\
_`\xb3\xb6\xf4('[H\xf2d\xa5\xb87\xb8-\
\x0f\xee\x88\xf47\xba\x83\xdb\x1b\xa3\xfd\xb5X\xee\x80}\
\xbev0\xdaR\xdb\xb8\xce*\x83W\x1e\xf2k\xdc\x07\
b;\xaa\xf7+\xd5\xaf\xf6\x81\xd8r\xefr7\x03C\
\x98\x86\x1b\xbc6Z+\x96\x8cS\xb8\xf1;\xe0\x95\x0e\
t\xc1\x17\x19\x89!d&G0\xad\x0e\xf2G\x8f`\
NF\xab\xc6\x1f\x97\xed\xe9\xf6L\xbb\xb0\x81\xa0\x01\xc5\
ub\xbc\x040\x15c\xf0\x9d\x9c\x1a\x16\xc4,\xc2]\
d\xfe\x1d\xf1\x5c\xedK\xd87\x04\x98\xd7\x1fL\x036\
\xf4\x0c\xfa\xa8\x16_5[\xc2\xad\x9a\xee\xeb\x04\x01\x92\
\xba\xaf\xe4\x91\xd7\xd8\x17\xef\xbc\xc9M\x9a8\xab\x90!\
\xb7\x92\x03\xf0\xaa\x90\x078\xdb&\xb6)\x93\xeb\xcby\
W\x9c\xcb\xbe\xd8\x85 n\xcfe\xf5\xee\x5cBt\xd6\
\xaf\xa9{\xc8\xb6\x8c\x93\xa5\xb4\x00\xc1\xa6.a\xb4x\
;e\xa6\x5c\x22\x86\xed\xd1\x1e\x1b\xfb\x15\x9f\x14O\xd4\
\xa1\xa7W\xdd\xff%\x95O\xd4\x11x\xc1\xafX\x7f\xb2\
\xe0`\xa8\xcbI\xf1\x07u\xbd\xd3\xd7\xb9\x1a\xdc5\x83\
 \x0bt9\x00\xbaj\xff\x80H\xa6\x9c\xe5\xf0\x88[\
\x99f\xe8V\xe8\xc4r\xdd\xbf@\x91\xee\xdf8\x00\xa7\
\xd5 \xcc\xef J\xa5\x1a\x9e\x82\xf9\xdac\x8d\xc7\xe6\
\x1b\xda\xdc\x86\x9dC\x11\xbd\xc2HDU\x1b\xc5\xcd\x10\
6!:AH\xed\xc3c\x0d\xa2C\xcd\xc1\x815R\
\xd3\xcc\x11\x87<\xa9\x09*\xe1zfbO\xd5jP\
Q\x90\xda\xd2\xa8\xf9k\x9a+\xfa\xe0\xb2\xdb\x87W^\
8\xc5\x01\xe6\xb7\x06Z\xa1\xcb9x0i\x16\x06\xe2\
b\x00\xde\xe3\x13\x1cS\xa5\xd9\xed\x8d5\xc5\x03\x92Z\
\x0e\xec\xa4\xf4\xbavT\xd4F\xc9\x02\x9b\x8a\xf6B\x03\
{\xe0{\xb9v;\xedm\x96\x0eS\xa9G\xba\x02\xfd\
CG`\xbb\x1d\x07\xbej\x06\xf55\xb5#\xca*\xe2\
#\xd0\xb0\xa4\x12\xe0\x87g\x15\xc8\xbc\x14ep\xe2(\
\x9f\x98\xb3a\xf4\x15\xbe\xc0\x9d\x11\x13'\xd6\x85\xef:\
p\xd5\xd0eDY\x17\xd5\x02\x97\xba\xec\xa1\xf9\xe3\x03\
\xd5\xd4 \x8c \x02\xd6c\xfe9S;\x15\xcf\xe7\xca\
i\xda\x9bpr=\xbd\x9a^\xef\xbd\xda-V\xc4\xbc\
\xcbz\xd5\xa2\xba\xaf\xf6\x22\xbe\xc4W\xf9oV\xef\xf0\
G\xfcs\xbcyF\x1dI<\xe1\xe2\xf6\xd3Wc\xd5\
\x96\x1av,\xcd\xe7\x1dj\xf8\xc1JB\xee:\xc0\x97\
\xa19\xab\x97\x06K\xea\x09\x95\xcd\xad\x02\x9d$\x95O\
\x00\xc0\xe6\xaf\x94\xbe\x05\x83\xd6\x01W\xe6\x04\xac\x17\x91\
\xb0\xf5S\x9f/\xdeEPw\x0fA\xb4ppO\x1b\
j\x18j\xd8\x01X\xe36\x00:\x02\xacW\x16\xeaw\
\xc1(\xefB\x91r&\x87l\xcd\xc3\xd8 \x91\xfc\xba\
\xab\x95\x87\xce\xb6\x04.\xb7\xff\xe0u\xf8\x1ft\xe3V\
\xafIS\x92\xd3\xf1?P $`\xe1u\xf6\xea\xe8\
\xa6}\xc1\x9f\xe7\x81\xb8\xac%\xd8w\x09\xafd\xf6e\
\xc5m\xd7\xa3\x0dQ\x17\xc7!hNm\xb6c,\xb0\
\xac\x1a\xfa\xc56\x06\x9a0\x12\xb6W\xd1'\xb4\xc82\
5\xf5$\xcd\xa3\x85L7\xc3\xbb\x93w\xa4\x14\x9d\xd8\
\x1d\xe9\xdd\x19q\xc9\x13\xae\x9d?\xa5\xc0\xcb_\x88\xa0\
\x0f\xe2\x1e9F\xdc\xaai\xa4\xa3\xfc\xb8\x80\x9d\x93\x18\
\x85\x8d\x81=\x94$\x9b\x84\xdfL\x85\x0fL\xed\x7f\xe7\
h/AA_N\xc1bp\x08{\xacO\x82/|\
D}\x05\xb9\x9b\xec\x13s\x04\xec.\xa3*\xd0\x0c\xc4\
\xd5\x91\x1d\xeeK{.O~,\x8b\x97\xee\x5c\x1e\xaf\
\x80\x88E\xfe\xd5\xac\x83\x91\x85a?[(\x17\xfb\xe7\
\xbb\xde\xcb\xcc[o\xf9\xae;\xb0s\xaf\x94\xaf\xdb\x1e\
\xdc\x98\xd6Iy\xcbJ)\xbfx\x85\x94\xbb\x9c\xfe\xed\
C\x00Sr\xc7X\xc5k\x82\xc7\xae\xbc\xcc-V\x06\
\xdf;\xdf\xfb\x94[\xac\x8a\xe9?\xbd\x0f\xde\xc5\x92\xc4\
\x9b\xed-P\xaf]\xe6\xbd;\x90(G\xde\xa0>U\
\xf2q\x7f\xb6w^Y\xdb\xe0G\xd96\xb8\xee\x02\xd7\
\xfbg\xd3\xbc\x9a\xc7-\xdc\x8b`\xd7\x00rRF\x0e\
\xc8\xcd`\xd9\xe9\x87\xdbC?\xde!@\x14z\xcc\xdf\
u,\x14\x0f\x03\xfc`\xdaD\xcd\x86\xea8\x19\xe6N\
\x9a\xc8\x9a\x93\x06\xab\x0c\xe5\x86\xd1\xb4\x13\xb4d\x0cg\
:\x5c\x13u\x19\xdc5t\x1c\xa4T\xa9t\x93\x22V\
,Y\xac&dI\xa0-3\x1b\x9b\xb6u\xf3u\xc8\
\xd0\x8eq<\x81\x22\x1c\xeb\x93}(\xbf\x16\xa8/\x9c\
\x91\x1f\xdeC\x91\x0b\x0c\x02R\x81V=\xc9e<o\
\x87\x94\x07\xbd\x19Z\x1e\x1c\x96\xcf\x06\x07U\xabPD\
G0>#\x86w\x92\x0f\xdaQ\xc3\xdd^P4\x94\
\x8f\xde\xe7\x1aM!o\x13\xbe+\xcb\xf3\xa6m\x0e\x04\
\xc8\xf6\xc3!\xd8m\x1fm\xc1+\xe8\x02\xefG\xa1d\
\x87\x86\x12\x11W\x04\x18^\x94'C\x86B\xa6J\x0a\
5\xc26\xb7\xbb\xa1\x98\x9b\x85}\xc8\x08Js\xa1\x9e\
\xa9\xa1\x08:\xb0\xef\x117\x15\xd1\x1ew\x14m\xc6(\
\xe2\xf0\xcd\xda\x041\x02\x9b\xa6JQ\x85\xdbB\x84w\
\xb1!\x971\x17E\xc5\xa5%\x8d\xe1\x8c%h\x917\
\xb1\xc9M\xd2\xf9\xa9\xca\xa4q:\xceC\xcc\x13`j\
>\xe3\x14\x02\x92\xdc\xfb\x0f\xb9/%\xe8\x8a\xc24\x18\
i\xaeHnJlJ\x90\xad\x0bT\xc0\x110L[\
\xe6!\xb4f\x13k\x057z\x8c\xf6\x95:\xef5\x8f\
X\x12\x03\xb02\xb6\x90\x9cC\xfb\xb5B4W\xf4\xc3\
f\xeaGu'\xc6\xc4ysB:p\x5c\xf1K\x1e\
\x0e^\xda\x88\xa3y\x82I\xa3\xa8\xd6\xa1\xc3\x9e\xd5Z\
\x1f\x00\xed\xab\xd2\xa8\x80u\xf5D\x88f1\xf2\xc0\xa2\
\xe3l\xb0i\xf2\xfaEA\xd1\x9b\xadW\xb7\xd9\xa5@\
:\x17\xa6\x0e\xd4\xe8\x11\xe8\xf5oS!\x1f&\xfe\x0b\
\xb3\xb6\xc0\xba\xa8\xcb\x93\x18\xd2\x99L\x88U\xb2\xe7\xff\
\xfc6\x10\xcc\x7f#\x13\x9fH\xcb0OI]]W\
\x16^\xd0\x0cH=\xd0\xdb^\x1d\xd5\x0d\x0ah=Z\
\x87f\xf3\xf5\xcc\xd4\xaa\x95\x22a\xd1\xfd\x05mQ\xab\
\xe7(PURx\xbaU\x03\x8e\x17?>\xdc \xb5\
I\xab8KI\xf18\xccJ\xb1\x9a\xd5\xc8j\x7f-\
\xfc\xe9\xc5\x7f\xae\xfe\xeb\xc7\xbd\xc5e\xe4\xfd\xaa'\xdc\
\xff\xb6\xa2\x82\xa2\x9d\x95\xd0\x90\x5cr\x12*\xcb\xba\x0d\
\x19\x97\xa6\xdd\xe3\x80\xf4\xe7\xea\xea\xf6\xd8!Q\xa7\x0b\
\xf5L[T'\xb9,\xd4\xdb\xac\xd7\xa7\xf1\x9b\xcb\xf1\
\xe2\x01bYq\xa4U1\xcf\x8aC\xb2\xd8\xaa\xc1P\
\x80\x83Y-X\xc1\xeb\x96\xce\x11\xcc\x9d7Y\xf4`\
\xc1\x8a\xb2\x05K\xa8\xdc\x95'\xf9\xdc]~\xc0\x9d*\
jp\xafV4\x92\x84\x18\xa0KZ\xedY\x1cN\xcb\
 F\xc2\x02s\x15L\xd6\x02o\xa5J\x08u\x9f\x05\
A\x5c\xe8\xf9\x09\xb1\x9d\xa2\xe8\x9c\xc3\xd2<\x90\x1a-\
0\x1a\xbal\x86\xe7lT\x07\xefx\xe2\xd9%\xb5\x7f\
lY8SQ(^\x9c,\x9c2\xfcFM\xdak\
t\xbd\x7f\x8b\xa5V\xbb\xde\xe3\xb1\xec\x1a\xb7\xe8\xc4\xbc\
w\xfd\xca\x1dm\x89\xbd\xdf\x9f\xe3\x8e\xfcK\xac'\xef\
\x16#F\xcd\xba\xf0W\xee \xde\xe8\xf5\x09(8Q\
\xd4\xd4\xaa\xf5\xe6\xcb\x1b\x98\x19\xb1\xd28\x1d0\x5c:\
\xd1\x95\xe8\x22\x02L52JY\x00\xd4\x89\x82R\xa5\
G\xd5\x84a\x19\xdcY\x1b\xe1Q\xeb\x14\x91+\x0a2\
\xd0\x9b!\xaa>\xc2\xe7\xaa\xa9Eux\xe40I\xdd\
\xb9\xc1\xc37#\xef\xa5\xd9\x8a\xa6FR\x8e.\xf0\x1d\
 \xe1Z\xa0\xed-hd8\xca7\xac\xe7a\x1f\xa9\
\xbc$\xb9\xa1\x17\xde\x1d\x82\xf6\x0f\xe0\x98\x9c\x01\xbfy\
6L\xc1\xcba_\xc5)\xb35\x06\x86 ]\xd6\xc4\
\x87{\xb6K\x91\x5c\xe4\x16\xa3\xb1\x90\xfd?\x18\xe5\xa2\
\x88\xe1\x1b\xde\x1b\xbcKT\xc5\x8fx\xafS\xa2S\xbc\
[\xbdY\xe3\xbd\xd1[k>\xe5\xbf\xc1\xab2\x02t\
Uuqvl\x87\x7f\xae+O\xfc\xb6\xdey\xcb\xaf\
\xddb,\xe6}\xde\xbf\xd5\x9a\xd0\x17\x9e\xf8\xe7\xdc\xe2\
\x1c3\xf1\x1f\xfb\x8e\xbb\xeb\x0f\xab\xa2W\xf9g\xdf*\
\x7f\xe8\x9d-\xd3aO\x7f\xf0vq.I\xf7\x1f]\
\x0c\x7f<\xef}R\xfd\xf7\xc2}Sl\x18\xfe\xe0\xb7\
\xbd\xfb]\xc3#\xa5\xf3'\xa5\xbd\xc3GY\x22\x06c\
\x9e\xd0\x0e\x9evD\x8e\x04&\xf4Q\x14\xcbv\xed\x18\
\x9cZ\x85\xfa\x06\x0d9\xb9\xb1I\xe3\x95$;\x8d\x0b\
O{[Wf\x07\x1b_(J\xc6\xc4\x9b*\x9f\xfa\
-\xb78x\xff\xff\xb7\xfc\xf0\x8a\xdb\x01`\x938\xa1\
XA>\x1e\x9c\xd8-\xc6\xfd\xa0\x9c\x9e\x956\x12I\
\xe3\x1a\xed\x1b\xd7\x09s\xf0\xe5\xdf[q\x0f\x1a\xbc\xa2\
~\x1c\xa5\xe0\x18\xdf?*0+\x02v\xba0U\x0c\
@\xa8\x8aO\xc4\x84G6M\x88v\x18\xbc\x03I\xe3\
\x5c\x8e\x0e<[\xd9\xcc2N\x12vI\xca\xf6\x15\x0f\
\xa0\xc8\xa9a[\xd4\x19\xac\xf8\x9c\x81bJ\xd5\xf2(\
\xba\xce`\x177\xe4^\xd5\x14\xea\xb6m\x83\x1f\xd9\x86\
?\x05W\x95\xb9uu;\xfb\x81:\xb0\x17Y\xec\x1c\
\xc8\x9f\x9b\x05\x09\x22\xf3Q\xa5\x19\x84\xb0it\xe5\x9b\
4\xce1\xdan\xea\xf0\xec\x06y\xddMq\xbb\x1co\
\xc9T\x95\xfej\xff\xd3n7ZK\x95RAC1\
\x1bU\x9f\xdd\xd0\xf2\xbb\xd4p\xd4\xdf=V\xf1JE\
Ay\xe7\xaa;\x83\xf9\xfe\x8dz\xc6\xbf\xe7\x87?\xfb\
\xe9\xb1\xb1\xff\xad~\xf9\xa7*\x0f\xf5,\xef\x15\xaeL\
})\xd1\xd7\xef`S\xe7cf\xe2\xe6\x9c\xf6\x05\xf5\
\x04\xef\xa8\x05\xb2\xf1\xd6`%\xfeg~x\x8d\xf8\xd1\
\x0f\xdd\x16\xd9\x92jI6\xc0*l\x800\xb4\x06X\
\xdc\xeb@\xafY\x0f\xeb\xa8\xa1\xb1\xa1\xb1\x11\x84\xd3F\
HVlAulDK$b\x81|\x9e\xcd.G\
\xd8&}\x0c\x02\x14\x94\x18\xfe\xd2W\xc1\xa64V\xf1\
jU\x9c\xa7\x06\xf7\x15\xf9\xe1\xaf\x8cU\x9c\xaf\xfe\xbe\
\x00\xac\xec\xaaxm]\xddvV\xa8/\xf9\x9cK<\
\xde\xa0\xfb\x1dg\xddO[B\xb9v\x84\xb8\x85\xd5\x16\
\x93T\x1e\x81\xac\x98\xe3\xc0\xd0\xa7K\xf5\x145&\xac\
\x82\xc6\xf0\xa4\xef3I|\xe3p}\x82\xb7{3\x22\
\x1d\x85\xed\x93!G\xa41P\xf3\xd9o@\x7f\x0c\xf7\
'\xd9\xa0A\xea#\x91:\x1e\xa5T\x1b\x18g\x87\x1e\
\xc0|\x92\xd9\xacL\x98\x1a\xfc\xdc\x09\xf0\x90\x1e\xd3i\
f&\xe1q\x04\x14{\x96T\xbe\xed~F]`T\
\x85/\xa5\xa2\xbdI\xe2\xfe\x0cc\x14\x19\xaa\xdb\xa0\xd7\
\xe8\xbb\x12\x7f\xfdS\xb78/\xd6q\xa5[\xac\x09\x9d\
\x16\xc1\xf4\x14\xe7\xc7B\xefzgxW\x99?\xdf\xe6\
}P\x9d\x1b\x97\xf9\x1fR\x1fT\x18v\xa2\xf4\x1b\xfe\
\x1c\xefB#\xa5\xcf\xf7\xee\xd5\xf6\xc6\xe4&\xdb\x8b:\
j\xee\xfd\xec\xea\x1f\xa1 \x0c\xf5q!\xfd\xca=\x9f\
s\xfa\xbc\x8f\xb1\xf7c\x1ez\x9277onF\xcf\
\x82\xa1\x06W\x94\xc8I+\xfb))\xae\xaf\x97\x1fr\
\xfed\x80`\xf2G\xd7?\xecP~\x88\xcaL\x93\x19\
\xa4Q\x9eO\xd8\xcd\xaa\x03\x9b\x83\x7f\xba'\xfa%\xf0\
\xb8\xf4\xadq\xe5{\xf7\xec\x919\xc7\xa8\xc9\xe8\xc3\x8d\
2\xb9}\xc4^\x94\x9b\xf0\xbe\xaf\xf2_\xc5\x17\xff\xc6\
\xbde\xb9\xfc\xab/\xde\xe7\xd4xwU\xab|\xf96\
\xebt+\x0bWE\xeb\xba7\xf8\xf1#\x1a\x0d\x8bM\
\x0d\x8e\x81\xc4\xe2Z\x04C\x8b\x82\xcf{\x97i8,\
\x8a\xb7\xd4\xb7\x03c\x9c*\x92\xf6\x88\xe6\x86\x0b\xfa\xa2\
\x04\x9fU\xca\x99k\x0a\xc2\xe2\x92\xbd\xc2\xbb9Z\x1e\
\x14Q\xac\xb8\xc7\x99\x00\x181uA\x04\x025\xd8\xaa\
Q4\xf0\x88f\xa1\xb1\x7fn\x04\xc8\x93\x94\x9f\xdf2\
\x83UqT@\xc9\x15\xfa\x14\x9bd\xc4\x91\xe5\xd1i\
!0\x1e\xf0\xefr\x8fD\xa7\x85\xa1\x1b\x0c\xefd\xe8\
\xc7\xe2\x82\xe8\xda@/\xba`:Hwa\xda\x09\xe8\
\xf7\x14\xd9c\x8eD\x0f\xadu\x17\xed=hBi\xde\
x\xb9\xdb(\xb5\x06\x841\x13\xbc\x9cL-\xd0\x9ez\
\xf1\xf8\x9c\xad\xd2\xb7\xb4G*\x81\x97\xb2\x93\xec0:\
eb=\xccQ\x1bh\xe4\x90\x8b/\x0au\xf62\x8c\
\xf1\xd24\xd7\x93y \x93\xcfPN\x94H\xb2\x1d\x8f\
\x8bb\x81t5\x9f\x8d\x89P\x1b\xd1\x90\xa0\xdar#\
\xe1L\x93\x1aB\x5c\xfb!N\x80wP\x97p\x0c\xcc\
\x85@\x1d\x0e\xa4\xed\x86`\xef~\xedn\x85r\x0b\xc8\
\xee!)\x86\xf4\xb5\xa0\x03^m\xc1+\xcdQl\xfb\
\x1a\xf4\xdb\xe8d\xff\x15\xe0o\x92\x22s\xd0-\x9e\x11\
\xd6\xd4\x83\xb1-\x9e\x19\xc37\xbc\xd7\x07\x1azP\xf1\
\xab\x02\x8d=\x90\xb8\x15\xca\xc8qf\xf0\xfa\x85?7\
\x9f\xf2_\x1f\x88_c\xea\x08\x16Fq\x81\xa9\xac]\
\xec.\xd2<[d\xe1I\x8a\xd7^\xe7\xd8\x09\xaa\x14\
\xff\xaa\xb2T7<\xbf\xcd)\x8dZ\xd5\xe9\xe0\xf6\xad\
\xbc\x92\x96\x15\xbb\xe2E\xffbDh\xd30\x81\xc9\xa4\
\xd8\xb8\xf1\x01\xb9q\xc0\x19\x97!\x8eXl\x07\x1c\xcb\
\xa5\x8e\xcc\xd8\xe5a yc\xaa\x95\xfb\xfcz\xb9\xd5\
\x81\xcc]\x93\xadH\xa9\x19\xaf}P\xf7K7\xb3K\
f5@\xebl\xd0\xbc\x05\xf8\x05\xa3\xb0\x04\xa3&\xaa\
\xb0P\xc76Y]b\xd6g\x02\xcee]&\xc1\xb6\
\x8f\x1aO\x8d7\xcf\x0bn<g\xc5\xb82\xd4\xe6f\
Q\xc5\xa8\xb6\xe3\x93Lx\x07\xa6\x97\x82\xa5^\xdb\xeb\
\x01\xb7\x80\x9f\x093\x84\x89\xac\xcan)\x0e_\x17\xca\
\x1a\xa3\x1c0\x98\xa1\x0b\xb79\xe3\x83\x04 \xd5\xdfB\
\xe2<M)(\xac\xda\x8b\xd6\xc5N\xc9\xd5Dgx\
%\xc5\xc0\xc6\x8f\xc9\x81\x01`+.\x09rP3\xd5\
z\xc0\xb1\x15\xfd\xd3\xf9\xe1)\x05?\x88\x0bq\xa6\xac\
\x9cW\x0a\x1c\x14\x87\x1f\xd4\xfd\xd3\x13m\xcf\x94\x0e\xd7\
\xca\xf6\x0a\xcc\x0bS\xf7]\x15\xb4\x81R\xfdN\xd8\xb2\
wb\xd8\xef\x02\xf5\xea\xb3\x05M\xe4|;\x95 ~\
\xfe\x13\x94\x02\xed*}\x9a\x9c\xb7\xea\x06\xd4\xba\xa6u\
\x0d\xec\xcb\xf5\xc0Q\xdcH\xe5\xb3\xa0\x84\x16\xe8\x9a4\
\x0aw\x1e\xaa\xaeFC\xcb\xd3\x14\xaf\xae\xa2CU;\
\xfbmK\x0a\x1co\xb5\x10\x93\xb1 \x9f\xdf\x0aJ\xdf\
\x10\xde|j\xf1\xaa\xb2;\x0b\xd1&\x22=\xe0`\xca\
\x85\x0e\x15\x9d\x07\x92c\x1eX\x92\xe7\xb1=pN\xa1\
\xbe\x05n\xf7-\xc8\x95},\x90\xaaM Q\x9a\xf0\
\xa8=\x02\xdb\xa3P\xa7$\xf2\xb3\xb0\x84\x81\xec\x00\xba\
\x1b\xf4\xac\x95\xca\xa3q\xc8\x9b\xe1\x94\x19p9Q\xb5\
#\xf8\x16/\x96g\xf9\x1e\xf8\x14\xe7\xa7=\x8d\x83\xbc\
\x96J\xc5\x0e\x0e\xb6Y\x9dTeL\x9c\xa7\x99V\xe1\
\x14\xe1\x0f\xa01\xce$\xa1\xc69-\xfe\x0b\x81\xfa\xfd\
;\x8e!;\x04YA\x98\xcc7H\xe5\xf3\xaa\x87@\
\xfd\x0c~5\x97\x001t\x0d\xce\xe8\x85\xa0\x82\x9d\x13\
\xcc\xf6N\xd4\xba\xcfB\xbf\x15\x121\x98\x9a\xe2t\xa8\
8#><\x18\xfc\x83\x0a\xbeD\x1f\x13\xf67\xce\xd2\
\x19\xaeu;\xa5\xa8y\x00\xd2\x14\xcd\x81\xa1U\xf0\x13\
<\xa2\xa6\xd0^s\xb8#\x1dQZ\xe9'\xa3\x12\x17\
l5\xde\x9eP\xf3?\xc1F\xa3\x13\xda\xc8\x88\xe1.\
p\x8b\x11\xde\xa7\x22\xb6I\x1d/\x1b|\x9b\x9cm\xdf\
+\xe1#\x88\xab\x92\x09\xc6\xf4\x87uuw\xdc\xb8\x0d\
.\x84\x03\xf0\xdb\x0d\x0a\x85&\x8f\xb7\xae\xe7L\xbe\x94\
\xa9\xc5\xf3LK=\x8cki\x03\xc6\xc8hx5\x1e\
\xf7\xd9\x94\x86^1\x07\x00\xae\xe6\xc15~\x1e\xc9\xd3\
\x8a\xb9\xe8\xed\xd6\xb1((\x1a\x050\x9fD\xd0\x0a\x90\
E\xf3\x154\xfd\xd5\x1c\x95\xf9\xe7\xaa\xa1z\x1fQ*\
\xc4`\x16\xbe |1\xf0\xc8\xae+\x06\x1e\xfbR$\
\xdd\xe5\x84<\x8f(\x0a3R|\xf1\xb3?\xdf\xf8\xee\
\xd5\xdf\x8f\xa0\x12vH\xeb&\xb8oU\xdb\xd7\x88o\
58`-h\xdf\x8a'@\x0c\xe5`.I\x19@\
\x1a\xf7\xec\xcf\xa3\x92\xd8\xde\xf5\x06\xaf\x1f7_\xb3q\
\x9eq^\x8f\x80F\xb9\xcc\xbf\xc2\xb5\x83\x1c\xc1\xae\x08\
a\x06\x0e\xe7<X5\x0d\x9f\x8a\x8f\xd0\xbd\x9a\xcb]\
\x9b\xa7#?\x909D7$\x86G\xde`;\x984\
(\x82\xa3\xae\xae\x11b3\x9a\x9b\xda\x9a\xda@*$\
\x1a\xa5\x98\x82\x9a\x06\x17\x0cD\x07\xeb\xc3\x12\xf6\xaf\x06\
\xf3!DnQ\xf3\x90\x97\x08\xe5\xce\x04\xedJ\x8e\xb7\
\x1ca\x0e\x86\xc9MI\x8a;?\xa9\xb9b\x94\x99\x01\
\xa2\x9a\xe2\x81\xf0R{\xbb\x89\x92v\x95\xb4x\x1aN\
\xc3\xa7\x94\xf6\xfb\xb0\x8a\xf1ZH\xef\xa8(\x9a&\xc8\
\xd8l\xc2\xbc\xcd?@\x1a_A'\xd0\x0e\x88;\xef\
w2\x1c\xc3\x1f\x1fNv)\x08\x152\x7fkAC\
\xe5)\xf2\xb8\xb1\x19]\xdc\xf6\x09\x07s/\xe0\x92\xfc\
{\x86n|\x9a\xce\x0e\xa9_\xd5\xb6\xf5g\xd0(-\
n\xfb\x86C\xe8#\xa7\x19L\xc1:\x96\xed\x03\x1a/\
\xa5\xe2\xeb~\xad\x1b\xe6\xe32\x11/a03\xe2\x04\
\x0e\xa1\xdbL\x8b\x8b\x8b\xb3\xeb\x19\x11\xad\x1c^\x1a\xa1\
\xa9\x85\xd1m\x18\xf4\xa6<$\x8e\x06\xcc\xa1|\x04}\
c\xa9\xae5\x90f\xc4\x19\xc4\x8a~ID\xc9i\x8a\
S\xd1~\x18\x87\x11\xa5t'\xf3\xf9\xe9w\x92\xe9\xc5\
\xa7@\xa66\x1d2\xa4P'k\xbc\xc5\xde].H\
\x85vH h\x85cb#\x95\x81\xf0k\x92\x8d\xc2\
\xbf,\x22\x07\xe1\xaf-d\x08\xd2e\x0c\x82\x15\xe7)\
@\xa9\xa6\xdd\x8e\x05\x9bRQa\xa3(\x1b\x04\x08\x86\
\x8f\xa0\xe8\x09\xb1e\xa53\x80\xb2b.G]\xce\x05\
-\x13K4%\x0fh(\x93-\xbb\x9d\xf1Q\x1a\xf8\
;\x0c\x97P\xa1\xd1\xdf-O\xa6x\xeb\xdf\xba%\xe2\
U\x87th\x8e\x1bc\x09a\x7f\x9bU\xc3/$%\
;H\xc7&\xf2\x92\x8e\xe1\x170n\xc5\x18W(\xb6\
2\xf4t\xfcF\xd0\x06I\xc9c\xf6) ~Y;\
I\x9bKP\xd0K\xa1\xaf\xca\xbaK\x09\xbdf\x1c\x88\
\x0e\xd3\xb5\x9c\xb6bnB&\x22\xddv3F\x88\xd6\
9a\xdb\xfd\xb3\xfd\xb7\xb8\xde\x5c\xef2\x7fn\x09\xd5\
\x1f\xae\xc8\x04\x95>\xe8\xfa\x80\xe7\xba\xe1\xc6\xc8\x14\x17\
3~\xc4\xca\xdf\x9a*\x15\xe0Wo\xbd1j\x82I\
)h`\x9a\x14b\xd3\xe1\x1e\xfcjc\xb4]c,\
e\xe0SY*O\xc7\xf9^\x05\x18\x8d\xd7yg\xb8\
\xd3\x11\x00\x0cO\xfb\xce\xe8K>j\xbf \xfcH\x94\
\xd9\xe4\x83\x9e<\x1f@\xf8\xad\x1d\xaeNi&\x19\x9c\
\x1f.m\xf4KG_\xfe\x8b\xa9\x82^\xe2wq\x5c\
\xf0LM\xe8\xf3\xb4\xc6\xfb\x86\xd7\xe9\x16\xcf\x8e\xdd\xda\
\xe2\x0e\xb5\xcbM~\xcd\xdfK\xff\xa2\xd6DkVz\
\x17\xf95\xdf\x96=C9/\xfaq\x87?w\xf1\x0e\
\xf7\xaef?\xfa\xf1o\xae\xf3\xa2\xdf\x9a\xe8\x1b\xdf\x5c\
\xe7h\xf3\x93D\x0f\xcdi\x0dy\xa0\xcf\xa5\x01qA\
\xc4\x0e\xd6\xd0fQ\x88%8\x01'\xf4\x09v\x8b\x9f\
\xe0;\xaa\xbax\x7f\xc6?\xd7\x81{\x03*k\xb5\xac\
\xb9\x9e\x0d\x1e!]\xceW\xd7\x923\x0bt\xcds\x19\
\xd0\xd0ee\x8e/ \xc2\x7f\xb8V\xee\xcc\x82\xa6\xd2\
\x0b\x9a\xa6x\xf6\x22\x9d\x09\xd6\x8ew)\x9f\x95\x8dS\
\xac\xd0\x053\xbc9E0\x89\xac\x18WX\xa8ny\
\x1dr#n}\x9dv\x0e\xca\xdb\xd0\xfez\x88\xd2\x85\
\xb9\xb6\x0eq?\xf9\xa6|'\x8e\xcb9\xeaR\x0c\x04\
p\x87\xba\x5c||\x8c;?;\x9f\xcfA\xefu\xd9\
\x0b\x91\x1e\xfd\xd8\x94(+\xb4Q-\xb7\xea\xb5uO\
x\xe7E0\xb6\xfde\xfa\x1a\x01\x17\xb3\xfc\xed`\x93\
\xbb\x1d\xd1\x0f\xfe3\x8e~\x92\xb1\xdfrT\x87\xa9=\
\x896\xfd\xdb\xa0\xb1\xb7\xa1\xa7\xe9\x99\xf8\xf0Z\x84n\
\xf9\x9d\xfa\x1d\xd7w\x5c\xef\xe5\xb1\x1a\xefJ\xefL7\
\x9dNI'\x94K\xa4\xc3\xe3\xeb\xc7A\xe1U3\x95\
\xc8,%\x000\xb7SnG\xe7\xfd|V\x87\xe7\xb1\
\x8a<\x8f\xf5\xfa\x18\x92\x0d\xa2\xc9\xc8\xd4\x9e\x87\x0d]\
\xe0\xdb\x92.\x9fC\x84\x9e\x0d\x9b6lR\xcea\xb5\
\xca(b__\x9d`\xb4\xff\x8c\xf9\x01\x17\x16\x94\x17\
0\xa8\x8a\xbb\xf1\x95W\xc0\xc5B\x0d\xd7+A\xb0\x05\
\x9f\x95\xf7`\x08\xd79p\xcb\x80\x89\xe4\xda\x02\xa5\x8b\
=\x0bnN\xf5\x9a\xd2\x9f\xd3\x0c94\xca9Y\xa3\
x\xd8\xb4\xc3;-x4\x1d\x87V\x1f\xd7\xf9\x05\x04\
\x1b\xa1\xe3\xbdG\x81[Q\x97\x1e\xa2\x924\xc3\x13\x9b\
\xd1\xf6}\x8c\x11\x13\x8f\xaa\x0b\x93\x8c\x9a0fb\xdf\
5\x09\xaeG\xf9\xa8=\xa1\xddl\xf5\xb6c\x82mv\
\xe3X=(\xf8V\xf8W~\x894\x929\x1c\x01\x11\
\x8cf_\x7f_\xb0D\xe74W\xf4\x0e\xe6\x06sp\
Q\xea\x22{-\x9f\x15\xb0\xf7s\xa8\xb8\xc4\xc0j5\
;oe\xe1i\x09\xabl:\x11\xd4Ts\xa8\xc3\x92\
\xb7DlJ;\xd4\xbf\x11\x94?mZ\xe0\xa5\xa2\x8d\
\xf6\x88\x9c\xc0\xc8\xb5\x8dTB\x5c\xfd\x11<c6P\
\x194hCW\xf0?H\x05E+Np\x9f\xdc\xd8\
k\xdf\xb1O\x90\xa7\x1bn\x1c\x99\x94cR\x84\xba)\
\xb7\x06l~O\xb2y\xeew\x0c\xac\xf2\xb4\xc2<\xc7\
\xf29\xf5\xf8\xb3\x10Mww\x8b\xceO\xb8\x13\xe6f\
\xb7\xf0\xea\xfc\x8b\xdc\x94\xcce:\x92N\xaa\x16w\xdf\
\x18\x83\x9bT\xe2\xe2\xcd\xb6S\x96\x95\xb69\xe4\xb1\xa5\
\xear\x98T\xb8\x8f\x1e\xcfg\xd0\xda\x9ev\x1d\xe8\xa5\
\x96\xc5Q\xf2\xd5#\xc9)B\x01\xec\xa2R\xa8\xcdt\
f\xc1B\x0f\x12\x9b\xa2\xb2\x01;{\x98\x1d\xa5G\xf8\
\xd2}\x84\xee\xc9\xcaw<\x04\x06U]n\x03C\xeb\
vt\xb8\x0e\xa2\x82<\xcf\xa4*\x81qYA\x91e\
\xd9\xdcYI\x00\xe5\xac\x1f\x8a\x10\x8c*%\xe7!|\
\xc2\x090\x17\x1e\xcb\x939\xed\x08g\xef\x98\xdaa\x94\
%\x0d\xed\x22\x19)\xd1u\x017\x1c/\x845^\xd6\
kvA\xba6vcW\xab\xd0\xeb\x0eCGW\xfe\
v\xb4\xff\x05#\xdb\x9f\xc8\x11\xa7\x16[\x22b\x8c\x84\
\xa0\x01h\x10\x0f\xa8]\xfb^\x129\xc7\x0ew9\x9d\
\xcfw\x99\xc8r!i\x8a\xf4\xc2>\x0e\x86\x0e4,\
\xc0\xf2\xadk\xe9h\x86\xa5\xbeQtD\x08\xb0\x1f;\
\x98\xc4M\x90\xd9\xd4\xd5\xd9\xd3\xe1\x90\xce\x03\x8e\x92\x8a\
<\xc1p\xab\x88\x08\xbc\x9ep\xf2\xeb\x1c>\xadM-\
X\xb7\xad9XV-xB\x1e\x83`\xbc#\xa4R\
\xcbhy \x9a\x5c\xc8i\xcf\x8e\xfcQ{W\x1f\x05\
M\xe0\x08\x9f\xff\x87\xd9OwX7\xa0\x1e\xcc\xab\x94\
\x89\x15t\xbee\x03<v\x9dI\xd7\x97!I\xaa\x8e\
\xe3D\xda\xb1s\x11O\xd5Y\xe0m\x996\x0a\xfb4\
\x81\xf5:^!(;\x0d\xe1\x91\xde)\x99\xac\x13J\
\xbcW4\x03\x9c\x1dk\x01\x86\x18\x0fj\x06\x8fe\xcc\
VD#\x04F\xa8i\x11:\x0bl\xb0\x93\xe6\xec\xcd\
\x8a\x07W$\xb1)\xf8u\xbd\x9f\x1d\xa0\xe9\xadF\xa9\
\x98\x15\x8d[\x12]\x84\xea:G\xcb\xd2\xbc\x9e4\xf5\
\x1b\x038;\xa38[\xad-\x18\xc0\x10M\xda\x1e\x8c\
\x08\x03\x81\xce\xb61\xe4\xe8\xde\x9f',\xda@\x04\x99\
\x14\xc0\xfaP\xa2{I\x81\x17\x92D{\x8b\xdd\x82\xc3\
x\x9c4\x88dKr\x8dL)\xa7\xd4\xef0\xa3\xe7\
v\x5cjO\xf3\xf2{\x1a\x02\xed\xfe\xa0\xfas6\x8b\
\x15S\xab\x850B%\x9c\xce\xe1\x15gj\x0b)!\
\xaf\xa2\x16|\x81\xba\x5c\xa0\xe4o\x0dz\xf5wP\x09\
\x90\xd8nA\xe5@+\x1d1\xddMN\xb6s\x09\xa8\
\xaf\xe2\x1c60.\xc4>\xf4\xa2\x96\x1f\xc5\x08\xd0\x1e\
.!m\xaa`\x81w\x0a\x9d\xf4\xdc\xed}\xc9-\xba\
1\xff\xba\xea\xa0|\x8f\xd7\xee\xda\xd1\xbec\x00\xfcW\
\xcae\xa3qc\xf2\x1a`\xde\xd8\x19\x06W:\xe6/\
\xbc\xdd\x8e)pJ\xe2\x9e1\xb4*\xc4\x19b]h\
+\xf4w\xeamz\x18\x9b(Fc\xf4\xd6\x9b\x80e\
\xd1\xb8\xdb1\x7f\xa5lX\xd9\x0a^CX\xcb\xeb\x07\
\x18\xe2\x05\xcf\xf1\xafum!;\xa6\xa2T\xa7\xd5S\
\xcb\xc8\x00f\xa9\x89\x00=\xb1wa\x90Nm\xa2!\
\x94\xebL\xb8/hy\xa8\x00\x8cK$\x032\x84\x0c\
\xa1~\xf8o\xf4^\xef\x868$\xa0\xa1\xf1|y\xda\
$\x9eZ\xc3\xf4\xa0\x1d\xfdue\x06\x8d\x9b@a\x90\
bw\xa3c\x07E\xea\xe9 \xf0\xe4\xf0\xb4\xa5\xf5|\
\x94Np\xd8re\x16F\x1a\x07\xb0\x82q\xbf\xc1B\
\xf8\xce\x8b\xa6\xd59\x0a/\xb4\x0fO=\xd8\xf5aj\
%\xb3^\xc6\x18\xacw\x06\x1d\xcc\x87h*J:6\
\x9e\xe1\x08\xf6\x02w\xceO|\xdf-\xd6\xc6\xbcU\xb5\
A\xe9\xdfpux9\x06-\x0c\xf1\x89\x98\x15\x10f\
\xf4(\xd4Y\x5c(\x13o2\xb1{\xd0\x09m4\xdc\
\xa12\x0dD!\x85\xba\xc9\xdb=\xcd\xcd\xf5\xcegK\
\xf7\x16\x9a\xbep\x9e\xc2\x16D[f`\x8d\x96CY\
\x8e(\xb8*L\xd09k\xa5\x81\x89\x82\x13\xcbB\x89\
\x0e\x1a\x00[\x97Z\xb8`\xf0\x97\xf0\xdf\xe5\xbf\xdf\x9d\
\xe9\x1a\x17\x83a\xcb)6\xb2~*\xcba<\x0f\x0c\
\x09$\x12Kc\x046\xc5\x0b[4\xaet\xc6/s\
\xd8#\xe5\xf62\x80\xddV\x18\x09\xe8]\x1b\xee\xa9\xa6\
\xc5C\x01Lb\xb8\x02A\x01K{Y\xa9\xb1\x885\
\xaep]\x09\x8a.\x8b\xff\x90e\x14\xce\x12\x88\xb0\x9b\
^\xbb\xc32h\xd1\xd7\xdd\x12I\x99\x0e\xf3\xe5\xd0\xe8\
MM\x02\xca\x925(2\xad\x0e\x81\xffV\xf2\x0a-\
+\xd7)\xe0\xd9Zy\xd6\x1a\xac\x1bw^\xfd\xc0_\
\xfd\x22\x9b^^\xbeI{Z\xa7\xd9|lL\x9aJ\
\xddl\xc4\xa8\x09n\xd0\xb5\xdeMn\xe87\xb1\x992\
%S%2I\x0f_O\xbb\x13\xde\xc6\xc4\xa0f\x13\
\xf7h\xba5\xc3\xebS\xc2\xc6\x86\x02\x8d%e{\x8f\
3~{\xa8\xb9\xa3\xd9\xb3GJ-\xedw\xf9\xefz\
!iJ^[\xfd\x8d\xdc&g\xfcV\x08\xda\x0f\xe2\
1\xd4\xda4JL\xc3VG\xd3\xbb)W\xa2\x8eX\
\xfc\x170I\xe1,*\xe1\x7f\xdc\x9b\xed\xda\x1e\x0c\x0d\
\xadW\xd6\xe5A\xce3\xcb\xddQ\xea\xf8\x00\xcb\xa5\xea\
K_r\xdc\x19F\xab\xb1\xcc2E.\x86\xf1\xcb\x83\
G\x9a\xe1\xb0\x85\xb7\xfa\xaaq\xc7\xf1$\x8d&g\x18\
.\x13\xc3\x01\xc0C\x1cj4;\x89\xf4W\xea\xd3\xd6\
\xca\xa4\x95:\xc5\x86\xfa]\xedn\x89*\x9a\x0aS\x0a\
\xf2\x92\xd3_\xe8\xcb8\x19\x9b\xf7O\xfb\xbc\xd8\x1eX\
a\xb3\x9c`3\xca\xba\xb1\xb4\x0c\xb3\xcf\xc2\xd6\xa4c\
\xfeJ\x91\x14\xb7\x150\xdaQ\xc8\xc9\xd5\xfc#\xb7\xfc\
\x22\xb5\xf6\x864\xa7\xf84\x9a\x9e7\x88\xe7\xb0@+\
\x0d!\x03\x1b\x17^\xa0\xb9\xe3\xa4\xa5\x7f\xbd_\xe3\xca\
\xe8\xf8\x13\x93a/BG\x1f\xedx>K\x8e=V\
8\x1eVL&b\x10\xe3y\xd3\xcct\xa5\x8a\x83}\
p\x10\xaf\x1do\xb5W_\xf1\xae\xf3\x9d\x90@\xd0g\
a\xf9S\xb2T\xdb\xff\xfe\xe7\xdc\xb0\xf0\x22\xe5/m\
\xf4\xa8\xb4\xd5\xa7L\x9fc\xe6G\xa6K&\xef\x85o\
+\xa8\xe5\x87\xc9\xd8\x82\x89HY=J\xb6Z'\xa8\
\x1c\xa7\x18\xa6K\x15\xdb\x1f\x81\xc9(4\x8erJ\x9d\
\xc8\xe0\xdd\x9d\xd6\xbcQ\x9cB;\x1b\x97\xb1\xa9\x91\xc6\
\x0d\x81\xf5Vs\x83B\xa6&R\xf9\x98mS\xe5\x07\
\x0c\xb9\xd7,\xfb^\xd4?\x7f\xaf[\x5c\x18\xf3W/\
wg\xc4\xd9\xbc\xe7\xd2\x08D\xb5\x87\x99\x19K\xa2\xce\
#\xccp\x10\x858\x9es8\x1b'B\x81\xa4e\xa3\
\xdb)\xf6]\xf6\x8a\xc7\xd3\xd10\xd3\x8c\x8e\xf2\x08\xa6\
\xea\x9e\x15\x13dr\x09\xff\xe6\x19\xf1\x8e\x8b\x96\xc7u\
`t/f]E&\x8a@\xb7\x92\xb8\xfd\xcb\x22\xd3\
\x8a@\xbfT\x01\xe5\xcf \x9d\xe1\x80w\xb9\xfb\xb8\x17\
\xbf\xf4O\x13g\xbe\xd6\xbf\xd2}\xfc\x8f\x1b'\x7fi\
\xb4\xc6[E\x8b\xef\xad{]\xef\xe6\x09X\xbc\xf5\xc4\
\x96e\xf2V\x13\xdbf\x86\xb3\xfc`\xd3T\xa8\xc9\xe9\
\xe4\xc9\xb1\xf2\x87K\xf2/(\xb1A\xa5:tF\xa7\
ED\xbe_\xc1\xcfz\xf1\xe8\x8cx\x0d\x0f\xfaW/\
\x9a\x19U\xed\xdak\xdc\xe9\xf0e\xb1\xaf\xfd\x12o\xd5\
S3#\xab\xe5t\x83\xd7\x1dp\x09\x9c\xcb\x8b\xe7\x13\
`\x82m\xa3R{\xac\xea(\x03h\xad\xea\xdda4\
kj{\xae6\xbc\xea\x887\xae\x09\xc2\xd8\xc2\xf4f\
\x9d\xd3\x15EOb\xae;\xd7\x8d\x06\xd7\x08\x1eq\xbd\
bw\x12IG\xb4\xb9\xb1XW\xdfll\xc5\xa6\xd6\
\x84\xb6I\x95\xd3\xbbF\xb7*\x07\xef\x0ePY\xc4t\
F\xa9\x89\x10vF%\xc6\x08;\x08\xac\xb2y`\xf3\
\xc0X\xc5\xfc\xb8r\xc4\x9e\xc5\x10\xde[p\x84b*\
\x9c\x17K\x07\xbc0\xd8\xc4F\x91\x5c\x195\x06e\x02\
\x99(\xd4\xb5w\xb7\x8f\x03+\x0a\xe3\x83\x06C\x5c<\
\x87\xb1\x14\xa2\x97\xc0_\xde%\xde\x0d\xaa\xe2_\xf2=\
\x93_p\xa3\xf71\xf7\xfc\xf3\xd1V\x8cn\x0fF\xa6\
\xb5\xf1\xca\x14\x8a\x99\xce\xcf\x0a>\xb4\x99J\xe8\xfb\xbc\
pN\x05!^+\xbd6FQ\xa3\xc7\x95*1\x87\
Y\x18\xe7\x11\xfd\x88\x85i>y2\x18\xa3Kh\xd7\
\x08a\xad)\xdb\xb4?o\x8b\xfbp\xfdw\xbe\xe3\xd8\
\xd9\x81\xb3pYH\xf0\xb4H\xf4\xb7\xe8\x94t\xb5X\
F\xc2ytQ\xed\x13\xa5\xcd\x83\x9eTZ\xa4\xb8\x17\
\x88\xc8P\xfc\xbb/8v\xf8(\x87\xd5\x1dc\x99b\
j'\xd4o\x9d(\xd4\x8f{\xe3\x18o\xb3\xa3\x10\xc9\
v\x84\xf2W\xd0\xcc~\x94O\x8fcl\x5c\x87\xdal\
\xd5\x1c\xf5\xc4\xb2.\x97\xb9\x1c\xa47Os\xf2\xe8\x80\
\xe3\xb9DQ\xa3\x0d\xfd\x112\x99\xeb\x9az\xa4.J\
\xde\x98\xc3\xc1\x04sA\xe6\xe8\x87\xcd\xe3\xc8o\xf8\xb5\
\x92\x16@\x0d\xda\x07--i}\x04{\x8c\xbd\x84\x18\
\xdb\xd65\xae_\x15m\xcc\x90\x032NN\xc9\x18\xa3\
\x8c\xc4\x18\xa1V%\xf0\x0c*O`5\xa6\xf3`\x80\
G\x8c\x81\x1dc&\x80?><\x98\x11\xdb\xfd*\xd7\
\xab\x8a\x0e&\xd1\xdf\x01\x91\xce\x822S\xad\x1a\x84\x99\
\x1c\x0d\x16\x5c\xa3l\xc4]\x0f>\x7f\x8f\x11LL\xed\
\x18\xc6L7&E\xcd}\xde\xb9\xae\x1d/\x0el4\
\xc7\x90\xc0\xacI\x97\xb2\x09z\xcc%\xa85\xc7\x88^\
\x13\xe3\x8f\xb96G\x8d\xdc(G\x01\x9cdLr]\
+(\xe9\xa1\x16\xea\x16\x5c\xe7s\xe2\xa8)q\x14\xb9\
\xf0\xce\xf5T,\x8c\x89*\x87\xb7\xe7`H\x15~]\
\x09\xa1\x93*\xe7\x09\xcbQ\xfaL\xf9\xd0\xe8\x82fO\
\x09uE6Y\xdd\xc4n\xc3\x00\xd0x\x88}\xfe\xeb\
\xdc\xcb~]\xb2=\x05`\xb5\xccf\xf7\x97]S\xfa\
\xcal>\xd3MM@\xa8\x9a\x86\xc6Q\x80\x84\xba\xac\
\x06\xf2\x15\xceH8\xc1a('\xc87\x011\x0a\x18\
$\xc4:\xd6\x09\xedz\xaa\xd78_\x8c\x0b)j\xf6\
{Mn\xf1\xdcX\x9f?/tBblo\x98\x17\
\xd2P=\x8d\x8f\xed\xe5\xe8\xd6\x12\xa2\xcbYD(\xf9\
_\x15\xf6\xea]]\xfb\xfb\x98\xbf0\xd0\xdd_\x16\xbb\
\xfaaw\xfbW0\xdc\xba\x0b\x1a\x9d\x95*\x04(+\
\xbbH\xadS\xee\xe0\xed\x9fq,\x1c\x16\x84&)\xd4\
%;\x93\x9d\x9d\x1a^Q\x12q\xba\x8ed\x01\x9bd\
^\xe7\x9e\xe8\xd7\xa8\xb6\x01o&\xc70\xf1bXn\
\xc0\x07\x9a<\x15S;\xa2\xadt\xf5\xc6M-\x12R\
\xf3Y\xe9\xb8\xf01f\x94$W\xab\xa89\xe8-t\
\xffT\x04\xa2\xd3\xa1\xb1\xe63\x0f\xf0\xe1\xb8\xca:_\
\xfdT\x98Q\xd5\xf4\xbd\xa8\xceqDg\xb9\xe5B\x8b\
\xa9\xa4s\x93G(j\xcd\xf2\x8f\xd29?\xbeC-\
\xcbU?uK\xd6\xe4s3X\x92\xb7f\x00\x134\
M\x89T\xba\x0c^I\xdd\x9a|\xc1Ut\xeb?*\
)p\x7f\xbf\xeb\xcdE\xceq\xc2\x89\xa86:\xb5\xa5\
g\xe7\x13\x86vQ\x0c~\x96B\xb6F\x98T\xa9\x88\
\xb2/\x01\xdfK\x22\xf3\x86\xc9\xddS\xdf\xeb\xf9\xbc\xec\
\x90m\x8e\xb4A\x22\x03a\xda\x01\xf3\xd0A\x97\x93\x82\
\xca\xfc\x1ca\x83I\x01B\x86\xfew|8\xb5B\xae\
\x08\xbe\xfa\x1be-\x18{\x0c\xec\x03\x98\x0b]\xd0\x17\
\xe2\x0e\xb8 w\xe0\xf5Z\xdfO\xe1\x5cWh\x8f\xb2\
Wv\xf7\x0c\x93y\xc4@\xc5R\x9c\x82\x8eN\xc8\x22\
m\x95\xc33\xa8\xbe\xbb\xf5\xcbJ\x86T\xe3kYS\
5\xb5n\xca\x90\x01euOp\x8b\xf3:\xad\xdb[\
|x\xdc\x0d\xb9\xc8W\xae\xe0\xae\xacnn\x97M\xef\
\xe6\x96\x90\x9f\xfd\x17\xa7\x04\xdc<\x93@+d<\x92\
0).I+\x7f\xe4\xb3\xefMH\xc7\xdc\xf8\x0au\
\xe3,\x12\x0e\x1fH\x81.\xaen|\x97Y7\xbep\
\x82\xb3\xa9E0\xc1Y\xdd\xf8.q\xbd\xb7\xc6\xbcx\
mP\xfa\xd5;\x5c\x83\x86\x8c\xa6\x9c\x17\xd8iq\x1a\
\xc5}\x91\xe9\x5c\x1a\xd5\x0a\x865\x1c\x1f\xb6\xb1\xff'\
\xbf\xb4-\x8dLQnhd\x8fzk-{/\xf3\
\xe3\xae_/\xf7\x1c\xf0\xce\x93N \x94\xe3\xee31\
\xef\xf2\x1d\xaew^\xccwv\xb8\xe1\xd6O\xf5\xd8\x9b\
\xce\xa9Ga\xeb%\xbd\x98j\xd0\xf7L\xb2t\xc4\x05\
\x07]\xaf\x22\xd6z\x8b\xabVk\x88\xc8\xcf\xd0d\xeb\
Rco\x81!l\x8b\xbc\xfbA\xa7\x84\xa5#\x93\xc5\
\xd3:\x1e\xc9\x9a|\xdd\xa4\x91y\xe2\xee\xeb\xb6 \x90\
\x9fF\xf2J[\xe6\x95\x0c\xd9\xd9\xd8\x1c\xa3Vi\x88\
\xe8\x0e\xcf26\xdfh\x83\x0e\x18\xb1\xfcN\xdb\xcc\x93\
\xb22\x91\x93\x86V\x13m2\xde\x12\xffU\xae\x7f\x9e\
\x5c\xbb\xd4{O0\xcd{T\x9a\xfa\x8b\xb1\x09~\xc0\
\xb2\x09\xc6y\xdf\x19\xeb \xa9\xb2Z|E\xc9K0\
\x13\xbb\xe0O\xfe\xc7.\xa8\x97\xc6\x95^N\xf1\xf5Y\
\xfcN\xe3\xf2k\x8co+D\x9e*\x16\x97\x0c\x07~\
\x8eW\x8b^?0\x04k'\xb1\x1d\x9e&\xd6Y^\
\xe9\xe2@4\x04(\x00\x86\xc2).\xa2\x1a\xef\x01\xef\
*7\xd7\x80\xb3\xf7\x1c\x85V\xe9\xf4X\xaa\xb5\x22\x18\
ep\x07m\x11~\xf5\xa5\x0e\x9d\x05\xa7\xea\xa8\xcd\xa6\
\xc4\xbd\x91\x09>\xf8\xb8\x03\xdf\xe9oE\x83\x85\x8f\x90\
nVM7\xfc\x8c\xf8pnH|\xed\x04m\xed*\
\xc3\x0b\x8c\x9e_\x8c;\xca\x10*\x82\xde\xad\xbaD\xef\
N\x09?q\x880A\xdcs\xa9W-\xefy\x9c\xdc\
\x01\xe8<,\xd4\x95XZ\x99[\xde\xfc@\x99\xb4/\
ScS!\xe4{~\xed|\xc7\xa0\xbc}\xd5\xb5\xd8\
k:\x89\xb2\x88\x89\x8b\xdad\x8bh\x8c\x12:\xbeF\
\x8c\x87\xe86^\xe4\xa6\xe6\x80i\x19\xafs\x06\x94\x1b\
\xbb\x90\xd5\x8c\xd36\xd9}5:Rrb\x17\xdb\xee\
\x8es\xf0\xa0WW\xdf\x06;\xa1\x0d\xb7\xcc\xf1\xbc\x1d\
\xd0\xae\x11_\xd1\xba\x06'\x8e\x07\x09\xb2\xba\xf41\xcf\
Y\x0e\x89\xc1\xa8\x1cR\xc92\xc3\x94\xf8\xach\x06\xb0\
\x9cC_F\x14(\x1d\x04\x1b3\x01~\xa3\x0a\x94\x8c\
\x93VZ\x0d\x13\x81H\xae\xd6\xb6\xbc\x9c&\xc1Id\
\x13Y\xc4\xdd\xd6\x5cO\x87k\xdb$\xe9v/bP\
\xc1x\x12\x0cj\xaf\xcc\xc9\xee)\x0d\xa4\xa4A\xd4\xa6\
\x0e\xbcL\xeb!4\xb5\xe3h\xce0X\xaf\xc78\xeb\
s&\x03IH\xf1`\xf9S\xd001\xbao\xe90\
Z\x13\x10\xad\x073\x0e0W\x13\x0cdG\xa6\xbd\xc4\
\x00\x1a\xac\xd3\xe2\xcbc\x87k\x8b\xaf`\xccA\xbf\xca\
\xbc\xe4\xdd\x17\xe8\x9f\x97(\xb8\xf17\xc6\x9e\xbf\x82_\
\xff\xd5ce^\xac\xe9\xf3\xaev\x8b\x7f\x16\xf36\xfa\
5n1\xd0]\xde\xe4-w\x8b\xaf\x8c}\xaf\xb6\xf8\
\xaa\xd8\x81\xda\xe2\xf9\xe3?q\xf5mn\x081\x18\x15\
\x91\xeeDw\x02\x22W\x93D0V\x19\xc9I8\x9c\
4\xfaz\x96\xcaY|\x9b\xaa\xa4|\xed=\xde\xd9\xfe\
\x0a\xe9\xfcPas\x85~\xfc\xa0\x97pwz\xf15\
7j\x08\x8b\xb6\xeef\xf8V\xa3\xb8k\xed\xad\x91$\
R\xa8\x8e\xda\x91\xed-6\xf8\xe0s*\xac\x5c\x03c\
\xa8\xdbu\x83|\xfc\x0d7\xca\xbf\xfa\xbd\xdc\xfd\x90t\
\x06$\x19f8u\xdc\xe1\xe4!\xc3(!\xc0\xb5\x13\
\x0b\x1a\xf9\x86\x1dO+\xc2X\x9d\x02\x15\xd7o\xd9\xc8\
\xb3\xa6v\x22>\x8cH\xab\x80\x0c\xf2yw\xd1\x03\x8b\
>v\xf0c\xea\xff\x07\x1fX\xf4\x80\xe3WW\x1f\x5c\
rp\x7fP\x1b\xaa\xd6/\xa9\xff\xab\xb7\x03a\xf4V\
\xef>Ws\xa9\x8eU\x9c\x0d\xd8\xb6\x85\xba\x1d\x10\xbe\
\xafK\xcc\xaf\x7f\xae\xa0-\x87k\xa8\x04S\xd1\xd3\xe8\
~\xbe]\x97\xed\x1a\x0cC\x0f\xc63l\xda{F\xdb\
\xfc\xf3X\x94\xbc\x01\xb5\xe0k\xed\xfa!\xe2v\x94F\
O\x83|(\xd4\xaf\xb1~\x17\xdbQ\xa3\xc9n\x87\xb9\
\x9d#\xea\xd5\xb3\x0b\x86\xd1\xc1R\x96P2\xb3\x18\xd7\
\xda])\x09c\xf8\x90\x0e%9Tj\x5c\xa4\xfaq\
\xe4:\xcf\x80\xfb\xe2\x0fh\x88o\xa0r\x1eb6o\
k\xdd\xd6\x8a\xd9f>\x11T\xebk\xbc\xa9-P\x1b\
\x1f\xf2u\xce\x00|Y]\xce\xc3\xc4\x0c\xfd\x82\xe8'\
\xac\xc7\xf80~\xa3\xe4)gq\xe6a\xf0k\xc1\xaf\
nC\xb3p\xd0\x92\x06\xabm\xd0\xd6\x1cf\xf4WZ\
\xec\x9d/\xe4~|\x01\xc7\xa3Q\x16V\xf8g\xbbo\
\xf8\xbd\xbc\x16a\xe5R\xf0\xec0\xfa\xce)\x8e\xf1\x9b\
1\x94\x5c!:\xd5\x19\x16\x07#/\x04\xcf\x0b>\x11\
\xd4IM\xd3\xb0%\xe5T\xafk\xe5\xd3\x17#\xabg\
:ic\x95\x96\xedm\xa1.\xac\xe5\xeb\x12\xcf\x0c}\
\x03\x11\x00\xd5\xfa\xea\xd8\xbfz\xb5n\xf15\x81@\xfd\
k\xefS\xeeO\x968\xa1K\x8a\xfe\x15\xe2B\x1c6\
X\xa5H\xcf\xfa\x81%\x8eaQ\xc0\xd4xD\x941\
8P\x86\xf0<\xe8uV\xc8/\x7f\xe4\x93\xd3\xff\xd6\
\xa1\xa8\x01.\x22\xf8\x0c\xfd\xa7]\xab\xc7h[\x80l\
z\xe4\x93\xf2\xcb\xce\xb4\xbf\xe5\xff\xf5N\xf7}\xea\x0c\
\x1ay\x18\x89\xcb>\x12\x0c\x0ce\xc4\x9d\xccc\xba>\
\x0e\x07[\xaf\xackC|X&\xc4%\x04 \x85\x0a\
\x92\xb13\xdb\xb5z\x0c\xf2T\xc0K\xe2\x91\xfb\xe5g\
\x9di\x7f\xeb'\xfb\xf5\x94e\x8c\x8a*\x0d\x7ff\x9d\
\x9df\x04\xda\xef\x07\xf6;\xd3\xee\xccg\xa3\x16b\xfb\
{\x15\x8b\x87Z0\xaf\xf6.uG\x1eWf\x90\xa0\
\xac\xf1\xce\x0e\x0e\xef\x91\x7f\x8by\xf3?\x0a\xaf\xbe\xa2\
\xc9\xfa\xab\xc6\x1b\xf2\xbe\xe0\x8e\xfeK\xcc\x1fjpG\
\x9f\x8ay\xeerw\x83\xec\xe8u\x12\xc4|\xa7hW\
\xa5\xca2/blS\x074\xba\x83\x10\xc5\xe2\x0c,\
m\xdc\xf5D1\x94C\x8e\xc1\xbe(s\x9bj\x1eP\
se4<\x0d:\xf9{\xb8\xbb\xab\xbb\x8b`_\xd0\
%\xcd\xf4\x8f\x0ef\xd5wwvw\xc27\x12V[\
:H/(`\xe6\xa1hE\xff}\xaaC\x93e%\
\x89\xfeQ\x1b3\xea\x0d\x85\x9f\xf8\xf4\xdd\xae$v\xd9\
\x93\x1cBd\x91\x06\xea{<^ \x93\xba\xecJ\xe9\
\xf948\x05v,\xb6h\x1d\x18\x94\xd9\x0e\x0c\x1aN\
\xd3]\xc1\x88IS\xd3\xbb\x89Rn\xfb\xd5\x8eBP\
\xb10\x85 \xd5\x92\xe8\x9d>\xc5\x22\xd1\xd4N\x82\xf4\
6\x04)V\xcd\xbe6'\x11{\xce\x86\xa99\x19\x06\
M\x1f\xc3\xaf\x07\xeb\xec\xe0\xcd\xee\x0f7,\xfa\xd6\x16\
\xb5\xdcj5\xfa\xf6Z\xad\x7f\xaat^\xd4&M\xed\
\x08\x02r\xa1\xcb\xc8$\xdaA\x0d\xb4\x97\x05`\x97v\
aZ\xcf\xc0n\x0d\xe1\x22\x99\xcfq\x1c\xf3A\xa3U\
\x9c\xf1\xda\xeb8\x9b\x91\x91\xd1\xdf\x8d\x8c\xf2\x8c\x83$\
r\xf0V\x97\xbe?\x0c\x1ar\xe2\x14R\xcf\x9f\xc2f\
l\x87N\x0e\x01\xe8\xd1 \xe8o\x83\x945\x89tb\
\xb0\xdc\xd6Q\x09\x01r\xcf\xd90\xe4\xa2;\xc3\xc8l\
\xb3\xf0\x80\xec\x82\x85\xd1E\x0c\xb0\x98\xf6\x94\xe9\xcep\
\x8e_\xc1N\xe9\xd2\x99\x9e\x7f@\x88\x925\xbd\x98\x97\
\x1e\x81_\x84\x19\xff\x83\x86)#|\x9d\x8e\xb1\xb1g\
\xf3y\x0d?,\x08\x85\xf8\x88N\xa8\xcd\xeb'\xe9\x8b\
\x05\xd5\xd6\xe2\xe5C\xcd\x98\xd8Q=$)\xc3\x13\xc3\
#\xfa\xa8t\xc8\x13=D\x04\xce \xd3\x04'!F\
\xf9\x04\x882\x18\x12P\x9d\x15\xd9\x5c\x7f\x1coh\xf5\
D\xb5\xc19\xfb\xa7\xd9N[\x81\xd3\x98\x19 L\xb5\
\xd3\x9a.\xd6x\x0a\xd9\x08=\xc2\xf6F\x8f)\x01O\
\xb0\xd2\x80>H\x9do\x9di\x13&\xf5\x8edj\x97\
\xcdm\x02\xc3\x9e5&\xf86\xf4{i\x9c{\x9f\x95\
\xf6S\x0cUvZ\xe3\xff\xaa\x10\x90\x06\x94iGK\
\xa3J\xe6a\x13\x87\x94\xae\xbd\xd3;\xc3\xbd\xee\x96\x8f\
|\xf7\x91\x03\x0f\xde\xec\xe4\x12\xb8A\x8a\xec?\x1de\
\xff\xa9\xc9\xfe\xd6}\x19\xe5^\x8d\xf2}Q\xf1\xe7%\
\xc4\xdf|\xda\xf5\xff\xecm\x0eq\xce\x80m\x8a2\xb3\
t\x82e\x05\xb3MTp\xdepUy\x1aA\xe2t\
\xa6\xe9\x10\xde|\xcfq\xfc\xf9oq\xbd\xca\xe7\xfd\xca\
\xe7\x9d\xbb\xaa\xcd\xb5\x88\xa8T\xcbeC:\x8c\xd4\x15\
aQfj\x0e'68\xcc\x8c\xfego\xbb\xe6\xda\
\xe0z\xf1i\xefkn[\x9b\x7f\xb9\x7f\xb1SB\x00\
\xb18\x0a\xd806,\x8e6\x18\xdez\xabcS\xaf\
B6\xc0\xc90\x22\x94\xa9\x81q\xf3t\x5c\xb9\xb5\xf6\
\xd9\x01o\x96\x15G\xf4\xf4\x86#\xc5\xd1\xc7\x95\x91\xe2\
\x80\xfd\x95t&#\xbc\x8b\xbd\xcb{\xd5\xc7#a`\
\x87\x09\x82_\x90KA\x8f-\xc0\xef\x8e\x92W^S\
^M\x10\x00\xc3\xa4%*\x0b7\xb9\xdc\xfdN\x9d\x7f\
\x9e\xff\xa6\xf7\xfc\xcc\xf1n{\xd6\xad\x7f8\x9dv\xd8\
\xf9c;\xb7\xc7\x81B!\x80\x95\xc5,\xad\xcd\xad\xc6\
\xab^Idoz\xa4\x8b\x1c~kY\xfe\x95\xbf\x0d\
\xbe\xeb\xbf\xdb\xbf\xc2\xbdE\xde~\xa7\xfc\x22\x9b\xa9.\
9\xe8\xfa\xf1\xdb\x1e\xfd\xf0\xfbo\xf3\xe2w}\xf8\x87\
?\x8c\x86\xe0\xb0\x0f\xba\xc5\x0b86\xea\xb2E\xf0\x97\
w\x83\xb7JU\xfc\x1b\x82\xab<\x05G\x1d\x00|\x92\
\xa9Q\x99\x08\xef,y\xe3\x0d\x8e\xf6$\xa5B:\xf6\
\x0b;\x00J&\xf4\xc0\x01'\x93I\x8f\xc3NH\xc1\
+\xc9\x8cX|\x80r\x94\xab\x00b\xb4\x025\xe0\x14\
\x03\xb6\xe2\xef\xa5`\xceSt\xbe\x16\xea,\xed@|\
\xf5\x06\xff,\xe9p;\xf1\x1ea_\x05R\xb6\xa1\xd7\
\xbb\xf2\xa0k\xdf|\x18/i\x5cAvq\xb2\x98\x9f\
S\xe2\x08!P\x8f\xd2k\x93\xb9\xd2\x96\x8c\x09|\xd1\
\xbe\xc3\xa5C\xd6\xebs\xa2f|\xca\xe3\x98\x22\xac\xb5\
65\xdc7\xb3n\xc8\x8bZ6\xc9o:t\xf0\x9c\
D\xde&\xe2\xd0!#\x8b\xae\x8d0\x07\x9b\x07\xbf\xa4\
\xcaV\xf4M\x9d\xe0\x8d4\x02\x06\xbe\x11<E\xda\xe0\
\xad\xf66d\x0c\xf4\x18\xe8\xdac\xf0k\x0f\x81g\xe1\
\xab\xc9v\xc5f\xe9\xb1\xcf\xeb(\xeb\x8a\xcf\xb1*\xfe\
\x0c\xa6\x82\xacGQu\x98\x85\xd6\xef\x01r\xe20\x1f\
\x83\x1e\x87\x18\x81\x91\xf1\xcc\xa0\xc1wh\x9b\xce\xbd\xdb\
\x9c\xde,\xf1\xff\xb0\xcd'\xca\xb26\xca\x99\xe7\x02\xd4\
%\x15|$\xbf{\xc3\xcd%\xb74\x1b\xd9\xd7\xae\x81\
$\xa8\xe2\xe4\x910\xb1\x8f\xd6\xaeg\x91\xb0\x80\xf9\xde\
\x7fo(\xa1\x90\xb0\xb7\x02\xc9(W\xef\xd8\xb2\xa3I\
\xfe\x9d\x83\xb4\xafz\x8bz\x0c\xe8h@MGx\xa6\
\x82q\xedM\x88{\xd7;wX=G\xcc\xc6\x18\x03\
tjF\xc9\x1aJ=\xd0X\x97\x15lh\x0aFx\
\x1b\xf6\xe9,\xee\xdd\x19V\xe4\x96\x0a\x0e\x08\x9e\x91\xcc\
\xa1\xe2\x1ee{\xad`?\x90\xae\xc5\xb5z\xda\xde+\
\xdal:\x81(\xb6:g(\xcaZ\x99\x8d\x96V\x18\
\xd2K\x9dd\xb0\xec\x92\x02\xde\x18\x01O*\x80\xf1_\
\xdf\xd2#\x9fu\xc2^\xc1x\xbe\xbc9\xc3\x18;`\
#=\xe2\xbf\xdd\xbd\xe1Kr\x97\x93)\x9b\xc2)\xf6\
\xdf\xe4\xd8<\xe2\x1a:\xb0P?\x8e\xd5\xe8$-\x01\
\x1d\xebP\xa2\xdcc\x8d\x0e\x02u\xef\x0c\xb6\xf0[\xbc\
\xbb\x5cyQ\xbf\xb5\x1b\xb5j\x1b\xe5\xa3\xbe\xa4\x882\
\x93\x95\x0e\x0bVe\x1f\xce\xcdl;\x02\xb4\x9d\x06\x1a\
t\xc4`\xa0sm\xa8\x0d{\xec\xf8\xf7\xd8\x84\xe91\
i\xc8\x080jg\xe9%\xedr \xd0\x8a\xe7\xf8\x02\
\x8e6\xac\xfa\xf5xm9\xccaN\xbf\x07\xc8\xde\xc3\
\x04\x19\xa0w\xf5Q\xf6o(\xd5z\x95\xde\x8d7m\
s\xda\xb26\x85\x97\xcf\x87\xb7\xa9\x9dB\x00\x09\xdc\x8d\
\x83\xd1)\xbbb\xd3L\xfaR\x17\xaa\xa1@\x1c\x17\x91\
\xdf\x18\x0dE/\xc4\x87;4=1\x91\x14\xcfb\xe3\
\x8c\x8ay\x11\xf7\xadw\x065\xe8\x09d\xa0Xq\xd9\
1\x0cz\x1e\xc2}5\x8fu\xac\xf9\xc1\x0d\x7f;\xae\
\xa3\x1a8\xef\xe6\x90\xbf%iBprv\xff\x8b\x1c\
\xd7\xa9\xb6\xb7&p\x16\xe4S \xda\x00\xcd{6j\
q\xb9Q\xad\x88\x16\xba\x84Tam'\x19H\xf1\x94\
1_q-\xe8E\xa76o\x09y\xf5\xbd\xb7\xbfT\
\xab\xfe#\xf7\x7f\xe4\x93N\xd2n\xc7\x18\x91\xe1\x86\xf1\
I\x93f\x13\xb2\xe7pL\xf3\xfb\xd8\x93i\xd5tf\
\x9a\xd2n@\xf1\xbco\xb7\xfc\xbec\xe0\xc2\xc1\x94\xd1\
\x85K\xaa\x8a\x8f\xd4*>\x03+i\x9c\x8a\x05\xbe\x1e\
\xb0\x97\xd5\xaa\xe9\xab\x13\xc5A{\xc0\xc84\x82S\xd4\
\x86\xaa\x9d\xc7W\xd7\x11\x1c\x0dd\x10\x17\xf0G[\xa7\
}\xfd\x09vOb\x1d\x9e\xd5\xcf\xdb\x5c\xdcPk\xc0\
\xd6\x1fo\xae\xc8u\xe4:\xfa\xa1\x9f\x83z%\xdc\xb7\
\xcd\xa1\x88\xa6Yy\xebh\xb1\xe1X\x18\xf7\x06\x03\xd3\
\x06'\xcfd\x99h\xdf\xd8V\xfa\x898\xd6\xc0\xb5w\
\x82'\xd6c,\xea\x11\x1e\xbd\x11C\xa6\x1a\x8cVB\
\xdc\xb4\xdeYe\xc9\x06\x84d\x8aq\xfc\xb0\xa6&\xae\
\xc9\x13\xa5\xd3\xd9,\xa1kP\x06m\xc3n\x9f\xc5\xd7\
\x853\xf8\xd0\x9d\x0b\xe0t\xc13294y\x19\x87\
\x8f\xe0\xb8\x0aA\xa6\x02u^\xe5zE\xafM\x9a\x13\
E\x89\x9a\xa3\x17\xc1F2+\x1f\x92\xc1\xa8@\x9d,\
\xd4\x8dS\xa0FI\xaa\x87\xce\xab~\xeb\xbc\x9aVX\
\xc9\x8cB\x1bj\xbcE\xde2\x17&^\x80\xdc\x89*\
\xe2q\xd5\xbevR\xf3\xb8\x95\x90\x82\xb1*\xa2\x18\xaf\
\xc0\xe1\x19\xc3s|\x5c\x11\xc3\x10\xa3\x01X\xa5\x03\x04\
\xda\x07\xe3\xa0\xe0d\xd5\xd9\xd3G\x8e\xb289\xca*\
\x15t\x93.5!\xca\xf1\xf8\xf0&\xb0.lB\x1b\
\x03\xe0 \x06\xda\xc3\xc6\xa4x\xbb\xffZ7\x87K\x02\
\x080\x8f#k\x16\x1ec\xa66\x8f\xf8\x98,R#\
\x15\xd4@\xe0\x96sX\xbf35\x1dP^\xa8\xef\x81\
\x07\xf5 n-\x9c\xae\xf30daP\xfc&\xca\xf6\
\xe3B\xdd\x0bJ\x0fq\xedE\x11\xbd\x05:\xa1\xe7\xed\
\xc1?\x18\xdcN\x1cX\xef\x0d\xde{\x5c3\x0d\xc1'\
r\xed9\xf8D\xd78\xfd\xa7\x13\x16O;\x95'\xf1\
|\xc6\x8f\xb4\xa3T.\xc2W\xc7\x1dT\x08\xac\xd4)\
\xf4\x7f4\x9e\xb7N\xa7ttt\x82\x15\xa3\xd0\x5c\xa1\
\xcd\xc0\xb3\x0ad\x19\x9e@\x86\xe8\xd0\xb0\x9c\xf8\x94\x7f\
%\xe4\xe3\x22\x06<\xdb-f\x1b x\xaeUk8\
\xf6a9(~\x0a\xa6\xd6\xd3\xbc\xd6N\xf1\x89L\xb5\
N\xc2\xe0W\x17\xd1\xcfE2\x89\xb4\x8d4\xfa\xf6\xa8\
Jg8\x051\xfa\xc1\xdf\x1b\x85\xdf\xec]\xe1\x9a\xa3\
\x8d\xe5vI\x01o\x04\x1f\x91\x09\xe1\x9f\xa5\x1d\x12q\
\x9a\xb7*V3Lm\x96N\x1b\xafS\x11\xe4gG\
\xc8\x8bP\x05\xd7=\x8a8+-\xe0\x0d\x85X\x95\x0d\
.\xd0\xba\x9f\x05\xf2\x98\x97<^\xd7\x18\xc5\x05\xfa\xfa\
\x85\x8f\xb9\xb7\xbd\xb7\xe1\xa7\xb7n\xf9\xe7\x08\xdd\xfd/\
\xf5#.\xfa\xb3\x83\xb3b\x15\xde\x9c\x9e\x82\xd1xJ\
\xebQ\x0e^\x80tf\xd2\xee\xdf\x9a\xf0\x99\x12i\xc2\
\xf7\x8bJ\x8e\x03\xd47\x8dG#\xa0\xf7\x16\xea&\x8b\
\xa2aU\xba\x02\xae\xdb\xeftW\xfd\xc6\x81\x1b@\xa1\
\x8e\xe0\x9e\xf8\xc6cjE\x14k\xed\xda>\xbf\xea\xe7\
t\x18W\xe3\xc4t%\xf4\xb6\xa1\xa3\x97| \xa4\x1a\
\x10a\xa1\x9a\xfaU\xefv\xdaIA\xa3\xbb7R\xa2\
p\xdc\xccI\x06\x8a\xf4\xe3\xeaR\xb9\xeam\xc1\xd9\xa2\
\xa1\xe8\x0f\xc7\x87\xef@Y\xf42v\xdf\xbf\x0c\x81?\
\x82\x1a'\x9c\xbc\x8c%\xc3\xcb\xc0B\xee\xc65s\xc6\
\x10\x95\xe7\x06z\xd8\x1e\xb9GB\xad\x0d^m\xd0\xe5\
\x10\x92Q\x80\x22\xfe$\xc0,S\x15\x13\xb1\x9f\x04\x8b\
\x15\xbc\xc6\x06\xd7'\xb1y\xabV\xc1\x09\x18\xc8j\xc7\
\xbb\xdc]\xbav_\xd4[X\xbbt\xf1\xbe\xa8\xbf\xf0\
\x80\xeb\xe5f\x16\xd3\xb6d\xca1mS\xb5\x9eL\xd9\
\x8a4eb\xd6%3\x0bC\xf4s\x11\xbb\xcd\x93R\
\xcb\xaf\x9dz\xae\xefO\xa6\xee\xdd\xde\x11y\x81\x84}\
\x85\xe3\x11F\x1cA\x1c\x12\x1b\x5c\x00\x0d\xc4r:\x8d\
\xdc>\x9dFN9|`\xef\x12\xb7\xf8\xda\xd8\xc1\xda\
\xe2\x85\x86\x0b\xf5\xa3\x07]e\xa5\xd5\xc7\xe9\x1c\x0e\xe9\
\x16pi\xd7%X\xddu\x9e\xeba\x98\xd4\xc3\xcci\
u\x0c\x15\xe4V*\x8f\x01r\x1e@\xd7\xaa9\xfcB\
\xfd\xca\xc8C\x05\xb7\xf8\xba0\xd3T\xf0\xa3\xc5\xd7\xc7\
\x12\xef\x847\xbc7y\x17\xa9\x8a?\xdb\xbb\xd8}s\
\xec'\x8b\xd4{5G\x94\x91\x93>\xe3\xbf\xc9\x8b\x98\
<\xd0\xab\xbd\x87\xddoM\x85\x04\x8e] \x81Ti\
\x13~\xa7\x8e\xd2l\xa3d\x85\x09\x89\xdap\x09\x86\xc3\
Z'\xca\xa8\xee$4\xc1@lpF\xf5T\xc9\xec\
\xf6\xdb\xb1\x81\xdaA\xef\x85\x93\xc6\xfa\xd08\xaf)&\
c`\x0e@\x8e\x0cPit\x89\x19\xa4\xc8?)^\
s\xc9\x8c\x0c\x87\xd3\xb0}\x9ef\xeeQ@\xca9'\
2\xd5\xe0\xee\x19\x99p\xfcs\x96\xb9S\x8d\xf2\x9e\x89\
\x01\xd7\x8ecy\x01\x1bn\xd8\xbe\xad\x18\xc6NA\xda\
\x8e\xb6\xd9\x1e\xf1npG7\xc7\x96U\x1f\x98\x14\x1d\
`\xaa\xe1;bqd&\x11<S\x96\x1d\xfb\x0f\xb9\
\x84\xc1\x0c\xcb.XW\x9bz6\xf5\xe0\x923\xebi\
\xc9\x0b\x06ww\x96\xddi]S\xa3\x80\xb4(\x1d'\
\x09\x86\xe7Pt\xdai\xd3\x0eR\xff8\x07\x90\x9eD\
Xi\xd0\xb77\xe9\xb2Uw\x1b\xc6C\xac\xad\x86@\
O\x0e\xa5\x99m\x12\x90\xb9\x16\xb4\xb7/\xab\x15\xb3|\
$\x1c\x9d\x1f\x1f\xb6\x8f\xcet\xc8\xc7\xd0\x19\x9d\xf2\xf4\
\x07\xe2g\xcaG\xa0\x12=S=\x08\xf2*O\xe3\x18\
\xf6\xa1\x95X\x958\x83u\x94\xc8\xaa\x00\xe0\x1e\x96\xf5\
\xd5\x90\x03\x135\x00\xaau\xf5&\x13\xaa\x83\xca*H\
\x1eg\x14\xc8\x11\xf6\x86\x8d0'\xdc(yR\xb5\xc0\
\xa5Z;\x0e>\xf1\xcc\x8b\xbbV\xee\xba\xc3\xe1P\x1f\
\x13\xdf1\xc3\x1b\xf2\x04t\xd7\xabV\xdf\xb1*\x84\xc1\
\x09\xe4!\xe1oL]\xafJ'3b\xf5\xaeU\xab\
u&\x97\xf6\xc7\x8e\xfbD2\x93\x1a\x0f5\x9eA\x8b\
\xd6\xae;\x96\xed\xed\x90r\xf9K\x1b\xe0wp\xea\xda\
E\xffZw\xed\x9e\xa8=\xe2\xfa;\xe5\xec\x18d\xe5\
('\xe8'\xc9\xe0\xb9\xc0\xabv\x8b\x17\xc5\xf6.v\
\x8b\xf1\xd8Z\xef\x0b\xee^\xef\xeae\xd1\x1aoa\xb0\
\xe8\x96.[\xb6w\xe9\xbe}{\xf7.Sj\xf2S\
\xe5>\xb7'\xa8\xad\x9dz\x0e\xd0\xda(R\xa6$'\
Lq\x0a\xab}J\xa7\x0b\xb4\xb9\x14ir\x04\xb1%\
\x0d>Y*\x8c\xb1\x14\x82\x92+Q\xfb&o\xdc\x07\
\xa6\x9e\x87\xa5\xd4\xbe\xa9\xba{\xc3w\x8b\xa9N\xa0\xd8\
?\xe5,\xac\xa9\x0a\xa9)\x0b\xa8)\xa7\x8a\x95\xb6q\
\xaa\x0aE\xf8n1\xa97yG\x8b\xeb5\xdd\xa2\xd3\
\xf2\x92\x94\xc8\x87\xd9|\x1dT\x9eF8\x10\xd9\x0ev\
\x1b\x887\xc1\x00\x85\x0e*\xab\xe9\x9b\x80\x9c/n\xf1\
\x9b&\xf4\x06\xe3\x12\x0d\x16\xcf\xfe\xbe\x08\xa7\x9b\x10\xa9\
!\xe3\xc9\xdbE\x15\xc6\x91H+\xc4\x8f\x80\xfaM\xf4\
\x0a\xbba\x0c\x5c9\x07\xd0\x88\xbe)kAb\xcfr\
u\x95\xd8\xd1\xea\xeeX\xba6r`\xbf\x1b\x5c)\x82\
?\x0e,]\x1c\xa9\xf1:\xbd\x0b\xddTDn\xef\x80\
\xaby\x8b\x0e\xb2\xfe\x87}\x8e\x0d\xa0\x1fU\xe3u\xb8\
P\xd7\xbd\xa1{\x03j\xea\xcf\x07mo\x90\x0d(v\
\x9fG\xd3\xd7\x06*G\x94\x85\xf8\x08\xd3\x1c\x1c\x0df\
f\xd9^\xa7\x7f\xa8\x9b\x00m\xceT\x90?ot\xd3\
\x91\xedr[\xf7P\xbf\xd8\xbb\xd4Y\x03\x11]\xab\xc0\
\xe4\xb8\x12\xa6j%\x9e\xfdOqz\xcaS\xa0C\xa8\
r\x0d\x9a\x05\x9f#\x8e\x0c\xab\x16\x1c\x96\xbb\x82\x89]\
\x08p\xf8\x0b\x19yy!\x04\xe5\x00r\xb6\xe1cA\
T\x8c]h\xa7^\x00\xf1\xeeT\xdd\x89\xec\xdb\x0b\x95\
\xdf\x8eJ\x9c\xbf\xddp\xe0\xea\xf2\x0e\xa0`\xd8\xa9#\
\xd3\x96-u\xd0!\x1ehc\xebQ\xb1yF\xf3~\
h\xdc\x1bf\xab?\xcc!k\xa6vL\xb3/\xe4\xd1\
kq\x98\xfd\x17\xe6\x22\xa7\x80s\xd6\xcb\xf5\x18\xdf\xf4\
<{\x9f\x0e\xb3{\x0ajpA\x84\xb4\xa4\x1a\xbc\xf9\
\x09S\x1d\xab\x98\x0f\xcd \x8c!a_2\xff)2\
D\xfc9>\xdbP<\xc6\xeb\xf0\x0cE%\x80\x9a\xa0\
\x9ev\x0a.\x95E\x0eC(\xda\x91=\x1d:\xc3Z\
\xe4?|\x8b\x5c\xf1O\x9f\x97\xf2oo\x93\xce]*\
\xca\xfb\xe2\xf1\xd7\xcd7\xc4nZ\x03oxg\xab\xb0\
\xde\x8bc\x7f\xe1\xbd\x1eo\x9bo\xc0\xdb&}\xc4?\
\xdb\x9ben\x9b*\xda\xc6\xaf\x8e0\x84\x0ed\xc2s\
\x16\xc6\xa8\x01X\x81,=\x0f7\x13\xf3\x95\x9c\xac\xab\
\xdf\x08\xe7B\x13\x96ZZ\x1d-\xd4\xe5P\x05#\x9f\
\x18q\x04\x1a\x15\xc5RVt\x92p\xde\xe8.\xc2T\
\xe9{(\xdd\xd2T\x9e\x0e\x81\xb0\xa2:V\xc3\x1e\xbb\
\xf9\x8c\xa0h\xa5\x01\x22\xbf\xc6V\xf4\x99\xccc\xef\xc9\
<\x13$Z\xa8\x1b\xec\x1d\xec\x85\xa8\xcf,\xce\xb4W\
}OD\xaa8\xa0\xe0\xe72\xe9L\x18\x9d\x9c\x1c\xed\
\xdfX\x16\x8a\x13C\x10\xd6z\x8b\xf3\x8cqMC8\
\xd0\x9fX\xe6\x84PA\x09j9\x9dT\xa7\xb2\x02h\
\xce\x88\xc7\xdb]TO\x0f\xf3M\xfay\x1e\xcd\xe7x\
41\xab\xb2~\x03N\xd5\x11\x8eU9\xc2\x11\x8b\xc7\
\xe3\xc3\x8dm\x8dm\xb0\xf5\x12z\x87\x09\xbfzED\
*\x85.\x98\x89d*\x99b\x82\x0e\x8b\x89N|b\
o\x08`\x16\x11\x12\xf3!\xfch\x82\xd8\xb4q\xa7\xbf\
\xb1\xb7L\x98Hp\x85HeR\x1a!Q&\xc5\x0a\
\xaf\x9a\xcd\xf1\x10\xa1\x0bn\x8c9\x1c8@\xb5>\x9c\
\xaf\x88\xe6<\x85rV>\xaf\xbd7[\xb0\xd4:\xc6\
\xdc\xb8\x12fs\xecLV\x89\xf7\xacrQ\xd5\x95\x0c\
\x8eQEX\xb5\xa6J\xdfC\xa5#Ee\xa5\x0d9\
\x9b\x14\xfe\xbcn\xf7\x92\xe8K\xaa\xdc\xca\x9f\xad_\x8f\
\xe9\xb1\x9d\xe3H\xa7-\xfai\xd4uRD\xbd:\x8b\
5\xa0Y\x0c\xf4\xa7\x9ew\xef\xbd\x8e\xf9\x0bo\x83\x81\
&\xa8i\xc0\xb3\xac\x0bA\xfa\x80\x92\x16\x7f\xef\xca\xa4\
\x9e55\x7ff6-\xc2=3\xdf\x15\xf6\x8a(\x87\
3N \xce\xb0N\xcc\xfa\xb2\xd8\x0e\x03\xcd%X\x8f\
)^'~\xb0N\xe8T\x08\xd6\xaf^\xc9\xb4\xae\xcb\
\xafz\xbd\x1f\xca\xec\x14\xb3\x8f\xac\xbd\x85\x9e{\x9eX\
{\xba\xadEPn\x8d\x98%4~\x81I\x0a\xad\xc2\
\xa5HK\xf3\x14cgY\x0b\x18\x97\xb4Y\xe4}\x86\
\xf5\xb7dC\xd8\xdbEs\x1bWG~~K)\x9d\
,J\xd7\xf1\xb2\x17\xa52Ki\x92\xdaU\x0c\xb9e\
\xc9v\x94\xf6F\xfe\xd3\x890\xfe\xac\xb0O\x12\xcd\xde\
\x0b\x22T\x0b4%\xda\x8c\xa0\xb3\xb81\x8d(\x1c\xb3\
\x85eH\x84\xb2`\xb5p[\x8d\xe8\xb5\xe8,\x03\xf5\
.\x10\xd5i\x12\xa1\xf7\x80\x84\xd1\xba\x94\x12\xedZ\xc8\
\xcfa\xe2\xear\x07\x82>*\xca\x1c\x22\xe6\x88\xb1\x8e\
\x1d\x9b\xb2\x16\xd3-\xf8\xb0:\x85MB\x00}\xcc\xd9\
\xf2^\xab\x8esu\x0c\xbf<8\xb5!\x09\xcb\xc2@\
)M\xda\xb2\x88p!l\x14\x92\xbc(`\xdd\xca}\
\x1a\x97\x19EyS\x90\xb4\xf5\xc8'\xa7\xff\xadC\xda\
\x1f\xc8\x11\xd3\xe5r\xbcB\x19`I\xf1\x11L\xda\x9a\
\xde\xb7\xfc\x97\x97&mu(uF\x8d\xd0kU\xf6\
\x96\x95\xd7By,\x81\x5c\x92\x9f}\xe4~\x93[a\
\xa7U\x8dK\xba\xa2\x94,\xca\xec\xe2\xec\xa8\xf2\xb9S\
\xa1\xcc*\x15\xfb\xa33\xbb\xa6\xf7-\xc8\xd4:E\xf8\
\x01\xe33\xbb,H\x02\x95\xff\xa53\xc1\xb83\x12\xf3\
\xd9\xbc7\xfd\x9d\xd25\xef\xab\xbd(\x18\x8c7{\x97\
\xba\xc57\xc6\xfcxmP\xaa\xe8\x88\xb8\xebU~H\
z\x0b\x1c\x7f\xfeG\xe1\x9dW4\x95\xbcR\xe3Ux\
\x0f\xbb\x0a\xfbB\x93\xb7\x05\x9ap*\x9b\x14?\xb8\xd9\
\xa2>\xd3Q8\xfa\x12W\xc5\xcePS\xab\xd4\xf98\
y\xc2={\xcd\xb2\xcd\xf2{\xce\x8c0H\xfdxd\
&8XB^\xb3\xacY\x1eu\xa4\x9d\x94]M\xd6\
z\xe4^\xe2\x9a\x8e)b\xef\xbe:\xef~\xf0%'\
\xaby\xca\xd2\xc8\x0c\xea)2\x8bw\x13\x91\xbcnM\
\xa0\xa5\xb7\x06\xff\x10D\x0f^\x02)\x16\x0c\xf4P\xa4\
+\xb2\xcc\x8f\xbb\x8bXg>\x86\xa84\xad}\xad}\
\xd8\xcf9\x80\xc3\xa9\x12\x8c\xe4\xcf\x8f\xe4\xbb\xe4\x90t\
\xd6z\x8e[|Sl\xff5\xee\xfb\x97\x0d\x19\x9f<\
e\x13 \x8du\x93s\xe9\x83\xee\xfb\xaf\x8b|}\x8b\
c\xd0x\x11\xfe\x89\x22\x9a\xa4\x18\x8a,Z\xecZ7\
\xfcT2\x19N\x8f\x98\xaa\xf1dF\x86\x93i\x98$\
t\xf23#\xc3\x5cV\xfbR\xba9\xa6|\xbb\x7f\x81\
 \xf5p\xa3\xfdW]\xe3\x16\xff<\xe6-\x5c\xe7\x86\
1\x9e\x0c\xf8\xd0d8j\x7f*\x8081#\xec\xe1\
\x9a\xa7\xbd\x7ft\xaf\xba\xd9\x19\x9f\xe9\xc8dn>\x87\
\xf9\xf9|G1\x22\xc0\xbf\x966\x8e~t\xb0\x17\x82\
]\xd0\x8a\xd0\x95\xd0-\xad\x95(<i\x8c\xb6\xc1\x91\
\xe8\x0b\xfe\xe1X\x9a\xed\xe2]k \x8d\xe1\xa1\x04z\
\xado\xee\xa6v\x12\xb4\x1e\xb6\xfc\xa8i\xbd\xeaKN\
\x22\x03\xcdL\xc3\xabR\x5c\x1a\xd1\x15x1\x95H\x8a\
k\xfcw\xb9\x8f\xdf\xad\xf6\xa3\xf4\x17.\xb2\xd1\xc5\xa6\
\x82'=o\xb9\xeb-\x1c\x8av\xc9\xc7o\x95\xefp\
\xa6\xedm\xfd\xa2w\xa6\xbb\xb6\xfbO/0\xd7v\xe8\
X=}\xa4(\xca\xbb\x8cx\xe4KN\x09\x997\xc8\
\x97\x8c\x14\x8fGL \xb9\xcd* \x1e\xb9\x19\x15\x87\
\x8c\x1d\xed\xaa\xc2m\x97\xbe\xd5\xfd\xd4\x16'\x1c\x03K\
D\xa5`\x8fl\xd8\xfbh\xe4\xd2enC\x84\xd4\x99\
S\x18\x80\x8b|\x0a\x9fj\x92\x0f>\x1a\x88\xc8\xef\xb9\
#+b\x8b\x03\xe1:\xd5\xe0\x8b\x99D^L\xd9\xe5\
4M\xc0\xf4\xda?\x86Ktfw\xc2\xa9\xc7a\x86\
\x1bm\xc9\xb6\x91_\x07\x1a\xc2\xc7\xbc\xfb\xdd\xe2_\xc4\
\xde\xb1B\x9dT\x97,e\x80\xa1Q\x96\x06\xe5\x968\
\xe8A\x1a\xf7jiT\x12\x1cv\x01C\x8d'\x81\x0d\
#\xc0\xa1\xf1\x90a\x05\xf6\x8d\x86\x0b\x1dy\xc0@\x89\
\xfbT8\x82~\xce\xc4\x0eRVfF`\x1b\xd5\xf8\
\x97\xab>\xcb\xea\xe2\x9bU\xca{P]\xbc\xc3\x1d\xf9\
p\xccw\xbc\x1aw\xe9\x8c\x12\xa4\xc4\xf7\x0e\x5c\x13\x99\
Q*\xd3\xe3K\xdc\xef\xcd\xcc{\xb1of\x9e\x81k\
\x225\xc7\xbc\xbb\xdc\x8d\xa8\xae>\x0fa\xab\xcf0\xe0\
\xf8(*\xb2\x1d\x1d\xf8\x81Q\xd6lGa\xc9\x12\xd6\
e\x9b\xf0\xdf\x1e\x9d\x02e\x04\xfe\xf0L\xbd\xe0o\x87\
\x09>\xcd\xe9\x04'\xd9\xb5N\xb5\x8en\x82\xf6\xe1\xbc\
\x8e\x18\xf6\xacg#eE\xa3\xf5u\x03\xaa?G\x89\
\x96Y\x01\xde\x9e\xe2\xfcg\x15\xa6wh\xbb\xda\x00\xaf\
\xf6\x9b\xcc\x1aQ\x07\x7f\x08\xb3\xd0\x88\xe90\xbe,\xc2\
9\xf2\xc1\x1fN\x92\x1c\x87^{\x92\xad\xd3A\xff\x90\
\xf0\xdd\xdc\x8b^\xf0\xf9b\x8a\xa0\x88\xf8\x11CZ?\
u|\xc7\x19\x80.\xbex \xc9\x09G\x8a4\x17<\
\x0e\xcf\xf7.s\xbf\xb7\xf8\x9a\x19E\x90\x98\xdd3=\
H\xc4\x83\xb5\xdf\x9bY\x1c\xe3\xd2\x99\xc5\x08^\x13\xb9\
`\xbf\xfb\xff\x01\x99\xaa\xb8H\xa6yR<\xfa\xa8:\
\xebk\xbc\x1a\x85R\xf9\x96\xd8\x9eE.\x99\xf5\x0e\x01\
\xcd\xd2o\x81\xa9v\x84UN\xc8b?\xa9\x0a\xdf$\
\xb6p\x0d\xac[\xa3q\xe2#Rh\x1e\xe9\x16'\x0b\
\xd1\xa9\x19\x80B\x90\x0d\x0a\xb1v\xcc\xce\xd6G\x99g\
\x12\xc0\xc0P\xf6\x1c#\x94?\xab\xb2\xab\x1bvH\xba\
\x89-\xe0\xa3\x7fA^)\x04\xc1\xdf\xe2\xeb\xe8\xbe\xcc\
\x91\x87\x92\xfd\x976\x85\x98\xc5\x0b(E\xce\xf8\xdfm\
\xe2;Tx\x1d\x0c\x1b\xc9\xa1\x82\x02\xe8d_\x8fd\
\x10\xb6\xbbJ7\x8c\xa2\xd3T\x13w\xc8\xe4\x10)_\
\x0b\xc8\xdeWq\x06g\x9c\xd4p\x1ct\x8c\x0d\xaf\x8a\
\xc8\xb8W\x0ee\x00R#\x0b\x91\xc4\x22\xddO\x88\xc3\
Q\xce\x06\x8dP\x94\xb2v\xb7\x9aZ\x112\x13\x98\xbd\
\x01\xda\xff[0\x18\x07\xd3\x97A\xaf\xc2m\xfeB\xd7\
\xee\xabE\xfaXi\x0f\x16\x0d\x1e\xf45\xc7#\xca4\
\xec\xa8\xe3\xdb4b\xf56\x0f\xd2\xd7vD\x14vG\
%\x8d\x80\x9e\xae\x85*\x1a\xe9U\x11\x1c\xa9\xa7\xf0\xa7\
\xd7j\xf8A\xb1.\xea\x9dw\xc8M\xdb\xc8\x96\x9a\xc2\
\xa9*\x9c\xb3\x95\xb4\xcdn\xb0\xb8\xfeCA\xf8)\xf6\
\xf7LC\xb0\xa8\xa0\x96\x84W\x13&\x08'i\x8c\x9a\
I*u\x9a\x98\xed\x12\x13\xa9\xe8\x97\xfd\xf3\xdd\xe2[\
\xd5I\xf3\x97\xb1\x83\xb5^[PKEBPa\x0c\
\x1f6\x8d\x0b\xf0\x8c\xe3X\xa6\xa8E\xccH\xd71{\
]\xd9.\x0e\xc1\x03\x9e\xa8\xab\x0fF\xedW\x81>\xd1\
\xceWKJ\x8f\x1d\x1f\x7f\x10\x1f\xd6\xd75\xe1\xbfY\
';\xb6c\xf3\x8a\xcd\x15\xd9\x8e\xacR\x05\x82{k\
.)\xd2[i\xcf\x9e\xa1\xbb\x9d\xd7\x1b\x02\x0d\xb8\xbc\
\x0acl`\xc1\x0d\x91\x84\x0d\x91\xd0\x1b\x22\xd5O\x01\
\xffQ}h\xd5\xeb\x0d\xa1\xcf\xd4\x08]E1\x1f\x1b\
`\xd5U\x11\xe5\xf5\xfd\x0a\x00{\xac\x05a\xa1\x0d\xcf\
\xba\x0c^I\xc2\xbb\x09\xdak\x0c\x83q\x12\xa0\x1c9\
\xef\xca\xd4\x00\x89a\x94\x8d\xf8J\xc2\xa5Z\x14\xec\xd2\
\x93\xb0\xda\x9eVj\x01\x0aPB\xffo\xc5\xa5{\x82\
\xd7\xdca=\xa1y-\xe5\x8c\x08Iopr\x0as\
&\xb8Og\xbb\xb3\x8c\x0f\x8e\xfe\x8a\x9c\xf0\xdeL\x88\
L\x88y\x8d\xf3\xd3M\xa5\x8f\xc9#\xed\xf8\x93\xbf\x82\
\xb4\xdd`v\xb3z\xa6\xc5\xcf\xfd\xcf(\x16\xc7\xf9\xd8\
\xdbA\x1c\xd8\xb9A7>\x19\xd1gB;\xee=\x03\
\x10SJ\x19\xc81G\xed\x11\x13\xa3\x14\x22\xfb<\xcd\
^t\x1f\x82\xee\x08#E\xc2\xaf\x9c\xc6\xfe&\xb5\x08\
5R\xde{}\x04\xf1^\x80\xe1@\xff\xfa\x18\x8a(\
\xe1W\x0e\xf2\x1e\xfdI\xab\xfb\xe2CV\xa7\x99)W\
&\xe4\x92\xbd|\xf5\x06:}\xca8{/*\xc0p\
:\xea\xcb\xccFj\x8a\xc1\xa3\x97\x1cp\xbf\x16\xf9\xef\
z\xba\xb4\xff\xc2\xf5.HG\xfeK\x0f\x97\x9aG\x03\
q[bwSZ\xb4\xb6\xcf\x91\xb5N[\xef\x84\x7f\
9i\x99j\xb07\x95\xbb\xfd\xa1nN!\xd1\x09V\
j\xa70Y\xcb\xa6\x1e\xe8\xfbE\xbf\xfa\x96\x19=x\
\xd2E\xa6\x03\xfaI|\xe2\x1d\x00\xfa\x91Ek\xa9S\
\xfe~\x09\x0f\xe9A\xdd\xd8S\xa3d!b\x05C\xaa\
\xad\x98d\xd3Dkg\xcbb\xf7\x8a(\x0b4?\xce\
\x04\x15\x86\xb4\x02\xc4\xe6i\x8c\x96\xc3ur\x1eJ\xbe\
\xdd\xb8b5\x00\x86*w\xe3\xc0\x9d\xc7\x01n\x0e.\
\x86nt;W\x9b\x1b\x19\xd7\x08aX\xe6\xc4c\xd1\
?\xa9\xd1q\x87\x7f\xb9;\x13\x1a\xbdp#\xc1\x10]\
\xe6\x22\xec\x93\x9f\xbd\x04\x90H\xd7|\x22A\x99\xbe\xd5\
|\x8al\x0f\x0a)\xd1\x8b]\xb2\xcf\xc5\xdd0\x86?\
\x9b,\x7fs\x85\xb6L\x04\xa2\x84\x10K\x93\xd3\xd5\xcc\
\x90gb\xda\xa3\x9a\xb1\xb8\x89j\x0e\x1dr\x8b\xff\x0b\
P!\xaf\x01\x96\x88\xe2\xa5\xb1\xc5\xca\xcf\x18\x9f\x11[\
\x84\x80\x0d\xa1\xb7\xafOX\xed\x98\xfbX\xc7\xda^\x88\
\x1eI)\x10z\xbf\xac\xc4\x9d\xa43\xecU\xb9\x12\x1f\
\xf5\x84\x89\xb2\xc7\x99\xe8 \xea\x0e\xb3\xa6\xb9vJ\xbb\
\x14B\x1bbz\xf6\x8d\xb5\xd5WH\x958\xfcJ\xbe\
\xe7\x9d\xc3!C\x0b`Pty.z\xb3\xd0\xac\xf4\
X\xd4\xbf\xa1\xcf5BV\x0b\xa5Q\x86\xde\x1ae\xcc\
F\x0b\xfb\x22Pe\xf5\xb7gh\x95\xdc;\xf5x\xd7\
/z,t\xa7\x10q=\x8d\x07\xef\x8b\x12\x90v5\
\x03i\xcfb<CS\x0b\xbe7^\xc8\xb2/U{\
V\xc9\xcfJ\x11%\x97\x85<\xb0\xea\xc3\xdag\xeb\x87\
\x8f\xb6\xfd{\x5c\xcb\xf68\xf5|\xba\xcb\xa3\xc6\x9a@\
^\x1eX\x9e\xc6\xba\xc1\xc5(b\xbd[9uq2\
\xd8\x94\x98i\x1c\x06\x8556\x17\xd5\xe5\xe9\xe4\xd5\xd5\
\xdc\xef\xcds\x8b\x7f\x15\xf3\xde{\xc8\xdd([ \x87\
\xb1\x0d\xf2\x19u\x99\xe8\x97:e\x1d\xcal\x7f/\xbc\
\xaa\xcb~\xf8\xf4\x80Az\xf7\x0b\x84\xef\xee1\x22\xa7\
\x8eW\x8d\x0f\xb7HH\x82\x14\x12s!\x83\xcf\xb6`\
\xd4mI\x01\xa8\xf4>\xa0\x88\xbf\xcd\xffK\xb7?\xe5\
\xd80 \xc1=fc/\xda[tB\xd6\xf1`\xa1\
\xb4dV\xc1Z_\x03(\x9a\xeb\xb6\xae\xdb\xda\xa4\x10\
\xaaUW\x5c\xe0\xf3<\xa5J\xa5\x8f\x0d\xe0\x18\x04\x83\
\xd5\x08\x98\x07\xc8a8\x17\xef7\xc2T\x15nu\xbd\
&\xbe\xd3\xd7\x0d\xe5\xa1\xfa\xf9'\xd5p}\xff\xfb.\
\xb1%\xaa\xb4(\x0d\xc5\xa7P(\xfb\x87\xf0\xf9g\xf2\
Y\xbc\x80\xaf\x86\x0b\xe0\x9ev&\xc6\x94\x0d\xe1\xad1\
\xa2\xe2\xaau\xa2\xb5\x03\xad\x8c!\xdeW\xcf:\xdb\x16\
\xcd5\xad\xb3<S\xa8\xebX+:\xd6\x22\xd5\xdd\x1f\
\x0a\x0aFB\x85@\xfb\x0d\xde\x9b\x5cT-\x16\xa2\xa6\
\xb9}74t7b`\x9d\xcb+\xe1\xe5\x81:\xd4\
\xd6B9\xaa|\x02\x1d%[\xb7\xfa\xb3A\x93\x00i\
\xc3\xd6\x08\x9b\xb8F\x00\xb8\xe28\xc6\x997bff\
\xd0\x99\x8d]\x18\xff0\x06W\xf5N\x06\xdc\x9bJ\x1e\
\xd7Y\xf2\xab7\x94\x05\xb5\x9ev~\xd1\xe2\x03N\xd9\
\x0c\x22xE\x03\xf2\x99P\x99.\x8ah\x04\xbcV]\
V\xe1\xefiP\xdb4a\xfd\xc4\xc9\xfa\x08p\xd77\
\xde\xe0\x9de\x11\xf6\xbc`N\x9b\x02\xdc\x9b\x89\xd9\xd7\
\x00\xee\xbd4\x1eJ\x06\xdc\x9bB\xceI\x8dw\xdf\x93\
\xee\xc7\xef\x96\xdfu\xa4\xcd4o\x05+S-%\xad\
\xe8\xe4\xbf\xbb\xc9IR\xfa\x8f\xbar'u\x16\x8f!\
\x91\x0f\x7f\x17j\x985\xae\xf5\x88\xfd{\xbe\xb5\xc2\x9f\
\xfb^\x7f\xee\xcf\xbeu\xcf\xfe\xe5\xa8\xadV4W8\
i\x8ch\xd1T\xf7\x80\x90\xa9\x02*\x7f\x1c-\xc7\x88\
\xa2\x10?\x87\x9d\xd0\xef\xc4\x87e\x09\xf9\xbb\xb6W\xa8\
\xc1W-\x97\x7fw\xfd\x0a\x99\x96)\xe9\xbd\xca\x9b\xfb\
SY\xb7d\x85c\xc7\x15\x8e\xf1C$\x91\xdc\x8f\xc5\
\xad\xd8fq\xe0\xf3N\xc6\xc4\x9aI+\xc0\xf5\xbb\xc3\
\xe3\x03\x5c\x83\x81\x0e~\x8c\xc7\xb3`e\xdc\x89%\xf7\
\xc8\xefxs\xdf\xeb(\xcc\xc3\xdb\x8c3Iq\xa0e\
\x13\xd9\xa4VI,\x5c\x93\x0c\xbc\x92\x0d\xfe\x118R\
\x88\x9a2X\x0a\xc1\xd7 \xd4\x01,bE-\xa0\x8b\
\x1a\xb1:>\x9c\x08\xfe\x11\x805h\xf1oY\xe1\xda\
\xf6\x12\x8bV\xde\xbe\xf4r~?\xc5\x02pI\xfaF\
\xc8\xa6=\x81u\xdb\xbbbR\xf3\xb6\x95\x8aH{A\
\xfdJ\x12K=\x87\xa7\xc3\xf6\x1c\xbb\xb0\xac=R\x5c\
\xd5.\x97\xe4\xfe\xd2\x91\xd6\xf7\xf4*M\xd1\xe7aE\
\xa8 \x1f\x0a6`\x13\x16!\xc7\xa6\xa9\xd4{\x1aB\
E\x1b\x0e\xea\xf9\xd5\x8b\x1b\x22\xab\xe8G\xcfkX\xa4\
\x7f/\xcei\x0b\xfaGu\x19\x1f\xc6_2\x9d\xa2\xf8\
p%\xf1\xf0\xa1\xa1\xb1\x0e~/\xf7\x84\xdc\xef\xdc\xe3\
\xcdr\xdf\x12\xf3\x17\xfaq\xb78+V\xe3]\xe9\xdd\
\xe5\xfec\xec\x03\x8b\x5c\xf9\xfeV\x7f\xae#C\xe1\x15\
\x86\x80\xa8R\x07d\x18p\xf81\x0eg\x193q\xeb\
Hi\x14\x0a_`P\xc7*\xf2\x9b\x80L\xd9u\xcc\
\x09\xb1=\xe5\xf3!@\xfa*\x0c\xe1\xce\xdb\xa9\x00J\
\xd6\xedz\xb5\x13\xb2[\x83#\x88\xb9\xa4\x8c\x1ay\x9a\
Z\x85`hV\x8c\xdbp\x98<\x09\x16\x9f.\xed(\
\xea\xa0\x8dm\xde\x5c\xf9\xe8\xbf\xf7:\x19\xeb\x0b\x99L\
\xc6\xca\x9f\xc3\xe0\x95*\x0ec\xa9\x22\x1c\x9d\x17D&\
\xf5;\x22\xd3\x03\x13\x99(\x9d\xb1\xb2\xc0\xc6\x1e}\xa8\
\xc6\xbd\x87\xdd\x19]\xa7o\x8dJ\x06\x94\x85k\xa6}\
\x16\xa3\xd4\xeb\x84\xd5\xd6Ia7\x05\x9a\x03Z\x19\xa2\
\xe9N\xf2\x12U#l}W\x07!\xf4W\x92\x9dB\
3\xbc\x9a`0\xaau\x22\xda\xe9i\x00\x15\x87R\xd3\
\xca\xfa\xf1a\x8bms\xcb*\x87\xa3\x83\xf47\xebm\
\xae\x09\xaa\x85q\xe4\xed\x9a\x156\x94\x11\xab\xb68a\
\xa4\xd2\xbc\x09:\xc2\xc8\xe8Nsl\xd2x\x98\x1a\x9a\
H\x93\x16\x82}\xaa\xd3\x0e\xa9N\x83\xab!\xd3\x99\xe9\
$P#\x5c\x92Iqg\x93C\x8b\x86\x89\xb8Na\
\xea7\x0d\xb5\x1e\xacS(\x05\x8cr\xd3\x5c\x91BT\
\xa4[#/5\xd9+\x9b\x06\xee61\xa5\xea\xf7\xc3\
ASy\x028\x1c\xd3\xa8DP\x9e\xa6>\xf1\x0c\x88\
\xdb\x9b\x0c\xf5\x1a\xdez\x14\x8dkJ\xa3O\xd9#\xd7\
\x99\xa1\x98f\x0b\x04\x8bQ3N\xb3\x10:\x0d\xc0^\
c\x18\x8fm\xc5=\xd3\xa9A\x11\xd0\xe2\x8e-L\x80\
\x11\x0aw\xb5\x85\xdb8\xa3)\xd7\xb4h?U\x87\xb3\
-\x9aV9\xf6\x12\xd6\xcb\x1a\xd3Tp\xd9w\x19\x98\
1{c\x9c\x22\xd0/\xf5\xa5n\x0d=H\x8c\x90\x85\
\xba.\x83(&\xb6\xdc\x19\xe2\x93\xab\xc2\x13\xa4\x0b\xda\
\xdeE=\xc0\xfdY\xaa]\xc2d\x9f\xa4\xcd=\xed\xf9\
\x9e\x89\x1dH\xdc\x8d`pihV\x89\xba\xa8\xd3@\
\xf2\x9a\x83\x97\x98x\xab\xe8\x9c\xe3\x91\x16[n\xe7=\
\xaeY%\x82O'\x01;?>\x9c\xb2g\xb9+m\
\xe6\x13\xf3\xeeC\xa7\x90\xf1{\xa0\x00\xee\x0a\x13\x9e\x8c\
q\xaa\x1b\x11Y\x88\xa6;\x9cdX\xaa\xe7C\x8c~\
\xc4\xd8\x99)y\x81kys\x1c$\xc5\x1dMN\x98\
)\xa3\xde\xa0mR\x1f\x8c\x0a=\xbe\xd9hs\xc9X\
\xddL\x87\xfa\x90\x82A\xd1\xc4\xc6\xa7\xd8\xc6\x00\xb2\xed\
v\x0e\x98\xacd\x1d\xa1\x0a\xd5\x07\x9a\x02\xd8\xb7zb\
B\xf8\x05\xcd\x15i\xfd#\xb0\xe9_\xac=p\x8a\xa6\
\xe0[M\xf0\xa6\xfa\xfd0\xbc\x13x\x13a\x01\xd1\xc2\
\xefb\xe5b\xd8\xcc\x80\xb8s\x8bcb\xf1\x09\xb0\x8f\
7X7\xb9\xdf\xd8NS\xb25\xa7rf\x89UM\
6}$\x0b\x86\xba\x12\xb1\x11\xd6\x9aN\x9bu\x88\x0b\
E\xcf\xa7\xd8r\x87cc\x08\xc2\x8cT\xe3\xc1\xde\xad\
\xcbN\xc4,\xf4Y`Y5}\xa5\xc8wXG'\
\xf4\xa3\xd3H'\xd1t\xbb\x13bd*\xe8\x05\xd1i\
\x89kN\xd3\xca\x97^\x06aRg\xd1\xe6\x9e\xfe\xbc\
\xee\xbb\xc4\x9dN\x00\x16Qx\xe8F\x99\x1a\x86\xc6\xe5\
_2:\xdf\x19\x19\x9d\x17-\xb38\x9d\x19\xdd\xa0\x0c\
\x95\xbc!\x9a/\x0d\xc0\x7fI9\x8a\xb9Sl\xe6\x1f\
\xef\x04\xc8`;*p\xc0\xc5\xf6E\xee\xa1\xd8\xa1\x03\
\xeeL\x08\x98\xb9g 89+\xab$U\xe04\x13\
J\x960F8\x14@\xf0\xd2N\x1b\xaa\xca3\xf9\xea\
js\x9a\xa2\x17\xa0+\xd1\xa5\x08>\x03\x05\xa6[\xf3\
T\x92\xeb7n9\xf9\xd3T\x82\x99\xba*\xcei\x1d\
\xc1\xc6\x1a\xda\xea\x98\xbf\x10U6\xd8|S\x8f\xa8\x0c\
F\xbcCv\xa0V\xea\x17\xea\x0c?\x89\xd8\xd0\x10b\
+9\x85\xc9\x1b)MDe\xfbB\x08\x0a\xbb\x83\xca\
\xe0dId;\xb3\x9d\x14,\x81\xbeD)v\xfd\xe9\
\xe8\xbcWG,k\x06\xb4!\xd1\x99\xe8\x84\xc1N\xc0\
0wPI\xc8\x97i\xf8B\x9al\xee$q\x0c\x03\
\xc9\xd6\x860\x03\x09B*\xe0\x08\xc6\x87CX\x99%\
\x8d\xc3\xf6c0m\xa1\xceN7T3\xd9\xb0\xd51\
\x7f\xe1\x0fWagL\xc30\xeb\xb5\xc3\xea@\x02\xba\
\x14t-A\x04\xeb\x14\xe0k\x16\xdc\xcc\xf6\xe14$\
\x8c\xd8e$<\xba|\x83\xe9\xcf&`)tX\x8b\
\x03\x17\x0b\x09\x0c^L \xe4N\x85\xd6_\xc3\x86\xd0\
\xfa\xf3\xd1\x7fn\x87#O\xde8\xe4\xb2\xd7\x1aQu\
h\xdfl\x1d\x0a\xed\x9b*\xf4>\xa6\xad\x0dG\x1b\x10\
\x8d\xb6\xbcA\x83\xc1\xce\x06\xdb\x96 \x81\x09(8\xb4\
\xe0^j\xd9lm#\x14'\xd9\xael\x17\x0cv\x16\
\x86\xb9\x9b\xca\x0a\x14')\xf8B\x8a2\x87\x0a\xe4\xbf\
\xe5\xf5\xb7a\xc8d\x82\xd6\xd5\xdbf\x1a[\xe1-s\
?\xb2nJ:\x96\xb7\xbe<\x88\xaf\x86\xf8%g\xf2\
\xf8\x07\xd4\x97\xe8\xd6u\xb6\xbd\xe84\x5cR\x94\x0a5\
\xb4!\xb4\x07\xa1\x13\xa7p`L'\xd1Z\xdam\x0d\
F\x16\x86'\x18\xa6\xac\x09K(]\xbc\xd3\x9b\x85@\
=\x19\xb9:v\xcd2w\xe4oc;\x82\xba\x17;\
x\xd0}QIu|\xd2\x97\xd3\x03@\xbf\xf1\xe9\xe4\
+\xd1t\xb4~3\xd5\x0b\xf9\x8cnh5\xde\xb2/\
\xba\xfdD\xf6[\xc9 \xd4j\xf5t\x19\xcbj8k\
t\xc7\xc6\x8ct2\xe9t\xe6\x95\x89mNH\x97e\
H%}A\x99\xcd\xfe\xd6(\xa2\xa0\x82\xbd\xb9\x9fJ\
p@j(\xce9\xf0C\xf3 \x18rnsE\x1b\
x\x12u\xd9\xac\xc0\xcc\xf3\x8d\xf0\xa4F\x0c\x92y\x9e\
\xb2\xc8\x15\xb0\x82\x8a\xfcz\x0e\x06\xfby\x146\x8d\xe0\
Ym$\xec\x80\x13\x05E\x10~\x0c\xe8\x06\x8eA\xa0\
\xf7Q0\xdb\x1f\x01\xa9z\x04\x02\xf1\x8e6W\xf4\x82\
wK\x97\x9b\xd5\xb7\xea\x067\x0dn\x22\xb7\x9e\xea\x01\
\xa0\xb3\xdc\xf8;\xd7\xb2\xb3i\x95\xb8K\xdd\xdc*\xf9\
\xee1\xf1^)5L\xa8\xc4P\x95\xbcE\xb7\x05\xdb\
\xc6i\xd5\x88\xf4\xc12o\x09\xcb\xbe\x85+\x0c\xddg\
\xba\x8ck\x04\x80NxJ\xa7\x8d\xd3a\xac\xa9\x90\xa1\
\x5c;\xa3\xde \xebG\xf0\xd1\x10\x86'\x95\x95D\x1e\
\xc7\xf65\xab\xa6\xcd\xe7\xd3\xea\x0dA\x07L@|\x11\
\xea\x91\xdf\xf0\xa0K\xbc\x8d\x80\xa6>_\xe9\x97\xb3\x19\
f\xc1\xd4\xe6\xc5\xf3\x9b\xf1\x83\x82\x99\x10\x04\xc1T\xa9\
\xf3e\xa7\xdc\xad\x88 \x9b+\xdawl\xdc\xb11X\
\x9b\x05M\xaf\x88\xeb\x10b\xf6#\x1a=j\x9dF\xb7\
i\xa3\xf2\x08\xc6\x05 \x1f\xfda$W\xc3\x1a\x1c\xfb\
\xcf\x05\x8a\xc6:\x95\xd6T\x09\xae\xf4*H\xf0<\xce\
=<\x8eB\xa0E\xf7\xab3\xed$e\xd2\x8a\xc9\x13\
+\x1b\x93R{\x99$\xdee+\xc2\x80@V\x0d7\
\xa8\xd4>\xa2\xee]dK\x9aE\xf6*C\xf6\xba\x11\
A\xaa\xc0\xbd\x1d\xc3D\xad\x01*\xc9\xa3\x8d)\xb4\xff\
\xe7\x8b.\xe0.\x80\x98\x0an\x91]\x9d]\xc4\x80\x17\
\xa8g\x9aH\x85\x9d#\xda\xb4\xabK}5\x0d\x96[\
B\xda4\x84\xa0Gi\x0c~,\x83A\xea\xee\x12\x0a\
p\x1f\xee\xfc\xd5q\x92\xf1\x8f\xd5\xbe\xe8_N\xd8\xb4\
TU\xbc\xacL\x8d\xec5Y)\xb2\x12\xb3\xfb+K\
\xa94\xe9\x08\x94YQ\xf3ko\x96\xbb\xa4\xd9\x09\x05\
\x98\x8f\xf1\x99QBz\x0a\x81\x19\x15\xcafl\xfc+\
\xe5\xc2B\x0d\x95\x0e1_\x06?6 Q\xc4V\x12\
\xc0\x18\xc4kh'E\x1a\xdd\x14\x22\x93ql\xb0\x9d\
Y\xecs\xab\xc6\xab \x08\xa3B}\x88\xf9%X!\
\xff\xb4\xda)q\xec\xa4L@\xa9]\xabd\xcfZ\xa5\
a\xb3\xf4y\xe1)l\xf9\x8e$%\xf8\x9d$\xcb\x05\
\xfcF2\xe2\x9d\xffS\xd7\xf0sf\xda\xcc\xf5Y\x86\
d\x85\x02\x1dH%\xc9X1\x11\x12\x06\xdd\x0a\xf4\xe0\
\x8b\x0fop\x12\x86(\x16}\x80'\xb9\xf5TK\x22\
\xed\x80\x8a\xc8\x162J\xc8*c\x85\xfa\x09\xc9s\x88\
/\xd7\xb6\x93U\xe2\x8d\x09-9\xf7\xdf\x1fRGg\
\xb1\xcd\xaa,\x99\xb4\x865\xcak\xba\x07\x91I:\x19\
\x06xQ6\xe8\x5c{\xf7\xa6l\x9bx\xd5mn*\
\xe5$\x93!\xb42J\x98NE\xcc\x1f\x9d\xd2\xa03\
\x89T\xdaa\xe6\x80`\xa4\x13\xbdb\xd9\xa3\xea\x95\x08\
/rJ\x80\xcf\x8aT\xa6\xb3\xcf\xb1I}\xc7\xf4m\
\xc9R\x0f36eET\xbds&\x85\xae\xf7w\xf5\
g\x9c\xed\xd0\x7f\x1dN\x93k\xc3\xa3M\x1f@\x09\x12\
\xd8\xc4o\x84D\x152%\xd7v,r0\x99@\xfd\
z;\xa1\x03\x04\xed\xef\xb8\xda\xe5\xef\xe5\xf3%\x04\x9c\
\xfc\x5c\xa0D\x10\x9d\x1fv\x0c\x0b\x02\x9a\xeaNN\x88\
\x03W \xa4\x22\xcb\x05lj\xda\x01\x95GY\xdb\x19\
a\xd1;\xa6am\x9fG3c#.\xe0\xa3\x90\x85\
P\x92E@A\x05\x19\x91\xcc8|\xd2*+.i\
T\x1a\x88\x13\xaf,i^^\xac\xba\xceb\xbf\xa5r\
\x02\xec}\xc8\x01s3\xad3\xdc\xe0\x06\xd8E\xcf\x15\
\x93\x90M\xaey{\x15\xb7\xbaF\xe8\xa4-\xda\x0ak\
\xa6\x82CG$\xdbS\x9dj3\x8d\xc2EU1\xac\
\xb4\xe3\x10S4d\xa2\x9dh\xffT\x88x\x0aS\xed\
;#<\x13\x1aE!=N\xc2\x1av\x18\x95\xed\x9f\
\x157\x7f\xc7IfCK\xb0\xc4\xc5\x5c\xca\x9aZz\
[\xc1mmFI!\xabj\x03vW\xc4<\xb3+\
e\x8c\xb1\xe2{_@\xb4\x810g\x0d\xa8\xc8\xf5\xde\
k\xdd\xe2_\xc7\xbe\xdd\xee\x16\xdf\x16\xf3/\xf6.v\
\x8bo\x8f\xdd\xe4\xff\xad[\xbc,\xf6\x93G\xdd]\x9b\
\x177\xdf\xf1\xc1-\x91\x7f\xfb\xba[\xbc<\xd6w\xbf\
\x1b\xac\xe6w\x0dHy\xf76\x15\xf3\xa3S\x22\x1d\xbe\
A\x95P\xd5V\xb3'\xc7\x09\x8e\xb9\x1e\xd9C7\x1f\
f\x09\xa9f8\x9cjJL\xd4\xe2kD\x87\xd9\xc4\
\xbd\xab\xdd\xe2;b\xd7T?\x13\xdb\x11\x5c[\xae\x89\
\xa5\xbd\xbfw\xbd\x07b\xd7\xbc\xcf-\xbe3\xa6\xe81\
V\xa9\xca\xdeee?\xb5\xa2\xc9-.\x8a\xd5|?\
8\xb4\xca\xf5\xa6\xa96\xe8\xf8\x1d\xc3\xee\xbb\x06\xee\xde\
\x16\x9dygL\x178\xad\xaf\x9a\xd3\xfa\xaa\xe2\x94\xd8\
\x99\x5cj\x8f\xf0\x15\x17\xbb\xd2\xaf\xf8\xe5;\xbc\x0a\xf9\
\xcb_J\xaf\xe2\x1d\xbf\xf4+\xa4S\xe3\xbd\xc3\xfb\xa6\
j\xf9\xa7\xfd\x8b\xdd={\xa2\xbd\x94)D\xf0\xd9%\
)\xa4]\x98>\xca\x89\x9aK\xb6\x03\xca\xed\x5c\xbc\xb2\
mn\x05q\xd6\x8a\xc8\x99\xc7\x0ad\xfc\x87\xa0\xcf\xe5\
\x0aE\x8c\x825J\xc8\x7fM\x0dlZ\x1c\xc2t\xfd\
2\xc7\xce\x11B\xe8\xe2|\x08\xe7\xb8$\x96I|\xb3\
\x04QL\xdf\x08\xf3!\x90C;\xf6G\xdf\xcc2\x00\
\x91w\xbe\xbbd-t)j\x00D8\xae\xb9$\xf2\
t\x14\xd1\xb1\xda\x82\xae-\x8f\x98\xc8\x12\x83\x04i\xd2\
\xe9L,\x09\xfb\xc4\x94O\xe5\xfa\xbdN\x89^\x19f\
\xed \x9ay+LG|3\x0c\xd1W\x09\xf7O\x0b\
\x97\xcf\xa8\xaa\xe8\xeaP\xd0{{\xa2\xe1T\x12\xa0\xc7\
:\xa1\xe8\xc0\xb5b\x1a\xdcb\x9bu^\xbdxg\xb0\
b\xbc\xfd\xb1{\x9a\x5c\xef\xdb1^!\xa9`\x85\xc8\
\xa4\x1d\x1dU\xee'+\xa9\x8b&\xe0\x0a\x9ak\xc5Z\
q\x88\x99\x15\xcaV\xa2\xa0\xe9a1!*\xb8&\xca\
\x0c)\x0d\xb8\xea\xe2\xf2h8\xa4\x18\xf0YO\x00\xf4\
\xe9\x09\x5c\x9f\xd4\xc5%;x\x8e\xb5\x84\x8bp2G\
I\xf4n\x04\xb3\xac{\xa5\xd8\x13\xa99\xa4\xd6\xc7\x8c\
\xbe\x0b\xeb\xe3\xff\x8d\xc1\xfbJ\xd9\xf5q\x83\x7f\x91\xbb\
\xf5\xee\xcd\x9bT\xe2\xb6\xd1\xf5\xe9&\x90\xa0\xb2\x12O\
94\xc0~b\xfb7\xa2R\x11PF)\xa12a\
\x93O\xd26\xcb\x8a\x8d=\xe0\xcc\xab\xd0\xa7<Z\x87\
\xc3AY\x0c\xe5)\xc55-z\x08d*\x84F\xc8\
\x0aK\x19Y\x22v\xd69\x16\xf5c*#3aX\
T\x1a\xde\x1a\xef\x02\xefr\xf7\xff\x07\x1dM{\x17\xd9\
\xf3\x5c\xab\xe6y\x7f\xecn\x7f\xbe[|W\xf0\xf7\x9f\
\x07\xa3\x10Tn\x08\x7f\xea\xa3\xde\x12\xb7xE\xecj\
\xff\x9dn\xf1\xdd\xb1[\xbc7\xba\xc5\xf7\xc4v\xedu\
7-\xeb\x89l\xc9\xb9\xc5\xf7\xc6\x06j\xf3m\xcbv\
\xe7\xa2\x99@\x03\xb8R\xc1\x1b\x7fp\xb2\x8fl\x89 \
\xce\xa3\xdeQq$\xde\xd3\x11\xe3EzM]w^\
\xd9\x18\xd9\xd2n\xfd\xf6\xf6\xbe@wH\x07\xff<\xd7\
[n\xed\x22\x8e\xf3T}L\xa5S\xd2\xdf\xac\xc2H\
S\xd69#\xed\xd3\xc4s\xfd\xe5\xe9\x94#I\xa8\xc2\
\xde\xab\xe0L\x9b\x1d\xde\x90\xebw\xb6D_R\x0e\x18\
\xef\xc6\xc8K\xcas\xd0rpfyA\xad\x1aF\x86\
\xb0\xb2\xcah\x0c|1\xaa\xef\x85\xb1\xeb\xc5#\x0de\
#\xa5\x95\x94\x14U\x84\x9e\xd0+\xbc\xb7\x18\xb0\x1c\x13\
\x87\xa8T\xf5\x96>\x07\xe0\xac\x0au\x06\xacI\x97\x85\
\xbaT2)ZZ\x1d\xce\xb0\xac\x0b\xb1~-\x86\xfc\
\xbeJ^B\xc6\xef\x1fB\xe9\x84]\x9dM\xa8[\xac\
\xa5aW*xg\xd6\xf0\x91k+Y\xc2\x92\xa0\xf1\
\xfc\x14\xb2\x1f1\xc8\x97\x00DM\xce\xb1\xd5\x17\x95\x98\
\x94pR\xf3X2\xb2\xc3H\x09m50\xc2x\x17\
\xbd\xe0\xe7\x0d\xa9r\x8b\x14\xbe\x13i\x916\xe9\xf9\x88\
M\xa6N\xb4\xb1\xf8%\xd9\x22\xf6\xb6\xb8\xc5\xbf\x89\xfd\
c\xb0\x97\xdf\x17{(\xa8\xbf?V\xf3h\xb0\xec\x8b\
\x1f\x88}\xd5\xff\xa8y\xf1\xcd^\xa7\xeb9\x91~&\
wg\xe8\x9f\x92\xf60\xe1v\x8b\xf0\xe3Q\x83m\xd1\
gx\xbd7Q\xa9?\x0b\xb1\xd2A_\xd5\x8a\x9b\x22\
\x0d\x85u\xb7Ic|)\x1b+8\x8f\xf4'\xd1q\
8\x8e6\x0e8j\xa9\xf5\x19\xb3(\x82\xd5\x90\xc8\x96\
\x98\xb3\xec\xe5a\x92\xdf5[\xe5\x81hI\x16D_\
\x9f\xbes\xd2\xf5Tr\x19W\xd6k\xd1\xdf\xea\x90\xf1\
\x87\xe2\x85)#\xe1-j\xbb\xe9\xab\xfchy\xae#\
\xc3\x84\xd4&\xa7\x85\x8f\xd77\xb3\x00\x94E\xfd\xd1\x97\
\x12\xeeM\xf87\xbe\xb4,S\xfd^\x22\x82[G\xf5\
\xaf\x0f\xf5\xba\x92B\xe0\xdb\xfd\x0a\x99'\xb8\xfa}0\
V\xf3\x94'\xdc\x0fm\x89\x82\x15\x93\x8fN\xdbn\x10\
\x82\x86\xd5\xbc\xd0|\x8d&\x1bg\xb0\x04\xb2\xe9,\x86\
x\xb3\xb7\x8d.\x1fA\x97r\xd8Ec\xaa\xac\xe6P\
\xdbY<EU\x9a\xd9\x99\xa5\xa3\x0e\x95\x8c\x0f\xb7K\
\xf1V\xefun\xf1C1\xbd\x81w,w\xef\x8bh\
\xb8\x0cdh?\x0d?q\x12\x10k\x8c\x1bL\xb1\xba\
n\xea\xda\x847'\x0f&\xf0\x04\xcc\xc1\x09R?\xd4\
\xab\x9d\x9b:7\xa1\xbf\xad\xa8Ib5W\x12'-\
\x9d\xc6L%E\xa6J\x02\xa3\xcf_U\xd2\x08\xb5\x9a\
r0\x8a9\xdb\x8b\x18\x0cDWOW\x0f\x0e\x95\x80\
\x8f\xcf\x86!\x9a\xcd\x11\x13\xc1\xab\x9d=\x9d=\xb8*\
\x1d\xc0\x14\x99\x05\xf0\xdc\xb3\x98g\x13\xd6*6\x22\xbf\
\xc1\xcdI\x0a\x01+\x84\x12KgY\xac\xba\x84\xa2[\
i\x8e\x05\xae\x05+\xaa]\x12`R1O\xe6\xe8\xe0\
\xbdT\x22E\x01\x06'\x0b\x18\x84k\x85\xe2\x82m\xac\
\x13\xad_&\x94\xcc\xd8\xd7\xa4h\xfaQd\x99\xf7\xa1\
\xff\xc6\x224m\x9fQ\x8f\x87t\x9e\xa9\xc3w}\x7f\
f\xf0]{h\x9fj\xe1\x1ae\xdev\x12\xb8Y\x0c\
\xb3\x9bEq\xdah\x97\xe6Z\x11S9\x0c\x10\xdeT\
\xcf\xe3\x89\x1b,&\x83\x00\xd1\xceX\x11,\x86\x9eD\
O\x02\xd7]\x91%\xf2\x08\x1f\x1c\xc6?=\x8a\xd7\xfa\
6\xb2\xf7\xb3sc4xX\x9b\xf8\xc8\xcc\xb0\xc8Z\
.\x8d\xfc\xcf\xc9\xf1\xdf\xe4\xe4P\x17\x86@$\xef\xaf\
\x0d\xa4a\xcd\x01/\xc7\xa4\x13SH\xde~j\xea\xc9\
\xdb\x87\xa2\x93\xd2A\xbe12\x19\x04\xb5X\xd6\xff?\
\x97\x9a\x97\xf0R\xf3xh\xf1\x8f\xa7\x11\x0b\xee\xe4\xe2\
\x11\xc0\xf2\x1bc\xd46\xc3^=\xa6]#J\x09(\
\xf1:\x9d\xc4C\xa2\xc3\xb2(P\xe9\x81\x1a{\xbc\x04\
\xa7v\xca\x08`3\x03\xf5F\x1b7\xb2\xd3Mp\xe0\
\xe2\x91I^\xb5\x92\xdb\xd8\x08D\x97\xa8\x83k\xf9\xcc\
pZ\xaf\x9e\x19\x02C\xff\xa5\x91\xff\x17\xefr\xde\xe5\
\xb5~\xa7\x1f\xd7\x94\x9c\xd5\xbc\xc7\xaa\x09\xce\xa2\x14\x16\
\x1dbjMHW\xa0\x9cLgS\xc1$\xf8\x98@\
w\xa3[\xfcp\xcc\x8b_\xa3\xa8\x10\xe2\x97\xbb\x04\x09\
r\x04pcAMS_\x9c\x07\xc1\x12\x5c\x03ev\
\x01l\xfe\xda`4sQ]\xc1`\x94\x05\x13\x06\xa3\
\xd0C- \x1e\xfd\xaa\xde\xd4\xa0D\x1eaZ\xd1#\
\x9c7\xf4,4\xf9\x90\xc2\x81\x8a\xea\x0a\x86\x1d<\xab\
\xd6\xdc\x09&\xa61\xb5#\xf4P\xe8\x8f\xea\xe9\xcf\xdd\
\xe2U1\xef\xe5\xd5\xa6\xbb\x9a\xf9\x01\x87\xc0\xaf~\xca\
}s\xcc\xab\xf6\xd7\xaa\xcf\x85?\xef\xc7\x0f\x18~\xaf\
\xc5\xc1Q\x0138\xa0\x14\xee<zUN\xd8\x14\xb5\
\xb0\xc6T>\x17\xa5\xda)\xcf(]\x1dC\xc9\xb2\x86\
\x88\x85#\xe4\xc8N\x98`\xf4xJ\xfb;\xc9\xce\xf0\
\x13\xbc\x88<\x15;\xa3\xabG\x11|\x0d0\x5c\x9a?\
\x85\x9f\xffQ0?\xcb?\xeb\xc0g\xda\xf0i\xfa\xde\
pL\xc5\x0fhvKn\x97\xf1\x00U\xda\x0c\x1f\xa9\
\x90/Wf\xactf\xb2Mb\xecbF\xec\xdac\
E\x05t\xe3\x82\x8d(\xcf\xfb\xd6\x9c\x83^\xa9\xa0-\
[qI\x9a\x95\xb0\x15?;\x17w\x94\xd8\xda\xee\xc0\
7\x13\xdd\xa1\x00~\x95R\xbb\xdc\xb6\x96\x82\x18\x9b\xb4\
\x85\xcd\x15\xe94\x9d\xc6\xe6\xf4\xaa\xc4\x98\xde\x8c\xf8a\
T\x22{\xd0I\x85\xe7\xa17\xb5P#w\x9f\x8e\xe6\
\xfdN\xf3XE\x1c\xc3\xa1\x00\xabF4-r\xa7D\
:\x07\x8f\xb4\xb4\xb7Y\xac\xbd\x19C\xb3qk\x09\xc8\
\xda\x8f\xc1\x98\xc4\xf8|\x12|zE\xf9\xe0\x8a\x1a\xcc\
\x17@0a/\xe1I>xFX34Z\xad\x96\
7\xcb\xfd\xb7\xba\xfa\x02\x06\xac\x81i\xa8\x07S\xb7\xc2\
\x09Y\xdb\xecL1;\x9e\x8f\x92\x88\x95$\xddy\x8f\
\x03\xdfN\xc2\x93Rx\xad\xab\xf1\xd6z\xf3\xdc\xc4\xf5\
\x94\x86s\x8c\x8e\x0f\xf5\xa16\xed\xa6\xbc\xfe\xfa24\
m\xe5S\xcb\xe3\xf9\x09\xfc\x92\xd8\x96T\x06Vhs\
\x85:\xa3\xbb\xbfB\x86e\x0bu\x10\xd2|\x82\xf1\x11\
\x9b\xb69\xcc\xf9\x86r\xa2\x22\xaa\xa4\xc8\xd1<\x9a\xb1\
\xad\x9a\xa7V\xc8\xbcB}\x02B$EC\xb0\x80\xd5\
,f\xdaM,\xb8\xb6G\x7f\xb6\x03\x02\xd7\xc0\xea\x98\
N\xa6C\x10\x00%\xfe$\xcd[D\xf2\xbb\x04\x16\x80\
B\x9a\xbe\xf1\x0d\xa7\xb7\x17Eg5\xf3T\x81\xf3\xa9\
;\xe8\xdd\xeb\xf3\xc3_\x19\xab\xb8PI\x9fZ\xf5\xc6\
\x05\xb8^\x07\xa1W[\x10\xe1\x05Z\xd6\x9f\xecJ\x85\
\x92\xf2\xf4\xacR0\x93Hw8v\xfc\x15f\x03\xe7\
-\x86\xa4\x8d\xa9&\x1dr\xda\xf6\x19\x10\xbd\x9f\x1e\x1b\
\xfbu~\xf8S\x22\xf3S\xd7\xd6\xaa\xe1L\x12\xec(\
3a[\xb3\xc1l\x16\x9d\xc8a;\xa2s\x06\xf26\
\x8c\xb0\xa9\x01\xaa\x0b\x983F\xd8\x84a\x0ax\xc3\xa3\
\xa4\xec\x92\x07\xe8\x87\x8e\xd8\xe8\xce\xc2\xc6\x0d\x8arB\
}\xa8\xad\x14lF\xb0\x95\xaaw\xbd\xc2?\xe7\x8d.\
2y\x05S\xd1:\x80\xbby\xae\x0e\x13\x19U1\xbc\
\xea\x95\x06\x5c\xe5\x81,N4\x12$<\x1a\xad\x1b\x91\
\xe9w\x84\xf8\x81\xa3lt\x9a\x07\xb8\xa6X\x12`\xa9\
\x16\x84*\x22fHs\x96\xe5r\xb0\x9d7\xc27\x9b\
a\xc2[\xfa\x83\xad\xf6A\xefCn;\xdd\x019d\
i\xfc,\xa0\x11G\xc0\x92\xd7\xf7\xf5P\x01o\xc0G\
\xca\x0dHT\xc7\xac\xd7\x97\xd3\xbd3z\x9c\xcb\xcd\x82\
\x0e\x0f\xf7\x98\xab{\x04\xecbT\xd5G\xa8\x9e\xc7r\
\xd3?\xc2\x18\x8f\xc1\x82\xc9\x05\x8a\xcew4e\xd5`\
z\x0b|b@\xebK)\x18\xb1dVd\xa2\x14\x80\
t\x8aC\x93\xf8\x10\xeeL\xb7d\x9c\x8d\xb0\xc6\x9b\xc0\
\xf7F3\xf4\xafLo\xf7+\xd5\xc9C\xea\xb5_\xd4\
\xd5}F\x5c\x1fl\x0e-\xbbN\x93\x02\xa4\xe6\xb7\xad\
M|\xe2\x13\xc6\x8f\x11\x96YI\x92W\x8c}R\x22\
\xb9(\x08\x22cI-\xf1e\xb5\xad\x09\xb80G\xa4\
\xe9*\xa7v\xa8]95!\x12K(}\xe6\x88Z\
\x1f%r\xea(iWc#\xea\xdd\x1aJF\xe9Y\
\xaf\xa2\xecF\xf9\xf7\x8b\xe4\x93\x06\xf5\xaf\xe33\x8e4\
\xc0\x1aVDTe\x9d\x8d\xb3\x90\xb1\xc2\x05K\xceU\
\x82\x1d\xb1|\xe3\xdftzI \xe8X{zW\xd1\
\xdeg\xbf\x19\xf4\xf2\xb5uu_\x07u\xf1\x1fz\xbf\
\x22\xfe\xc2\x7f\x15\xee+U4i\x98)\x04\x0f\x0f:\
\xd0\xd5\xaaeWK\xda\x04\xce!V\xef\xa6\xdd\xbb\x1d\
\x83I\xda\x85t\xc7\x15\xa8m\x88\xccN\xc7\xaf\xf4*\
\x5c\x99^\x93t\x0c\x0c\x19\x8e\xc1)NpU\x03\xb1\
\xf2\xb6\x9e\xb4c\xe3\x0c\x07;+\xd5\xaf\x87\xb0\xaf\x93\
\x02;j\xf4\xad\xaf~\x0bJc\xd5!\xef=\x07\xdd\
\x5cJ\xb6;\x162\xb0\x0e\xc9#\xcd`#\xc6L\xaf\
\xdb\x88\xb0U\xd0\xb7\xdf\xa9\xe2\xf7\xeas\xff\xa9\x8a'\
\xd5\x9fO\x22x\x16\x16G\xeb\x10)\x5c}#\x83\xb0\
_\xcc\x22\xa8\xd4\xe8\xe6\xcd\xcd\x9b1\xf6g\x0e`\x1a\
)\xf0\xdf$6\xb4\x1a\xce\x81\x18\x0a\xac\xbb\xc7*\xce\
\xad\xab\xbbk\xac\xe2\xec\xba\xfa\xdd:\xde\xbf\xe2,f\
=\x5c\xa0&\x09D@\xa0\x87e\x07`\xc47\xc3!\
\xd2\xaf\x0f\x11\xff5\xfe\xd2@\xc4\xa8M\xd8\xdc\xde\x80\
\xa3y\x94c\xe3\x8e\x10\xa8\xb9\xd2\xbd\x13T\x8e\xa0I\
8\x90uiT\x10\xa3\x18\x1d:\x88\x1a\x22\xd0\x06\xe2\
J\x99\x8b37\x04W\xeb@\xd8\x09Th\x8e\xe8\xc3\
-X\x16\xc7\xd4\xe2\x8eq\xdc\xb8\xa9\x81\xea\xe6\xc5\xf3\
\x03zm(\xa5>\xee\xbe\xd4*\xd7T5.\xa0v\
:\xae\xa11\x8f\xb3\x0a\xefq\xde\xef\x84:\xa3(l\
p\xf7|V/\xcc6\xecF\x89\xea\x8e\xde\xf1p\x84\
\x93U\x0bT\xa3\x90l\x92%@:\x98\xe3\xa0w\xb8\
X\xbd\xc7\xca\xe6\xeb\xc0_\x84\x00\x88\x0dJ\xf39\x8a\
\x1d\xdb\x80\xd7\x08\x03\x1e\xb9\x01?{\x14\x87Ilh\
\xd7{.\xd1\x11J\x08R\xd9}\xcb\x9d0\xe6n\xa1\
n\xd2\x16\xaa\xc3\x92\xc3-\xc8\xb4\xaft'\xa9\xd4v\
\x14\x94s8,t6\x9f\xd8{\xbeL\xf7\x90\xbf\x84\
\xd5\x1cWo\x03\x08\xdd+\xb1\x95\x03x\xca\xcf\xe6\xa4\
 \xd5\xf4\xde\x5cW\xa64\x96\xcb\xc8;\xc3\xb9Z\xa8\
\xb33\x862IK\xc9\xeaJ\xda\xce\xc7\xd9d\xe0\x85\
_\xd3\xaaI\x14\x8eq \x17\xf8wH\xc5)\xa0F\
Z'\xd2_p\xb7lP\x22?X\x12\x99v\xc4g\
\x977%\xba5\xa7Xn\x13\xae\xb0\x13\xa4\x1d\xb4e\
\x91)]\x0f\x03l\xa6y\x90\x98\xa6tV\xff\x157\
\xbam\x09\x87\x0ec\x80\x22f<o\x91\xe8\x90\xf7:\
z\x1dgrY\x1d\xe2\xbce\xab\x84\xc8\x8a\xe7Y\x85\
>\xc2\xd7\x5c\xb5\xf0~\xe0\xdd\xec&:\x1d\xb3\x5c7\
!b\xe1h\x1d`\x19\xd6\xe9\xfc\x91\xe0\xd5g\x19\xde\
\xf8i^\xd9O\xf2j\x08:.?C\xbf\x03j\xd9\
1\xecD\x1b\xec\xed\xb6-Z\xed\xd6\x1d\x91[\xb2\xf0\
j\xaf\x80\x8f\xf4b\xf0\xc9\x1c\xa2\x1f\x95Z\x0bV\x8f\
\xa6(\xc0\x97\xf3nw\x83FnG\x0bM\x0d6\xa5\
\x7fS/t!W\x12\xd0\x9c\xb6p\xc6\xf6\xf8\x19w\
\xf5\x8a0\x96\x00%\xe2X\x989\xa4m\xd8\x9eg\xb1\
\xfa\x1e\x87t\xdf\xe0\x10L\x91w\x8dJ\x15\xb0;[\
m\xba\x9a}\xde\xc3\xca\xf2 .t{\xc9\xc3t\x9a\
\x19\xcfO1\xe3\xf9)\x9d\xb9S\x8ff9\x15\xac$\
\x1e\x886\xc0\xdc\xad\x87\xb5\xb3Njb\x8e\xf5\x98{\
\x03\xfb\xf58\x9b\x06\x8e3\xb9\xc7a0\xab>\xab\xae\
\x82]\xad\xb9\xb6l;qP0y\xbbAD\x86%\
\x1c\x9c\x0d\x9dx\x1e\xf6\xdbH\xce\xe4pO\xda\xa6N\
\x15j\xa5\x0dL\xca\xbd1\xaaO\x04\xe5(\x91\x90q\
\x86\x1e\xcc\xe3\x80\xca\xa1\xcb\x13p,\x14\xc8\x86\xa6\x16\
\xf5\xdfG\xb7\xb7\x11RdpP\xc9;\x94\x91\x80\x92\
\xcc5\xaa#\x08kS\x03\xc1\x5c\x13\x1f\x96\xdb\xe5@\
g\x7f{/v\x22\x02\xc0\x94J7\xe0\x1dc\x02L\
\xda\xba0\x19Ie\x03\xaa\xbc\x08\x0f\xffh7\xb1&\
\x19\x1b}\x82\x82\xb8e\x96\xa2\x0d\x1dNn\x98\x03\xfc\
\x7f?x\xd4\xbd]\xfe\xc8\xbb\xf2N\xf9c\xff\xca\x95\
r\xdd\xc3\xef\x93\xce}\xcf\xba)\xb9\xe2\xb2\xefH\xe7\
?\x16\xbb\xab\xd2\x11\xd9\xdb\x05\x07x\x0e\xbe\x9e\xc3\x87\
\x04\xda]\x17\xf6\xa5\x82{\x055\x81v\xfd\x5cG\xae\
CG\xfb\xc2`\x16\xf3\x8c\x1fE\xc8\x17I\x93T\x90\
0\x81\xebb\xcdj\x99\xfa\x8a\x94\xeb\xde'\xe5\xe0\xbd\
\xf7\x85\x93\x889\xfd\xb5\x04\xc9\xccB;,\xd4\x87q\
dN\x17\xac\xf1\xc8p\xa9\x8c\xe6\xe1]\x81\x1f\xb6\xfd\
\xae\x90\xb8\x87\xd7KQ\xf3\xaf\x8f\xba+\xe5\x8f\xd5h\
\xfdH\x8f\xd6\xfb\xed\xd1\xfa\xa9\xe7L:\x5c\x94_I\
g\xb7\xa4\xa1j\xae\xa0\xa1\x02\x90%\xcb1<n\xb8\
\xe8`JX\xfa\xe0\x9aU0\x5c\xeb\xc3\xc3U\xc5\xa0\
>U\x1c\xb7<\x1erG3\xfc\xaa\xfc\xc2\xf00\x11\
\xa2\x93\xa9i\xf6\xb8\xe1\xe9\x0e\x99\xb7-\x90\x17\xe0\x8b\
\x06\x13}sE\xcf\xa6\x9eM\x18y\x10\x5c\xb3\x94\xef\
ymT\xb6`RH\xf0\xca\xa6\xe0\x1f\xde\xc0\x82\x97\
\x94uz\xad\xb6NcVY\xf0\xf5\x1et\xae\x07\x8f\
\x94\xfd\xc2\x0b\xbe\xdf\x8fY\x19\xc1+=\xc1?\xbc\x1c\
\x06/\xf5K\xf1\xb4\xff9\xd7\xbb0\x1a^\x0d\x85\xfa\
\xa9tS\x5c\x1b\x99rO\xfd\x0b\xa3\x0c*v\x0a\xd2\
Ix\xb5\xd9\xe8s\x90\xf5\xf0\x90\xc1\xea\xe2$\xd4r\
I\x9d\xfa\x0dZ\xcf\xc2\x8b\xfc\xc4\xfd\xcd\x8b\xee\x08\xdc\
\xf6\x0a\x8c\x8f\x16.\xf4\x1b\xdc\xa9\xb7\xb1\xdf\xa32N\
\x184\xa5?D\x0e\xab\x19\xf7\x0f\x82\xcf\xd5\x19\x14\x9c\
-C\xae\xb7*\x02R]\x92\x83>\xccDej\x90\
\xb00\x02\xdeNOi\x0e\x17\xfd\xb9\x7f\xd1\x7f*H\
@\xc1\xf9\x0fQ\xe00b@e\xaa\x11\xd4\xb2:\xdc\
\xc4R\xffC\xaeW\xf9\xa8_\xf9\xcf\x8ew\xd6\xe5\xee\
hs\xcc\xfb\xf6#n\x1b\x19\xca\xd9\xf4r\xcc\x9c\xfb\
\x5c;\x8a\x1b\xa8I6I\xa4K?\xc5|\xe8J\x92\
m\xea\xf2\x82\xe7v\xfa\xafv\xb3Q9\x84\x0d\x9f\x87\
\x8f\xdb\xac\xcb\x0d\xe8\xdcR\x07\x1c\xe4\x8c=\xa3S\xa7\
u>\xc6\xf0FP4t\xd9\x0el\xf5\x12>\x22\x12\
Q\xb9\x06\xf3R\x80\xc2^gf\xebr>\xa8\xeb\xea\
\xd5\x05j\xf6\x15\x13E\x8c\x86T\xf3\x1eg\xc4`\x94\
PqF\x8c%4\x15i\x94\xd8C\x0a\x0f\xc1\xdb\xc7\
\x09>\xda}\xb4\xf6\xc8!\xd1\xa5z\xa5\x8d0s\x89\
\xd1u\x0e\xa7\xf7\xd7\xe8\xdf\x1e\xe4\x8c\x81I\x90\xa6\x01\
AZn\x14\xc9('\x9d\x11\xdb\x19\x82\xc6\xf3\x1a\xf5\
9\x1c\x86\xc0\xeb\xd0\x93\x96\x9c\x0c\xda\x944\xe2\x8c\xf8\
\xda\xfa\x96T4\x94]\x89\xdbL\xa3\x00v\xday\xaf\
\x95\x06\xb0\x03\xc52\xc2\x04&:\x12\x1dI<\xdcD\
KT\xb6e@[\xc9\xc2\xf0dI%ai\x1a%\
 \x09\x09~\xb24\x0co\x86\xca\xaax\x1e\xd0\xbe\x86\
\xb30U\x96\x0fS\x01a\xc0#\xb2\x84^\xcf[_\
?\x0c\x83\xa0 \x9a\x8bS\x07J.\x81\xc1\x93\xfa\xb4\
CP\xbc3\xe1\xf6\xc3'\xbb\xe1\xbd\xf3\xd8\x85L\xd9\
\xa4&a\xdc\xc8zu\xc8l\x8a\xa2Nn \xfbC\
\xbe\xc1\xee\xfe\xf3`\xfb\x8en\x8a\xfd\x8b?\xdb\x1dm\
\x8fyn\xf5hG\xccK\xfbu\xae\xc5\xc2\x0b\x0fN\
\xc0\x8f$H\x82\xc0D\xe0\xa50\x0b[\x00\x1dJj\
J\xd4\xc3\x93T\xfa\x10D\xa0\x1ff\xe6\x03\x1fV\x0d\
\xeaW5\xd8\x84\x22\x8a\xcfI\xf4Geo\x06\xb2+\
4\xad\x91\xc3gb\xd4\x86\xd0\x8bk\xc1\xa73\xcd(\
\xdf\xac\xb2@R\x94yn\xd3\xfd\xdbn\x88\x98UV\
\x1e\xd96\x13\xce\x8a\xa3\xd1%$4\xce\xd22\xb5J\
\x03\x06\xaf\x9c8\x99\xa8\x1c\xc0\xd5\x07\xf8\xec%{E\
\x98\xac\xa8\xf8p\xa3\x96\x18\x87\xf55\x1b\xf1g,\x14\
\xfc\xa3\xc1S\x1bDgT6\x98\x94H\xdb\x05(8\
\x88\x88\xdcI\x83ZZ\xf0\xb2\xd28-\x19\xd1\x18%\
\x15dD]\x0f\xb4\xa3Y\xfd\xf6\xb3\xf0\xdb\xcf\x83\x01\
\x02\x04\x9b\xba\xbebYT=\x9b\x1f\xb4a\xa7\xc8\xaa\
s\xeb,\x15%\xa8^\x18\x00A\xa5\xcb\xe0\x85<r\
J\x81\xee\x0c\xbf\xaf\xc4\xd6V\x14as\xc0|\xacK\
\xd8QG\xa0W\x89\xe8\x0b{\xb4F\x18\xcc\x0c\xa4\xdb\
\xc7\xbf\xe4\xb6\xc0\xea\xef\xb0]\x01\x865%\xe8\xf5y\
=\xe4\xd4\xe6\xf3\xacDo\x04\xf4;\xe47\xa2\xd5\xdf\
\xd1\xf2\xca\x9a\xefy\x09\xd7`\x93k@\xc3\x94\x05N\
\x8e\xb9wU\xb8\xaf\xd2\x88\xa3i\x03\x98\x06Ec#\
\xc2\xb3?W \xb7\xc1\xb3l}~\x96#\xfe\x9e\x09\
\x84\xe5\x1a%\xff\xe1\x1e\xf2L\xa1\x0e\xa31\x9f\x85x\
2\xaa\x06+\x08Q\x0d\x06\x1b3I\x1d\x1e<.`\
\x98\xc3\xf2\xe2\xc3\xd2zSc\xa9'\x15\xf6\xc0\x5c\xf6\
Q\xd4\xa0q`H\xe8\xff\xe0\x1dJ\xd3\x9a\xb1o\x14\
5\xd03,\x13\x19\x94p\xeb\xaf\x01K\x86\xb2\xfdy\
Wmqu\xccP\xa1NZ\xe1\xf7\x10\xc4T\x97I\
\x0e\xd8\xcb\xf50>\xac\x81J\x0d6\x02\x8b\x8f-;\
\xa8\x1f?\x87\xadl\xa0\xf2\x04\xa2<l\xd4\xd9G\x93\
\xfd\xe8d\xc348\xa8\x07\xb4\xe2\x8c89!\x16\xe0\
}\x13k\x80gxV0\x90;\x85\xdc\x89a\x94g\
\xc5)\x8et\x01y\x82tMM\xb3zT\xe3\xe0\xa4\
9\x08~\xad\xff\xbf\x5c\x83T\x96,\x01\x15\x1a\x07h\
\xf5G!\xc6\x99\x11\x04\xad\x8df\x87\xa9\xd2\xe3\xa2A\
2\xa8\x1bT\xe0a%\x9e\xf2j\x5cy\xe3\xbd;\x1d\
\xc2}\xc6\xbc\xfe\xfarx\xd6\x99\x10\x18)\x8b]\xc4\
5\xa9g4\xe4:\x93yo\xd0m\x93\x988\xfe\xb9\
5\xf7\xad1\xd0\xee\xccui\x90\xb5\xb9F\xb4Zd\
C\xb1\x92\xfcub5\xb3\x9d\x96\xfe$6H{'\
\xc4M;\xe5\x8d\xce\x8bb\x02\x98\x16\x1d\xf8WoZ\
\xe3\x84`\x95){\xb5\xa4{\x14I\x91\x0fAE\x87\
\x11%\x90\xb6\xac\xdeJ}\xb0j\x95H\x8c\xa8\xe7N\
\xdc\xb7\xf3s;\x9dd\xd9\xb3\xd0\xaa\xe1\xe4\xd2<Z\
O\xaab\x9e\xc5JF,/\xfdY\xce\xc4\xe5T\xf1\
\xe15\xf2\xab\xceKI~\xa7.&M\xee\xc8\x9a\xd8\
\xa2\xea\x99E)^\x1e\xa2\xe2\x9d\x84\x82\x06\xc9\xb4e\
\x1b\x84\xda\xc6\xc9\x0aY\x8eK\xd70\xedB\xaa\xf6m\
r\xcb\x80\x13\x86K\x0f\xcbs^&\xc3\x13E;\x86\
\xa39\xc5\xf2\xe5N8\xa2\x13CL\x118U\xecY\
\xeed\x92|T\xbcX\xfa\xd1p^V\xd3\xc0]R\
G\xdf\xc8\xcd\xc6\xc9\xdbGep<o\x96[\xe4\x16\
T\xb3\xe7\xc4\x87\xed\xfb\x09\xd5\x9a\x8d\xce#\x85\x7fy\
d\xaa\x91\xa8b\x86\xd3\xfc\xf8\x94#k'\x0d\xab\xbd\
t\xea\x0d\xad\xf9\xbd\xf7\x01\xb7\xf8\x91\xd8\x0fSnG\
C\xbftvnS\x7f\xad^\xac\xca\x16\xefm*\xa7\
\xf6\xed\xafq\x8bW\xc7\xbeq\x93[\xfc\xdbXOm\
W\xff\xa0\xecj\xc9\xc9\x8d\xfb6\xc9\xa6\xa5\xce\x97\xf7\
\xa97\xff\xe6\xcd\xee\xfa\xcdC\xdd\x0d\x9b\xb7u\xdf\xbe\
\xec\xce\xc8\xe6Zy\xcf\xb6\x159)\xf7\xb6K\xb9b\
\xdd=\x1dR.s\xbe\xbc\xd7]\xb6\x05s\x04\x90\x8e\
h\xb2<\xca\x9a'\x15\x08\xc25\xb1\xdc\xb0j\xca7\
W\xb8\x1d+\xf7\xedn_\xd7\xb2\xadc\xfd\xc6\xe8\x9e\
n\xd7nEN:[\xb7\xba-\xb2{\xc8\xd9\xd1c\
\xbet\xe9_\xb9\xa6Q\xdd\xd1\xcd\x1dn\xfb\xde\xee\xc8\
\xf6\x15\xf2\x9e\xa0i\xcb\xda\xe5\xfa{\x9c/\xae\x80\xdc\
\xce)\xb6\xa9)2\xd0\xe1\x16\x17\xc7\x12z`\x10h\
\xe1\xd7\xde\x0a\xf5\xe2\x83\x0dn\xf1\xefb\xbf\xeaP\xa5\
\x1f\xad\xee\x8d\x10x\x82\x85\x5cH6\x87S\x06\xb92\
xl[\xe4\xdaW\xb9\x0f\xc4\xfeJu\xf8\xca\xd8\x8f\
\x83\xe7\xd4\xc5vlv\x8b\xf5\xb1\xef\xefR\xf5mC\
\xee\xe6\xee[:6\x7f\xbe'\xe2\x9f\xe9W\xb8\xeb\x07\
\x82^\xf5o\xcb\xdd\xbeT\x0f\xf5\xf6\x15\xddz\xa8o\
]\x7fOP.u\xbe];\xbc9\xb7\xbc}\xf3\xe7\
\xa3\xf7w\xabY\xdb\xb1\xcf\xdd\xb047\xd8\x1b\xe9i\
\xec\x91m\xccl[\xc9x$\x95\x80\x07m\x87\x8b\xa1\
\xf0Tv=\x0d\x11\xac\x16Y'],\x95\xab\xc0\x7f\
\xed\x01w\xd2\xe8\xeduVD\xb9\x02\xbc\x09ou\x01\
\xbc\x92\x93dvl\x9f<t\xbc\xe6\x9f\xf5p\xe9\x19\
\xf9\xa7f5P\x9bj\x83\xb1\xbf;gF\x0e^\xd8\
\xbd\xd9\x0c\xdf\xab\x83\xe13\xa3\x17\xac\x89;\xdc\xd2\xd1\
\x0b\x16\xd3\xfd\xc3\xae\x1e\xbf\x5cdG\xb7;\xb0\xad{\
}\xff\xf6\xdc\xca\xa5\xbb\xbb\xa3\xd9{]5\x90\xd1?\
\xe6@\xb6\xb6\xbb\xa1\xc5B\x10\xae!\x8b\xc5)\xcc\x87\
\x0f\x16\x8b\xff\x8a\x83\xee\xe8\xdd\xb1\xc7\xfd\xcb\x83E\xb3\
\xa3z\xbf\xc9~\xff\xdc\xfb\xdc\xab\xaeZ\xfe\x83\xab\xf6\
\xfc\xe0\x07{\xae\xfaA\x94_\xaf\x7f\x9f\xeb\xc7\xf9\xc5\
\xd9\xde*7\xa8-\x0f>\x1ay\xd8\xbb\xd9Z\xc9\xf4\
\xf9w\xfe\xa5\xbb\xfc\xeb\x17\xec9\xf2\xf5=\xd1\x9aC\
\xde\x0d\xaeW\xbd\xfcS\x17,?\xf2\xa9\xc8/\xbcH\
\x99\x8f\xdf\xf3fw\xc9'\x97\xdc\xbfv\xf5C\x1f\x93\
W\xef\x91\xf2\xfb\x0f=\xe0\xa8\x1c\xecO\xb8;V_\
\x1b\xbc\xb4<x\xe9\xda\x07v\xec\xda\xffIg\xa7w\
\x8e\xfd\x80W\x98\xa6\xa8VG\xee\xf3\xce.\xf3\xfc\xcf\
\xbd\xc6]\x1b%Nx\xad9\xd6\x13T\xcd(\x17'\
\xb4\xa0\xae\xc7x\xd8\xe0R\xb9NliL\xab8\x87\
3\x98\xb3y\x8e:\xf6\xe7\xe6\xc9\xa6\xa7.\xcb\x1f\xd9\
\xe3U\xdf\x19\xcd\x84\xf2\xce\x99\xce$\x8c\xd5\x81\xf8\x1d\
\xac\xe8(\x85\xe53\xdfp&\xa6\x19\x9e\x98cX|\
\xe6\x13\xa1`@\xd0\xadN3\xaaI\xb9\x08\x1a\xc5/\
\xa5\x02\x0d_\x11,\xfc\xd4\xed\xd1\xb0\xa9\x8ayI\xc3\
\x81w\x08\xe4\xc0\x8a\x92j\xf1W\xbe\xe1L\xcc\xbe3\
1\xf3\x8e\xf8\xca'B\x80&\x1aB\x84\x95\xe5\x12h\
\x87\xd3\xc4{\x22\xc5\xed\xbe\xb3\xfc\x91\x08\xce\x12\xd8\xe5\
\x8e\xa9\xaf\xc2T=\x87W0\x91J5\x0d:\x9a\xb3\
\x0c'h\x1e\xdb[g\xb3\x97\x17c\x11\xf29\xdcx\
J\xfb\xbf\xcf\x9b_f\xcd\xb4\x07\x87\xd6\xb5\xc1\x9f \
T\xaf\x8d\xe5B\x1f\xda\xf7\xa0\xfb\xc4\x13\xd7\xef\xfb\x13\
\x82\x9e\x98\xc0\xccj\xc4\xb0\xcaj7\xfa/\x7f\xe1 \
\xcf\x1b\xd0\xc3\x1dRBdNs\xc5m\xa0\xd3\xdd\x86\
\x9a\xdd\xef8C\xefw\xe0|\xd6\xe5\xd3`\x9e\xe1K\
}I\x01o\x04\x1f\xd9d}\x89\x1e\x12\x1f\xb6\x1e\x7f\
\x1b\xfc \xfe\xf4\x99H6'\xb64\xb9\xde\x99\xde\x99\
N/1\xdc\x8e@\x88\xe4\x09\x83\xb6\x13\xe1\x04\xc8\x88\
\x02\x9aW\xf6\xb2Nt\xab\xc2\xa5\xd5\xc1\xe3-+~\
\xfe\x98c\x9el\xff\x9a\xd5\x06nY\xb8\xbd\xd4\x8b\xf2\
}4#`\x8f\x0b\x8dVx\x0cid\xcdh\x8b\xa3\
\xdeBw\xe5\xcaH\x8d\x17\xaf\xfe\xeb\xd8\x8f_\xefb\
#!V\xf6,\x08\xd0S\x93\xef\xb2{\xd8\xaa\xf1\xfd\
\xd3\x05{\x94.\x83\xc5\xbby(\xf8\xb7\x19\xaa9\xeb\
M\xfa0\xb3\x8a\x96<\x14~\x08~\xf20\x86\x88\x8b\
\xab?\xe2\x90=\x12\x0c4E\xb0.\x8e\x82uq\x94\
\x01\x85F\xe1\xb6\xad\x02&\x100h6g\x1bB\xf8\
\x22\xc5\xe7\x08\xff\xcc\xd7\xbb\x8f=\xf6\xa7^\xf3\x92\xd7\
{\x1d\xc2\xe0\xfd\xf8G\x8e\xb6\xb3\xe8\xb0\x84g@/\
W\xb2\xefiN,\xb2j,]\x9e\x86\xd4^]\x06\
\x92\xbd\xb9!\xf8\xd7\x0c\xd5v\xebM\xfa0\xb1\x19\x97\
>\x14~\xe8\x19\xf4+@3\xc4\xd1cz\x09d\xf6\
\xb9\x7f\xf1\xe4\xe7\xa5\xac_)\xa5W\xf9\xfe\x9f8(\
\x9b \x82\xed\x98\xbaQ\x1f\xc2\xbc\xc9\xdb\xb0\xd4C\x18\
,\xb6\x1eXx\xbaDK\x17\xb4`\x01mM\xab\xe6\
\xd2\x8a\xad8\x07\xdc\xf4X\x22^\xf8]\xb0V\xefB\
+sm\x1c7\x8b\x0e\x5cS\x8bbp\x8b\x8b\x07\x99\
\x8eeS\xe7T-\xeef\xfa\xb2\x9e\x0c|0d\xde\
\x9e\x03;)N?\xff,\xd1\x90[5h0\x00\xa1\
\xfe.\x0f\x1d\xca\x0fS\x87*`{r\xc7q \x8e\
\xd1N\x82Q|\xe8Z\xb9\xf5\x80\xban\xd5h\xe4_\
\x8aaV\xa6\xe6V*\xc1H~\x0c\x12\x80\x95\xb5\xb9\
\x05\x95\x1a\x8f\x01\xd9G\x18\x81\x1dj\xa3\x05\x9d.\xdb\
\xa6M\xe7u\xf7\xb8\x9b\x9b\x9b\xa5\xb37\xed\x16\xafS\
\xf9*\xb5\x0f\xc4\xfe\xf0c\x17\xa3\xff\xce\xa4\xf9\x85m\
\xa4O\x0b\x97\xad\xb2./R\x05\xfb\x0a[R\x97\xcd\
\xd0\xff\x86\xa1\x86!\x18\x8d\xcd\xb0\x8cr\x5c\xf2y\xfc\
4\xbb,L\xed\x19\x12\x11\xdan\xa8H\xdb\xff\xe1\xd3\
S\x1e\x87`\x1b5\xb2\xf5\x19\xd2\x8e8\xa6p\xf2q\
\xf8\xee_\xbb\xef\xf8%\xaf\xd4k\x1f\xc2\xe8~\xdd\x08\
h\xce3$fJ\x9a\x8d]\x01R`\xee\xe6f\xe8\
x0\x00\x0d0\x14\xcd\xd6\xe0\xb4\xe3\x82\x19#9U\
:\xacg\xd1\xee\xd5\xc3\x1ftZ\xbc\xfb\x0fjvn\
\xadn\xde\x1ch\x9aC\x0f\xbao}\xe2\x9b\xfb\xfe\x84\
\xe0Q\xc6I\x84\x0e %s\xde\x11\x9c\xb1\xbc\x87\xcc\
\xbe\x0a\xef6\xda\x83\xe1\x9di\xf6k\xb9\xddL{=\
,\x01*\xf8\xc8\xb6\xa4\x85%CH\xae\x88\xc6&\xd7\
Wg\xac\xeds\xc0\xe49>k\xd7\xf2Y\xabep\
\x84\xe1\x10#&\x9b\x13P\xd3\x1d4\xa2f\xc5\x15\x8f\
\xfd\xf7\x94^\xaf\x09\xce\xdb\xddJ\xd8>\xec\xc5\xdd\xd7\
\xc5>\xf8z\xd7l\x1d{;\x95\xdbl\xd6V\xb46\
\xa8\xda\xb2j\xf3\xeamlol\xb3\xdd\xcb\x0a\x03K\
T\x90\xf8\x10\xdf\xff\x88\x0e8L\xa0\x83\xa4\xa8\x90\xb6\
\xd5Y\xdb\x89Qd\xa7KN\xdc\xedt\xe2f\xe1\xb4\
\xed\xd5'\xad\x17\x9c\xb4W<\xf6_\xbf\xea?\xf8#\
\xc7\xecK{\xaf\x96\xdb\xc9\xd6>\xb7v\xbf\x92\x07J\
2h\x19aK\x0d#K\xcaJ\x1aK\x0e\x91l\x12\
\xaf9\xa6'_)\xe8\x0f^\xf7\x9e\xf7\xbc\xe7g\x0f\
>\xe8\xd8\x99\xc9\x11B;6\x81\xc6&\xa7X\x85B\
\xfc\xc0\x7f\xa5\xdb\x17\xc9u\x19\xe5\xff\x95\x06\xc9q\x22\
\xcb\xb6\xb1{\x83\xd9\xa05\xd2\xffP\xf0\xf3\x8e\x8d%\
P\x85\x01\x92h3\x1d\x07O \xae\xbb\xee=?s\
~v\x8f\xbb\xe6\xa3\xfd\xdb\xfb\x22}\xeb6\xcb\x96\x9d\
N\x88xR\xa31\xe4\xa7\xc0Kf@Tf!\xb2\
}\x17\x95>\xdf.\x01\x9b`\x8d\x1fs\xaf\x0bZ:\
\x0dp\x04q\xdd\x83?\xfb\x99\x13\xff\x87`\x98\xb4m\
e<\xd0e)\xe4e\x5c\xad\x22|\xfc)vA\x04\
\x7f\x9e\xd7\x1a\xc9\xbd\xcb\xbd\xeeA\xe7\xff\xb2\xf7&\xf0\
QUg\xd8\xf89\xf7\xe6\xce\x5c\x06\x08*^\xc0}\
\xb7:\x16\xf7]Q\xb4\xad\x15\xeb\x82`\xe2\x86\xbb\xa0\
V\x11\x11\x91\x04\x0cd!\x99\xcc\xdcL&\x93\x85\xd5\
\x04\x15\x10\x99\xa8\x05m]h\xdd\x0aV\xdb\x8a\xb5j\
h\xabu\xa9;\xb8\xb1\xdf$7\x84\xff=\xefy\xcf\
9w&\x01&\xa9\xd8\xef\xff\xfb>\xfc\xfd\x8e'3\
w\xeer\xeeY\xde\xf3\xbe\xcf\xfb<\xdd3.\x80\xda\
\xb8\x82\xc4\x08\xba\xe0\x17_|\xfb\xe7\xc6\xc9\x8fZ\xed\
W{K\xf4\xed\xce/,\xd6d\xc1:\xd1dz\x9a\
\x17~'M\xc64\xf0\xfcj\x16J\xa0\xc6k6N\
\x0b\xee\xb6\xa4\xe9z\x94\x94\x81\x1b%k\xdf\xbc\xef\xc9\
9\x8bx\xf9\x81e\x01\xf7\x8c\x85\xec\xd6\xbds\xd5\xff\
\x97\xe7*\x0d\xfc\xc59\x089\xe9^\xbc\xea\xf2\xcb/\
\x7f\xd5\xeb\xee\xe9\x01\xaaTs\x17\x82\x13\x1fC\xb4\xf9\
\xf6\xcfyG\xed\x8e\x85\xc9\xce\x0c\x15At\xca\xeb\xa8\
\x97\xbfj,\x1f\xc6\xbaM\xd4\x1fp\xf2\xb3\x8c\xf8t\
\xa1E\xee\x8b\xd7m^}\xd5\x186\x96\xbfm\x7f\xd4\
\xa5\x0b\xf7\x88?n\x13\xf7\xde\xf6\xab\x97\x1b\xb9\xce\xf4\
A\xado\x85\x1a\xd6Z\xed\xd7\x84\xdc\x9b\x9d\x9b\xad\xf6\
kC\xcf\x17Z\xedcB\xab\x06\xbd\x12Z9\xe8\xb7\
!\xd7\x18e\xbd\xe4\xfd\xf5\x8c\xf7W\xfbu\xde\x9f\xa3\
\xad\xe7\xbc?\xdb\xaf\x0f\xe1\x8f\x9b?\xb2Z\xff\x1er\
opJ{\xf1\xe3\x09k\xac\xd6wC\xee\xe4\x1e_\
\xd9[\x8f\xdao\x08\xd5\xba\x9a\xd5~c\xc8\x9d\xe6L\
\xeb\xd1\xef\x97;O\xf4\xe4x\xe7\xa4\xd3\xac\xb6\xd2\xd0\
\x88eV\xfbM\xa1\xe19\xce\xccP7\x0dwsh\
\xd9\x04\xab\xfd\x96\xd0\xca&\xab\xfd\xd6\xd0\xea\xc7,\xef\
\x8c\xb9#\xac\x97C\xab\x97X\xcf\x84Vx\xad36\
t\xd8\x04\xef\x94\xdd\xb4[O\x7f\xebo\xb6\x9e\xfc\xb6\
\x9bV\xcb\xfe\xe7\xd0hY\x1f\xee\xdc\xd5\xa5\xcdzx\
\x82\x83\xee\xb1\xda\xc7\x85\x9e\x1ee\xb5\xdf\xc6\x7f\xeb\xce\
S\xf2^\x92\x10\xa6\xabd\x9a_P\x0d\x22\xd3+W\
\x07\xb2\x16J\x7f\x9c\x83\x17\x93\x82H\x99\x93JI\xcf\
Y_\x11\xf9\xc1\xb8\x83\x94O\xa9C @H\xae\x89\
\xa26\x0b\x83\x9a}\xe5\xbc\xa3j!!8#\xb18\
\xa6sD\xef\xe8p\xdc\x91\x81,En\xf2\xd2\xc8J\
\xb2|\x1b^5\xeb6l\x0c\xa4O\x8b\xe1\xe6L\xf9\
S\x19[-\xd8)\xdd\xa1Y\x18\xe8*|\x1d\xee\x22\
\x82(c\xdf\xcbGX\xed\xb7\x87V\xae\xb2\xda\xef\xf0\
z\xfb\x9c\xcdV\xfb\xafCs\x8a\xac\xf6;C\xf7\x7f\
l\xb5\xdf\x15r\xc3\x8cr\xb4\xa7\x83\xad\xd6\xf1\x86\xcb\
x6\x5c\xae\xdd\x8d\xc3%\xec\x86-\xefb3\xbe\xb0\
Z\xff\xc1h}^\xb6\x9c\x91\xbd\xa3\x9fQ\xc3\xa4g\
rn\xa3\xc50\x89\xedZ&{\xf4NU\xb2\xc5\xaa\
\xd5\x92\xef\x93\x08\x1f1*\x98\xa5\xfe`^\x9a(\x92\
3OiGIr\xb7,\x88F\x9a\xc6XOy3\
\xf9\xd3\xa1\xd5\x0d\xd6\x8ec\xaa\x9d\x02B-\x17Z\xd9\
'\xb3\xa0Sj\xea\x15\x01\x91\xd9\x14\xcc\x9a\x83\xc8=\
d\x84\xf5\xbb\xd0\xeaz+[U\xf2\x9e\xdc~c\xf6\
lPM\xc1\xac\xfb\xc6c\xa5\xd6\xb3\xa1\xc3\xc6X\xbd\
\xe2\xda)\xc8\x9a[.\xbd\xf13(\x90\xa8T\x1b\x96\
\xd2\xf6=x\x82%\xa5\xd6\xf3im\xbe\xd3'\xe0]\
HH\xb6ty\x07\xdd\xc4Owv\xe7\x827l\x07\
]E\xb2K\xec|\xaf\xd4S\x0b\xe7\x83\xcc\xb5V\xfe\
vE\x89\x05C\x88O\x5c\xd0\x15a\xe2\x82W\x0c\xeb\
\xc2\xf3\xa1\xe5\xa7f3\xef\xf6\xd88L\x9bxw\x9f\
u\xf7U\xda\xcc\xeb<\xe1<k\xb9O\xf6\x8e&/\
}Zd\xefc\x87k\xd5c\x85w\xfb\xd6>\xd0\xa9\
\xf7\xcd\x9fb\x94\x8bY`X\xaf\xb8\xe8\xcc\x8dA\x9f\
\xf5\x1fO\x0f\x1d\xfa\x82\x88U*J`n\xf9\x8d\xfd\
'#M^F\xa8\x15\xc5M'\xbc&-n\x0e\x88\
\xa5\xed-\xf9\xd5B\xe9\xbdS\xea5*\x85s7\xe2\
^m\x1546\x05\x9b\x06\x1545\x05\xc7\x8e\xb5\x0a\
\x0b\x1b\x03M\x8dVaSc\x10\xf42\x0a\x0a\x9a\x02\
C\x0b\xe0\xefq9\xec\x8f\x02\xfeG\xd3\xa0\xc2F\xef\
\xa3qp@S\x13\x9cd\xf92\xab\xa0\x10\x8e`'\
\x1b\xbd\x86\x7f8\x88\x1d1v\xa5\xff\xcc\xb9\xceR\xe7\
%K1*T\xda>\xa5{7<\xdc\x90\xfa(j\
\x83\xc5n\xd7\x1ey\xf0mF:\x03:\xcb\x8f\xf0q\
\xbf\xf8\x89\x8f8%R\xd4<,\xd8{lX\x963\
\xf0c\x8dwg?\xb3\xaf\xec\xdd\xc2\xe4<\xa9\x12\x8c\
\xfc\xac\xc4q\xd3=\xdd=\xd5rCC?\x09:9\
'[\xb63\xda\x19\xf2\x86\xed\xd6\x8f\xb5\xed%F\xaf\
f\xa8\xb1\xbd\xe3b\x9b\x10t\x07\xaf\xf1u\xa7\xd1^\
wj\x84\xae\xe2\xbd\xf3\x95k|\xfdf\xf48\xe8\x22\
\xdea\xec\xe0e\xf0M\x01\xffl\xe8\x1a\xffWp\x9e\
\xa1\xcb|?\xe5g+X\x0eG1\x9f\xe70kY\
\xef\xac\xf2\xc5~.6\x8cb\xb5\xa6c\xef\xbdZi\
\x0d\xa6v\x82\x87\xe7\x13\x1cowa\xc3}\x04\xad\xf4\
\x1f\xaf\xbc\x0b\xdb\xe4c\x09v\xde\x82\xaf\xaa\xb4Bp\
l\xc9\xdc\x0cE\xe8\xb6U\x12\xe0M\x0c\xfa\x05Tq\
\x8f\xb0K8\xb09.\xd8+D\xf0\x88\xa0\x8d\xcfH\
9\x17\xa2P\xfam\x93\x98\xe56\x95\xe6\x0a\xb1\x0d\x96\
l2\xb6wciY\x0f\x86\x92\x93\xd3\x83\xb1\xd4\x83\
\x13/\x0fr?>\x1a\xa3\x86D\xc3\x07\xa4\xa9\x1a\xc0\
\xf6\xa8\xe5I\xb9\xe6\xea`\xaf\xa4B\xdd\xa2\xb7-\xa9\
\xa6&s\x95d\x06K\xb5\x90\x0a\x13\xbe\xafL\x9d3\
\x0dg\x04\x96\x1b\xbc/\x0e\xf5%\x0879@\x86\x93\
Um\x7ft\xe2-Q\x89\xd3i\xc4\xab\xa6d^\x15\
Hc\x14\xae\x17\x0es\x99C\xb9\xc3\xd5N\x82ca\
\xcb\xf0\xb9\xf4\x90~&1\xdf\x9fB\xd7\xe5\xe5ga\
\x81\xcb\xfeL\xec0>|\xc0j\xbf;4\xda\x1dl\
\xb5\xfe\xcb\xdbP\x0d\xf2Jw\xf0 \x05\x9e\x17\xaa\xb4\
2]*c\x17\xe1\xb5n\x5c\x11\xdb\x98\xcb\x03~\x95\
b\xef\xcbh\x97\xadJ\x87\x1a\x13\x10\xf7\xe9\xad\x92\xf6\
\xd8l\x85\x8d%\xeb\x91D\xd0\xe7\xae]k\xb5\x9f\x0a\
\x8f;\xca\xb3j\xbc}\xe6i\xa1&'\x87\xb5DS\
\xce\x12\xef\x1d\xed'\x91F\xfb\xe1J\x97\x10\xeeY\xa4\
\xf9\x86\x8e]-J.V\x16\x96\xaen\xe9t\xd6\xa5\
D\x22\xe5Y\xf3\x9f\xe3\xa7\x13pT~\x02O\xc0\xcb\
O\xf1g\x13\xf8\xaa\x1a\xb1\x11\xd1\xac&\xf6t\xc5@\
\x8eI\xea@\xe3W\xe6\xe2\xe9\x98\x9d\x95\xc0'\xdeW\
\xba\x99\xf7\x13,\x06\xackz+\xe9\xe0\xa1\x96\x9co\
\xd8ig\xe2\x15\xda\xe4\xb5\xdaD\x92\x84\xf4\xcaG\xe4\
\x5c\x93\x85\x0d6\xae\x07\xb6\x9d\x9bsw\xafN\xdc\x13\
\xdbny\xb0<\xe1'?PL\x07\xaa\xe6\xfd\xd87\
\xcf\xf4Fu|Y\xef\x84\x9b\xe5\xba\xc7\xbf\x85\xe0\x95\
\xe23\x16\xb5\xfa\x1a<\x88\xca\xc9\xc6\xebN\x22\xaep\
0L1\x07z\xa5\xb0(\x0e\x92\xcf)x\xbc\xeb+\
\xfc\x84\xa6i\xd4\xa6\x19\xeb^o<)\xe3z\xe7H\
q\x07;\x83\xad\xf1\xf6x\xb8\xeb\xf1\xfe\xde\xb7]\xc6\
\xa6\xb6\xe5\xe5GD\xc8\xd2\x95\x9dBq^\xb1(\xa5\
{VP)\xa5\x09\xe5\xb4\x1d\x93\x09\x87\x19\xb5\xa2s\
v\x00Bp-b\x8e7d\x02\xb4*\xe0\x0b\x9es\
\xc8\xba\x86s\xa6\xd2+c\xcc\x05\xdd+\xdd\x092\x01\
I\xd15\x01\xde\xd6xx[wz[\xce\x15\xcet\
\xab}\x9f\x903\xb0\xd4\xea\x0a6\xc4\xa7\x8f\x9aE7\
?b\xf3\xc8\x88\xd4\xd1I\x13\x8f\xec\x16wi\xe6\x8d\
L\xe7_\x949-\xdd1-n\x97\x98I \xcc\x9c\
\xfd\xdb\xfbl\xa3\x8b,O\x86J\x87\x9d\x89\x9dZ\xf5\
\x9a\x91\xa1g\x04\x8f\x82\x14:\xb9\xce\xcf\x9c{\xac\xff\
\xbf<\xcb\xca\xd7\xd2a\xa3\xb0\x80\xe0D.\x09\x8b\x08\
tb\x0c&G\xcdS\x9f\xb1bN\xbf B8\x89\
\xe0\xdc\xe3\xec1A\xc5R\xa5b\x98-y3\x13<\
\x1b\x7f\xde\xedi<\x8d\x1aW\x9fN\xf9w\x169\x8a\
\x92E\xc4R#\xd5\x11\x85\xacW\xea:f\xf2.C\
\xa5\xe1\x829\x82{9\xb3,\x9b\x09\x1fy\xd48\xea\
\xd8\xbc\xbdw\x1b\xfb\xb1\x81(\xca\xaf\xedp\xd2_\x14\
\xe4\xa6;{>\x01\x8a\xfc\x1a\xa6uV\x0a\xd8\xc6'\
\xe2\x9d\xdc\xdb\xdb\x1b\xe9\xd5b\xf1d\xb0\x5c\x8ch\xa4\
\x18\xdd\xe5\x82Q\xa7|\x07\xdc.@;\xc9L\xa6D\
o2T~\x84\xf7\xfe\x12\xd5\x09\xcc\x81\xd4\x95\xfcd\
\xba\xaa\x09\xa4\x92i\x92f\x8f\x9dm\xde\x93F\x02\x97\
\x05\xaf\x07\xd5b\x18\xc5\x90\x99\x95P3%t\x06X\
\x1b\xee\xbd\xcdz\xe0v\xa4\xff\x12\x00\x9c\x14B\xdcZ\
\x05=J\xd4\xcfD,y\x04g\xdeiW\xd8e\x86\
\xd8\x98h\x88\x0b\xa9\x81_\xd7\x88\xf94,\x14,y\
\xdeV\x18^\xf8\xa1-y\xb1G\xedG\xbd\xbf\x0f\x03\
\xe9\x9dc\xc0;\x12\x94\xc3\xc3\xfbUu\x0d\xdcp\x8d\
h\x1a\x80\xd8\x02\xbd\x15kQ\xbb\xce\xae\x99\xd9l\xf8\
\x99\xd8\xb7IeX\x973S\x02`\x97=\x0d\x87\xbe\
\x0a>v\xb3\xe8I\xc3/W\xd1\x01(dW\x9ae\
\xa2V\x81\xaf\x9f\xafC\xfd\xd0\xac\xac\xf0\x0b2wH\
z[I'\x13U\x14\xdb/['\x85\xdc\x9c3\xad\
\x22d\xae\x86D\xb3/A(\xf6s\xd8-}\x8ez\
\xd7\x93x\xe66G\x94\xa8\xda\xde\x9cQ+\xb5\x08@\
P\x8b0\x1fk\x1f\x9c[\x16\x03\xe2\x89\x97\x0f\xcfi\
\xdcN\x06\x02h\xdc+g=\xe2\xf5\x82}\x19\xed\x22\
\xfc\x0f\xd7\xe3}\xc2\x9cqc!/\xa76\xc1]\xcd\
\xe5\xccA\x91\xcar\xf5\x0ci2\xc5\x0e\xe3\x9b\xb2\x83\
%\x91\x99\x82.\x87\x01/\x22\xd8C\xd28\xde\xfc\xc8\
\x09\xc8\x8e\x154\xb9eB{\xba\x1c=\xbcnK\x9e\
\xdf~S\xb5\x0e>\x9d\xa6\x14$\xc5\xacH\xf2\xde\x99\
\xa8\xf4\xb3\x1c\x109\xe7\x11\x99!\xe2\xd9\xb6\xe5\x95\xe5\
B\xcf\xa5]&\x9d\xb7\xaa-2\x8c4\x9e\x0d\x98_\
\x0b\x7f\xd7\xaaO#jRU*|j\xc1b\xda\xf2\
\xd5\x86?1\x1d4\xa4\xba\x88\x0cy&\x90-T~\
\xf7\xc6\xb9s^9b\x92\xe1\xb1\x06`\xa2\x86w\xed\
\xadr\xeb\xb5E\xaeb[8\xd5zj\x06\xf2\xabm\
\x14\x94\x05Hv\xce~\xb2\x895\xe3ft[\x98\xaa\
\xca~\x9d\x9a)\x18&R\xcd>\xc1\xf1j;i\xfb\
\xef3 2\x83\xd9\x9d\x99\x89y\x86\xda\x09a\xeaq\
\xa6\xc4\xb2\x01\xfb\x88\x1c\xf1jq\x17\x83'\xac\x88+\
\xf6Cx\xdf\xde\x1f\xf1\x0a.\xd6\x15\xf7\x8f\xafm\xc5\
$\x81\xc0\xaf\x1c\xb1\xb7E\xf2{\xa0\xc0\x15)\xa9@\
\xae\x12O\x8bJ\x89\x8dZM\xc2\x0f+c\xe7\xae.\
\xe1\xdf\xd8\xc1\xc2\x06d\x907\xd3\xf9\xd9\xbf\x97\xc0>\
\x80\x99\xf7\x95\x9a5!`W\xba\xda9\xc7\x92\xe2t\
\x9e9\xc7e\xbd+\x95\x11\x11\xc7;\xd5%lM\x97\
I2\xa2K\xc4\xcd\xb8$\x14e,\xe8\xd5i\xbdE\
M\xe2\x12'\xe5\x93\xabR\xb8\x92\x96<\xa1\xa3\xed#\
>\x22\x92\x13g;\xa0kx\xd9\xe9'o\xe1&\xd1\
\xb9#,\x1f,&\xea\xcb\xb5\xa9\x8c\x82\xc0\xba/\xaf\
:}\x10\xf17\xc9\xad\xa7n\x93\xc6}\xda\xd4q\xb3\
:\xe1\x03\xc43\x9aui\x22%\xea\x0c\xdf\xa0`f\
W\xba\xf4\xb4\xaa\xf1\x04\xa3\x94\x9au\xfc5\x9c\x15\x04\
\x83\xd2\xadWYEI\xc5\xa6/QO\xdb}\x19\xd6\
\xcdBc\x9cJ!\xe7\xcc\xc4\xe80\xca\xcbE\xcd\x9a\
J\x9ev\x0b\xb6\x07\xb0-\xd5*\xb6%\x91\xd5\x83\x0a\
\xefP*\xb7J\xb7\x8cO\xc0\x07\x05\x87H\xe6\xe1'\
\x9d2\xb6\x06\xf4so\xe4\x94\xd9\xd3\x90\x89dCK\
\xde\x1c`\xef\xe5\xe5< \xc8{\xb0\xfc\xc1r\xcc\xbd\
\x00z\xa8=\xc1!\xc6\xcb=p\xc38\xbf\xceG\x9a\
\xe2\xa3\x1b7\x8b\xea\x0d\xc1Z\xe7\xcd\xc9U\x11\xdb\x8c\
\x04z\xb5I\xad\x93@[\xcd\x8fhK\x98\xf3\x1a\x8c\
\x04\x8f`T\xc3%\x13fu\x83\xff=\xa3A\xd2\x92\
/\xff\xccK\xab!cM\x82I\x95\xc7\xed\xb8\x9fD\
\xb3\xa9\xdc\xf0k\xf5\xc1\x0c@p}\xf6:Z\xdcP\
w\x94Dg\x9c\xd8\xa6\x9bu\x15\xcc\xe6\x01~O0\
\xc3\xf7\x12D%\x1c\xd1\xafj\xad\xc5\xe4A$d\x1a\
 \xa8\xa5X\xad\x88\xe5\xb8b\x0e\x16gk\xd9E\xcc\
4SF\xdd\x0e&\x84q.\x99nT$\xd4\x17\x13\
\x85\x9f\x86S]:z;7\xb3\xc4~\xd0gUl\
\x93\xc4\xc5\xb0\x9e\xaa}\xaf\xa8U\x88u\x939`\xca\
\x94\xc6&c\xbc\xa8\xb4+m\x9c\x1c\x14Ql\x87\xcc\
J\xeb\xe0a\x1a\xc1\xe2\xcc\xae\x95\xc4\x1d\xbf\x86R/\
xd\x1bL#[q\x85)G<\xb5\xcaC\xdc.\
\x9dA\xea^\x84\xb1\xd0)h\xbeY\xaf\xad\xc0R\xe2\
f\x22\x11\x13\xb4^\x95\x05!,\x83\x0a\xcf\xb4\x14\xd8\
F\xe5'\xf4Z\xfb\xfe&#\x92\xa8\x80\xb1_\x1e+\
\x8f\x09\xf3K\x00 `\x97#\x8c\xaf\xcb\xef\xb4P\x19\
c\xab$d\xdf\x94\x977c\x9a\x02\xf3\xa5\xc4\xb4!\
\x18\xfd\xab\x02\xfe\xad\x95\x0e\xab\xa0\xd8n\xf9\x84\x05\x09\
\x1f\x06)\xdf\xe4\xcf\xc4$\xd5,X\xe5\x0f\x04&\xe3\
\xdcn\x88\x0b>\x06\xa4\x96\xad\xc6\x12\xa8\xa3%va\
W\x1b\x90Q\xeeE\x16,e\x93\xbd\xe9\x81\xcd7\xdf\
\xb1f\x1a$\x09\xc1Em!\x1aA\xfb\xc0\x85Y\xf9\
\x08\x9a\xff\x9ee9O\x94\xb9-\xf9\x02\x16\x9d\x97\xb7\
\xd0\x8c\x05\xca\xed\xb2\x9a\x92\x06x\xedu`(\xf9\xa9\
lC|\x14\x082\x0c\x1e\x0d\x84~\x86\xe9\xa0\xdc\x9e\
4\x1f\x98\x9c.\x15\x9f\xe9\xb80\xfc\xa3`\x1b\x8e\x9b\
J\xe8A\x95>[\x90\xcd\xf3\x11N\x8f\xc4\xd1\xdd\x1d\
\xe8gMg\x18\xdb&\x19\xfc\x84l\x85Y\xf4[C\
\xb1\x98\xe7\xa7\xa5j\xb1\xdb{\xd8\x90S\xbf\x96J\xf9\
\xd5\x81\xba\x89\xd8\xf1\xb2\x92\xcf0\x19\xceVQK\xa9\
o\xe3\xe6\x94\xf9\x86\xa2V\xf7\x1e\xd8\x8e\xda\xfe\x10\x5c\
w\x94\xcd\x82\xd0\xd9;4\xaa4\x8c\x18j\xa1\xc0H\
D\xe0\xfe+\x84\x0d\xcd\xcb4.s>\x19\xc2`j\
\xf7\x9b\xe3\x15\x88\xd2\x8f\x04\xed\x88\x7f\x0a\xd8&\xef\x7f\
\x9b\x0f\xd2\x86\xbe\x05~\xc2N\xdfH:s\x8c5\x0d\
s\x0c7\xc1Pbm\x0dQ\xb1\xefd:\xebw\xd2\
}\xf7-.\xb2S\xb0\xe4\xd9o\xdf\xb40\x05\xa5o\
A\xe6\x9e\xe7\x8d\x84aP\xa6pB\xde$\xa7\xe6M\
<\x17!\x1f\xb9*\x07\xca]\x99\xaf\x06\x0b\xd6@\xc1\
\x85\xac\xaal\xc5La7\x1f \x88\xf2}\xb5~l\
z\x1e\x10\xe6\xc1\xc2FQz7\xd8d/0\xab\xe5\
\xd6\xbe]\x92\x8f\xbb\xd2n\x94\x98d\xe8\x81\x19|\xd5\
\xe1\xb4^\x9eY\x84\xb9\xf8\x07\xe2\x8c\xef\x9f\x9b\x9e\xe1\
 \xd6\xbb]$K\xa7\xc5\xcb9\x05Q\x9e\xef&\xa2\
(\xa8\x98A\xa7\x16\xc0\xc7I(_\x10\xe7\xc4+\xb3\
gr\x90\xb6\xe9\x1f\x8b\x1d\xf0\xcc~\xcf>\x18\xf3b\
g\x17\xf5\xe1\xac}\x82\xce\xbc\x87\xb7b\x7f*\xc1\x1f\
o\x92K\xc4\x06\x1e\xa0La\xf7\xf1\x0e,)\x11\x9b\
\x16\x08\xf0\xb2eq\x8b\x8ct\xa9Z\xab\xc0\xc7\xe3\x06\
\x82\xbdkY\xc5=\xbf!\xb3\xbe\x03\xf8\x9aX$.\
\xa0|m\xfc\x19\xe4\x1fR .e\xfb\xcd\x0e\xee\xf9\
M\xa5j\xba\xa3\x84\xf2I\xa1\xc5\xd5\x9eG\x10\xf11\
\x97\x18\xbcY\xd6TL(\xa6\x22C\x83Bm\x98\x22\
\xca_\x97\x14e'\xde\x18\x17#\x82\x94\x02\xc9\x8b\x95\
\xe3\x13Z\x91\x84\x84\xc0\x11\xc7\x8a\x8c/r\xa4\xabG\
\x03\x0f\xf6\x5c!o\xb4]\xc4\x0b\xa4\x1a2|\x96T\
\x8f\x1e\xe5v\x0c\x9f?A\xa1&,\xf6'T\x05N\
\x85&\xab\x8ayb\xc9\x98\xcc\x05%\xb4\xa6\xd6\x08\xb7\
\x8b\x98\xa6\x19\xa9*H\x1a\xa2!]\xbe\xbe\xfa\xec\x1d\
\xb3\x22j\xf8\xad\x1f\x17\xbbB$\x1e\x89\xe3\xf4O0\
v\x10\x13%\x8f\x86\x85\xc5\xdaS1\xd3\xe0\x04\xbf\x95\
\xb02Db\x91X\xc6/\xe3\xa2\xe4<\xac-r\xb9\
\x97-\xa4\xc3\xdb\xd0Q\x08/a\xa6\x81\xd4\xcft\xae\
\xb6Zo\x0dM\xbf\xc3j\x9f\x10\xcauNs\x16Y\
\xcf\xdch/4\xd2\xc5\xa5\xe3q\xb1\x1b\xe9\x0a\x10\x8c\
1\x1c[\x95\x9f&\xc4\xbe\xe4\xd9\x1b\x90K\xab*\xea\
\xcfn\xd8\x99\xe2\x1d*\x0e\xc5M\x96@7t\xa8\xed\
\x86\x8c\xacC\xf1k\x02\xbbU\xf2sx\xa0G\xc2\xa5\
\xf6w\xd3g\xa0\xf5\x1a\x8duI\xd2\xa8bl!\xb1\
.\x89\x18U\xe8}1!G\xdf\xcfn\x9d#\x96|\
\xf4f\xf8|\x1a\x9di\x8ab\xce\x01\xee\xcd\x88\xado\
\xb3\xf1]\xcaW\x1b\xe1h6\x9e]\x90\xeb\x1c\xe0}\
\xd7~O\xe8\x1bw\x91\xff\xd3\xee~\xc1s\x0a\xd2\x13\
\x0c\xf6\xf2:\x8d\xf7\xeb\xcc\xcc\x81C\x9c{\xfd}I\
^\xe3\x10\xdf1\x19\x17\xf9s\xd7\x0c\x0a\xfc\x99s\x9a\
|\x9a\xf4\xef\xda\xbe\x0b\xbd\xed\x1ej\xc5\x05z\x02\xa2\
Y\xe1\x94\x9f\xc6\x5c\xd5 \xb9\x92\x22\xb9'\xb7\x8aO\
\xfc\xd45\xdc\x1c\xfbl\x03\xd48[\xa4+\xad\x1b\xea\
\xad\x00z#\xbc\xe9g}@\xcd/U0\xe1*\xe0\
Fy\x1c\xe5\x04}\xa9\x06\x0a\xfc\x227\xa6\x06\xac\xf3\
\x01N\xf9%C\xa7\xe2^kD\x09\xfa\x83:\x13\xd0\
\x96\xb1\x92$\x18\x8f\xc9\xaa\xa4Y\x95\x84{\xae\x81\xf3\
&`\x9ec\xb5\x1a\xf8\xd4;\xa0\x0a\x0f\xe5=\xe2\xa9\
\x12\x0b&\xaa\x88\xd8\xec\xa9\x9dr\xc6\x14!\xf5!\x00\
\xd0W]e\x08\x94\x1f(R\x90tQ\xfa\x0c!.\
%\x1c\xa0\x96\x88\x0e\xb9\xeau0\xd92\xb8\x9bh\xa5\
\x91!;\xd0\xfd\xef\x84k%\x85\x04\x03\xf1\x98\x91P\
\xde\x9bhw\xbf\xc1\xb3e\xeeF;\xfc\x92\x07\x98D\
\x19\x8d\x19\x11?5\xdf6ajw\xddOJ\x80\x09\
\xbb\xfbx\xa5\x11W\xa1\xa6\x9d]O\xd2\x03v\xe7\x09\
\xea\x90\x06\x12X\xd7\x95q#\xedQ8<\xd2\x7f#\
\x22\xe9\x0b\xd0\xc4\xd8\x87\xbd\xadf\x94\xb7eD\x5cO\
\xd9\xf0]\xaegwi`*\xd66na\x98\xb1\xb8\
!\xa5\xae%\x8b^\xd7\xdf\xf8\xcf&\xbcp\x02.\xd9\
!\xb6\x9f\xdd\xfen\x9b \x0c\xcc\xec@\xbaD\x12\xe9\
,\x88\x0a\xdb\x9d\xaaj#\x9e\xf6\x8dd\xe7\xc9\xe8\xba\
\xdb\x10\xee\x85\xacK\x95UF\xb6\xd7\xb4\xb1cg\xba\
\xbb\xd1\xf7\x13W;c6\x16\x12\xc2\xe1&\xba|w\
\xbf\x13~Tf\x18\xb3\xa7\x88U\x1b\xd1\x8covx\
=,2\xbe\xa0B\x11F\xbah\xa3\xa6\x10\xc2\x8bf\
|\xd3\xe5w\x9a\xf4\x88\xc3\x9a_U\x9d\x01\xde\xdd\xc9\
\xf5\xecl\xc7\xba9\xe3TK\xa1\x0a\x14\x96@jJ\
\x18\x12R\x86\xa8\x02\xa4\x1bo\x96\x0c\xee)\x01Z\x90\
\x0c\xee\xa8/\x9c\x8fss+\xa7u\x86\xb2\x0d\xee \
,\x19\x0f\xd3\x0bdF\xcc\xe7\x87\x9b6\xb2\xaa\xe2\x0c\
\x9f\xdf\xe5\x1a\xed\x22\xf9\x9e[N\x22`g\xca\x15\xe8\
?\xee\xd1>\xf4\xbbo\xdd\xea\xcd\xfa\xb1qY\xc0V\
(?\x5c\x00xF\xd9N\xf2\xca@\xe4\x0a$t\x85\
\x0c\xedlQ\xf6k\xc9\x13\x14\xba\xccl\xa8)\xe0\x82\
\x0ar\xdd\xc9P\xf6m\xf5\xb3\xb7\xdb%f\xc1\x8f\x0a\
}\x19\x1e\xc8&\xc7'\x8a7#\x024\xbdE\x195\
q\xed\x07\xb9E\xea*\xa0^\x8f_3\xfe{\xb30\
'\xcd\xf9\xc7\x00}\x99\xc9q\x1d\xea\x89\x05\xa0\xcf,\
X\xde\x94\x01\xfe\x15,\xba\x99\xc9\x87.\x03\x10\x22\xe7\
\xae\xbf\x83\xbd\xe8\xdee\xc5\xc6\x05\x94\x10g<\xfb\xe4\
\xc5t\x0d\xf2\xac\xf1\xa1\xbd\xc4+C\x8b\xf2\xaf\x15B\
9S;Zl\xb2\xd8\x96\xd7\x16%h\x84e\xa3\x1f\
]\x10\xecU\x9e\xe2\xcaUV\xaf:r\xc1\xd8\xa6\x8c\
\xce\x95%\xfc3\xc3\x80}\xf8\xfa\xcc\xac\x96\xee2]\
\xaerNF\x83Y&\xb0L\xf4\xcc\xe5Q\xdd\x9a\xcb\
`\x92\xe31\xdd\xdb\xe43\xbe\xb0\xda\xef\xed\xf2\x13\xf1\
\xa9ow7\xd6\xb3\xcf[W\x87F\x8f\xb3Z\x97\x86\
j\x18\x02\xf6\xed.V\xfb\xc5\xce\xf1\xdd\x1c\xc3r\x97\
3?u\x8eX\xb2\xb3|g\xbc\x98{\xb6w\x93\xed\
\x93\xd2\xf3\x99owN\xeb\xe6;\xbe\x9d\x18\xd5\xe5w\
\xdd\xdd\x9f\xfa\x1aoM|\xe0\xcck\xe8rW\x99\x87\
\x5c\xf2\xa6\x7f&\xf7\x7f\x8bs\xa6\x0c\x1e\xc3\x9bn\xc0\
\x99\xa2?\xa4\xe9\x86\x90\xdb\xaa\x0e\xa2/\xdew\x83\x99\
c\x05\xf0\xa5l\xca\xed#\xbd\xb1}p\xde\x16\x0ab\
\xad(\x12U1\xa3b\x06z\x867\xc9\x08\xe5F\xaf\
/M\x1e\x1a\xac\x08\xf8rQ\xe2Jz\xdb_\xeb\xe4\
xl\xc8z\x1c<h\xa7)U\x8dk\xbbifL\
\x98\xba\xd8\xd9c\xe7\x0dy\xd5h\x7f\xc2Sw=\xe0\
o\x1fw\xd3\x8e\xfc\x08\xd7\xc8\x19\x1a\xb0\x13U\xe0\xb9\
\x89\xe3z\xa6\xa0\xed0\xbc\x02\xd8\xbeI%DX\x8f\
\xa2\x97!\xe9\xf3\xccE\xcb\xe1A|)@\xff?\x97\
\xed\x01\xd8\xf1 \xd8\x90\xc2\xf5\x92\x87\xc4\xa9\xd4d!\
L\xb9\x1e@\xc6^\xf9U^~\x05\x84LJ\xc0g\
WV\x8c\xa0\x82V!\xc8\xc8\xe6\x81\x12\xa5F\xce%\
FdF\x83\xf2\x93m\x03\xd1]Q\xad\x8e\xaa\x05\xda\
\xac\xb1\xd7\xdaFS\xa3\x95\xc5;\xc9\x1c\x83]_L\
\xc6\x11\xc3\x9c\xa4\xd5\xab\x8c\x87\xa5v\xe3q\xf9\xe7\x9c\
esd\x10\x93\xf9\x05\x81`N\xc6\xc3@\x22\xbc\xdc\
\x82\xe2S3\xe0QxYRQ\x06\xad\xc0\xcb\x08\x9f\
\xc4g\xd83\xbc\x8d\xc1\x96bRWZW\xda\x00\x81\
\x98\xd9\xfc\xf1g\xa3\x99\x12bLvR\xb7\xd0_\x0b\
\x84S(\xa0\xaaa\x9e\xbc\xf9q`\x072\xdc\xcf\xad\
NL5\xfc:\xdb\x0e\x18\x80\xe1\xe6\x8a\xe2\x8ab\x5c\
\x9d7\x8bu\xce'G\xb3\x19\xd0'\xb0\xfc\x84d\xf2\
\x88\xa8\xcd\x8a\xa2\x9e\x84&R\xecy\xcd\x1b\xab\xc9Z\
\xb8S^V\xc3S\xc4f\x9b\xb1\xd9\x15\x0d\xdes\xd6\
\xc1\x13Cg\xe6r\xbb\xe6Dgp\xadm\xfc l\
\xce\xa3\xb3gs>\xc6\xbd\xc0\x9a\x98UNTL|\
\xdd5\xbfB:\xc1\xba\xa4\x9c.\x0eD\xcb#\xe0\xbd\
(\x87u\xb2\x1cWY\xce\x8e\xd4\x82\x81Z>\xc4T\
\x0d@\xbf:\xb2\xbc\xd5\x88\x92\x81\x84\xedZ\xbb\x16]\
\xbe\x01I\x90lH\x7f.\xdf\x1a\x88_\x83/\xc5\x94\
.\x15L\x04I\x0a\x97\x07\x03JUp\xed_\xd39\
s\x9eU3\xd1HCw\xb0\x86\x15\xdc&>nz\
\x89\x09$>nyxOr\x07\x96\x81\xa6\xe0\xd4\xf3\
RB\xb4b\xb1\xa1\xdcEI\x8c+\xe7(\x89)\xac\
\xc5\x11\x05\xb7]N*\xa2V\x89\xf1\x01\xc5\xf2#\x8a\
rEF\xc4=\x8avy\x5cD4x\xd9\x01\xa0C\
\xefu&M\xfe?\xf0\xf4&\x110\x00eB\xa1\x87\
\xf8V3\xd71Xj\xeb}\xa1;G[\x11\xbbR\
\xf4$\xb6C+\xbc\xcd\x1f\x9dD\xc7\x83\xd7k+\xe3\
\x8co\xa7\xb3\x98$\xc4\x02\x08\x9b\xc3\xfe)D\xb1 \
\x0a\x01\xc8\xc2\xb06\x0f[\xb4/\x8c]V\xce\xc3\xfd\
\xe7^r\x05T\xb5\xfe<\xe4\x93\x8f\x06#s\xbc%\
\xecj\xf0\xc5\xc5\xab\xe3\xd5bk\x1fn\xf6\xc59\x0b\
\x7f\x83[\xe6J\xcc%1\xdd\xc3\xdd\x1c\xab}r\xc8\
\x199\xc892\xe4\x0e\x1b\xd4~\x7f(\xf7\x0b\xe7:\
\x8b\xef\xd0\xab1W\xc9\xfc>\x90\xb0\xab\x85\x87\x98=\
w\xe3mFWOTK^\xb42Z\xc9\xa1F\x11\
{\x22\xce\xe9k\xe5\x1a\xc2Ukx\xb9\x16\x17\xde\x89\
\x1cS\xc80T\xde\xadG\xab\xa3\xd5b\xd3-H\x98\
\xe0\xd6\xe3Wf\xdef\x93s6{%\xf7\x8d\xb6\x14\
\xd8\x12\xb9\xb5*E)`\x02Qn\x93\xfe\xa0\xe0U\
\x08\xfe\xb4\xc3\xc0\x14\x94\xe7\x95\xaa[\xff\x1f\x06^\xe5\
\x10\x18\x90\xabG\xa0w5/+\xfc|P\xb9IF\
\x7f\xf1\xa2\xfbb\xe0\x8c\x0flg_w_\xdb8\xed\
'\x96\x1brB\xc1\x8f>rC\xb6\xed\x84\xd2\xa9\x8b\
\xa6:\xc4j\x9f\x12r\xcf\xfd\x9d\xd5^\x90n\x90\x16\
9\x07w\xfd\x8a\xdb\xa3\xb7e\xfe*\xcd\x1c\xbd\xc9\xd9\
'\xed\xdb)\xce\xaf|\x7f;\x95\xeeI;\xb3\x91\x87\
2j\x9e\xc2\x90\x9b\xc3\xfa\xf5\xd4\x90\xd3\xe7\x04\xab}\
Z\xa8f\xb4\xd5\xfe@\xfa\xfd\x1d\xcf\xf8\x7fv~ \
:\xe3\x8d\x9d\x9f2\x9d\xdb\xa7/\xe3\xf6\xd9\xe1\xc1a\
6\x8d\xec\xe0['\xdc\xd5\xf8\xdf\xd9\xf1\xef\xa6\x99\x8a\
x\xe49\xee\xb1\x16P\xd1\x95\x00\x88\x03\xde\xf1R\xbe\
\xbc\xce\x0b$\x85\x82\xb1H \x80E:)\xb8\xe48\
SX~-L\xda\xb58u\x07\xc3B\xbe=\x98\x16\
\x1b\x14\x01\xd2\x94\xfa,*LO\x0d\xf0\xb2\xdb\x99\xc0\
\xf2\xbc\xa0\x92\x00.-G\x03\xd1\xebk\x93\xb0\xfa\xa9\
\x9c\xbcy\xb6-/?\xc5\xd9w\x92\xd0\xef\xc6.\x5c\
\x9a\xc4\x11\xc8\xc4\xdb\x1f\x08\xdah\x9f\xc2$\xe7\x80\xbb\
\x06\xc8[y\x09Y\x13\xa0\x85\x15\xc2\x860\xffy\xa2\
\x05\x0c\x11m\xd2\xbc\x13\x19\xb1\xe5fE`\xbc\xcd\x94\
\xd6\x19\x18}\x1d\xdb\x85\xf0\xab\xe6p\x8fN>j\xfe\
I\x10p\xad\x18f-y\xa8 6?X\x87w\xd7\
\x07\x98\x00\xc5U\x17\xe2\x99\xf6\x97\xf1,\x96`e.\
\xc9A\xeaa\xee\xae\xea#\xfd\x85\x0c`\xcb6-\xbb\
\xb5)|}\xa4b\xa9m&\x82M\x91\x9d\xdb\xd8c\
\x19\x93\xc4\xce\x87\x8b\xa0\x8d\xe8\xcbh#z5\x04>\
\x1a\xeb\xdb\x1f\xbd\xeb,\xb0T\x87AqR vm\
\x03\xe1h^v\xa0\x09+7\x17\x8e\x5c\xf6Z\xc3\xcd\
\xdd4C[K\x1e6\x83P}\x16Xy1\x5c\xec\
\xa56\xff\x0by\x1e\xc5K\xf1k^\x98\xc0\x87\x8f&\
V\xad(\x01\xab\x1bl\x11\x1eiS\x22\x96M\x19\x99\
\x08\xe2\x03\xd4\x8a\x12P+B.\x03'\xeauRU\
\xe5\x0b\xec\x83\xe3m\xec\x9d\x821\x127g\xe6\xed\xa7\
[\xb1@\x1dvi_\xc7k\x07HW7\x1dO\x94\
\xfb\xe3\xd5\x16\xe2c\xa9gc\x93B]F\xc7\xe2\x0b\
\xa2\x83C`\xa6\x94\xf4\x06x\xb7\xb8yyk%\xe2\
V\xc3\xcd\xe3\xc1\x10\x19\x8f\x96\x11\x7f\x1cf\xf5\xaaG\
\xf4\x0d3\xc8\xb3\xcbl \xc8M5\xc3(\xbbh\xde\
\x9c\xf3\x7f\xea\xf3V\xc8\x97\xd4\xdd\x14\xd2\x83g\xdb\xe5\
$\xc2\xceu\xb0\xec\x5c\xaa\xb6?Z\xff\x0b\x910-\
\xe4\xd7\xd8c\xcf\xc8\x8c\x82iR\xeb\x93[B\xe1\xe6\
\x1f\xec\x19\xbb\x99&+y\x97W\xe0\x9a.\x0b\xfaY\
G\xe0:\x16CG-fD\x22M\xfe\xee\x8a_d\
\x19\xbe\xe0\xb1\xbf|\x5c/\x09L\x03A?,\x08a\
\xcc;\x0e\xcc\x00d!\xd7\xa9t\xf2\xacIb\xf1A\
!\x0e\x1c\xc4\xe5\xf8\xba\x08PKw\xe2\x9b\x8b\x98\xef\
\x07\xfd`\x1c\x88\x96\xfe\xc0\xd3GO\xe7W\xd3\x1d\x16\
\xccb\x8e\xdd\xd9RS\x13\x90\x11w\x9eX\x92'\x98\
k?\xf3Z\xea>\xc4\xff}+\x1f\xdb\x91^z\xbe\
V\xb7\xe4G\xe0\x18^F\xc1\xa0\xb5\x13,\x0b\x90=\
|D\x99\xc0I4}3\x16:\xe1\x93&`q\x13\
\x01\x0ad\xa8\xd1\x1d\xde@B\x10f@\xdeO\xd7\x8b\
/\xdc\xf5\xc5\xd3-18\x9c\xcf9\xb5uI\xf0\xb0\
DA\xbe36\xc3\xde]\xf7\x91\xe52\x97\xf4G\x1a\
u\x89\xe8wOcq\x80\xbdp\x14?\x82\xee\x86\xfd\
\xe0\xed\xb1\xf2\x11\xc4o\xed%\xdf\x99\x09\xb0\x88\x00\x8a\
\xfa&\xe0{^\xc6\xe1\x13;bC\x02\x5c\x0b\xa4b\
#\xac\x1dM2\x0e\xed\x86t2h\x82\xb2\xfb\x22\xbc\
Y\xb0q\x12\xf0i]6\x8db\xb3D\x04\xaf\x06\xdc\
 \x9c!$\x0f\x1d\xa59\x88\xecL\x98\x9f\xba\xf9;\
7\x7f\x9ez\xbb\xebf\x06\xed\x9d\x9b\xd6\xefl\xbbr\
\x81;\xd9g\xd3\xfc\xdb\xa9\xb6\x84\xe7O<\xa7\xff\xe9\
\xa3\xb2e\xe2]ZM\xb5\xa5h[\xaf\xad\xcb\x1e\xc1\
O\xf6\x93qpQ{\x04\x03\x9b\xe2\x9d\x99\xfcY\xd5\
\xb3\xfb[$.[+\xda\xa5%U\xfb\x8a\xf6\x16\x9d\
RtR\xdf\x9b\xc1\x97\xf8-\xc6\x9dL\xe7\xb4Q\x96\
\xc8Zh\xc7EG8i\xd4,$f&5O\xa1\
\x04\x85Z\x09u\x99u\xaf\xfbs\xcaLoN\xcd\xb6\
\xb1\xe0\x8eDG\xf5w]\xde'\xf6\x92\xf1\xcc]\xb7\
\x93\xd9\xb4\xd2Rs\xe1\xfff%u\xd8\xf5\xf9\x0d\x83\
\xaf$\x88f\x7f\xad(M\xb16\xf8\x8c\x1d1\xcc\xd5\
\xd0W\x13\x81\x9c\xadq\xaa\x08\xa5\x83\x9b\xdbp9\x9b\
)J\x9e0)\xd7\x86\x82\x93v\xf6\xa6{`\x13\x96\
\x0b\x18\xa0\x9c\xfa\x99\xeb\x8egnc\xdaR8\xf5\xa3\
\xbe\xed;sv\xf9d]\xde\xe7\x8e\x9fb\xc7\xfd\xb5\
\x83\x0dXS\xfapz\xf8\x14\x22\x1c\xc4\xb3\xfb\xf3\xbb\
}\x92\x5cg?o\x036\xab\xf8'?IK\xa5\x91\
\xf0-\x85\xe7\xc7\xdav\xae\xa2\xc6\x12\x91]\xc0\x8a\x22\
\x18\x17\xd8\xe7:\xc0\x8f\xd4!\xe9\x04\xb6aNz\xd4\
<7hg\x82\xb9\x94\xa4w\x89\x0f\xef\xd9\x92\xd7\x05\
\xd5aH\x17t\xa0%\x0f\xf0\x9e\x95\x95Fw\x90V\
\xc1\xd8\xe9\xe7\xf0\x14\xcc\x9e\xddb?\xb7l\xe1\xe8\x1e\
N\x14\x15\xef\x82\xf8\xe4\xde\xd1\x88\xb9\xb4\xd0j/\xf2\
&s\xea\xb5\xd5!\x87 1x,\x0dj\xbbk\xa2\
\xcct\xa9>\xb3\xba\xda>\x8aCZ\x04GB&\xc4\
\xb5]!\xcb\x19\xa4\xe5\xbfR\xf6\xec\x09%\x5c\xb6\x8d\
i\xdaN\xe8\xa3\x8ff\xcf0|\xc1:<F\x07\xec\
2/5T<\xad\xf2}\x0c\x87U\xab\x98\xab9c\
6fj\x03\x1c!\xee\xa3p\xe2\x00\x85(\xe6\x86\xad\
\x847\xe1-\xc5\x1f\x9f\xa6\x10\xcb\xd907\x86{G\
\xd8\xe0\x84\x82\xb9)\xe7L\x8b\xe5\x00P\x99A\xa2\x01\
h_O\xc7cl\x94;\xfb\xcd\xa9T\x03\xcc\x99s\
!\x00=\x1f\x8ej\x8cz[-\x9eH\xc6\xcf\xb4\x81\
\x8d\x01@\x99l\x94\xe7\xd8\x0c&\xda\x16\xf4\xca\x95\xc0\
\xf4WV7\xb3\xbe\xbc\x01\xaf\xecu\x87H\xad\xcf\xa5\
\x1baycb\xc0\xcfBGD\x7f\xe9\x95\xf3\xe6\x86\
F\x96\xc8\x9f\xdf\xe0M\xe9,\xd6\xf2@\x10S+\xb6\
\xb38\x1bwn\xfb\x02\x80`\x898\x9em\x5cV\x8e\
\xdb\x00\xef\xf3\x8a\x0aA\xdf\x81\xf2\xcd\x2258j\xfe\
\xfb\x06+\xad\x07\xe7\x880\x0c\xef\xb7\xae\x9f(\x01\xe9\
.\x04p\xdb\xac\xac\x93\xb0C\x1eZ\x10L\x15u\xc2\
\x1c\xd6\x98\x22\x08\x842\x98\xdfp\x8b\x9c\x88\xb6\xa4\x9a\
+K\xf0\x9eZ\xe5\x9c%x\xa5\xf8\x9d\x9be\xe5\xbc\
_\x96\xa1Q\xe2@\xd3:\x18QA\x05\xad\x01\xec\xf9\
\xb7\x80\x90\x89\xc0\xd8U9\xc7Y\xceH;\xe6Nv\
G\xda\xf6\xf2\xd9J\x8bhOL\x02^\x00g\xe4e\
\x13$S4\xa2\x0b\x7f \xdc6\x04\xd4M@5\x88\
\xb4\x898\x04\x08\x12\xfc\x05\x97\xc1\xa3VT\x0bd\xed\
\xd7yy\x85\x85\xd3\xa1k\x94\x99h\x06y\x0f;\x19\
\xdf\xc0Z\xc1\x89\x89HU6\x83\x22\x02s~\xba.\
\x9e\xccHd\xbaa\xb3m\x9ez\xc4[\xb8\xbf\x04\x06\
\xf4\x95\xa4 }\x99_\x96\xff\xddGl?\xa0\xdf\xd5\
*\xe0\x96Y\xdfPVo\xa4\x01\x90\xf0Le|\x9f\
R\x07\xfb\x14Xef\xe0\xcd\xac\x87\x96^\x8fC{\
\x1a\x7f\x83\x15\x81_\xe740\x983K\x93\xad\xc7\x89\
\xd2\xc4N\x92\xf4\xcb1w\x08\xca>\xf0\xd1&gN\
\xbc?Z\xcdS\xd3\x1a\x10\xce\x16HG.\xbb\xca\xe8\
\xe7\xef\x9bM\xedW\x043\xd3\x82e\xc4\x84[I\xde\
M\xa4\x83P\xea\x12i\xa4'\xf8\x98I\xbf\xbe\x8a!\
0\x83f\xb2\xb6\xa26M\xd6\x83\xd1\x96\xf0\x040\xd6\
0\x0e\xc4\x81\xb8u\xbc\x19f\xb5\xcdB\xa7\x83\x0f7\
\xde$\xb9\xce\xe4\x9c\x0bC\xce\xb0\x09\x96\xad\x84N\xa4\
\x16J\xd7\xc9]M\xfd\x99i\x18\xbb x\xdf\xc5<\
\xd9\xe9\x07;\x03x\xd0\x97\xd9\x0f(\x88\x1d-\x1d\x19\
\xd3\xe5\x98\x9c\xff\xed\x83\xf8sHz5\xdf7\x8d\xb1\
b\xbbR)P\xb4\x0dl\x0c\xae\xdcinN\xd6\xf7\
;\xbaw\xf7[0\xce\xb23\xd0\xff\x82\x8d\x92\xf1\xeb\
\x0e\x92\xc9\xaf\xae\x10tWFZ5^K\x97\xba]\
9\x92g+$\xb6x\xa4OK^m}m}=\
\xc4~f\x09)\x05\x83\x01]\xd8\x1d\xcc\xb1\xe7\xd8\xa8\
\xf4\x0c\xd6^_\xb4qMU\xf5\xce\x11N\x95\xe1\x92\
\xb0E.\x0e[$\xdcy\x0b{\x1c6.\xcc\xb1N\
\xae%$\xdd:\x98\xd4[\xb7(F\x85q\xccD>\
r\x80JwhI\x8e\xa5d\xdd\x88AUl\xd4\x85\
\xe0\x98U\x99\x0d\x97Q\xc0\x17:\xa2[lS\xfc\x92\
}\x9c\x15\xe67w\xad\x13\xe61\x0b\xbbt\xb7\xdeZ\
O\xee\x0c\xdaz\x0b\xb3\xde0W\xb2C\x80I\xbbo\
k\xbc\xc3\x12o\x94\xae\xe8\x09>\xaa\xb3\xc5\xc7\x03\x22\
Fx\x9a\xfcM\xfa\xe0\xea\x1e\xcc\xb3\x0b\x86\xf8\xe1\xbd\
c/\x1e\xd3;m\xf95\xbd\xd0\x96\xdf=\x0f\x80\xd3\
T\xcfY\xa8\x7f$\x14\x95\x1bvN\xb6.\x0e\x15\x8c\
\xb5\xdc\xa1\xc1\x1fjJ\xe9\xd5\x8c\xb2\x93\xd9q]@\
*\xac\x86S\xd9C\xba\x9dp\xb6\x98\xee\x96|\x01\x83\
\x86-\xc8\xfdi\x93q\xd6\xac\xcf\xb9\xce\x8d\xce\xe3\x96\
\x1f\x83\xc2\xf9\x12d\xc2\xf86\x95G\x89\x80\xac\xca4\
\xa2>\x95$\x04\xf6\xb7\xc0kaW\xc1Z5\x22\xb9\
D\x1eNC\x5c m\x91\xde\xa1R\x94&f\x19\xd4\
\xf2\xbc\x8fZ4\x09\xa1\x19\x1c`f\xdc\x0a=q\xab\
\xa4&\xd8\x8a\xd8\xf2\x12_\x1e\x18\xe7\xa3\xdc\x86\xa0\x1e\
A\x93\xc3Qa\x9d\xb07\xdc\x8e\xec\x16H\x86\xcb\x99\
c\xaa\x95T|\xdc'*asko.\x1a\x15\xfd\
\x99\xee K\xe1\xe0%\x1a\x87,}\x9f\xe3VC\x9c\
\xcaI\xd46C(\x85\xdd\xffF\x916\xed\xaf\xf11\
\x93_\x84]{_\xf7\x04\x0bM\xf3-\xdc\xb7\x9a\x12\
\xd8E\xd9\x09U\x0d\x98\xa4Z[\xf2fGfG\x90\
F\x80\x08\xe1KnT\xaa\x9a\x09\x0e\xab\xbc\xfc\x1a\xb0\
\xcakD\xfe\xb5?B\xdd J\x07\xed\xd3\x19\xdc\xed\
9\x03;\xfe\xe60s\x89l\x96Q\x9c\xcd\xe9\xf1\x9c\
V\xfc\xb3\xc4|\xa1\xd8\xf2\xf3\x08lg\x02\x18BQ\
1\xcfW\xe3\xb9\xdcTr\x1d\xa7\xcb\xb9\xb3I\xbc*\
\x8d\xee\xccWKI\x95c\x9f\xfa{sUL\x10\x16\
\x88\x843\x9c\xe1\x90\x84\x93\x93\xfc\x9b>\xae\xffX\xf7\
\x12\x8e(\xee(\xec\xb0\xf1\xf7Z\x11\x9e\x95]\x1dK\
\xc4\x12\xd8\x13t\x99*\xa5+\x0a-\x99\x81\xa9!\xe2\
\x14\x1fU\xd4 %=\xdf/\x83\xa3jH#\xc7<\
#\x1d0\xf9v\xc8\x1b\xea\xc09\x90\x05)\xb6\x81w\
\xb0C\xa6\x0a\xba2A\xd0Wc\xae}LB\xde\xef\
\x9f\x96\xdf\xe8\x06\x12-\x82v\x19\xe74\x05\xf1\xcb\x16\
\x9f\x92\x8a\xbf\xfb\x10\x9cV+\xbcm\x09\x06\x01\xbd\x07\
\x9ca\xb3\xf0\xd1F\xe9\x91^\x8f\xdbd\xb32f\xf8\
\xa9\x228\xfbH\xa7\xf4\xce\xa9\xda\xf6T\xda\xcb\x17W\
\x9d\x1f\xc3\xb9XY\x18b'T\xc6\x09\xb4p\xb7.\
\x02\xfa\xac6\x03S\xf67JY^U\x03\x97\xc4\x96\
\x96\xfc\x19P5\x01@^\x84\xba\xab\x1b\xe4Q\x1b\xc4\
\xfe\x93\xd7\xa0\xbd7B\x00\xd7\xfb\x91=-Y4{\
\xc6\xec\x19\xc8\x82\xb8UH<s\xc7\x84\xaa\xed-\xf0\
|\xcc\xb3m/\xb6YzA\x17l\xc7\x02o7<\
@\x8c;\x8eb\xee/\xf1\xcc\xfd9\x8fB\xde\x1c\xbe\
\xc3\xe6\x0c\xcb\x91\xfa2l\x896\xc9&\xe1\xe0\xd6\xb3\
\x84OR\xee\x95\x97[hh\x87\xa4\x97\xde3\xdcj\
\x1bj\x1b8\xb9\x17\xcc\x16\xbe\xbd\xba\xaa\x01\xd3\x0e,\
S{\xc8a\xa6j\xe0\xc6\x00Z\xb3\x5c\xf0\x0d\xf0\x12\
\xdeP\x1b0\xa78\xc0\x9c\xc2w\xa5[\x8bI\x15\xa7\
\xfe\xab\x12\x96vK\x1e\xda\x82\xad0I\xf3\x92\xb9E\
\x90:P\xbaWT\xcd{\x03\x91i\xd0U\xa6aw\
^\xdf\x82{#xc|\xc8\xa8\x9a7\x11%K}\
*\xce\xc8/\xd4G\xe6\x9a2*=g\x82g\xff\xfb\
YT\xf4p\xaa\x5c@\xb3\x14HK\xc0\x8e1\xc0\xef\
'\xb5\x12\xab!$\x95m\x93C\xcdW\x03\x081\xda\
_\xdc\xb2\xa9\x12\xb6\x99\x025\xfb\xe0\xcd8\x81TU\
\x9bU\xd58\xd0\xf4ps\x17~C\x1d/\x8b\x5cB\
\xdb\xe4\x09|5|\x82\xca*\xef?8U%\xfc\xb8\
2mY\xe4\xe4\xbe\xcd]x\xc0\xf8\xb9%]\x89\x06\
l&\xdb}\x90\xeb|\xa1\x08\xda\x05q-\xa9\xa3\xe4\
\xdc\x1dTL\x8e`vr\x8c\xa9\xb8[U3\xc0\xb6\
\x91k\x9b\x8b\xe0g!B\xb7+\xc72\x9f\xc6\x04\xa7\
2N\xf1\xfe\xc9\x1e\x95\x08\xd2\x18ad\x03\x10\x9f\xad\
 kB\xe4\xa9[=V$jb\x9e|\x06\xcd\x88\
\xfb\x17%\x1a\x96\xc9\x0f\xbc$\x927K6\xe83\x09\
\xcb\xcfX\xc89\x02EB>\x12Kc\xcdF\xafI\
\xe63Iu\x85\xed T\xc0V\xa6\xaa`\xb9\x22\xb2\
\x88\xf9y\x97\xb6\xfb\xf5\x88\x91I\x9a\x97\xb6oi\x15\
\x0b,En\x05\xfe\x04\x10\xc7\x969\xdb\xc2\xd5e\xfe\
\xf5\x97\xd6\x9c;X\xfe\xfeVi\x0co\x95)\xe6[\
\xc1\x15\xb5\x09\x1f\xb7X\xa4\xf2\xe0Z_\x86FY\x9b\
\xf0\x07H=d\xa8\xc5\x04!\x9c\xb0\xf2\x15\x8fzM\
\x19\x1f\xbf%\xf3\x0d[d\xf8lA\x18q\xb1([\
Y?\xd8\x0aY1\xa9\xe6\xb2\x06\xe1\xc4\x96P8A\
\xcb\x17\x17~Q\xb0\xae3x\xb8;y\xcb\xcb<\x80\
NL\x86\x17\x04\xa7\xd0\xfe_\xb0M\x0f8RmN\
-\xc5~[\x04g-\xc2i\xe0;y\xfb\xfc\xa8/\
\xa0\xdc(\x9dt*\x17\xdb\xc7\xeb-\x5c(]M\x1d\
\xd9\xbfZ\x80\xd5U\x09\x8e\x041\x15\xbd\x81\x9bi\xf0\
\xecu\xbc-\xf8\xdc\xd7\x0e \x1f^rJQ\xcf\xac\
i0K\xa6\x19e\x0a\x8dS\x91f\x1bp\xd2qM\
NB9J\x1cCfW\x04\xb0\xb7\xd7\xe10\xef\x83\
\xef|V\x02-\x06\xe5\xfaD\x94)\x8b\x0f\xb2\xa5o\
\xce\x13v\x03c\xa3\xd9[\xfa\x8e\xf7\x02\x9f+\xac8\
\xb8\xd5jl\x805\x06\x17\xa8\x90\xcc\x22\xeb\x0b\xe1\x06\
C,\xae\xbcl\xc4-[\xae\xcc\x22\xea/q~\xa1\
<\x5c\xe0\xd9\x8cT\x98\x04&\xc5j\x06\x17\xc8\xe7|\
\xddfip\xdcC\x96\xffu\xb4!][1\x8c\xdd\
b\x1c\xc1\x9b\x84\x84\x06[\x97l\xa0R\xda\x00=e\
\x13\x0aW\x14\xc3\x9cR\x8c+A\x9b [\x94\xa9\x1a\
f,\xe8'\x8d\xd7\x05\x09\x7fe\xb2R\xc4\xe00i\
=\x8aX\xaam,\xabY\xd1/\xc1\x16\x04\xdd\xcai\
-\x0e?\x12\xe4)\xde\x04\x9d\xacf\xf2\xdb\xba\xcc\x83\
\xf5)\x9cca\xe3\x9c)\x88\xec\xcd3\x9b,\xb1S\
\xe5\xf6\xacg\xe3\xd6\xb04\x01*\x9d\xe6\xdb\xe5\xbc\xad\
j\x9d@\xd2\x22IEs\xe4>\x90\xd7\xc0\x8b\x09\xc2\
\xa7r\x7f\xacj\x1d\xb8\xcf\xac\xf4%P\xe0\xb8k\x87\
\x97\xd3\xc6S\xfe\xd5\xaa\xdc.\x13\xa9]\xd9\x82<\x9e\
\x0d\x0c{\xec\xf6\xcd\xdf\x0f\xe2\x95\x04F\x05u\xd9i\
U\x8d\xa6\x14u\x0b<r@\xae~F*U\x09'\
\xa8\xf4\x13\xbe@\xfa\x85+\x17\x0cU\xeb\x00\x0a\x96\x96\
\xfc.\x5c\xdb\xaeh\x1d\xb8i\xfe\xc0m|=\x95\x9b\
E\x8aN\xfd\xea\x0a\x96\x13\xc1\xa3\xd9\xb8\x0e\xda\xe6O\
Oc|\xbf\x1bqv,\xc2\x9e\xb3A\xce\x14_\xc1\
kg]\xef\xdbTj\x0e\x1c9\x07\xb7\x94{\xb40\
X\xdc\xde\xc2/\x16\x0f\xe0H#\xf8e\xed\x1c\x18\x1f\
spl\x01\xde~/\x99H5X\xee\x1fs\xf1\x0c\
s\xa3p\xe4D|\xaa\xaf\xa4ky\x1d\xa4\xda\xdf\x12\
@\x17^'\xce\xff\xde\xfc\x0c;\x8e\xe9U\xf6\xb3F\
\xaes\xa6Si\xc5bv\x05\x8b\xa4\xfa\xd67a\xf1\
\xf3\xde\xe4\xaf\xa5\xd0$b\xfd\x941\xc5\x88h\xb9\xb0\
\x898\xab\x94\xa0\x97\x15b\x06\xb6\x9c\xb9\x95\x9d\x86{\
\x8e\x889\xf9\xc6)O\x1b*\xa6)\x94G\x99\xf6\xba\
\x1d\xf7\x9b29b\xaf\x97\xa8\xf2\xf1\x07+\xde\xcc\x83\
\xec\x9aXU\x9em\xc7\xecr\xf9<\xa8\xc8\xe0\xf3E\
&\xd2l\x97\xee\xcc\x08\x0d3\xf2\x13\x5c\x0ax\xc9\x15\
\xc9\xe9\xe3/\x8b\xda\xf7\xbel\x14n'G\xa25\xbb\
\x18M\xd4\xfe\xe9\xd4\x1d\xc2\x96\xb0\xe3\xa6/e*y\
`m ^U\x15\x87;\xbc\xd0\x8e\xed\xfc\x0e\x05\xdf\
}\x0e\xdee\x86s\x8fS|\xf3\x0b\x96A\xfb\x17\xcd\
FBx@\x88\xfc\x93S zg}\x9fG;\xf3\
\x81:\x1eW\xd8M\x12i\xb0Ir\xec{\xef\xb6v\
\xb6Y;\x1bx\x15\x17\xc2\x8f\x7f\x03\xf3\xfa\xa4Y\xbc\
KqO\xc4W2\xe4\xd6\xc6c\x08~v\x17\xe4x\
\xe1s[\xd2|\xd39\xd6\xe0+a5D\xb9\x13\x02\
h!0)q\x958b\xee\xf0e^\xc2^\xa6\xaf\
s\x86\x85C\x8a\xc8\xa9\xceW\x13\xa6=\xef\x9c5H\
\xdd\x22(\x99}\xce\x8d\x0c\xa9\x0e\x0c\x81\xf9\x9b\x99\xd3\
\x11a\x9e\xd8\x15\xee\xa0h\xd5\xedo?\xf6\xc7\xba9\
F\x5c\x84\x82\xa8\x9f\xdd\xdd_\x13\x19\x90\x09o|\x88\
W\xee\x8d4\xef?k\xcd\xb2H`g\xd4df\xfd\
\xb5\xa5\x19z\x14h\xf4HG+w\xbd\x82?6\x12\
p=c\xdcjK\x85\x9c\xbd\x86[o\xee\x9c\x93-\
jG\xcd\x92D0kE\xe8\xd1;W\x84>v\xe7\
\xcf\xb12\x98\xb5Ju\xa2!`\xc7\xbb8\xa5\xe3B\
\x93\x15\x8e\xf9\x85;\xd8jk\x0e}4\xa8`\xb7\xeb\
\x812\xa1\xc1C\x9dS\xact\x86J\xb3\xa8p.2\
OKr\xd5\xba\x99\xf6o\x0c\xf7\x10\xef\x0d4e/\
\xb4=\xc6I\x06\xfd@\x1e\x9c\x84\xba\x89=\x88\xc8\x84\
\xf0\xa8\x0f\xe9\xdd\xa3\xbb\xc91\x81l\x83\x90\xbdC\xc8\
L/\x09\xf6\x0c~\xd5\xc3\xe0\xb0s\xf7\xf9\xd6\xf4\xe9\
\xd5\x11Cad\xd0\xa7\xb0\x91y}\xecih\xadl\
\x94p\x10\xe6\xf7\xaf\x8c\xcc\x99^\x934\x1a`\xa5\xac\
\x81)\xcd^`/\xa8\x80Z\x09\xae\x9f\x98\xcb\xec\xdd\
i4nN<\xde\x12\x0cQ>\xca\xfdT\x5c)\x0a\
\xe0\xbeY\xe3\x0a\x01\xf96r~\xa3=\xc8\xbd\xbd\xc8\
\xab\x8b\x96\xa2R9\x10\x14_q\xb3\xa8\xc8\x88\xdb\xc2\
\xd3-]\x8a\x1d\xd2M\xd0!v\x13\x10,(\xb7\xcb\
qC\xa9\xe4\xa9:\xa4K\x03yrR\x8a\x12\xd86\
\x0bVY\xb1 \xa8H\x84\x05\xafx\x87|y\xbe\x1a\
\xf4\x13t\x84D\xcd\xfb\xa7NA\x02\x83l\xc4\xad\xc7\
f/\xdb\xb8\xc0~h\xaa!\x98\xe4\xf4\xb0\xb0\x1f\xba\
c\x07\xa5\xa8\x96e'\xcc1c\xac\x82\x1dJ\xb7\xf1\
x\x937*\xc7\xf4d\x5c\xaf)\xb0\xda\x1e\x0f\xe5:\
{8\xcd\x16l.\xb0I\xbd\xcdF)\xa7p\xe7\x16\
\x9d\xaam\x02nwp\x83\x01\x09\xb1\x8c\x87~#)\
\x8f\xbf\x96\x9cu\xeb\xe4\xa2\xb2N\xae\xab\xdf\x84\x9bg\
\x15\xce\xf2\x8c\x86\x5c\xb64m`\xbb#\xd69y\xb9\
\x000A\x0f\xf3\xc9\xa4\xa4Wb\x9b\xbd\x13\x97\xdd3\
\x08d\xfc-\x22\x9d[\x94$\x8c\x0c\x80\x894r:\
=\x1dm\xe3\xab\x09J`;\x92N\xa2\x97N\x0d-\
\xf8\x00\x15\x8f]\xc4D.=vI\xceO-K\xef\
\xb6*\x13QsJ\xb0$\x8e\x0c\xbeF\x98\x91\xbf\x9b\
 \xaac\xa2_@n\xb2\xe4\xd2\xdbG\x8d\xd1\x96\xbc\
\xbad]\x12\xc3)\xe0\x12\xeb\x03\x9d\x81\x97&\x5cR\
\xe1\x96\xab14\xe2M\xec%f\xb6\xbd\xba\x97X\xcc\
\x5c).\xd3\x0f]\xae\xb3D\xb9I&\x84m\x10\xdb\
>U\x9d\x8e\x04_\x9bE\xdc\xcaW\x03N\x84Mr\
5\xd8 \x17\x82\x0d2p\xe1u\xe6\xfa\x19\xf53<\
+\x0e6\x1f\xb9\x0c\xb9\xc7\xe8\x9f6J\x8bh3\xa8\
\xa7 }\x0e:eT\xad\x15HE\x10\x99;[\x94\
\xb0\xad\xebWL\xaa\xe6T\xcd\xc1\xc0n\xdf\x16\x81O\
\x08\xc9\xd92$\xd3YM4$\x93\xa2\xec'yJ\
\xfa\x0b\xec\x91\xaa\x22\xc7\xb77\xcaf\x81\xbd9\x0b7\
\x9bL\xa7\x177\xb8\x9b\xe5Vw\xb3Lv\xdd\x04|\
a\x1b\xa5\x8f\xaaw\xe3)-Lnv\x1b'\xdf\x03\
\xba\xeb\x00\xcf\x04\x9f[6\xb7\x18\x1e\xa9\x08\xee\xae\x08\
qm\xeb%\xf0\xec{\xe9\xbbQ\xb5\xf5\xc2\xb3\xea\x8f\
o\xc8\xdaf\xee!a\x13\xd3F\xe6\x05\x81\xffU\x00\
wz\x0c\xce\x12\x13\xae\x12\xef<\xb5\xf0\xcbZt\xa4\
\x84\xc2,&\xd8_r\xf4\x88\xda<\xdc\xa2\xef!<\
\x85\x05\xc1)\x82\x87\xa1\x05%}\xbc\xc9\x0e\x11\x82\xbe\
\x1a\xf4\xcc\xdc<$m\xe7\x1b\x0bU\xeb\xe0\xc2\x19\xcd\
U\x0b\xaa\x16\xf0\x0eL\xf6\x92)\x06{\xc8\x0e\xe0\xd5\
\xe6\xb2^\x9f\x8f0\xca>\xe2\x04\xbc\xb6\x17\xb2\xca-\
\x003\xdd\x5c \x88.\xb8\xff+\x85w\xbdE\xf8\xa0\
x\xad?{w\x1bq\xf0O\x15%\xa3s\xdd\xfe\xad\
\xb7\xe5\x9c\xf2\xdf\x0ffs\xa7\xa3y\xa0L2\xd8\x0b\
\xa3=\x8d\xa2\xdc,\x98\xe2y/\xe8\xc7\xd5\xb8D\x0d\
4\x17\xccbR\x003V\x01n\xf4\xbe\xe1;\x97\x94\
X^ \xf4\xff\x82\xf3\x82\xd5>=\xe4\x9e\xe7^j\
\xb5\xcf\x08\xdd\xe5\xd6\x00YY\xcaj\x0f\x84\xf0\xdb\xe2\
\x90{\xa9{\x9eu\xe6K\xce\xbd\x9f\x19\x85nc\x97\
\x03\xba\xfe\xfc{\xab\xbdd\xa7?\xc7\x03\xeev\x9e\xb3\
\xfc GA\xc9\x5c\xe6\xd9\x95C$h\xdf'\xe7\x91\
QH\xee\x952\xd3v\xaf\x5c\xb6\xdc^o\xd8\xc2\x88\
\x92l\xc1\x19Y\x92\x86\x80s\xb0\xa5\xa0\xce6\xd7f\
*\xbe47\x1b\xe7\x9ek-^\x1c<\xfex\xeb\xc9\
'\x83\xff\xac\xb4n\xbf=8~\xbc5qbpF\
\x81\xb5\x96\xebnJy\xcd\xee\xce.\xae-(5\xd6\
{w\xe6^\xc9\xc9n\xca0D\xd4\xa6\x92ES\xcd\
\xfeZ\x1bZ\xcb\xac\x0d\xce\x0e\x80\xc5is\xfe\x19\xde\
\xad\xdaE\x0a\xe1\x0b/\x18r\xbf\xc0\xee\xde6K\x9d\
\x93\xad\xd6\x8e\xd0\x1b\x87[\xad\xdbB\xef:?\xb5\xda\
K\x7f\xf0Fnl\xb2\x9d\x9f\x1bY\xef\xbe\x9c!\x19\
{\x17\xb9\xbdyp\xea\x9c9\xc6\xd8\xbb\xac\xa1\xbe[\
\x087wi\x8evyom\xe0\xe6a\x0e\x13\xfb\xc8\
\xa6&\xfb\xc9'\xed\xa5K\xed\xc5\x8b\xed\xc6\xc6\x0cA\
\x0bs\xc9H\xeb\xc8\xa0\x8f\xf3\x1f\x17\xb1\xee\xce,\xae\
\xeb5\xc6P\xd4~\xe4j\x05\x8cs\xa6q\xb1m/\
^\xba\xf4I\xdb~\xd2p\x0fv\x7fb9gg\xaf\
\x11\xee5\x93\xd7V?\xfck\xf7Z-\xe3\xb5/c\
\xb4m\x9d\xa1\x8dn\x8e5f\xec\xf2@\xaf\x8c\xb6w\
\x9d\x11\xbc\xb7\x9c\xeb\x1cj\xf1\xf7Q\x15\xc9`c\x0a\
\x0b\x194%\x9a\xe4\x93OB\xb7j\x15\xf4\xf9*\xc1\
\xdfQL\x98*\x94\x89Ng\x11\xd0 \xb8L\xd9\xe9\
\xfeh\xe5\x0bd\xc0lXu\xab\x8bQ\xda\xd7\x0e\xda\
h5\xbb\x98\x02\x81\xb6\xf2Vi5\xf3\x04c\xe4\xe4\
\x015\x07[\x94\x0a>\xe3Hb?Us\x11\xadn\
\xc3j\x06\x97\xe2\xab\x0ag\x16\x83<\x0a\xf4\xc3\x0b\x22\
<\x95\xd5\x19\x80\x84\x02E\xf4\x0a\xc2P\xfe\x8d\x9e\x01\
\xcdaH\xcd:\x03\x95[y0\x16\xd5\xc9\xa4F\x19\
w\x97\xa5\x94J\x06\xe7\xd3*\xe7\xe0\x87D\x09\xfa\xab\
\xd7K\x87\xe0\xb7`\x90\xac\xf3\x0e\xcc?\xdc\x12\x22\xb5\
\xb2\x85yO~\xf0\xc14\x91[\x1eT\x0a7\xdbU\
\xb6\x00\xe5\x10\x89\xd1e\xc7\x9f\xf8\xb9\xa1\xf4\xbb\xa4?\
+\xdfV\xb2\xb3\xca-\x95\xaf\x5cU\xa6c8\x86\x91\
\xa1\xa4+\xc3\x9cyiB7J?\x97\xf9\x8e\xcc\xdb\
\x03\x22\xea\xb9]\xca.\x88\xe8\xa5\xe9\xf6w\xfb\x19i\
\xd1L\xcf\xd2\xf6\x89\x91\xf0n\xe5\x13\xca5\x9d\x80\x1b\
0\xd4\xdf>\xe8\x91m>2\xc5z\x22\xb0\x83\x86r\
\xfa;\xfd\x8c\xb4p\x09\x02c\xe4c\x03\xc4\xc8\xd7T\
n\xc0\x09\x18\xca\xe5\x17\xcb\x10\x04f\xa14\xdf\x8d\xb3\
\xf79uj\xcf\x9e\xe5\xb3\x13\x0c\xff{@\x89\xb9\xfc\
n\x5c\xde\x9d\x02\xec\x00\xd7q\x0d\xd7HS \xe6\xe2\
\xc3\xd2\xf5\x9e!CL\x85k\xc9\xf6\xcc\x82'\x9c\x07\
\xac\xdb\xddyO\x06/\xccq\xe6\xb9g\x04\xdc\xc1-\
\xee\xe0\xf3\x0cg\x9e\xf32\xff<\xd7\xd9\xdb\x19h\x09\
rE-M;D\xd5j\x94\xa6\x87-f\x81\x00\xb8\
<rx\x12$~\x99@\x0b\x9eJ\x83\xb2Uv\xbe\
V\x99\xca\xc7\xa7D\x1eO\xdd\xa2X\xd7\x18\xf1\xe6\xd9\
\xee@\xab\xc8\xc6T\x11\xc5$\xd9G\x86\x9f\xfb\xc8\xdc\
\xaa\xbe\xde\xef\xe7\x9a\xce\xf5A{\xae\xc8S\x91\xa1\xca\
\x8c\xa2/\xce\xb9s\xbdu\xec\xfa\x00\x08\x96\xc8\xac\xa3\
\x8cSo\x95q/\xef\x16\xec\x22\xd3\xf5\xce_\x84\x13\
\xd1f99e\x14\x9b\xf1\xa6\x8a\xbc9\xff\x10\xe7r\
k~q\x95\x8d\x09\x83\xd5\xd5B\x94\x8bO'\xdeT\
SUg\xd7\xd9\x02<\xa1\x88\xeb\x94r\xb7\xf4\xf0\xb4\
\x0bNcER\x5c\x86\x8e\xec-<j\xe9\x95\xc5\x95\
\x9c\x0cB\x08t\xaa\x95\x89\xc1\xdd\x8bX\x1c\x87\xe75\
\xb1\x0ec\xc2v\x96\x95\x0d\x88\xd7\xe0\xacq\xcc\xeb5\
\x07\xad\x1eSf\xff\x88\x04\x97D\x03N\x81\xfdT\xe4\
\x91b\x88\x9f'\xe7\x992G\xaf\xc5\xe7\x04\xf0\x09\xda\
(\x85\x1a\xbb\xdc\x16Z=\xc5d\xc6t\xb8\xf9\xe9\xd8\
\x90\xdfK\xff\xd57\xd0;\xbe\x84\xa7\xfc\x067\x98E\
BK\xcf+g>l\x03\xd3\xabi\x0b+pp\x8b\
\x883\x0f\x90\x90\xa8\x01\x1c\xdc\x95\x8fI\xce\xfb\xc0\xb3\
zF\xb8=\xaf\x12\x1e\xb1|>\xbe\xf1\xbe(\x83\x8b\
\xb32\x9b\x85\x9bj\x0c\x5c[\xf6\x87\x89:/\x7f\x01\
\xd7\xd8\xc5\x1d\x1c\xac\x8b\xdf\xcb\xbd3\xbb\xe1B\xf41\
\x16A\x1f\x9fV\x06\xab\xd6\x0c8\xcb4|\xc2\xef\xb0\
=&\xdb\x10\x89\xb11\x1e\x93#\x09\xef\xbc^Xh\
bg\xc4\x9d@>\x8e\x07\xd8C\xc2\xa9\xe7\xc3\xcbk\
\x84\xbe\xd0\x88s\xdf\x00If\xdf_\xaei\xaa\xc6Q\
cl\x0f\xc8V\xc4Z\x81,+&\xb3\xf9b)(\
\xca\xb7qf\x19\x8c\xf6\xb2V7U\x95k(qv\
\x95V\x1c\xf2\x11\xbf\x0a\x8f\xa6\xc8\xe5:\xe1.]v\
|?\xa1-\x8b\x84\x14*\xff\x91\xf3;{\xe3\x86\xb1\
\xc3:(7\xc5E\x80\xa5<xK\x9e`\xdc\xc3\xb9\
\xc3\x9b\xd6\xfa:\x97Y1\xbb\xaa\xcaP\x8c\x8b\x09E\
\x0d\x1d\x17\x5c\x14&:\xddf\xd9\xb3l\xee\xe6\xe1\xbe\
\xa8\x80\x84$\xa6\x19\xd23m_B\x03\xef\xaf[\xe4\
\xa4\xc5=\x05\xdfA\xc90m3X\x0a\xdez9\x05\
\xb4\xa2g\xd9\xeb\x03\xe8/1$b\xb8\xaf\xdcc\xf7\
\xf5\xed\xb6\xf3187\x00\x1a\x7f\x90\xca\x1c\x0c\x02\x8d\
\xfc\x00\x99\xc2\x81yg\xf9\xfcG\xdc \xd9SI\xc7\
kH\x81\x9e\x80\x873\x13i\x04\xe72\xb7\x02s\xdf\
\x04\xef\x9f]\xc6o3\x02]\xab\xac\xa4\xac\x84\xf3\xce\
r2\x82\x8dr\x0aQ5\xf0C\x80a\xcf\xdb\x80\xd3\
\x8c}\x81\xd0\xc4\x02\x88N\x9b\x05\x18\xb1f\xe8\x1dr\
\x80w\xc4r\xae\xc6]\xbf\x9d\x1c\xd4\x92\xd7\xf8P\xe3\
C\x8b\x01\xb8\xf2\x84\xf7\xf1\x10\xef4\x0b\xb0\xdf\x0c\x90\
v\xdc\xde\x80T\x86\xbf\xbf\x06\xfc\xf2\xa7\xde3-\xaa\
E\xfaY\x1eT]\xc7^\xca\xbe\xacK|\x8c\x11\xee\
Bh\xa5\xc9\xd0\x1b&\xda\x93lL\x8et\x05\x13\x0a\
\x7fG\xeb$\x14\x1b|\xb5\xebeN\xeb\xd7\x18\xe5\x9c\
\x84\xec\x1a\x9f\xc0\xb3\xfd\x1b\x9e\xf3\xdf2k\xe0\x13\x1c\
Q\x93L|\x91\xecgd\x0fv\x16v*N\x80\xb0\
EFW\xb7J\x9a0\xc6\xc3d/dP\x99\x16\x01\
^\xd8SN\xb4\xaa\xc6\x81\xa3\xc5\xa4\x1e03\xf5\x88\
\x9c\x01\x16\xf9\x01\x90\xf4\xc3&\xe9\xd98\xcf\xf6\x15[\
,\xd6\xfa\xa6\xaa\x96!\x95\xce\x16\xd9\xcf\x95\x8a2C\
)\x94+\xeaj\xbc;\xd8\x9a\xec!\xbc\x86|e\x14\
\xb5\x07\xd0\xd5\xf8\xad\x5cm\x10k\x0b\x00\xaf\xad\x12\xfa\
\xa5j\x0e\xfb\xb6\x15\x19(J\x00\xec\x12\xf2\x03\x80+\
\x12|\xbdx\xf6f\xab\x01M3t\xba\xe6\xf9\x04\x86\
\x0b+P\xc4\xcd\xc1\xf1\xc9suK\xe1\x88\x19\xb6\xe4\
i\xc5\x0d\x8b/\xc7Zt\x7f\x83+Z\xc0\x08Q\xc1\
\x18\x91\x97\x990\xe1\xd3\xe4\xecj\xf0\x131K\xe9\x02\
\x96\xea\xf3\x15Rkz}\x855;L\x5c\xdf\x80\x8b\
Q\xd6\xf6\x00\xa8q\xb8Yp\xf4\xf4\x05\x8e=\x90\xc8\
\x04\xc1\xc1\xc1B\x94N\xd6\x16a'\xdf\x17&)^\
\x0e\x82\x06.&M\xde?\xa8\xc0G\x19\x92\xea.\x08\
\xb2\xa7\x9d\x0bkp%\xef\x9a\x93\xe0\xfae\xe8b\xdb\
\xcc\x81\xbd\x02)\xd5W\xb8\x0a\xd1Q\xd7\xc2\xe7\x96\xc2\
Da\x02\x5cy6\x9c'\x22J\x18\x130\xfc7\xa0\
Mc\xaa*?\xf9\xf6\x0d-\xf9e\xb0\xe8\xf12\xc2\
\xf0q\xf9\x9c\x9a\xd5\xfc\xda\xedk\xe1\xf0\x87\xf5~\xef\
0N\x9dL61)\xca=\x05\x1b4\x07\x82e\x14\
\xf0\x85wH\xd2\xf7#<\xc9\xdea\xa1\xcf\xb77\xac\
,\x9b\xe4|\x0a\x83/ \xd8c|5\xc0\x18\x7f\x03\
Z\xf0\xb0B\xc3\x13\x89*\xc8!{O\x11n.\xf2\
\xfeA\x05?\xfaFvf_M&\xb7f\x5c#\x80\
\xb6\x81\xf0\x81\xe6\xe5\xcd7\xa7/\xc4,\x1c\xd0\xbc\xab\
UP\x0d\xf3\xd1{D\x8a\xb4\xf7L3\xe3\xb8\xf40\
\xc0\xdf\x1f\xca\xac\xd1+\xc5\x96\xcb\xfbY\xbcV\x81\xc2\
\xccw~\xc6\x7f\x16Epd\xa7\x8c`\xb2\xfd\xc1\xd3\
s\xac3?0\xfcP\x7f\x1dx\xf0\x85p\x89\xf9\x9f\
S\x0cIC\x22\x94\x8b\xa5\x82\xa7\xf9\xd8B\xeb\x94\xff\
\x18\xeap\xd0\xbbJ\x09*2\xef\x80\x0f\xce4\x94\xee\
\xad\xfcu*\xc21\x0fMOX?{\xc7P\xce\xba\
Z\x01ac\xfb\xc8\x95\xa3\xc5\xc6\xa5U\x82^[\x81\
\xa4\x81\xad\xe3\xd5/X\xf7<\xea\xa3t\xae\x8db{\
*iD\xb6`\xcdT\xdb\x06o\x9c\x16;OY\xe7\
\x9e|\xd1'?\xb5\x1d\xc3=\xfa`w\xc0\xf3\xf6\x87\
\xeb\xde\xf9\xe9W\xb6\x1brN\xf8\xde\x09\x1a\x97\xb8\x95\
\x96{\xa6s\xf7\xa3\xb6s\x86{\xb7\xc1\x18\xd4*\xad\
\xa9\xac\xe1?eg|\x07\x97\x96\xed\xdb?\xf4\x96\x9a\
\xc9\xe6\xe4/n]\xe8\x8c\x0c\x9e\xe0m<\xaa\x82\x88\
\xb1:\x0c\xf8lX#\x1c\x0aZ\xb7\xa9\xe6'\xcc\xaa\
C\x03\xaey\xa9\xd5v\x11c\x80\xdfh\x09\xa8(L\
\x8f\x9b!2\xe3@\xec\x01V\xb1\xdc\xb0\xb0\x88\xf6\x84\
\x19h \x94\x9e\x85\x96\x9c\xed\xfdK\x82\xcb\xd7\x06\xb7\
\xb5-\x9c\xd7\xf039\x0b\x87\xe4,\x1c\xe2\x97Ac\
\xd36%%~zG\xf0\xbd\x9f\x8c\x8c\x12\x00-\xda\
5\xaf~h\xdb\x0f\x1ff\x97\x1d\xf2\x90\xed\xeb+\x89\
4\x03\x8a\x99\xfauq\xb1\xc1\x0bA\xd9\x07rh\x01\
\xd3\x08{\x07^\xea8\xff\xdb>\xf7L\xa4\xa4\x0c\xec\
\xa02\xb4\x86\x1c\x08\xcb\x84\xf9\xf2\x007\xce\x896\xd1\
\x075\x13\x96\xc2\x99\xb8;q\x91\xb6\x8f;\x99\xcc\xab\
\xc6\xf0\x96~\xce\xb9\xc1\x9f\x0a\xc1\x17\xb3>\xc5\xa4\x04\
\xa2D\xbc\x9c\x0eA\xa5irK\xe9Mde\xd0x\
\x5cM\xb6\x10\x17\xf5/\xe0\xea\x1f\x0a\x14/\x5cw\x0a\
\x1a\xa2\x1b\x80Z\x00VlH\xefj\x0b\xa7\xea\xe1\x05\
\x9a\xf5\xf8\x1e\xfb\xb4\x08\x09`\xd6,\x8d,F\xd7\x22\
(\xd3\xfb\x02\xa3\x06/!\xb0\xc1\xdf.{\xe9\x8d\xe5\
\xb0\x8c\xcfP,\xac\x0d\x10.\xae\xe1\xb8\xd3\x19<\xb7\
\xb6\x12\xba\x0d\xdb\xc1\xb5\x0a*\x0d\xc1\x13\xd4\x0a\x1cs\
\xf6\xc2\x04\xf4\x93:\xd8\x82\xd5\xe1F,$\xad{\x9e\
]\xc2A\x06A\x0c\xfa'\xd3h5`\xa3\xe6J\x7f\
\x14\x1b\xb9?;\xc5B\xe9Nn9\xc3\xce}\xe7\x92\
<\xbc\xac\xf7c\xf0\xdad\x16q\x9b\xdc\x0bm\xf5\x9e\
\x7f\xba=\x1d\xe3V[\xc3\xcd3}\x04W\xa5\xf0\xeb\
b\xdbd\x1e\xc1\xadR6`\x87\x09\xcf}\x18G\x85\
y\x05\x1fzkWZN\xce\xaa\xc2\x92\xdd\x0bUi\
\x18\x1elr\xc2V,\x98\x96\x85\x93\x97_\x9f}\xfb\
d\x91\xf5=3\xf8pY#\x98\xd8sa\xfb\xc8\xcb\
Z\xc0\x05\xd8\x93\xcc\xc3\x95\xa3T\xae\xbf[\xc1\x06b\
e1Fz7\x01vgH@Xg[0\xd3\xb4\
\xb4\xbe\xb4\x1eGU_\xe8\x8d\xcc!\xba\x91?\xd0B\
\x9c\xa1-H\x84\x1c\x08\x11\xb7\x81`\xb7r\x82x>\
\xe5\xd5\x99\xcb\x16Y\xede\xa1\xd19\xed3C#\x86\
Z\xed\xe5\xa1\xdc\x7f8\xa7X\xed\x15\xa1\xd8\xadV{\
$\xd4Tj\xb5W\x86\x9a\x1c\x96b<\xb9\xac\x10\x9e\
\xa4\x08\x9e\xa1\x08CSm\x12\xe5\xe0M\x96\xbe'\xe2\
\x11d\xef\x89\xbc\x9b,\x05}\x07\xbc\xd5~2\xd4\xc0\
j\xb3\xd0\xfa\xed\x03\x8d\xccK\xee\xe8\xf1=\x91\xbdp\
&<I\x11<\x03/\x0b\xe1)&\xd7\x99I\xe1\x01\
f/\xa4\xbe\xbbN&\xf2\xed\xb9?\x85\x97\x0e&\xdc\
\xce\x84\xc3f\x8a\x19\x96\xe7\xad\xb27\xd78\xa8=\x1a\
j\x9aj\xb5\xc7\xa0G\xaeZ\xf3_\xa22v\x15\x82\
hh\x1c\x15<\xd6\xb9\xe5\x7f\xdc!\xed\xc9\x0f\x15\x1b\
JU5\x81\xcb\x82o\xf7\xaf\xd4x9c\x9bP\xe4\
\xba>h\x97\xf9\xf3\xaf\xba\x8bN\x89\xd8U\x99m\x16\
\x04\x22>V!\xfcJQ\xf7p\xe7\x80X\xfa\xb0\xf7\
\xb3\xdaL\x7f\x06\x98\xae\xa6$\x7f\xd8%\x92\xf4N\xdf\
#\xd5\xd8\xe7\x94\x1c\x95`\x9cC\xa0\x97\x8c\x0cp\xba\
4]\x06)\xd9;{x\x96\xfd\xb0\xf1?\x1dn\xf6\
\xe4\xc9\xc5\x86\x8a\xfdE\xb0\x0b\xab4\xd3\xcc\x84\xd3\xf4\
\xf7\x955\xdf\x98\xd9\xc4\xf3\xe3\xcb1\x89\xc0\x15\xcb\x12\
\xda\xc0\xaa&\x95\xc3\xd9\xbe\x8c\x8fsV\xab\x15\xd2{\
\xe9\xcaD\xba\x92(\xf1\xb6FI\xef2*b\xab\xe2\
\xb4\xe9\x85\x86\xe7\xf1\xbf7d\xf6\x11\xd45\xdc\xde\x10\
\xb5\x08\xcaX\xb6\x8b\x0c\xf1\xfb\xd9{\xfb\x9fM*\xc3\
\xdd_[\x1b\x836f\xd0\x00Vf\x00H\xcd\xcb\x1d\
\x93\xaa\xc1\xae\x11\x8a\x8c/L\xee\x0eL\xe1\x09\xf6\x10\
0\x14\x9b\x7f\xca\xa1\x08\xb9\xd2\x15\xa7j}aZ\x06\
?\xb1\x04\x06\xa9\x1a\x10y\xae\x87\xfd\x9eg\x89\xb2\xd9\
\xbcL\x92#\xef(\x18*;\x5c\xfaH\xe5\xdf\xf8x\
\x0e\x0di\x03\x1b\x92\xce\x81\xbf\xc6\xc2\xd7\xac\x0b\xd2\x80\
\xa3\xd9/\xe3\xd0\x03t\x99+\xa2\x09\xf7\xa0\xe9\x94\xd5\
ZsfJ\xc1N\x9a\x92\xc6B\x07\xef\xfd\xbd\x01\xd0\
\x96\x06r\xd7:\x06\x1f\xa3?\xc2T-\xfc\xb5\xde\x08\
\x8c\xa8\xd4j\xb3\xee\x11\x9f\x9e(gr\xe0D\xd3\x9a\
\x8c\x83\xaa\x9a.S\xf6u\xb9\xcf\xf6\xd50\xb1\xbbZ\
\xf8\xf9;\x11,\x11\xf5\xe9o\xcd\x9dbp\x89\x9c*\
x\x7f\xd1r\xf3\x81\xeb\xc5\x22\xb1Q.\x0a\x1b!\x96\
\xd2\x1b\x8b\xa6\x18\x8d\x85\xad\x90\x98\xccK\x17\x1d`\xca\
\x06\x98+\xe0ar^`_<\xf0\x9c\x11MV\x81\
\xd7'\xc1)9\xe6.0\xd2P\xbb\xde\x9a\x9bN\x17\
\xa1\xcb`\xa7.C\x9c\xbeZX\x04\xde4\x99s\xab\
\xf9\xb2oS<YL\x11V\xd6\xdd'v\xc69\x88\
\xfaM\xa8d:\xb3\xb1\xd6\x8a\x06\xc1\xd4\x89\xb32\xc5\
\xd3\xc4\xa3f<h\xfb\xe5\xa9s\x04\x8b\xd1\xce\xb5 \
%\x09\xa2T\xf8\xdc1g\x08D\x1dY\x92\xae\x93s\
\x8dU\xbf\xa4\xa8\xa9d\xbc\xa1&\xf7\x1a%\xa8Tn\
\xba\xe7>h\x95,-*\xa8\x9f\xc0}\x04\xc9\x9a4\
\x98\x0csW\xfd\xc2\xdaab\xb2\x9f\xde\x123\xcf5\
\x99$\xe4\xab\xe1\x0f\xe3\xbe\xcc\xdb\xaa8\x1f\xc6\xf1\xb9\
\xb8\xc9\x81\xa9.\x04\xced^\xf6C\xff\xe8\x5c\xdb\x9c\
+\x88`\x5c<\xa8T\x94\x1c\xf6\xe7\x9d\xba\x08a^\
=\xd0\xa6\x12\xd8s\x84\xdeK\xfb\x8c\xc0\xe1i\x19\xc1\
p\xeeF\x9cG\xbd\xfd_\x11\xdcO\x11\xde\xd5\xf7\xd2\
\xaf\xe8\x972\xfa\x1e\xe3\x1bE\xb0}.\x12.O\x91\
#\xcf\xceXh\xf2\xc5\x7f\xc7\xa6\x00\xfaH\x99\xe5\x14\
\x91\xfaD\xcdf\xd9#FZ\xc29\xe7\xbd\x17K\xa0\
J3\xe7Hr?\xe7\x97\xe8\xbe\xaa\x861\xe7Jh\
\xb1J\x91\x1f\x0f\xa8\xefmx\x22\xb3h\x8a\x11\x11y\
\xcbL\x83\xab\xdc\x9c\xe7\xcd\x03|\xa0o\x940\xf4\x8c\
y\xe0\x07\xdd\x07\xcc\xc5'\xea/m:\xf6\xc5\xbc\xe7\
\x8cx2\x06]6\xc2\xbbk\xd1\x02#M\xcd1\xdc\
\x1c\xaf\xf4q\xcbH\xf6\xd9\xfc4\xca\x0eU\x83\xe5@\
\xaek\xdb|\xc8eLd\xe7\x09\xa3\x92=\xa8\xec>\
\xe1\xf3c\x9c\x7f\x09\xc5L\xbf[\x0d\x09'g\x8c\xc5\
)\x13+\xd2(r\xbd\xcb6,\x9d[`\xb8\x17\x16\
[\xca\xfc\xae\xc0E\xdbe^\x88\xd2%s\x9b\x8cO\
\xf9\xee\xc6\x09;/[=Z\x99\x9e\x0fdux)\
\xc2\x81\x0a\x82,\x11\x5c\xc8\xcdvG-V*(\xdc\
\x80\x06K\xec\xfc{\xb68\xf7\xd6\x0b\x90-'\x1bS\
\x1c5\x9b$\xdcH\x87\xe9\xa9\xfb\xe5\x9e\x0d\xc4\x90\x80\
\x84\xac\x08\xf4\xd4J0\x9b\xc6Yc\x03\xb6\xa0\xe0k\
\x112\xd4\xbbV_\xee\x89\x1a\xaf\x5c\x1f\x86\xbb\xc3\xac\
5\xb2\xcdw\xd7\xeev\xac\x9b\x13t\x86m\xb0\xdc~\
\xc1]\x91\xfa\xa5\xf5\x06 \xebU\xa3\x82=\xc6Lh\
\xb1\x99\xe2\xed\x14\x93z\x1b)C\xfa\x09\x93\xa9]\x82\
=\xbcgj\xb0\xcdU\x01!\x02\x0d;\x01\x17\x84\xfe\
:\x00\xf4\xd2!d\x11Y\x83%\xed\xa4\x8d\x1e?\xaf\
\x95\xc0M\xce\x9d\xe5\x82%H\x0a\x12{\xa7\x14\x02\xb4\
\xe9\xd4\xa1\xa6;\xf2\x0akt\xaf\x9c\x05i\x08\xcc\x9e\
 \x02E\x8a]V\xe4\xce\x10\xe2\xd8&1QC\xb2\
gr\xcb]\xe3\xe4\xaa\xb5i\xa5S\xb9\xbb\xa7\x8d4\
\xc1\x1d\xe0\x99\x17\xfe\xd2\xaaJ\xdb=\xd8\xf8\x81{\x12\
\xcb%\x91c\xd5\xb4\x9d\x83\xab\x18\xd9\xac\xf2~v\xa0\
\x81\x87\x92<?\xcedP\x90\xd3\xabQ\xdd\xbb\x09\xc4\
\x1c\xeaF$R\x8c\xca\xb5\xba\xbb\xeb\xa9\xbb\x81\x1f:\
\xe1\xde\x89\xa2;C\x82~:\xbb\x0e\x01.\x05\x92\xe3\
\x1f\x7f-@je\x80\x84(C\x81\xcd-\x17\xb4X\
\x00\xf6\xcd\xde\x02Wz\xe7\xc1\xf4&M\x09r\xd2\x0e\
9B:\xf0]D\xd1D\x07`\xe4\xd9\xbdk\xd2\xa6\
\xde\xe9\xcc{\x86\xc0 \xe7\x17!w\xb0\x13\xb6\xecI\
\x10\xe6\x98\x0c!\x8f)\xa2d,X\xdb\xd73\xd2k\
\x16/\xe6\xe5\xc3 c\xb1\xd0\x9e\xcdL8o\xb3\xd5\
\x00\xa6\x08/\xebX\xe6U\x08\xd2{\xbc\xb2z\x16\x07\
\xe5\x99\xfc\x7f\x95`\x0c\x967\x947\x94\xd5\x95$K\
\x92\xc5\xd5\x8c\xa2\xac\xb8\x9a\xd5\xcb\xea\xd8\xe7\xfc\x88\xb4\
\x1fU\xcf\xf2\x9f\xb1\xae\xce\x7f5~\xfd\xd9\xf6${\
2\xdc\xd3\x14\xb8\xbf)\x18\xdb^\x0f\x9e\x8dp\xb3\xef\
\xc3)p\xd8d{\x92\xf7\xe8\x079\xcb-e\xea\xc6\
\xd0^\xce\xb4\x92\xc5v\x9b\x7f+7\xc87\x8f\x91V\
\x04\x7f\xff\xdd\x91\xa7\x0a\xfb\xc7\x9b\x08G\x15\xf6\xec\xf8\
\xe1\xc1\xde\x0d\xc9y\xbd\xeb?k\x82v\x83\xb2z\xba\
\xb7\x89\x1c\xbcr\x897A\xad\x0c\xf4\xc4\xc65\xc7\xfc\
6\xe0\xdf\xa0s\xdfD8%Ti\xe5\xbeL\x97c\
T\x07\xe2T6F\x8b\xe7\x19k\xdc~VA\xb0D\
D\x19\xf5t\x9a5\x94\x0d\xf0L\x91\x0a\xbb\xc2\x16\x02\
\xaf<^\xda&\x1d\xcd\x0e\x1eZbgs\x1e3\x9b\
\x13y\xa3N\xf2\x99P\xe9\x9b\xd1\xfd\xf4\xe1\x08V\xd3\
E\xc4K\x94\xa6\xa4e\x09\xa6;\xb4\xf9Mt*\xaa\
\xf2\x9e\x9d\xdf\xec\xe9\x05\xcc\x17\x5cb%k\xed{\x0d\
\xbf\x14Y\xab\x9c\xea\x1cp\x01\xf1\xb2\x15:S1)\
O\xaaX~\x04'V$6\xcdc\x94\x86|zV\
j\x22>6a1/a\xd0\x18C\xc7\xb2s\x8b\xce\
c\xee\xee\x0b\xf4\xe4\xfcfy9b\x9f\xf8n\x0c6\
\xc3\xbcl\x95\xd3)\xca\x1fx\x93\xd6\xa2$\xba \xc5\
\x0c\x8f\x89\xde5v\x8d\x8d\xae\xdb\x8c\x97\x19\x90\xc9\x92\
&\x0e\x82\x06\x9b\x19\x9af^Wdc\xf6\xe75w\
\xd7\x89{r^\xb3Gw\x9c\xfb\x8a7%G\xfd\x8b\
?\x9f\x92\xe5iU\x8d\xbb5\xd2\xa6\xe4\x93\x82It\
\xfe\x04\x00\xa1\x1f\x10\x16\xd8\x17\xc1\xfff\xf2q.\xb8\
\xc3\xca\xfe\xf7@{\xadKs\x9b\x9f\xa3\xf8\x01\xa3\xd7\
Ou|0)\xb4\xa1!QE\x82pF\x7fj\xc5\
\x8e\x09\x14\xc6\xeco\xd2\x1c\x1f\x9d\xe2\xf6P6[:\
\xe3t\xb9\x89\xd0\xc3\xc8j`\xce\x9a7\xeb\x01\x9f|\
\x0bn\x14:$\xb1]\x87$\xb6\xeb\x90\x09\x0c\x1dR\
,\x80\xdd\xde\xa8A\xffE\xdbz\xed\xa2N\x85\x84z\
=i\x1b\xfb\x98\xa6\x981f\x90-\x12(\x90P0\
\xe6\xfdS,|H\x8bP^%\xecz*5\xcc(\
\xe8\xb8\xb0\xc6\x8cTa\x92ZL0\xd7\xb2;\x5c\x8e\
I\xd2|*\xf0V\xb2H\x19L\x11%p\xa6\x0a\x06\
\x88\xc9\x17J\x88\x83Q\xfd\xab\x06>m\x80#\xea\xe0\
\xe8Y\x10\x8d\x9b\x1bA\xc4\xb97*\x9e\xc0G\xfa\x09\
,\xd4\xac|\x02\x1bk\x7f\x1cYs\x13\xb3 \x8e\xc5\
S\x97\x1a\xe0\xb5\xd70\x10H\x0a\xe5\x85\x9d\xc1\xa8\xf6\
U\x01\x9f\xf2\xbc\xa32\xc1<\x0ca\xdc\x8dB\x13m\
\xacbR\xe8d\xa2F0(\x221\xa3\x1c\xdb\xad\x8d\
\xc7\x0a\xc5^\x8b\x81\xcf\xca}\x0c\xb1-\xdc\x89\x1b\xab\
\x8aU\xa1K\x95\x82\x83\x8e\xb5\x9b\xfdRA\xdc\x1ee\
t\xff\x06\xb6\x0b\xba\x1eH\x1d2\xef\x8e\x09\xd4\xd8v\
\xc1\x92\xc8\x18}\xba=\xef\xeb\x85\x97\x06w\xf6Z[\
\xf2|\xd4\xbfwW\x192;)\xdc\xbc\x93\x9b]U\
\x105.:\xc5\x9aSh\xc4\xc5\x02\x10\x16\xe0\xf8\x1c\
\x983x\xa9C\x1f\xc4\x85U\xe8\xb3\xf3u\x17\xcf\x08\
x\x9c\x98(\x03\x92&\xd3`\x9e\xb6\xdar#}\xb1\
\x0d\xa7\x04\x99\x93\xcc\x06\xd9\xce\x89\x17\xc2)\x95\x8af\
\xc6\xab\x8c\xa4 1\x087K\xa2\x91<[\x94A\xe9\
\x83\x17\xf2:\x9c\x82KW\xb1{\x98\x7fr\xe4\xb8\x13\
\xb5\x04\xa7\xe5USmm\xd2\x10\xfa\xdc\x01\xa4\x0b\x86\
\xa7\xa9\x92\xa5`\xe7L_.\xa3\xbcux\xd3\xe6\xc0\
\x8c\xc4KN\xa8\x1c\xf6\x05\xe4\xcc\xd9\x0f\xdaw\xf1H\
u\xb9\x88\xf1\x03\x8c\xac\x13\xf2-;\x11__\x95\xb1\
\x00\xc5\xb1)\x89\x9a\x80\xbas\xd5\xe6\xf9g\xa1\x99\xe5\
\x86\xdfDkE\xe6\x80R\xf8E)\xfe\xce\xe1\xee\xfd\
|\xce\x99e\xc6\xaa\x8c\x9e\xb0Y\x98\xb1\x18\xa3dT\
\x5c\xda\xdbR\xa9R\xb8\xcbR\x01d\xe4\xdb\xf4\x94\xb2\
)\xcd\x99\xc9\xb4\xb9\x99;\xe4\x05V\xb3\xcbVC\xb2\
Zv &T\xda7^\xaf,\x13\x1c\x9d\x14\x1f3\
\xa1\x22\xf6Lib\x925!2\x19\xc6\xf24\xf4\xb9\
~\xe7\xcbfJ1\x10\xb4\xe0;|O\x8eA\xce\xe8\
\xc5\x9a\xf2ste\x8d\xcf\xd0\xb9B=\x1eEd\xe3\
\xab!\xc4 \xe1m;\xaa\x03\x8cVM\x97)\x8c*\
\xbd\xd2\xc7\xa8\xc3\xe3o)?\x9b\x9b\x01*\xa8\xf0\xcd\
\xbe2\x1e7XF\xf7\x8f\x90\xfc\xa5\x83\xd9\xad|\x87\
N\xb7i0\xf3M\x86%qB\xc2L\x06\xe1\xf0\x86\
h\xbd\x0c\x9c*TaP\xbe\x1015\xd6qM\x1e\
\xce\x8e\xbd\x19\xac\xfb-\xd0/\x95\xfd\xcbsR\xf2\xf2\
#\xe8l\x12\xb1\xeeh\xa9\x90\xa0b\xfa=\xc1\xc2\xf1\
\x16d\x1fa\xd4lH\x8b\xe0\xe0\x1d\x22I\xc9|5\
\xe84\xf0-\x0e\xde:|\xca\xa0\xf4Q0\xd6 \xb3\
>\x8a\x19\xc4~\xe6_*9\x86T\x8dS\xe8KM\
\x83mJ @\xd1\xeb\x82%\xb2C\x1e\xe4\x94\xdf-\
h\x07K\x04O\xac\x0c!m\x85\xf1\xf8%6\xdf$\
\xfc\xf4+X\x18D)\xae\xf0\x95\x0c\x01oe-\x15\
\x85n\x185\xa31\xc3O\x17\xbb\x8d\xd3\xb7\xe5wy\
\x1a*\x19\x94\x81@|\xbb\x22j\x908\x7f\xa4\xec\xcd\
\xef\x8e\xe4X\x91\xe4ra\x00\xb3\x1a\xd5\xa6\x84\xaf\xd6\
{\x92\x06\xbe\x0e\xbc\xf4wK\xe56*\x883\xcf\xdf\
\x0bJ[H\xf1\x9a\x8b>\xcf\xa8 5i1\xab\x1a\
e\xd0T>\x88!'\x8c]e\x1a|0\xcd6'\
F\x0d\xa5\xd2\x09\xc7\xd6)\x0c\xb8\xbf\xe6]\xa5&\xc1\
W\x02\x16\xa0\xb9\xc2\x12\xd98\x1fa\xc3\xde\xe9\xf7\x8d\
v\x8a\xb4.\xd6\xa21\x98GxYUY\x0d-Z\
\x8d\xed\xaaK\xd2<]\xe4\x01W\x05\xf0f4\xa1\xe6\
\x89k\x0d8\xf2-X.,\xa0QV4\xae\xf0I\
\x14\xea\x1182\x8a:\xa0J\xc9k\x1b\x9eZ\xf1\x18\
j\xc8\xda\x17\xaf\x8aW\x09\x02\xe3\x96\xbc*\xc9N\x00\
\x07\xb6\xe4)\xd6\xed\xb8\x8f\x94KF\x9a\x19c=\x06\
D\xf9O\x1cI\xdd\xec}\x16\x9f$\xf2\xecd\x8f\x01\
\xee\xcb+WY\x89\xb9\xc9\x06\xf0G\x01\xb8\xb6\xaf\xf7\
\x5c\xb3A\x17\xad/<\x83\xf7iY]y\xb2$Q\
\x14\xc7\x93S~\xca|\xf5.\x97D\x1e\x869u>\
\xb7\xf20#c\xab\xc0\xd5B\xef\xe7?{Of\xc7\
\x7f\x85\x0a\x9a|Re=h\xbc_A\x93S!\x09\
\x16\xfaL\xa2$\xb1\xf0Dl\xd3\xad\x0e\x88\xa5\xc8\x17\
\xc1\xcc a\xe2\x14Mbj\x97\x99\xa6K\xf1\x9b}\
%\xecc\xb0\x1c,G \xe1/\x9fT%\x0b\xcb|\
x\x8b\x0f\xc3\xa4\xba$\xc1E@\xf0\x17\xbc_\xb0}\
\xf9\x9ay\x96?\xc5\xaeUrU\x94\xa1\x80\xba\x9c*\
\xfdH\xbf\x0e\xc9\x97%\xe0\x80%p\xbf\xe514>\
\xb7K\x1f\xc5\x10\xb8\xd4\x10\xb0s\x87\x08\x02>\xb8v\
\x0c9jD\xc62\x8f\xcd7\xe0\x02\xa5\xf4\x06\x99\xe5\
q\xdfhK\xccO\xeb 0\xc2\xc6\xc0\xd7\xd2\xa0P\
\xb5\xf5\x90~\x12\xe6\xa8\xfcr?\xa3\x86\xdb\x92W\xce\
Sp+q\xd8u2f\x1d~\xab\x1bp^\x9a\x8c\
k\xe4\x17\xb2EX^\x9bS\x15\xc0\xa9e\x7f\xb9\xee\
\xed\x83\xbfx\x18\x1f(\x17\xcf8\xbb\xd2\xa7\xae\x02W\
M*\xd4\x9a\x10\x84\x5c\x0f\x06d\x0b\xde9_xU\
m\x9dP\xaf\x81'\xf6\xe6\x8e\x93\x9c\xc9\xd6\xb8\xe5\xc1\
\x9d\xf2Av\xd1(\xeb!,j\xec\xd8\x1f\xcfK\xbf\
|l\xaf\x80b\xe9l\x83xPw\xf4\x92\xcb\x97\x05\
z\xc3L\xd8+\x1e\xc7\xd1\xee`\xabuHh\x85s\
\xb3uR\xc8\x1d\xec\x86\xadv\x1d\xe2\xf1OXm\xe3\
BC\x87\xb3H\xccz\xa5\x9f\x80}\xbfH\x94!\xec\
\xaas`>\x9a#\xf2R\x8aI\xc5|\xbeq;\xec\
\xc7#\x92\xdb\x14D<#e\xecR<\x82\xda_r\
\xb1\xa9\x1a\xe4(\xf7\x0b\xa7j\xa1\xd7\xf3\xb2z;\x19\
\xc0\x96-F\x0c\xc5\xcb\x8ay\xa5\x00\xf2(E\xa8\xc7\
f\x1e2\x13r\x12A)'\x11\x14\xf4Y<\xae\xfb\
\xbd\xa4\x0e\x93UL\xe0u\x8bI\x118\xeaxY\x0c\
\xac$ep\x16^F\xe0<\x88{\xccu^v\xc2\
V8\xe4\x86\x87Z\xc7\x05\xfc\xcel u\x84t\xca\
>\x02\x8e\xf7f\x95\xb1,\xc7%\x81HR\xf8\xbb\x14\
\x1a\x96m\xce\xfb\x06\xdc\xbd\x9a\xacXPd>u*\
znF\x8e\xeb\x0c*\x0c\xb8\x83\x97Yv\x12\xb7i\
\x01\xc9r\x01?\x1fT\xe0\xfd~\xb9\x05\x09\xcf\xb0E\
\xd3\x98\xe6\xa4\xd3\xd7\xfb\x15Y\x86\x02\x19>\x03\xc6\xfb\
u2i~Y\x10\xf8\xe5r\x9e\xaa7\x9bA\x8fY\
\xb6\xdd\x10 \x81\x0e\xe6.w\x16Y#J\x82=\x22\
\x13b\x1e\x8d\xf2\x0cr\xef\x0aQ\xe6\xe0\x86%\x195\
\xcb\x83\xa8b\x93\xb6,) \x8e\x02+\xb1\xadB\xc2\
VvH:\xd3\xa6\xf4!\xe1\x0f\xec\x84Y\xb3\xa4i\
L\xef0\xa2\xdc=\x92\xdd\xf0_\x1b\xc8v\xa64K\
\x9b\xea\x83v\x9d\xc2\x91w\x8f2\xf718\x95\xae\x0e\
d\xad\x057\xbawZp\x8d#\xacU\xcbG\x05\xc7\
\x8c\xb3\xb2\x0e\xea\x1f\x1b\xec\xb1h\xb5\x10\xa3P`9\
lVl\xf0\xaf2\xe0\x08x\xb7\x92w\x8dS\xc3\xc2\
s:\x97\x15X\x0d\xde0s\xc2\xf5\xf5\x01\xbb\x0e\x89\
\xba\x02\x22\xb9>\x93\xb2+\xd0\x22\xccs\xb31P\xa7\
\x86\x09n%2 \xc6\xed\xb2\xe3\xb5\x85\x9b\xbd^|\
]\x83\x15c\xc4Q1Fa\x1cK{\x97\xcb\xeb\x83\
;\xd5\xbbss\xc6XC{\x06\x99\xafw\xc2\xa5=\
\xa3\xecr\x86\xb9\xb9V}\xcf \xf0k{\xd8\x07\x03\
\xb9+\xbc\xe5ee\xf6,\xc5#\xea\x83\xe2\x86P\x98\
\xb7\x9b\xc7\x16\x8d\xe2=DiA}\xf6\xaf\x7fh\x0f\
d\x04\x07\xf7\x0eS\xb3\xa2`BE\xc0\x8et\xe1#\
\xcd($\x1f)w\xf9\xa8\xedh\xfa\xe4\xa5\xf9e!\
l\xe6n(\x8f\x0b[\x13\xa3l5\xa2\xecDd\x91\
\x9d\x84)\xa8N\xbd\xb7\xee\xdf\xaax\xe7^\xdfiX\
\xdd++\xc4\x5c1\xdcZ5\xd6\x1b\xff9\xc7fM\
\x1d\x9e\xb5\xc2\xfbWY\xcf\xa2YO\xa1N\xf81+\
V\x18\x14\xfbe\xce\xab\xc6u%\xf2\xba\x14<\x0d\x01\
\x06r\xe9\xb8\x9e-_=\x1c\xb9Nx\xb7\x8e\xc1\xb1\
0\xd3\xed\xfa\xf8j\xde.\xe6\x84\xbb-\xc5\xe1\xe7\xbd\
\x99x\x9c+!\x885\xabq\xa7\xaa\xc3f\xe9\xd8\xe0\
E\x13v\xadd\xac:Q\xbd\x9bS\xbaS2e\xb1\
\xa1\x97\xd9\xff|\x95-\xb5\x86:9k\x03K\xdc\x1c\
\xab\xd4\xc9\xa9\x0f\xf4\xca&\x1e\xda\xbb\xcc\x8c\x5c\xe7j\
\xe7\x10\xab\xdd\x0e\x1d~\xa9\xd5\x1b\xf4Kop=\xb6\
_T\xb3S\xb1\xb5\xb02\xee\x17\x00\x80xCP\xb2\
\xcd\xa52\xc7\x89\xf7I\x0c\xbe\x8d\xc2a\x9a\xa2#\xdf\
\x9e~V\xa5\xb6\xc8-'\xb3`\x8d\xd5^\x15\x1a^\
`\xb56\x85d\x13\xb8\xb9s\xd9\xa7\xbf\x1af\x09\xa2\
\x9e\x8e<1\xe3\xca$\x98\xbc|\xae>\x05\x97\x94\xa4\
\x1cQ\xc5}&y\xce\x84\xf3Q*;\x18R\xaf&\
G\xe6\x95\xfc`\xb0T\x09\x9a\xf2\xa3\xc2\x04\xa1\xf9\x81\
\xfc\x9e\xa2B\x8e\x5c\xf8\xb0\x18\x01\xc0\xd5V\xdb\xf3\xa1\
\x82\x02\xabm\x05+\xdb\xe3\xa1\xc2B\xab\xf5\x06V\xe7\
\xa5\x13\xc4o\xbd\xcf\xdb\x1e\x095z\x9f\x04B\x0d\xf5\
V{u\xa8\xb1\xc9jO\x84\x9a\x9a\xac\xd6+X\x19\
\xdb!\x87}L\xac\x97\x19\xa9\x0d\xfeyzgC\xab\
W#b\x97\x13yZf\x06\xa3khL{(\xaf\
\x1c\xca4\x13~\x1fzl\x09k\x8b\xc6F\xd6:\xde\
\x17^\x8bxe\xb6&io\xec\xd1]Z\x96j\xa1\
\xe6*miy\x19,?dG\x80b\xf6\xb2n\x08\
\x8d\x1aj-\xee\xe6\x1d\x1e\xae6\xd4\xf6d \x0dG\
\x22\x9f\x90 l\xf7\xd5ry\xca[^\xe3\x8c\xae4\
\x8aBv\x86\xa5\xadT\xc5\xab\x84v\x1ej\xc6q\xd3\
\x97\xd1z\x22\x1bm<CD\xa4{E\x19\x92\xea\xa6\
\x89\x84\x0b7\xbf\x8b\x84/\xd6\xf2\x85\x1a\x1e\x9e\x22!\
\x82|^\xb3&\xa2\xe2n\xa8\xcc\xf6b\x0df\xfa\xda\
-C\x90$\xa3\xa1\xf9|S\xc9\xb2$\x88T\x81\x14\
\x06\x13\xb0\x82\xca\xdb7qv\x8a\xa6y\xe9\xbd\x1e\x14\
\x8f\xc5\xc5x\x08\xfbNm\xfa\xae\x22\x84\xd1\xf2\xfdI\
@\xe2x\x95p\xa3rv\xbc\x9b\x8a\xedp\x90Dm\
\xb9\xcc\xe1L\x11\x15\x14\x8a\xb2E}\xdd\xb3ED\xbb\
\x1b\xf05\xf5\x91\xfe\xd0>L\xf5A<\x0fx<\x04\
\xea!\xe3\x8e\xf0.\xd3\xe5\x03\xe3\xfe\x0d\xac\xaf\x95}\
?O\xa5'$Q)\xc9Ep\xa0\x99\xaa*B1\
R\x0c\x11D\xc3j\xfd\xd6\xa3\x10f\x16W\xa6\xb2\x7f\
\x92\xb0\xa0F\xaeO\x1a\x92z\xb6\x05U\x10\xb1\xacJ\
3#U\xb8\xc4\xafC\x16\xb73$N\x92I#m\
U\xea\x22\xe4A\xa5M\xa0)\xf3\x14k\xd5\xa8\x1d,\
\xf6\xfef\xb2^\xdc\x9d\x08\x09t\x19\x5c~|\x11>\
z\x8a\x13\xcf\x88Uj[\x8b\xb2P\xd4\x84%d0\
$+\xabl\xfb\xed2\xb8!\xad\x96\x8ce:\x9e}\
\xc7\xc4N\xc2\xbb\x0b\xdb1b\x80I\xf0]\xc1=6\
\xc8n\x99a\xc7\xf8{iTE\xeal.\x17lG\
w\xe8\xddP\x83l\xd7\x1d\x13\xe3\xfcT\xe2\x07\x88/\
z\x96'd\x03\xd9\x18S\xa3\x0c_A\xd4Tzv\
b\xe0{\x9f\xd6\xf9\xf7Q\x98\x06\xd8%\xd9,V\xdd\
5\xcf\x94\xef\x10\xfc\x81\xa7(\xce]8\x8fqRh\
\x16\x00\xf2\xb6\xe7f,*b\x96\xc5\xc4\xfb[\xc8M\
n\x97\xebHv\xef\x9b\xc7\xffd\xbf\xf7\x093\xa6/\
\xd2a\xdf\xa6\x86\xc1&y\xdfV\xa1G*\xdf\xd9\x16\
$iDDM\xbfT\xf3\xb4\x86i\x0d\x18\x8d\x0e\x08\
.:n\x1b\xf8j\xd8\xb4\x85\xb0\x95)\xc4\x0d\xcd\xf7\
-\x0c\x8e\x00\xf4[\x9b\x84G\x93\xd5\x8a\x95\xba\xf1T\
\x93\xff\x0fIv8\xa3\xd77\x18\x14\x1ci\xb5]\x11\
rs^\xb4b\xeeM\x01[%\x9d\xcd\xf4o+\x82\
>\xfa\xe4|I\x9f,\x00\xfb<\x1d\x83\xbf\xa8\xaey\
\x08\x98\xa1\xa0R\x22\x9c\xcb\x82~\x9f\x0bt\x96\x80L\
]5\xa4)gH\x03;G&\xde3s\xb5>(\
8(9\x1a5,\xc2\xf1\x86\xda\x9aa\xb4\x1d\xcd\x03\
\xa1Wg\xba\xe1{\x0c\x85I\x02\xe5A\xcc\x16PA\
zQ\x8b\x96\x8b\x0d%\xe3\xa7:\x91\x998\x03D\x96\
\x0f\xe9\x1fn\x9e\xe5\xfd\x83\x0a~\xc4\xe9\x19y\xd9?\
\xcc]\x9c\xb3\x8ag\x15c^\xd0Fh\xf5\xf5\xb0\xd2\
\xac\x17\x1eP\xf6i\xb1\xf7\x0f*\xf8\xd1z>\x80\xf9\
\x91\x1b\x91;\xc8;\xcf,t\x9a\xf6\x07\xf4\x91w\x1d\
\xf3\xb4\x9c^m\xef\xd7\xf6jO\x95\xb5\x88X\x9a7\
f\xe7\xce\x00\xd6\xffn\xb6Z\x87\x85\xc6\x8d\xb60\x0b\
\x87;@\x9cps\xed\xcc\xda\x99~*\xce\x904\x94\
E\xad^`\x8c\xba\xebr\xde\xd7\xb6/]>KT\
\xf9.S'EZQ\xc9p\xcb\x89\x84nr\xae\xb0\
\x9c0c&3\xe5\xda\x15L\xa1F$\x0e\x1f\xb5?\
\x97n\xeb\xd6\x16\x81\xf1+\x0d*\x95Z\x10\xb5\x13\xb8\
|\xe9x\x145F\x01'\x93\x09X\x8ft/\xebE\
\x0a\xdcf\xe8T\x00\x7f\xc9Q\xd1\x08A6\x0e\xb7!\
X\xe8\x00\x12xSPz0 j\x90#\xfd\x189\
>\xbfj\x0a\x13\x94$\x90t\xee}V\xafR\x5c\xf8\
3\xfd\x88iC\x97\xf5:\xc9\xc5\xa9\xb4\x9cWB\xb7\
\xfe\xc2\xf2\x89\xb3\x82\x81\xcd\xa3Im,(3\xe65\
CE+bj%K\x88\x92\xdf'\x90\x0ah`\xde\
h\xeaN\xc3\xe2\x1dm\x17\x142\x08\xba\x0d\xf3\x95\x8a\
\xe3\x0d\xcd\xa7\xaf5\x98\xd1\xe9\xd3\x18\x97\x9e\x15\xe9\x8b\
\xc2o\xa4\xb4\x98]\xa7\xe8\x03\xfdq\x12ikr#\
\xc6|\xfa\xf7F\x5c\xdc\x19M\xa5\x12\xbe\x9b\x87\xbb\x8c\
u\x8f\xe2\xa2B \x95-\x97\x11,\x11\xa6\x9c\x87\xf9\
\x0f\xe6\x98\xcb\xd2\xf0u\xb05i\x158\x1c\x18\x1b\xf3\
\xdd\x13\x0d\xf0\xb8\x8a)\xa0[\xa92\xbe\xc7`\x0aL\
\xacy\x22\x02[\x5cL\x98 \xba\x06apM\xbe_\
!)\x9a0\x1f\xf8\xc2\xf0i\x9d\xcb\x04\xffL\x8f\xbd\
\xcf\x7f\x15\xe3\x8a\x85\x0a\xf4$\xb6\xcb\xe6\x03\xc7\xf3s\
EDGoa\xf2\xb6\xdb \xcc\xbf\x0d\xef&\x16\xf1\
\xb5\x06\xbfk\xdeN\xdb\x14\x1aH\xd6:\xb1\xfb\xda\x09\
\xd0F\xbf\xd8J_\xef\xb0\xd1\x92fa\xbd!\x08M\
]9*:$\xa5\xb0\xaaur\xfd\xb0\x14\x1f\xcc\xe6\
SA\xc8\xffHG\xd5e\x14\xc2\xc0R\xf15_\xf7\
\xcapg\x8bH\x9d\x1d1\x7f\xad\xdc\xeb\xfc\xeb|\xbf\
\x07\x5c\xd4\xe2Q\xd5\xeefm\xa5\x11\xef\xd2w\x99\x8f\
\xc8|)\x90\xcdzj^\x15\xdcm\x8e\xf9\xe7\x83R\
\x04\x00a\xba\x1c\x06,\x10\xcc\x99\xb4\xff\x88\xb7\x8c\xa9\
2_\xe0\x8b\xa5\x09r\x12\xb7~d\xcf\xe6\xfd\x04$\
\x91\xd3n\x15:\xbd-K\xbc\xe5J\xb8\xc9\xca4h\
>\xdc\xeag\xd9g\xefV\x89W\xa4\x1c>\xe9\xce\xd0\
\x9d\x04PN\xe4\x8d\x8d=-\xab;o\xc9\xcf\xae\xb1\
\x979S\xd9\x9c*'\xd7Rw\xaa\xb5\xdb.\xf6z\
A\xb0i\xad\x9d0\xb2\x7f\xbf\xe2EB\x9a\x8e|\xc9\
\xd0@1\xdf\xfb}\xe0J#\x0ds\xbbM\x0cJ_\
\x0aPg\x9eH\xfd\x11\x99\x10U\xa2\xdc\x96\x87\xcaR\
\xd5\xa2\x04\x91x\x1dwT\x09s\xc1\x1b\x08\xcf\xe6\x84\
\x8c\x01\x04\x8e5\xc0\xc4\xc0\xcbY0{\xcc\xb6\xcd\xa5\
\x01\x96P\xc9\xce\xdc\x00k}\x03\xae\xf8\x01\x01\xe1\xe5\
\x03\x9b\xa9[.\xb8\x88s\xcaF\xf8\x05\xf9\xdduB\
swb\xa33\xcf\x87\xc4\x04\xc6\x04\xa6Z\x09L\xca\
9\x07\x1dsR\x04\x84\x19\xed\x0f\xbcd\xa4\xc9\xe4\x86\
\x9b\xabb\x22=\x02\x05.D?\xec\xda\xe4\xde\xfc\xc9\
\xe1\xff-\x12\xe5/f\x0f;\xd28\xb4\xc0\xb6/5\
v\xcb\xa0z\xbd0(\xbb\xe3\xb8\x9f[=\xef,\xf2\
\xce\x11\xfb\xce\xbf6\xaf\xdb}S\xd6\x8b\xc1l6*\
\xe6\xf2\xff7\xb7\xfe\xdf4\xb7\xe6:\x178\x8b\xac\x17\
B\xa3n\xb2\xc6\xde\xc8]p\x88]\xf0\x192%\xa3\
=\x83\xab\x0a\x066\xf3\xe2V\x0b\xb5\x80\xed\xe0\x22\xde\
.vg\xde\xc6\x90\x89rk\xdcn\x95\xee>=\x8c\
\xd6\xadY\xffR]}\xe55F\xf7 \x1e3u\xdb\
\xb2a\x86$\xd2\x80=&\xb3u\x0d\xb9\xbfS\xb5\x1c\
t\x06V\xc3~\xa3Z$\x9fpi'\x16g`\xe9\
\x91c\xdf\x8fVGj\x92(x\x14\xe7\xd2R\x19\x0e\
\xba\xba\x7f\x1a\xca\xe5\x10E2f\x17R\xabXY\x8e\
\xb3\x15p\xcf\xdd\x13\x10\xdd\x18\x8d=\xd1<\x117l\
\xdd0JP\x5c\xbb\x12\x1a\xe6\x86\x9b\xe3\x15\xf1\x0a\xf9\
0\xf2\x11\xa4'b\xbb\xe4\xe7\x17\xd9\x89^\xf7\x7f\xdd\
\xa7\x9b$|\xa9\xec\x01\xcc\x8a\x86\xfb\x16\x19\xef\xbdl\
u\x0fw2\x1f\x0f\xf4\x04\xf1d'\xfcZ\xf2\xdd\xf5\
\x12\xd1\xfb#\xde\xa3\xdb\xf7?\x14\xb9\xcd\xc8u&\xf3\
)o\xc6-\xd6my/\xd9\x86os\x15\x85\xb5%\
\x22J\x8a\x0d\x89\x1b\xb8\xc89F\x9a\xb4\x9b\xcb\xc6\xa8\
\x12t\xf3\xd5$f\xdf\xa7:\xe0\xbf\xcd\x1a\xb4U\x13\
+\xa7\x94\x8b|\xc2\x8d2wk#\xee\x09\xa6\x8b\x92\
\xed\x8d\x81\x90\x90m\x1dJ\xcc)ML\xa7\xb9\x9fT\
p\xcd\x15DK ~\x22k\xe5\xa8=\xc4i\xb9y\
\xb9Q\xca\xa6\xaeW\xd2\x9a\xb2\xb6\x11U\x94gx\xd7\
X\xc0\xb3\x01\xea\xc0\xc1\x90\x9c\x9d\xf0\xfe\x83\x86\x9c\xcd\
'\xa3\xe5\xcfO\x9d3n\xa2\x91\x06\xc5fP\x06\xee\
=#\x92\x02Uf\xea\xf0yE%\xc2\x88ZLl\
\xb9rd\x9f\xce\x01?\xa4.=\xa1\xac\x8f?\xf3\xb8\
\xe0fW|\x98\xde\x16\x83\x03\x02\x05,\xd0\x90\xc1\x16\
\xc1\xf6l\xae`|m\x01x\x9b@ \xd7.\xfdA\
\xadrbk\x15\xdb\x12\xe6\xbb\x88\xa0\x03\xe2\xf83\xac\
\xfb\x17\xa0\xf4\x0d\x97\xc7hGZ>\x98X\x8axY\
U\xc4\x95[D\x19\xcc\xcb\x9f\x01\x91\xb3\x12^\xce\xc6\
,\xf0\xfe\xb2ADmn\x0c\x95-`,\xab\x1ah\
~\x1aB/\x05\x1c\x15\xde\xbb\x98Q&\xbaE\x8bP\
3\xa0\x12\xe1I\xb9S4\x85ov\x0b\x98B\xbc\x04\
\xa1\x1a\x10\x86\x85a\x92+w:\xb9r\x7f\xe4\xad\x90\
u\xb3\x11\xce\xf9\x93\x90\x1bv\x07[\xbb\x15=\xfcf\
\xccPL@\x1c-\x0a@u\xe9\xdf2\x8f\x0b\xec^\
\x81t\x12H$\xd1\x11\x11\xf0\xe7h\x9bn\xdf\xc0\x7f\
\xff\xe8\xd9\xde\xc5^\x01\x9fD\x80\x82\xb4&Mw\xd0\
n~\xfe\xc1\x01;\x89kP@\x06r\xe1\xf9\x07\x05\
v\xeb\xab\xf7\x9e9\x9a\x14\xac\xec\xdb\xd8&?\xbd\xc5\
w\xcb\xbb\x16L\xbc\xd2\xdd\xef=sy2\xbd\x93\xfd\
\xf0\x8f\xfa\xb7\xc0\xa4\xb9\xa0\x0b\xe4=\xe9g`\x0e\xf1\
\xf2K\xa4\x82G\x19\x9e\xef0\xfd\x06k\x1b\xd8\xb7k\
A;\x86\xfd\xf9\xb9\xc8\x19\xe1\xe9\x86\x84}\xf19:\
\xbb&\xf2r\xfe\xfd@\x9b<M\x94\xfb\xe4\xe5\x95-\
\xb1\xc1\xb3\xf2\xac5\xe6\xee\xa0\x9fh\x16\x05Iw\x88\
\x1b\x93\x82\xa4\xee0\x0ee\x16^{6V*D\x99\
\xe3O\xde\x8d\xa6\x01|:0\xd0'\x89\x045D\xab\
UG\xabA\xcd\x1e\x9dj\x12&\xa3cT\x89+\xab\
\x9b\xd5~D\x88h\xddjYBt4\xec\xe3e5\
[\x02\xfc\xfaUpm\x1e\x9c\xd70\xe9\xb7\xda\xb7\xd1\
\x14\xce\xb1ps\x97\xebWU\xc7\xab\xe3\x22\x13\x17\xf7\
\xa1\x92\x0c\x95\xa0O\xd2\x16\x0c\x11\x06,M92\x03\
Xr\x9f\xd5\x08,\x0f\xc72\x0e\x0b\xa2\xe0\x0er\xf8\
\x0a\xc0\x1er\x10\xaax\x0e\xac\x8c-\x82\x19x\xc2\x8a\
\xdd\x0e\x7f^Yb\x8d\x1b\xbb,Xx\x9a%\xd1\xa2\
\xdcT\xe6\x1e\xc0m\xe0\x00\xe8\x11\xe8\xb1\x0bv\xfc\x87\
L\x07\xe1Ll26\xc0\x9e\xe0\xf9A\x0a\xe7\xfa\xc3\
A7w\xebSd\xc0\x95V\xfc0O\x00\xf0\x99t\
\xfeU\xf9\x14U\xbb\x07h\x95\xeb\x0cv^\xb6\x96\x03\
\xaf\x9f)\xa3\x08\xbb`\xa9[\xdds\x18\xba{v\xcf\
\xb8\xf2K\x03?HWvG\x06~\x90\x8e\x15\xb7\xe3\
f\x89\x8f_\xbfE\xe2V\x15\x96U\x1a\xc1\x81\x96<\
\xbb\xcet\xce\xf6\xc1\x9fw\xa4\xc4\xcdC\x1a\xc5\xa4\x8e\
\xe3WV\x07v\xc5\xae\x87\xb1;`\x9c1\x0b\xc7Y\
k\x02\xbd\xe1T6\xc7fK\xea\x06\xcc\x91r\xb42\
\xc2\x85Q\xee-V\x933\xb2 \xe0\x0csG\xf2Z\
\xeeZg\xbe\x15\x1b\xa10\xcd\x22\xcfy'b\xd9\xbe\
^\x91=H\xb9!\xf0\x83\xe7m8#{~N\x06\
\xd2\xf3\xfeU\xf9\xcf\xd3\xc3\x14\x06\xde;d\x7f\xe9\xbe\
7\xf1\xbeVL\xcax\xef\x18\xb1K\xce\xb14\x8e\xb2\
\xb1\x81\x12\x04HdE\xb8\xd64H\x92'\xa6\x9a\x05\
y\xa2$\xb1Q\xb5\x1c\x08\x92H\xf2\xc4\xe5\x81^Q\
5\xba'\x17XK\xdc\x91\x13\xb2\x8f\xbe\xb3\x16\xcb\xda\
.M\xba\x17XYC\x00&8#\x97d\x9f\x025\
\xda;\xb5\x1bvF:\xe1\x003\xcan\xb6\xfc\xa8q\
v1\xbflO\xcc?\xd7\xca5\x82C\xd5\x19h\x1d\
\xec\x94\x98|L^z6L\x97\xee%\xd7\x81\xae\x86\
DThT/\x1b\xd4v^h\xf9 H\xf7\xf9\xdf\
\xde\xc9\x88\xb5V{Mh\xc5hk\xd9\xd8q\xc1\xb5\
\xde4\xe1\x84{\x17\xbavsz\xc7>\xe9\x86\xb3\xa7\
\x9f\x14I+\x10\x9a\xcf\xc9\x08\xcd\xab\x80|\xfaP\xe0\
\xa1y\xa0E5`\x19\xf5\xf6\xdb=\xc90\x1a\xb3$\
(d\x1c\x03\xc2\x92\xcf\xb4%\xdb\xe5R\x93i\xc9\xf3\
\xc7m\xc7F\xac\x10\xa5+,y\x00\x04\xd9i\x1c\xa3\
\x88\xac\x94d\xe7\x829\xa12Z\x19\x85\xafc\x8a\x08\
\x14\xca\x16>#VrK\xbeR\xd8\xac\x08\x0c\xf4\xec\
\xffj\xa9\x1e\xe0\xb7\xe0\xcf\x0d\xc8\xeb\x86e\xc0\xdb\x1f\
\x98A\xcb\xb7\xd2\xf71\x1e\xc6\x7f\x90~\x0fU\xde\x16\
 \x8e\x0cE\x1az\xd9\xa5p\x83\xb8\xbc\xb0\xe6\xd9c\
\xc7\x05\x0e\x03\x1bGr\x1ewbD!\xcd\x9a\xc7\xd4\
;0`T\xfe\x9d,\x02\xc2\x9a\xe7\xca.KV\x04\
\xd2\xb0\x93\x80\xfb\xcc6K\x89\x0f\x86\xd1\xc3\xbd\xb1\xd0\
\xe4\xb2\xb9\x83\xf5\x98\x8cQb\xb8a\xd7\xf8q{\xae\
;\xd8\x19\xd6;\xf8K\xa1\x13n\xec= \xe5\x09\xcb\
\xf9\x80;\xa7\x8e\x0b9'\xad\xb6Z\xaf\x0c\xb9Cr\
\x16\x85\x9a\x9d\x90\x95\x86-\xce\xcb\xf7\x07\xe7\xd2\x09Q\
|t)\xdd\x91\xa9l\xe3\x94\xb6\xf9]\xa8a\x10\x9f\
\x9a\x97\xdf\x0d\xe8<\xcf\xae\xcc\x88\x0e\xca\x90\x80\x88\xa3\
\xe8\x9chR\xe7C\xbdE\xaeC\xac\x13\x8ep\x03\xff\
\xe3\xfb\x07t1\x0a\x00\xc0\xfe\xb9E\x5c(\xfd\xbe\x05\
\xab\x8e\xbcY\xf3\x93O\xac\xb8\xff3*\x0c?\x7f|\
\x02\xc1\xddH\xfc\xa0\xb4&|5\x01\xc8\xef\x16\xb6\xba\
\x0dch\xe9\x13\x00*\x0f\xe4\xdb\xbe\x88\x91T\xb0\xc9\
\x97j\x0fy\xa6\xaa\x22\x8c\x8b\x84\x85\xfc\x8d\x1b\x18\xf1\
c\xdc\x7f\x1aq\x90/\xe8\xd2\xe9\xe7\x16\xcax\x0e\x9c\
\xe2\xab\xa3&\xfaMl!\xd9\x13j\xb6zC>\xd0\
\x03\xee\xf3\xae\xd9,\xbb2T\x94m\xd0\x92\xef_\xc1\
\xd4\xba\x86\x93\x9a;d\xd0\xa3!'t\xa7\x95\x06L\
\x12\x0d\x94\xd1\xea\x98\xc7%49\xba\xa50\x92\x04G\
\xdd\x8f\x16@\x1bl\xf3\xf5\x0c^\xab\xb4\xbb\xc7,\x88\
4\x12\xfe\x1a\xcc\xf4^\x85\xdd&\xeau\x9b\xd5\xff\xe3\
\xfbG\x7f\xddvo\xb5\x85\xd5\xb8\x13\xbbK\xe6}K\
\xfa(\x89F\xfa\xe4d>\xd9D\x052_u\xf1\xcc\
\xeb\xe7\xcb\xbb\xcb\xebr\xefTLC\xdd\x8f\x16uI\
\x1f\xd0\x83\x83\xa5p\xc6\x97\xdd}[^\x1a\xe6\xbf\x03\
\x92\xda:\x15\xab8_\xe2\x05\x1cp\x84\x13\xf81\xee\
\x1f\xde%\x1a\x0fioZZ4\x14\x179\xf5\x1ca\
\x1eS\x8fV\x9a\xd1Jn\x8a\xe0={\xcb\xf6\xde\xb6\
\xb5\xa0_h\x7f\xd2o`\xce\xed:!\x94\x90\x0d\x84\
\xbeK\xb4G\x89\x1e%9\x17\x10#@\x8c\xd7I\xe0\
\x1d\x12\xdcJ\xccWH\x9f7H\xdf\x01\xa4\xef[\xa4\
\xdfr\xd2\xff^\x92[D\x06,\x22{\x8c%{\x1e\
I\xf6:\x81\x0c\x1cE\xf6\xbe\x8eX\xd3\xc9\xa0\x87\xc9\
\xe0\xadd\x1fJ\xf6=\x9f\xec\xa7\x93\xfd6\x91\xfd?\
%\x07\xbc@\x0e\x5cG\x0e\xde\x9b\x1cr\x1e9\xf4\x0e\
r\xd8\x89\xe4\xb0O\xc9a\x9b\xc8\x11{\x93#\xae!\
G\x0e$G\x16\x92#_\x22?y\x88\x1cu\x139\
\xea\x01r\xd4lr\xd4\xb7\xe4\xe8\x0b\xc8\xd1\x0f\x91\xa3\
\xb7\x92\xb0I\xc2\xd7\x93\xf0:r\xccb\xf2\xd3\xcb\xc9\
O\x1f#CO&C\x1f#\xc7\xbeC\x8e\xdbD\x8e\
\x7f\x8b\x9c\xf049\xe9}r\xf2\x0arJ\x8c\x9cz\
\x139\xedtr\xfa\xdf\xc9\x19\xc7\x923\xbe%g\xbe\
A\xce:\x82\x9c\xb5\x8e\x9c\xfd\x12\x19v0\x19VN\
\xce9\x96\x9c\xf3\x0f2\xbc\x82\x0c\xff\x92\x9c\xf7,9\
\x7f\x06\xf9\xd9\x99\xe4g\x7f#?\xbf\x8c\xfc\xe2|r\
\xc1L\xf2\xcb\xa7\xc8\x85\x13\xc9\x85\xcb\xc8\x85\xbf'\x17\
\xbeC.\xfc\x90\x5c\xf85\xb9\xb0\x95\x8c0\xc8\x88=\
\xc8\x88\xa3\xc8\x88\x93\xc8\x88\x8f\xc9Eq\xf2\xab\x0b\xc9\
%%\xe4\xd2Ed\xe4\x9f\xc8\xe5k\xc9\xe5\x9b\xc9\xe5\
\xdb\xc9\xa8\x1a2\xea}2z6\xb9\xe2J\x927\x88\
\xe45\x91\xfcS\xc8\x95\xc7\x91+\xcb\xc9UW\x90\xab\
\x1cr\xf5S\xe4\x9a+\xc95\x9f\x911\xc7\x91\xeb\x82\
\xe4\xba\x8f\xc8\xf5%\xe4\x86\xfd\xc8\x0d/\x90\x1bo\x22\
7n&7\x9fKnn'\xb7\xac&\xb7V\x92\xb1\
\xd7\x92q\x84\x8c[Ln\xfb3\xb9\xfdKr\x87C\
\xee\xdc\x93\xdc\xf92\x19\xff\x08\x99\xd0\x87L\xa8%\xf7\
\x5cF\xee\xf9\x8cL\x5cN\xee\xad \x93N\x22\xf7Y\
\xe4\xbe\xb7\xc9\xe4\xdb\xc8\xfd'\x92)\xc3H\xc1\xf9\xa4\
`\x0b)|\x9aL\xad$\xd3\xae%\xd3\xd6\x93\x07\xfe\
N\x8aj\xc9\xf4s\xc9\x8c[\xc9\x8c\xd7H\xf1\x0cR\
\xf2\x0bR\xfagRv6){\x9a\xcc<\x91\xcc\xfc\
\x88\xcc\x5cG\xca\xc3\xa4\xfc\x05Rq\x11\xa9\xf8\x0b\xa9\
x\x9bD\xe2$\xd2H*\xbf$\xd1|\x12\xab \xf6\
\xbe\xc4vI\xd5{$~%\x89\xbfK\x12W\x92\xc4\
\x97\xa4f*I\x0e \xc9\xdf\x92\xda\xa9\xa4\xf6}R\
7\x9c\xd4\xf7'\xf5\xabI\xc3,2\xebj2{\x7f\
2\xdb!s\xfeB\xe6\x0e#s\x97\x93y_\x92\xf9\
\x15\xe4\xc1\x97Hc+i\x9aO\x16\xbcC\x1eZF\
\x1e\xbe\x89<\xf2\x13\xf2\xc8kda\x84,:\x9a,\
>\x8a,\xfe\x88<:\x8f,\xb9\x9c,\xd9D\x1ek\
$K\xa7\x93\xc7\x8f!\x8fo%O\xbcB\x9ex\x83\
<9\x89\xfcf1Yv\x0fY~\x0cY\xbe\x95<\
\xf5<yz\x03\xf9\xed\x1f\xc8\xef\xa2\xe4\x99\x8b\xc9\xb3\
\x94<\xfb\x07\xf2\xdc\x9d\xe4\xf9\xa7\xc9\x8a\x0a\xf2\xfb\xab\
\xc9\x1f\xfe@^\x1cB^\xba\x91\xbc|\x16y%@\
^y\x83\xfcq\x09Yy\x1fY\xb5\x8a\xfci/\xf2\
\xda\xc5\xe4\xb5\x0f\xc8\xeb\xf9\xe4\xf5\xcf\xc9\x9f\xa7\x90?\
\x7fJ\xfe2\x89\xfc\xf5\x1d\xb2z\x04ys6\xf9\xdb\
\xbd\xe4\xadS\xc8[.\xf9\xfb\x1a\xf2\xf6Z\xf2\xee\x99\
\xa4\xe5\x12\xb2\xe6H\xb2\xa6\x95\xfc\xe3m\xf2\xcfg\xc8\
\xbf\xe6\x91\xf7~M\xde?\x93\xbc\xdfA\xfe\xfd\x18\xf9\
\xe0.\xf2\xe1\xf1\xe4\xa3\xb3\xc8\xc7\x1f\x90\xff\xa4\xc8'\
\xb7\x91O/ \x9f\x1dH>\xdbJ\xbex\x84|5\
\x92\xac\xbd\x8f\xac;\x99\xack%\xdf]A\xbe\x0f\x93\
\xf59d\xfd\xdbdC\x05\xd9\xb8\x94l\xfe\x15\xd92\
\x8el=\x8al\xfd\x848\x0d\xa4u\x04i\xfb\x94\xb4\
\xc7\x89{\x1b\xe9\xa8%\x9d\xfb\x93\xce\x0f\xc9\xf6\xf5\x94\
<N\xe9\x18J7P\xad\x93\x1a\xa7\xd2`\x80\x9a\xa7\
\xd2>\xb7\xd3\xd0Q4\xd4I\xfb\x9a\xb4\xdf[\xb4\xff\
\x934w\x1c\xddc\x11\x1d\xa8Q\xebF:\xf8\x19\xba\
\xef\xdet\xdf\xdf\xd3\xfd.\xa2\xfb\xb5\xd0\x03\xf6\xa1\x07\
\xc4\xe9\x81\x17\xd2\x83\xf6\xa1\x07\xad\xa4\x07\x97\xd3C\x8e\
\xa5\x87|O\x0f}\x8f\x1e\xd6@\x0f?\x98\x1e\xdeH\
\x8f\xb8\x86\x1e\xb9\x0f=\xf2+\xfa\x93\x08=\xea\x97\xf4\
\xe8\xc1\xf4\xe8gix#=\xe6Zz\xcc\xab\xf4\xd8\
\xf7\xe8\xb1\x1b\xe9q\xc7\xd0\xe3n\xa5\xc75\xd2\xe3\xd6\
\xd0\xe3\x07\xd0\xe3/\xa4\xc7\x97\xd0\xe3W\xd0\xe3\xdf\xa2\
\xc7\x7fEO8\x84\x9ep\x0d=\xa1\x8e\x9e\xf0\x06=\
\xd1\xa0'\x9eCO\x9cBO\x5cFO\xfc\x13=\xf1\
Kz\x92IO:\x8e\x9e\x94OO\x9aBO\x9aG\
OZAOz\x9f\x9e\xac\xd1\x93\x8f\xa6'_LO\
\x1eOO\x0d\xd1S\xdf\xa7\xa7=FO?\x82\x9e\xe1\
\xd03\x9f\xa3g\x95\xd0\xb3/\xa2g;t\xd8\xcb\xf4\
\x9c$=\xf7\x1az\xaeK\x87?I\xcf\x9b@\xcf?\
\x94\x9e\xdfB\x7f6\x93\xfe\xfc<\xfa\x8b\xbf\xd1\x0b>\
\xa0\xbf<\x91\xfe\xf2Uza5\x1d1\x9e^\xf4\x1f\
z\xf1q\xf4\x92:z\xe9\xa5\xf42J/{\x91\x8e\
\xac\xa1\x97\x8f\xa4\xa3t:\xeaE:\xba\x9c^q\x03\
\xcd;\x96\xe6_B\xaf\xdc\x9f^\xf9\x1d\xbd\xeaaz\
\xf5K\xf4\xda\x81\xf4\xda\x0f\xe9\x98\xd1t\xcc\xb5t\xcc\
\x13\xf4\xba\x83\xe8\xf5\x1a\xbd\xfecz\xc3/\xe9\x8d\xfb\
\xd2\x1b?\xa27%\xe9\xcd\xb7\xd2\x9b\xb7\xd0[*\xe8\
-\xf3\xe8\xadK\xe8\xd8\xa9t\xec\xbf\xe9\xb8\xdf\xd0\xdb\
\xc6\xd3\xdb\x17\xd0;\x8a\xe8\xaf\x7fC\xef\xfc9\xbdk\
\x1fz\xd7\xcf\xe8]c\xe9]\xff\xa4\xe3\xcf\xa2\xe3;\
\xe8\xdd\x7f\xa0\x13n\xa2\xf7\x9cK'\xce\xa0\xf7\xfe\x82\
\xde[L'\x0d\xa4\x936\xd0\xfb\x9a\xe8\xe4k\xe9\xe4\
\x89t\xf2\xe3\xf4\xfe{\xe9\x94\xb3\xe8\x947i\xc1\xe3\
\xb4\xf0;:\xb5\x99N+\xa4\xd3>\xa1\x0f\x8c\xa4E\
\xd7\xd3\xa2\xbf\xd2\xe9\xd7\xd3\xe9+\xe9\x8c:Z\x9cC\
\x8b\xcf\xa5\xc5o\xd0\x12\x9b\x96^K\xcbLZ\xf6'\
:\xf3dZ~1-\xff=\xad\xf8\x17\x8dL\xa4\x95\
{\xd0\xca\xe7h\xf4\x12\x1a}\x9f\xc6\xee\xa2\xb17h\
\xcc\xa5\xf6\xdd\xd4^J\xab\xce\xa5U\x7f\xa7\xf1\x0fh\
\xf5x\x9a\x18L\x13\xaf\xd0\x9aki\xf2\x00Zw!\
\xad\xdf\x8f6\xcc\xa2\x0d.\x9d\xb5\x90\xce~\x8e\xce\xa9\
\xa1so\xa5\xf3F\xd1\xf9-\xb4\xe90\xda\xf4\x0c]\
\x10\xa6\x0b\x9a\xe8\x82\xa5\xf4\xa1J\xfa\xf0X\xfa\xc8\xf9\
t\xe1At\x11\xa1\x8b\xde\xa7\x8b_\xa4\x8f\xce\xa7\x8f\
\xae\xa1K\xf6\xa4K6\xd2\xc7\x9e\xa6K\xa7\xd3\xd4\x19\
4\xb5\x996\xff\x8d>^K\x9f\x18K\x7fs)]\
f\xd0e/\xd3\xe5\xb7\xd0\xa7\x0e\xa4O7\xd2\xdf^\
E\x7f\xeb\xd2\xdf5\xd1g\xae\xa6\xcf\x0e\xa1\xcf\xfe\x83\
>7\x95>\xff\x0d]\xf14\xfd\xfd\xeb\xf4\xc5E\xf4\
\xa5\x87\xe8\xcb\x9d\xf4\x951\xf4\x95\xbf\xd1?.\xa6+\
\xef\xa7\xab\xce\xa6\xaf\x1a\xf4O\xd7\xd3\xd7\x02\xf4\xb55\
\xf4\xf5%\xf4\xcf\xa7\xd2\xbf\xac\xa1o\x18tu?\xfa\
\xe6O\xe8\x9b\x0e\xfd\xdb\xc3\xf4\xad_\xd1\xb7\xbe\xa4\x7f\
\x7f\x8c\xbe\x1d\xa1\xef\x9cH\xdf\xf9\x88\xbe;\x95\xb6\x1c\
D[V\xd157\xd1\x7f\xe4\xd2\x7f<M\xff\xe9\xd0\
\x7f]G\xff\xf5{\xfa\xde\xcb\xf4\xbd\xbf\xd2\xf7\xab\xe8\
\xbf\xc7\xd3\x0f\x8e\xa5\x1f|O?\xbc\x89~\xb8\x9e~\
TC?>\x88~\xfc$\xfd\xcf3\xf4\x93?\xd2O\
\xdf\xa3\x9f=H?\xbf\x86~\xfe\x0d\xfd\xe2I\xfa\xd5\
@\xfa\xd5\xbbtm\x82\xae\xbb\x83\xae[E\xbf\xfe+\
\xfd\xe6\x00\xfa\xcd:\xfa\xedR\xfa\xdd~\xf4\xbb8\xfd\
\xfe2\xfa}\x1b]\xff;\xba\xe96\xba\xa9\x9dn\xf9\
\x82n}\x82:\xe5\xd4\xa9\xa1m\x87\xd1\xf6\xc7\xa9\xdb\
B;\x9e\xa3\xdb\xae\xa5\x9d\x07\xd0\xce\xf5t\xfb\xdf5\
\xba\x87\xa6}\xae\xe5\xec\xab\xe5|\xae\x19\x8fi\x81\xdb\
\xb4>\xc3\xb5\xfe\xb7h\xb9\xe7h\xb9\x9b\xb5\x01oh\
{,\xd2\xf6,\xd7\xf6:W\xdb\xabY\x1b8@\xdb\
\xfb\x1d\xcd\x9a\xa5\x0d\xdaS\x1b\xb4H\x1b<W\x1b\x92\
\xd0\xf6)\xd7\xf6\x9d\xa6\xedw\xb1\xb6\xdf\xd7\xda\xfe\xaf\
k\x07\x8c\xd7\x0e<Y;\xe8b\xed\xe0\xd1\xda\xc1\x9f\
h\x87L\xd1\x0e\xddW;\xec.\xed\xf0[\xb4#N\
\xd5\x8e\xec\xa3\x1d\xf9o\xed\xa8\xe9\xda\xd1\x1b\xb4p\x89\
\x16\x8ej\xc7\xec\xad\x0d}@;n\xa8v\xfcG\xda\
\x89\x1fi'=\xaa\x9d\xf2\xb0v\xea\x8d\xda\xa9\x1b\xb5\
\xd3J\xb4\xd3\xf7\xd0N\x7fH;\xa3@;s\x98v\
\xd6\xbe\xdaYm\xda\xb0\x9fk\xe7$\xb4s\xe7i\xe7\
\x07\xb5\xf3Wh?\xd7\xb5_,\xd0~y\x96va\
\xae6\xe2\x1c\xed\xa2\xaf\xb5\x8b\xdf\xd5.\xf9\xb5v\xc9\
b\xed\x92\x8f\xb5K\xf7\xd3.[\xa2]\xf6\x1bm\xe4\
\x0am\xd4\x08mt\x89v\xc5\x1c-o\x90\x96\xf7S\
-\xefl-\xffgZ\xfeh-\xff\x0e\xed\xcaZ\xed\
\xaaC\xb4\xab^\xd7\xae\xbeG\xbbf_\xed\x9aU\xda\
\xb5\xd3\xb41\x9fi\xd75k\xd7\xfd^\xbb\xee\xaf\xda\
\x0dGi7<\xa6\xddx\xadv\xe3\x9f\xb4\x9b&j\
7\x1f\xa1\xdd\x92\xaf\xdd\xf2\xb1vkJ\x1b;A\x1b\
\xf7Sm\xdc&\xed\xb6\xa7\xb4\xdb_\xd1\xee\xb8A\xbb\
\xc3\xd1\xee\xbcT\xbb\xf3;\xed\xae\x85\xda\xf8\xb7\xb5\xbb\
\xb7h\x13^\xd7\xeeY\xaaM,\xd5\xee\x1d\xa5M\xda\
G\xbb\xefO\xda\xe4U\xda\x94\xf1Z\xc1\x0bZ\xe1$\
m\xea4m\xda\x16\xad\xe88m\xfa*\xad\xf8r\xad\
d\x7f\xad\xf4(\xad\xecrm\xe6X\xad\xfc\x11\xad\xe2\
&-\xf2\x90Vy\xb3\x16}F\x8b\xad\xd4\xe2\xefk\
\xd5\x97i\xd5+\xb5\xc4,-\x99\xaf\xd5\xed\xab\xd5\x1d\
\xa5\xd5\xfdC\xab\x9f\xa1\xcd\xddO\x9b\xf7Om\xfe\x5c\
\xed\xc1_k\x8d#\xb4\xa6\x90\xd6\xf4\xb8\xb6\xe0Z\xed\
\xa1\xa0\xf6\xd0\x5c\xed\xe1k\xb4G\xa6j\x8f,\xd4\x16\
\x8e\xd4\x16\xb6i\x8b\x89\xb6x\xb9\xf6\xe8\xed\xda\xa3\xef\
kKZ\xb4\xc7\xde\xd0\x96\xfeCK]\xaf\xa5\x9e\xd1\
\x9a\x8f\xd3\x1e\xbfW\xfb\xcdC\xda\xb2\x1cm\xf9Q\xda\
\xf2\x7fkO\xd5iO_\xa4\xfd\xf6<\xed\x99\xf7\xb5\
g\xef\xd7\x9e\xbbZ{>G{~\xa9\xb6\xe2Rm\
\xc5\xfb\xda\xef+\xb4?\xec\xa9\xfd\xe1y\xed\x85B\xed\
\xc5S\xb4\x17\xd7k/-\xd1^yP\xfb\xe3\x09\xda\
\x1f\xff\xa4\xad\xbcV[\xf9\x9e\xb6\xea(m\xd5\xf7\xda\
\x9f\x82\xdak\x95\xdak\xd5\xda\xeb\x86\xf6z\xa3\xf6\xe7\
)\xda_\xf6\xd7\xfe\xb2T\xfb\xeb\xd7\xda\x1b\x9d\xda\xea\
\x9fk\xab\x9f\xd1\xde\x5c\xa6\xfd\xedr\xedo7ho\
\x1d\xa4\xbd\xf5\x1f\xed\xef\xb6\xf6\xf6\xb1\xda\xdb\xdb\xb4w\
\xde\xd3\xde\xad\xd1\xde}Hk\xf9\x93\xd6\xb2Z\xfb\xc7\
\x9b\xda?c\xda\xbfN\xd4\xde\xbf\x5c\xfb\xf7\x1a\xed\xc3\
-\xdaG\x8fi\xff9]\xfbOJ\xfb\xe4h\xed\x93\
U\xda\xa7\x13\xb5O?\xd1>\xfb\xab\xf6\xc5/\xb5/\
\x1e\xd2\xbe\xcc\xd1\xbe\xfa^[[\xa3\xad\xfbN\xfb\xfa\
U\xed\xdb\x7fi\xdf=\xa6}\x7f\x83\xb6~\x90\xb6~\
\xb5\xb6\xe1)mc\x5c\xdb\xb4H\xdb|\xad\xb6\xb9S\
\xdb\xf2\xbc\xb6\xf5\x1e\xcd\x19\xa3\xb5\x9e\xa7\xb5N\xd3\xda\
\xae\xd1\xda\x0f\xd3\xdc}5w\xad\xb6\x8dh\xdb\x9e\xd0\
:\x7f\xad\x93~:\x89\xeat\x8b\xae\xffJ\xcfY\xa6\
\x07\xfe\xa3\x9b\xfb\xe9}\x0e\xd5C\xba\xde\xb7\x8f\xdew\
\x1f\xbd\xef!z\xdf\x13\xf4\xbeg\xe8}\xaf\xd4\xfb\xbe\
\xae\xf7{K\xcf\xfdX\x1f\xf0\x95\xbeW_}\xaf'\
\xf5\x81\xcf\xe8\x03_\xd1\xad\xcfu\xeb;}P?}\
\xd0:}\xf0]\xfa\x90\x22}\xc8|}\x9f#\xf5}\
l}\x9fV\xfd\x80\xfe\xfa\x01C\xf4\x03\x0f\xd6\x0f<\
[?\xf0\x06\xfd\xa0\xfd\xf5\x83\x87\xe8\x87\xf4\xd1\x0fy\
L?\xb4R?\xacL?\xfcd\xfd\x98e\xfaO\xab\
\xf5\xa1\xe5\xfa\xb1\xd7\xeb\xc7M\xd4\x8f\x1f\xa1\x9f0H\
?\xe12\xfd\x84\xb7\xf5\x13>\xd5O\x5c\xa6\x9f\xd4\xa8\
\x9f\xf2\x91~\xca&\xfd\xd4#\xf4S\xd7\xeb\xa7\xdf\xaf\
\x9f\xbeE?\xf3p\xfd\xccO\xf5\xb3O\xd6\x87\xfdN\
?\xe7\xa7\xfa\xb9\xc3\xf5s/\xd7\xcf\xed\xd0\x87\x97\xe9\
\xe7\x9b\xfa\xf9\xaf\xe9?\xef\xaf\xffR\xd3/l\xd4G\
\xbc\xa9_4I\xff\xd5~\xfa\xaf>\xd0/9A\xbf\
\xec\x8f\xfa\xc8\x87\xf5\xcb\xdb\xf4\xd1g\xe8WL\xd3\xaf\
\xf8\xa7\x9e?G\xbf\xea\x22\xfd\xea\x0e\xfd\x9a\x15\xfa\xb5\
\xcf\xea\xd7\xbe\xaa\x8f\xb9W\xbfn\xb0~]\x91~\xdd\
\x07\xfa\x0d\x87\xeb7\xcc\xd6o\xa4\xfa\x8d\xb7\xeb7\x8d\
\xd5oZ\xaf\xdf\xdc\xa0\xdfr\xbb~\xeb\xdd\xfa\xd8\x13\
\xf4q\xaf\xea\xb7\xd5\xe8\xb7\xe7\xe9w\x1c\xaf\xff:\xa8\
\xff\xfaE\xfd\xce[\xf4;\xff\xac\xdfu\x8d>\xfe;\
\xfd\xee:}\xc2\xed\xfa=\xbf\xd2'\xee\xadOl\xd5\
\xef=B\x9ft\xa4>\xe9t}\xd2/\xf4I\x93\xf4\
\xfb\x02\xfa}\x03\xf5\xfb\x0e\xd3\xef{N\x9f|\x8c^\
8X/\xfc^\x9f\xfa\x9a>\xf5\x1b}\xda>\xfa\xb4\
#\xf5iW\xe8\xd3\x0a\xf5\x07r\xf5\x07\x16\xea\x0f<\
\xab\x17\xad\xd4\xa7\xffT\x9f^\xaa\xcf\xf8\xa3^\x12\xd0\
K\x9e\xd6K+\xf5\xb2\xa1z\xd9f\xbd<\xa0\x97?\
\xa9G\xa6\xeb\x95G\xeb\x95\x7f\xd0\xa3q=\xfe\x9d^\
\xbdRO8z\xcd8\xbd\xa6YO\x1e\xa0\xd7\x0e\xd7\
\xeb\xee\xd6\xeb\x9f\xd4\x1b.\xd2g\xeb\xfa\x9c\xf3\xf4\xb9\
\xa7\xebs\x1d\xfd\xc1Mz\xe3\xcbzS\x8d\xfe\xf0\xad\
\xfa#\xa3\xf5\x85w\xeb\x8b\xf2\xf5E\x9f\xe8\x8b\x8b\xf4\
%\x96\xbe\xe4c}\xc9z}\xa9\xa1\xa7\x0e\xd5S\xdf\
\xeb\xcd\x13\xf5\xc7\x97\xebO\xc4\xf5'W\xeb\xbfy\x5c\
_6P_V\xab/\x7fD\x7fj?\xfd\xe9\xf9\xfa\
oG\xe9\xbf\xdd\xa2\xffn\x8e\xfe\xec\xb2\x11\x8a\xe2^\
\xee\xd9\x99k\xcb\x9cp\x9d\xa1<+Q?\xd9\xb9d\
\xfdP\xde0\xb6-\x8c\xca]\xa4\xca\x87V\xf9R\xdb\
3\xbcq\x22g\xcc|\xf49\xfb/\xc6\x8f\x86\x12\xe8\
;V\xb9v\xa5WT\x97\xfa\x0e\xaa\x06\x99\x95\x9dR\
v\x9d\xf00e\xaf\xdc\xbb\xcb{\x19w\x19\xa9\xe2.\
)\xc1\x1f\xdb!#\x86\xaa\xd6\x99\x97F`\xd3\xb7W\
\x0d\xe3V\x06\xff?\xf6\xde\x04:\xae\xec<\x0f\x04@\
\xbcz\x8f|\x5cz\x93\xbae{$w\x94\x93Du\
N\xeb$Vb\x8f\x8e\xb5t\x1cE\xb2\xe4x\xd4n\
\xa6\xa0\xd5\x8e\xdd\x1a\xb6\x97x\x9a\xeat\x83\x04\x9aM\
\x02\x05\xa0\x80\xaa\xbaU\xd8\x17.\x0d\x90lJb\xbb\
\x10K\xe4HNb\xd9>\x92\xcc\xb6\x92L\xe4\x19\x8f\
&\xc5i\xdb\xe3%\xb6,wK\xea\x85k\x11,\x10\
\x98w\xff\xe5\xde\xfb^m\xef=\xa0\xd0\x94\x8e[\xf6\
\xe5E-\xaf\xee\xfa\xdf\xff\xfe\xcb\xf7\xb5\x0fK\x15\x83\
*TD-\xb8\xb0\xb2\xa1\x83*\x1c\xb7\xf2\x90\xad\xf0\
\x7f\x14\xcc\xcf\xa6;F\xb5\xe7\xea!^$dog\
\xb4\xfc\xe0\xf0W\xd9\xfe_\xcf\xa3Ofk\xff\xb2\xda\
\xa6\xa3i\x19\xe2\x19\xd6\x88\x1b\x16\x8f.\x16\x16\xddK\
\x89\x8d\xdb7\x9b\xa0\xe9\xb9\xb7c\xa3\x22@\xfc\xc5k\
\x7f%\xdb\xde\x0eT\xb3\x91z\xd0\xf1\xc3\x0a\xee\xedM\
I\x0c}\x7f\x96\xcb\x97e\x0b\xeeJ.?\x09\xd1\xeb\
OR\x0c\xfb\xb7\x19\xf2r\xfd[\xf0 ,\xbfML\
RO\xc2\x97\x9f\xa4\x18z\xf9\x04,\xd4\x8bOR\x90\
\xc9\xb7!\xf5\xe7[\xc0\x95'\xff\xa1g\xc2\xd3\xd5\xaf\
=\x09\xbf\x0f\x8fx\xd6h\x1b\xb5\x15Z\xfd\xc3\xb0Q\
\xb1|S\x12\x1f\xf3,|\xf9YB\xf2\x95O\xc0B\
\xbd\xf8,\xc5{\xbc\x09\xcc\xf9?\x0cCQ\xed\xfc\xd2\
\x17-\xcaH.\xd4\x12\xc66\xf3\x09\xfb\x03\x9e\x9c\xbd\
{\xad\x06AO\x9e\xdc\xca\x15\x9d\xbd\x17\xac\x5c1_\
\x13O\x1b6N\x0c\xd0O\xe4Y\xfb\xa5O\x89J\xe7\
\x16\x1e\x82\xe2\x0c\x84\xb5\x9f\x06n\xc3\x93\x5cJ\x9aE\
Y\x9c4^>\x0d\x1f<#\xce\x08$\x5c4)\x18\
51\xa3\x9f\xaeQ\x128\x8a'\x1c\xf1\x04\xf2\x1c\xfa\
\x99\x0f\x99\x0f\xd1dID\xde\xc4'\x80AQ~\xfb\
\xa0\xf1<z>\xfc\x92\xfa\xe5\x93\xf0\x85\xd3\xe2\x0cl\
\xddo\xa9x\xa7o\x07\x17(/[\xffb\xe6%^\
\xbb\xf0\xe5b\xf2o\x12\xde:\xfe\x0d\xc5\xdb\x8c\xd6\x1c\
\xed>\xb5\x14\xfd\x0b\x94\x97\xad\x7f1\xf3\x12\xaf]\xf8\
\xf2\xe9\xfeM\xc2[\xc7\xbf\xa1x\x9b\xd1\xees\xdf\xfb\
\x1e\xf1\x15\xcb[T\xc5\x869\xe9\xf5\xc4HN\xe4\x90\
\xe81\xba\x04\xbc\x98\xd8*\xb7\x99\xf3\x11\xf1\xc2\x0b\x96\
\x0f\xa4)\x18\xc3\xbe\x017\x1c\x03xy\x8a\xc6\x93a\
\xc0i\x14R\x88Sy\xd2\x8e\x14\x0fV\xedMDb\
\xe0\xac\x1e\x90\x1c\xe6\x8a\xcc\xb8^T\xe8\xacF;\xf1\
N\xe2jo@uQ\x5c\x84\x81\xa2\x0a\xfa\x1d\xe5&\
Q\xc3L\xddE\xa1\xa8\x04\xf4%Va\x19\x0fC\xfe\
^\x0c\xbe\xdf\x8a\xf7{L.\xc9\xe4\x08ab\xd6\xdc\
\xa8#r\xbb\xcd\xa8{[\x1c\x92\xb7\x85\xba\xe0\xbe\x80\
\x02\xab\x86\xc2=<\xa8\xafOxECn}\x10B\
\xf4\x82\x10\xb3\xf9\x1aAU{\x98S\x83\x85\xf3\x15\xf1\
\x9e\x17Z\x80\xd3\xc5:\xcb\xe9jM\x00x\xde\x92W\
Q\xa4A\x02Q\x83J\xd4[\xac5K\xb8)A\xb8\
b\xfa6\xb6H(>u\x941Mq\x84t\xcck\
Z\xf8\xa4j[~\xa0\xdd\x03\xe4n\xfct\xde\xb8\x9a\
\xe2l\x5cO\xd9\xb8\x9a\xe2-\xc6N\xf1\xc5/az\
\xad\x0a\xe4.\x13TQ\x9e\xd3P\x15\x9b\x12\xa5\x11y\
eV\xef=\x8a\xe1\x95\xbau\xbe\xe6f\xcb\xd1\xb0\xce\
\x85\xbd\x0cS\x141\x9c\x9c\x22c\x09X\xd3\xf9\xd4\x97\
*\x9d\xc2\xda2E\xc5\xdd\xb8`\xdc\xf8\x09\xe1l\xfc\
\x88\xd8\xf8\x09\xe1\xed\xfbN\xf1\xa9/!\xa0\x95\x8a%\
\x07\xe6\xadm V\xb7)\x0c\xc4.2\x8d\x14\xb0\x1c\
7\xe0y1\xbfJ\xae\x85B\xcdZ\x09qO\x0b\x95\
\xffX \xf8M\xe7\x8b_\xaa\xca\xb5\xb2U\xe9\xaa\xae\
w\xeb\xfb\xd2\xa7,\xc2\xf1\xac\xcdp\xa89\x18\x0b5\
\xbf\xc8\xb4\x11x\x15m\x0cD\xd5l\xbb5\x0f0\xa3\
\xabj\x81\xcc\xb5_\xfa\xa2w\xbf\xb6\xb6\x8c\xdf\xc7}\
\xef\x0b\xe2#\x96\x9en\x00\xd3U7\x18\x1dG\xb7\x01\
f\xa7\x8b\xb1r\xd4\x02\x97\x9fx\x98\x88!U\x15\xef\
\xf2\xf3\x1e\x1fCr\x07f\xad\xf7\x98\x94{:\xac;\
\x80\xb9c\xca'\x1a\xd4\xdb\xe2\xbez[\xdc\xdc\xdd\x17\
\xf4\xfa\xda\x82\xe5|\xd1\x8eu\xa8<\xd82\x9d\xa4\xd1\
n\xe6\xd49\xa9\xab\xbeG\x13\x803\x85m\x0d\xfd\xab\
\xea'\xb4`\x9bFW\xd35\x13\xd3\xbb(o\x9c\xed\
\xbd\xd2\xb6\xfb\x02\xe7\xa2\x9a]\xc8\xd5=Y\xde\xf3\x9e\
\xaf\x18\xcaC$\xeb\xa1\xffDr\xfey\xc2o<\xf4\
\x1b\x0e\x9d\xb2\xdd\x8ck#tf\x94\xf8\xc8\x0b/X\
\xf5\xbe\xabl\x8d.\xeaE\xf9b\xf0\x92\x03\x00\x8e/\
\xbc\xf0\x11\xe3\x00\xac\xc3\xc1Q\xff\x82T\x87\x1d\xa4\xdc\
\x9c\x1d\xe4\x9foN\x9e\xb4\xf8\x8a\x5c\xd6u\xbe+\x7f\
m\x0d\x16\xe8\xebg\xdc\x0f\xb9\xbb\xfd\x86\xfe\xf0Y\xe7\
\xee\xa3\x8f\x86?\xd3\x93\xcb\xfe\xb1\xe3\xe42\x03\xcf\xdd\
9}Z\xbc/\xbc,\xcc\x07\xa9(\x18\x84\xdf\x18\xae\
F\x19\x9f\xe2\x9b\xa7{5\x86cr\xd9\x7f}6\xda\
\x16Z\xffy\xf4\x5cs\xfd'\xb4\x83\xcd\x11\xef\xeb=\
m\xb1\x1b\xfb\x96\x82\x8eS\x88\xff\x82A\xc1\xc3Hc\
\xb8\xca\x9c{\xb4\xd1U\x06\xb2X\x9ds\xe7,\x7f\x82\
_\x13\xbc\x82r\xca\xbf\xe7\x8d\xf6(3fo\xaf\xf8\
\xa6\x15a)v&M\x0af\xb7qs\x1b\xdc\xbc\x92\
\xcb\xc2\x98;\xc5\xd2Cl2N\xef\xe9o\x86\xbb\x80\
)\xc6\x88\x00O\x84\xd9\x8d\xa6\xf0\x0d\xef\x13\xa7O\x07\
\xac\xc45mK\xf2\x8a\xab\xefv\x0b,\x9b&[\x0c\
\xa6\xd6\xcd'Bgj|S\xf4\xf6Z~\xe4}&\
\x12\x10\xbe\xae\x94S\xe1\xd2\x9f\x9b-\x9c\x16\x9b\xa2\xc1\
&\xa8i\x8fZspv\x9c\xee}\x9f\xffz\x14^\
VEM3\xf7\x04p\xdb\x93\xb9=\xc1\x1b9]\xde\
\xf5\x9f\x0c\xcdOc\xd9\xe9\xb0\x19\xd0\xfeS`\xf3\xf2\
\xb0\xdd\xf3\x99s}\xe7\x96\xceO\x89w=\xb8\xf4`\
\x9f\xe5b^\xee5\xd2\x80\x86Z*`\xe7\xf6%\xa2\
)lo\x8b\xa8\xb0\xbd-\x9a\xc2\xb6\xef\x5c\xb4\x1c|\
\x801\x8fb\xa1\x07\xfaR\xa2\xea\x01h\xb2o\x97\x96\
\xdf\x22\x18\xa6\x0c\xb0\x86\x06;F\x815z\x94\xb8\xa3\
o\xa8<[@N\x7f\xfa\xffM\x04\x86\x19\x01\xe2e\
\xdbF\xb0\x9c%\xbc\x9fZ\x1d\x97\x00\xea\xa7\xb9\x841\
t\xe4\xce\xc4\xe1J\xb6\xc7A\xc1\xc0\x22\xee\x97\x12\xc0\
\xc7-\x106\x0d\x88\xa9\x91\x86\xe7:\xb1qP\xad;\
\x89\xe8v\xa2_\xf4#\x0e\x1bb\xddU\xf8\x13F\xed\
J\x8a\x9e$in\x85\xf3H\xc2}\xefq\x9b\xc1\xf6\
m\xc2\x82\x9c\x04\x18\xa9I\x82\xed\x82\xdc\xc8\xed\xe0h\
\xda\x09\x84)\xc0^}\x8d\xd8/\x80X\xe9\xcd\xd24\
\xce`\x82\xda\xa1\x15'7=,l\xbc\xdfm\x15\x1e\
6>t\xee}\xb9\xc7\x80H\x0co:\xe7\xd9\xd3\xab\
\x8e\x96tr\xd9 $\x18a\xb3yr9M\x220\
\xaa\xe9<\x19\xd1t\xfe\x8b\x1f\xcb\x0b\xf1{\xbdBT\
\xbbO\x0b\xf1\x85\x85\xa3\xa5\x8f\x7fN\xfc\xd2\x7f\xfb\xe2\
\xefX\xee\xa7>\xf1[?\xf3i\xf1\xeb\xbf;pD\
\xfc\xb2\xf7\x81\x8a\xfc\xc0\xc7\x0a\xe2?\xfc\x9e\xe5\x9eL\
L\x09b\x1b_\xd3\xa3\xe4O\xbeV\xa3\x94Q\xd9\xf8\
\xec\xed\xccrY\xa5\x14\xb2\x8cp\x0e&\xdc\xff\x94\x80\
\xb5#!\xed\x09\xf6o\x1a\xf6/\x96L$\x01\x8bD\
n\x98\xe1\x1c\x08\xfd18\x04\xb0\x1c\x85\xb1\xcb\xe4\x9c\
g\x7f\xe1\xdf\x89\x83\xbfuP\x88_\xea\x15\x96\xdb\x96\
\xc7z\x03b\x0e\x04&\xd8m\x03\xd4.,\xd5\x1a\x9b\
\x92\xd0s\xb8\xae\x1a\x85\x9cU\xc9<\x85\x03\xb1\xaf\xd2\
\xfdY\xf1\x99w\x14\xc4g\xfe\xfa3b_\xd5\xfb\x9d\
\xa1\x07\x80#e\x97\x22jp\x93\x08\x896\x8b\xe5<\
yp\xb1\x9f\xb2\x9c\xa7]\xb3\x1d\x081\xb0\x84\x9f\xbf\
\x0aJ\xc4e\xb03-d\xe73s\x99\xb9\xe1\x99\xf4\
Tzjp|@\x0c\x88\xc1l:\x93\xce\x0c\x0f{\
E:;(\x06\x9c\xa1\x0f\xc9x\xbb\x16'\x8cFF\
\x9a\x132\x10\x93\xb1\x92\xc2\x9d0\x1f\xfe\x90\xed>\xbc\
\x97t\xaf\x5c\xfdX\x9e\xfdg)\x96\xc7\xaf1\x82N\
\xbaL\xb7\xdb\xe4r\xa1\xe6\x92\xe2]m\x9d\xd3\x07~\
\xf7w\xad\x867\xf6\xe8\xc6Ae\xcd\x93\xed\xf5n\xec\
\xcd.6\x1f\xffx\xef)\xd4\xf2\xca\xa9B\xcd\xb5@\
Q\x0e\xfb5;\xd0VS^\xcb\xcf\xee\xaf\xab\xeb+\
s\xef\xf3\x17ZE]\xb0\x9f\x12\xaf\x90.\x1c\x93b\
\x90\xf6\xe2u\xa0\x14\xc1\x12\xe0o\xf5\xe2\x18zI\xad\
8\x04\x13\x94+N~t\x16\xcbA\x92\x92W@\x0e\
~\xa3\xfa\xe1D4\x9f\xe0C\x11\x05\xdb\x87\xbf\xe1\xb5\
ga|~jnjnf\xc6+\xa6\xe6\xc7\x17\xc4\
\x82\x98\xcfz\x0b833\xec-\xe0\xf4\xb8\x5c\xaf.\
ju\xa1c\x88\xf5\xe1\xf1PL\xce\x91w\xd9\xee\xa9\
\x03\xa7N5Za\xd1b\xdaz\x0f\xc8\xabw\x03o\
JH\xf3:\xee\x98\x03\xa7\x0e\x1ch\x1c\x1f\x17\xc1r\
\xe4\x9c>\xed\xada\x13a\xd8\xfb\xc9\xf1\x82\xe1\x12b\
\xf8B\x8a\x12\xd1.$\x1f\x95#\xde4\xf0\x12\x9c\xcf\
\xd5\xbd\xaf\x9d>\xe0\xdd\xc16\xe2\x08Qw\xafS\xa7\
N\x1dh|\xad\x8fb\xba\xe8=}\xfa\x94\xe5cU\
)\xa7\xc6\xf3\x8a\x02F\xc5\xd8w%\x03\xc8\xff\xab\xa6\
\x9b\x00{\x7f\xe0\xc0\x81S-\x0c!{\xe3\xa9>\xe7\
\xe2-\xde\x0b\x01\xc5\x07\xe8\xb3\xea\x1dP\x923\x0d\x9b\
%\x8d\x10\xfb\xe2\xe9u.\xa2*E\xdf\x9b\xe7cn\
\xcd{\xe3\xc5\xf6G\xc3~\x03\xe4k\xba\xc9J\x83{\
\xff\xeb\xf0\xb3\xd5{\xfb\xb6v*\xf7\xa6m\xdfq\x88\
\xa4\x87=\xd1\xe9_\xc3Z|?\xdf\xdep\xee\xb4w\
w\x08\x89\x13\xe8\xbf\x03\xec\x8b\x04\xbf\xa5#\xe5\xfa\xe2\
\x05uV\xee\x8b5\x0e\xceR<\xd7V\xf5\xbe\x98\xc6\
\xef\xd0\xf6\xdc\xbd\xf6\x96\xb9\xf7.\xd8\xf1\xad\xae\xfbb\
\x89e%\xb5T\xe2KmZ\x0c\x83\xeb\xaad\x93s\
6S\x0d@\xbe\x96&\x81\x0a\x5c\xb3\x00\xf7*\x16U\
\xb9^\x85\x1b\xecV\x14a|\xcen7\x03\xbb\xeeV\
\xce\x04\x8a\xea\xa8\x9f\x1a\x97\xd3xD9\xa7\xe7\xc7~\
\xcdg:m\xbef\xe3\xee\xdd\xcfo\xce\xdem\x22\xc6\
~M\xf4|\x8bb\x1es&\x91\x88&F\xf7\xf1\x09\
\xe7\xd8\xde\xadF\xa26\x7f\x90A{\x14\xeaV\xce\xf9\
\x9dwU\x7fJ\xfc\xce\x9f\xe8\xbbG*\x88\xca\x1b\xe0\
b\xe3h/W\x1b\x81\xb5\xe9\xd7oi^\xa1\xef\x0d\
\x0bO4D\xb21\xbb\x95\x0fG\x0bd|0\x22\xe1\
b\xc4;K9\xa2-\x062\x0a\xc3\x1f\xc5j\xb5?\
\x18\xd3X\xf6\xe1xJU9\x9er\xe3\x9aT\x9c\xf2\
\x13#\x86\xbd\x15\xac\xad<n\x17\x13\x91\xa6\x05O\xd2\
\x1b\xca\xcd\xb9\xd2\x08k9A0R3\xc2Y2\xbc\
\x17\x8d\x80\x87\xbb\x08\xde\x10q\x10\xe5&\x8c\xb2v\xfb\
\x14\x142\xf1\xa3\xd4\x01sf\xa8g\xe9\xb7X\x0a\xef\
\xb6\xe8\x8b\x17Q\xdd\x17\x0b\xfd_\x0b\x9f0\xf1W\x9d\
\x8a\xe7\x1b\x0e\xcdJw:\x11\x09\xd3z\xaf\x01 \xdd\
h\x90y\x0a\xe4\x8eO\xdba/\xc7\x01\xec\xf8\xd0\xdd\
\x9f\xb3\xdd\xca#Mc%B\xb7\xa0\xfaH{\xf9\x17\
\x02\x0d\x8d\x1f\x0b\xe3o\xe8\xe63T\xb8'\xc8\x94y\
/\xf8\x13\xde\xac\xd4\x9a\x9d\x0awl\x17\xa3\x07v\xec\
.-\x8f-\xd0\xfb.\x10n\xee`\xb6&\x00\xa7#\
x\xbb1\xaf\xd5\xb6\x02\xb9#\x06r\xc4\x8a\xbb\x95\xe4\
\xf4y\xcdYy\x9d\x99\x84\xd6\xafI\x1eT`\xbb\xc1\
\xeb\xd1e \x1f\xbfB\x06\x86\x01:0\xffJ\xbd\xff\
]\xd92X\xb7\xdew\x0e\x07F\xceo\x82\x81\x8f\x1c\
\xc3\xaf\xe0\xda\xfd+\xea\xea\x00\x1d\xaeW\xd42\xb9\x0c\
$g\xd7T\xee\xf25\xef\xef4Y\xe5\x0c\x14\xc5$\
z\xdd\x11\xf2u\x8dP\xe7\x08\xdc\xb5\xf2\x08\xd2\x80\xa2\
\x0d\x1a\x0e\xe6\x1d\x8a0\xc9\x1b:\xc9f\xb4\x8d\x86t\
\x02\x87\x18'o\xa7bdy\xb3RL\xbd\xa9\x19=\
Av\xe2\xea\xcf\xd8\xc4@\x076\xdd{R\x92-\xec\
Mj/\xde\x0d\xb3\xe0\xbd:\xba\xde\xf1\x06o\x1b;\
\x95\xff\xc5F\x86\x0fiw>@\xce\xdd\xef\xc2\xea\xf9\
\x96\x12\xd3\xdf#\xcb\xe2\xc0\x80<\x1a\xd65\xeb \xa8\
\x1a\xca.\xb0\xa6\xd3\xb25y\x22Sb9\xaf|\xed\
\x95\x94\xa5\xd5\x0cI_\xa1@\xb9;u\xc2\xbf^\x88\
 \xcea\xb0\xa6\xecHD\xd2\xcaM\xd9\x84KZ\xb9\
(\xfd\xeagi\xb9iV\xdb\xc7?\xd6\xccB\x1c%\
\x90e3\xac\xc5\x1a\xeaS\x06\x0fN\xdb\x8aM\x8f\xb6\
\x94\xa25\xa1\xe8\x0f\xc5V\xf5\xf2W^\xfe\x88\xe5\xe3\
\x0f\xa6m\x87d#\x9d\xe5\x94IJ\xdc\xf6)\x080\
H\x87\xce`\x13\xd5\xc1\x1f\xfbm\xcb\xa4\xb8[-\x95\
\x84\xe6\xfcr~\xec\xe7Ee\xd0\x8a\x95U\xe7\x86\x8e\
E\xb9\x98(\xd6I\xbcjl\xa4\x94GRN\x06\xa2\
\x06\xf9\x8d\xf3\xbe4t\x9f\xaeB\x132\x22F\x04\xb9\
\xc9o\x11e\xcb\xa8\xf2zI\x0db\x85\x90y\x87\xa9\
\x94\x98\xb2\x18\x96\x90\xa6\xd9\x02\xe1\xb9S\xee\xdb\xabR\
\xa6\xdc\xa9^\xbbS\xb1\x9a\xcaw\xbd\x1aS^\xb9\x00\
S\x8b\xfc\xa6\x00Q\xbb]\x05\x999\xea\x1a\xe1\xa80\
X\xcd%\xd3\xadP\xbf\xa1\xb6B\xcb\x98:Q\x0ej\
[>;Dx\xeb\xc5\xfe\xfdv\xb3\x81\x0c=\x8dg\
\xf7o>\x1b\xc3\xd9\xe7\xecXk\xe3\xb1\xb3\x89x\x19\
3M\x03\xac\xc0`or\x87z\xcf\xce\x16\x8c\xcc\x22\
\x1a\x93[t\xb9\xd0\x99H\xa6J\x80=kn\xb2\xaf\
\x81\xd9\x0f$\x12\xd53\xd3\xc3\xcf\x04\x92\x9fX\x1f\x09\
\x86U\x13\x9bS\x8f\xbe\xf6\xe6\x9c\x03\xbd\x07\x8cX\xc3\
0\xc2\xdc\xad\xfezx\x91\xf9'_\xf9\x93\x80\xc8\x04\
X\x5c\x92\x8fE.;K\xcb\xbec\xfe\xd7#F\x98\
X\xad\xc5\xa6\x8a.y.qz\x1e\x19\xef\xe5\x81\xff\
\x16\xc5\xe8\x84\x1c\x8a\xf2\x84\xef\x96\x92\x01\xe9\xebo\x94\
9\x90\xf0\xba\x5c\xed\xbf\x96p\x87\x0aC\xf9\xbcW,\
\xda\xae\x10bV\xfe\xff\xa2\x10C\x02\xff?\xdf/,\
\xb7\x90\x9f-\xcc.\xf6\x0f\xe5\xbd\x8f\x0c-\xcez\x1f\
*\xf4\xe7\x85\xed\xf6\x0b\xb1\x08\xff\xd7/\x12\xae\xc8/\
\x16\xbcwf\xfb\x87\xbcw\x16\xbd/\xe4\xbd\x07\x0f\xa9\
\x87\x16\xbc\x8f\xe5\xe9\xa1C\xf2\xa1\xde3\xbd\xcf\xcc\xf6\
\xf7'\xdc~;\xec\x96\xf3C\x9c4\xdfu\x8bv[\
\x90M\x224v\xa9-\x8d\xed\x8b\xd0\xd8(\x19\xe1\xde\
\x07G\xc5\xa8\x02\xe8i`\xc8\xa8\x92\xb5\xdd\xfb\xa8 \
\xae\xc8\x16\x99\xed^S'\x1d1\xa9@\x9cR\xe1\x0e\
\xdes\x0do\xd7\x05e$L\x05\x89~\xd5\xa9\xd0\xf4\
V\xf7(^Y\x95\x933`t\xb04!\x1a\x06B\
&\x91\xf3\x88s\xf1\x82V\x07\x8b#$\xe5\xd3d\xa0\
\xe5\xbb\xd0T\xa12\x84\x021\x937\x15\x1e\xf7\x0a\x1d\
\x9c\xc32\xca\x08$\xd50\x1d\xe9+\x9a\xf9\xce\x1f=\
\xb9B\xbd\x18\x96\xdd\x08s7\xcd\xb3M3\x10Tn\
^\x01\x9bbE\xd1D\x98(\xd4\x9d\xfe\xaf\x98\x07\x19\
\xc53\x85#\x87\xab\xbe+\x11\x9eg&Y\x8f\xdd\xc5\
g\xc0D\x0b\xc6fB\xc8\xbcs\xeb dD\xf5\x9d\
[\x05\xb2\xe3\xe6\xcf\xd9\x8d$SAa\xbe\xc7\x8c\x18\
\x7f\xb4\xa5\x15-[w\xe1\x8f\x87\x8cb\xd6\x9b\x8b,\
\xccu6#D:&\xe8\x98\x87\x0d\x0c\xbf1C\xa7\
b\xa2\xd1\xa6g\x91P\xb3\xb9\x1a\xa9\xa1y~[s\
@\xf8S\x0a[\xa9\x9b\xe7\x9a\xe7\xf4\xa8E\x1f\xc6V\
\xe5\xdfL\xcd\x82E\xf4&m\x90j\xe4nfr\xeb\
;\xb7.\x1b\xd0\xdb\xb1[\x95\xfe\xeb\x8a\xea\xdb\xaa\xbb\
?.*o\xb3\xdc\xea\xee\xdf\xf5\xfe\xad\xec\xfe\xb8W\
\xfd\xa1\x945\x86~\x99,\xb3\x82\xfd\xb8\x1d\xa0t\xf7\
Tk\xa4\x04w*?\x9c\xa2\xac\x1d\xb8!H\xad\xb8\
\xf2\xc3_\xb3&\x98\xdaSF\xcay\xb7\xf1\x02\xc4<\
\x8a\x09\xa7\xf2\xe3\x84\x0e\x93\x1bGfw\xa7\xfaC_\
\xb3L\xfb\xeb\x0a0C\xf0\xfe\x8b\xe0\xd5\x1d\xba8k\
\x07\xaf!f\xff#<\xeaQ{Kr\x9e\xce\xd9Q\
\x00\xf5b\x5c\xa4\xf6\xc5\xf2\xa4\x87\xd6\x0f\xcf\x87\xd7\x0f\
\xdd}\xed\xb5\xef\x9e\xdf\x84\xdc\xeb&\xa9\x18n\xb3p\
J\xe7\xd3\x9f\xde\xac\xfb\xe8g?g\xe1.*\x14\xeb\
nj\xf7\xf1\xcfm\x06z\xc2\xe7>miPV8\
Zr\xd1\x06$x \x83q]\x86\x01\xab\xc0\x01W\
e\xd7\xe8\xdav95\xd7\xc1\xba\x02\xc6l\xe5\xd8\xba\
\xaa,\xaeW \xda\xe72\xef\xc40Y2\xf7EY\
Y\xbb\xd4mx'\x9f\xa4\xd0@\xa3&[\x89E\xe0\
\x0d\xa8\xedT@\xa3\xbb`a\x1c\x96i \xec\x03\x95\
&\xf4!.\xc14tU\x1eb`\xd2\xaet%r\
\x14\xdc\x0av0\x08n\xbd\x06\xc1\xadX^!\x9f\xe7\
\xe1\x98\xbb}\xe3[=\x9c\x98s\x22\xcb97\x84M\
\xa5\xa5b\x16\xcb\xaa\x16Z\x94\xb9[\xa5'\x87^\xd7\
\xa1S\xbf\xdcMJo\x04\x93u\xd9\x87\x1a\xa1\x0b4\
PI)\xdfX\xae9M\x04\x9b\x1b-{\xdd\x1f\x9b\
\x0ez\x5c\x09o\x049nUR\x91(\x1a\xf1\xaf\x1c\
\x15\x8bQ\xb2\x0e\x05\xcb\x12\xf7\xb9n\x0cG\x99\xaf\xf2\
\x8e\x0eJ*\xa8\x81\xa4\x02\x99\x15\x90TP\xbb\xa2\xfc\
E(\xad\xb0\xbc\xc2\x02\x10>\x89j\x8c\xae\xc9'b\
\x11x\xe3\xaar\xc2)\x01\xe8\x08\x82\xce`\xb9X_\
jj\x99ZO\xe2jy\x8c\xf2YKi\x1c\x98z\
\x12N\xcb\xbfz\xd2\x91e'>,\xa6\xb1{\xdf\xd6\
\x05\xe0\x9d\x8f\x17\x84\xf8\xfa\xe9[!\x03\xbb\xce\xc7\x8b\
\xebj\xa1\xc8<\x1e\xc8F\xde\x08\xc6\xb4\xff\xde\xa2 \
\x05\xa4\x8aS,\xd4\x08*\xcc\xb3\x91\xbaD$\xe3\xf7\
\xe3\x9f\xb6\x9ae\xb34c\xd0u>\xf7\xd9\x88\xbe\xc9\
\xa6\xed\xf64\xb3\x16-\x8f\xb3$\xd49\x08&\x9d\xcf\
=n5\xed\x91\x1b\xa9?\x9f\xfe\xac\x91a\x91e\x0c\
!\x10\xb7X\xde\x22Y\x9c7^f\xfaY\xa5K~\
\xf6\xd3\x1a\xb6\xc1\xb4f5\x9a\x7f\x17\xcc\xfcR|\x10\
\xf5\xeb\xbc\xf7\x1fT\xe0%\xc1o\xef\x01\xd3\x06\xbd:\
8?8\xef\x89C\xb0\xaeJ\x91\xf6\x1aL4\x96\x97\
\xcb\xf8\xc1A\xef?\xa2\xdf\xbd\x0c\xab\xe15\x14\xa2\xaf\
\x95\x96\xe9[\xde\xcb\xdes\x06\xf1\xa7\xf1\xd9{\xe8b\
\xa8\xa57\xca\xdbz\x12_\x9f\x07\xf5N\x0b>K\x84\
!k7U\xd5l\x8b\x8e}\x99\x9b\x8e'W\xbdc\
I\x1fZ\xf5\x8e4}\xe0]6\xf5\xa8\x967\xda\xb6\
\xa2\xdb\xc7\x13\x8d\xb7\x9d\xd2\xbd\xf1.E\xb7\x1d\xb5]\
\x09\x0f\xd9_w\xcb\xf9W\xb7\xa2K\x9b\x8eV=\xd8\
\x917\xd4bun'\x97\x0b\x86b\xcc\x8a:\xf9\xaa\
Z(\xea\xcd\x85y\xe4\xd9\xc8\x839\x1b}\x1d\xec\xf1\
\xb8\xc5\xe4\xe4>\x5c:\xbem\xe0\x0bN\x9e\xbd\xe4e\
\x8e\xc9\xd0\x19}\xcdN\xe2f\x1a\xce\xe1\xc3\xdem\x1b\
@\x07\xe4Co\x00(\x1c\x04\xf8\xaa\xda\xaa|\xf7{\
\xde\xf9q\xd0\x11\x07\xbd\x11\x92\x9f\xfb\x1ep\x8d\x03X\
'x\xbbUm\x87|\xd7{\xd4\xb1\xc3\xcd\x8e\xe5\xa6\
j\xc3\x00\x85 Bt\xe0n\x12\xab'\xb8\x041\x7f\
\x07\x0c%\x020\xdc\xa9\x0e\x95;\xe8\x9c8\xc1\xe5v\
\x88\xb3K\xa5\x16\x10\x1e\xc1\xdd\xc85[\xaaT\xa8\x07\
V\x14l\xc3Jr9=\x0aQ6X\xc2\xea\x1b@\
\x14\x0cGp\xfc\xa2\xf7\xd2$\xbc=I\x019\x89\xb2\
\x0c\xdaqT&\xf7&\x98\xb6i\xb4\xb6C\xab\xe4!\
\xe9R\x90\xc1Q,\xc5QX\xe0\xaaL\xf0gp\x8c\
\xb6\xb7\xca\x09\xa5G_g\xb2yi\xc5\x81g\x1d\xc1\
R\x1c\x81\xdfQ\xe5\x0a\x7f\x06\xbe\x82E=s\xa0\xa3\
\xee\xcdI\x06\xd1Q\x19\x9d\xf9\xf1\xc0N\xa4\xc8G\x87\
\xc6pn\x12B\x98&)\xb8\xc9\x1b\xe7\x05a$\xdf\
\xc3d,\x8c\xc2\xbbX\xc2\x84\xcd\xd1\xa0;\xc8\xf8+\
;\xd7\xc0\x1b\xd0L\x8b^\xa0\xc9\x85Q\xb9D\xeb\xee\
\x10\x97\xa0S\xbc\x0a\x0f{\x05\xbe\xf9\x8a\xd2)^\xa5\
\xf5|\x88K\x18\x9aK\x10\x8c*WM\x5c\xd5\x1d\x02\
@\xa1\xf0f\xf7\x8dJ\xbbz\x93R\x9d\xde\x04\xe3\xf2\
\xa6\x12\xebjo\x82\xfes\xf5\x08~i\xfd{\xf2\xa3\
2\x94\xb4\xd9\x9d\xc8\x8d\x120\x186\xeaE\xe1\xc0@\
\xf8`ryzdz\x04 ]4l\x0e\xdb\xda\xb8\
j\x00\xc14C6p\x15\xe9\x16Xu\xe5\xfa^S\
\x895\x9cr\xb3\x9f&\xe9\x7f\xc8\x9f\x7f\xb1T\xfa5\
\x08\x13\xfe5\x0a\x16\xfe\x9b\xc1\x8eO\x1f\x5c_\xff[\
\xda\xf9i)\x1e{\x8e\xe0\x14:c\x03#\x05\x8b,\
\x13\x1d\xd4mpA\x0e\x0f\xc0\xa4\x8fA\x0fF\xc72\
\xce\xc8\x11\x8b\x82\x89o\x90\xe3t4C[\x82C\x8c\
\xb3L\xe9\x0cNU,\xd7I\x12\x15\xd4jP\xa9\xbb\
\x8c\x22\xad\x0f\x932Sr\xe9}\xc4!MI6\x9d\
\xacC\xe0\xdf\xddF\xec\xb0\xa7\x83\xe2\x02\xea\xa6\x1dV\
\xa4q\xecN\xa5\xa6`\x05M\x90#\x16$m\x22\xc5\
\xf1\xbf\xb6\xe2\xb6\xb6\xc0\x94e\xd1(L\x818\x9e\x92\
a\xce%\x122;U\x94\xf3\x1bK\xcbg\xd6;\xee\
\x93/\xbe%\x95\xfa\xecz\xc7?\x90\x86~\xf8\xe7\xe4\
z\xc7[S\xa9c\x0ar\xafC:\xf8\xe5d\xeb\x92\
-\x91\x06\xa0B\x91\x8e\x01\xf8\xf5=p)!\xd1o\
\xd6t\xf8\xe3\x1e\x8el4jw\xc87$^\x8f>\
W\x04\xbe\xba^-\xd3'\xd7+\x14\x93E5\x1dn\
\xa9\x05\x81\xaeY\xc8\xcc\x22;\xe0\xad-g6\x01\xa3\
'@T\xd5\xb5\xf1!\xaf\xb7\xbc\xc3W\xdf\xcb\xc4r\
+\x18\x7f\x09+\xaag\x14\x16\xca(-\x97\x15e\x9a\
\xbc\x01\x5ch?\x92\xc0\x1a\x87\x95b\x8c\x98<\x9c\x08\
\xf3\x04.\x8b@\x93Fb\xc1y\xbc\xf2^Kh\x93\
 \x07u\x9b\xa9\x0d\x83\x1d\xe83\x91\xa9\x0d\xd2\x1f\xbd\
\x06\xd1\xf4\x10\xf9\xbf\xb3,#Q]\x19\xe3\x82\xf7\xad\
ke)\x10\xae\xc0\xd3\xe1*\xa4j\x97\x09\xbf\xe8\xb0\
8\xcc\x17T\xe8\xd4\x15\x0e 5j\xdeS\x86\x86\xe1\
F5L\xf7*\xe8\xee\x15\xda\x17\x87c\xa7\xed.\x85\
\xb4\x10a\x02\x8d\x89\xe1\xaa\x12p\x1a8R\xa3Dp\
\xf5\xd9\xa1CW\x17\x13a\xf5\x81V\x0d\xeco\x11\x94\
|\xfbd>\xd5\xe1\xc1[\xb2\xf5L\xf0\xec4K\xc1\
y}\x97G\x8bh\x9a\xbe\x98\xb9\xdc\x8b\xa1\xd3\x8a\xd4\
\x0c\x85\x081\xe9\x0f\x1fa\xb2\x14\x81\x8c0\xef\xf5\xd2\
Hw\xedTh\xc9\x9b8\x0d\x9b\x93[\x1fw:\x96\
B\xba\xd7u\xd7y8|\xd3S'\xf1\xab/<\xc6\
\xe1R<Xv\x9f\x082\x02\xef\xf2\xf5\xc4N\x8d{\
2\xcab\xef\x0f\x1f\x0d\xe8J\xfa4\xc9lfR\xab\
i\xc25?\x0d\x9b$f\x13g\xc4\x19\xe48\xf3\xb3\
\x9e1\x17\x9a\xc9\x90\x86\x9ciO\x08G\xd2\xa7\xc9\xef\
\x98\xd4j\x9ap\xcdO\xc3&\x89\xd9\xc4\x13\xe2\x09d\
k\xf3\xf3\xb71\xab\x9b\xc9\xf5\x86\xecog\x02\xfc\x16\
\xaf\x1b\x0d\xc9mA\xc8\xe2\xe6m\xc8:\xf3\x1e\xf52\
X\xb7\x93\xcbO\x01l\xe4S\x04\x1ey\x19\xec\xd9\xa5\
\xe5\xf43\xe9g\xbc\xf1\x83\xa1)S\xd4\x1d`L\xaa\
\xda$\xbe#\xbf\xf6\x0c\x97\xbb\xc0\x917\xd8\xf1\xcc\xdc\
3s\xf4\xb6\x95\xa4/\xca0GGW\xe1\xed\xd1g\
 \xb6\xe0\x19\x02I\xdc\x05V\xdaT\xcah\xd1S\x93\
\xd8R\x0c\xfb\xfb\xae\x0a\x00\x84\xdaM\xe8\xb2w\xeb\x7f\
*\xfd\x146]~\xfb)x\x1a\x96\xf4\xe5\xaa\xdc\xf5\
\xdfU\xb8\x15Q\x92\x96\xa3d,GB\x8b\x8d\x96\xc6\
\x9f\xaf\x1e\x88\x08i\x9a\xdct\x0c\xfa\xf8\x89g\x9b$\
\x9d[\x1c\x9e[\x91\xccm2\xa1\xc4\xf9\xd6m=\x12\
~\xa5\xa66X\xb6\xfd\x8aL\xbdHYXi1\x00\
O4\xaf`D\x0c\x88dL`-\xc5+\xd8\x0a,\
)\x00\x02al\xd5\xcd\xe2\x1a\xf3ct\xf8\xb7j\x1d\
\x9c\x89\xa4\x94\x1d\xeb$;\xa2s\x8d\xb5\xff\x0a\xb5\x89\
zM\xba\x92\x9c\xb37\xceu\xd7D\xdfO/\xda\x91\
\xe6\xb3\xaf\xfaU\xaf\xafs\x0c\x9b\x5c_X\xfbF|\
q.\x11-\xe7\x222\xdbn[\xb9\xec\xdeU\xf9\xaa\
\xed\xb6\x85\x19\xb5\xfd\xe8\xa2-\x90M?\xd6{:T\
\xcc\x02;\x91|>\xa4[\xb4M\xbcV<\xd64f\
\x81\x87\xad\x93\xcc}\xce\xf3\xcf[\xfa/4\xd65\x8f\
\x14\x09\xbd_\xd2\xfdv4\xae\x9cO\xb5\x99+\xe7\x11\
\xb9U\xf0\x01N\xa3\xc5fdz\xf6\xf1Vi\x93\xef\
8]\xd5\xe2$b\x04W\xe58\x22\xc4n\x1d\xf5\xad\
\x9b\x11\xa3\xf0\xe91x\x1f\xcb\x1c\x04\x9f`V+\xe5\
\xb6b\x906\x98o\xbbS\xa9\x09.=]\xbe8%\
\xa6\xc4dnblb\xac\x08\x11*b\xc4\x11#\xb4\
\xaa!\xb4\xa5\x0a&v,=\x05=\x97AU\xc9\x06\
{\xb8\xf7H\xef\x9b\x13\xa3\xc5\x8c\xc8\x08|\xdf\xff\x0d\
|\x0eL\x03\xdaNo\x80\x95\xd9{\xf2\x04\xf4\x0b\xcb\
I\xe8\xd9\x94p$\xd2\xb4l\x95\xbf\x9d]\x1a\x93-\
\x01\x1e\x07A#\xd1\xa1'D\xe1ht\xaa\x03\xaaS\
N\xaa\x11\x99\xaaO\xa7(a\xb6k\xda\x1b\xa0g\x1e\
\xd7\x15-\xa9\xac\x83\xff\x98!\xad\xab*\xbb\xee\xc8\xab\
_\x1f\xfc\xf9_\xfd\xad\x81_J\xb8/,\x0c\x15l\
\xda\xd2]f\xec<\xc2Gt\x03\xb63\xe8,\x13\x03\
\x89L\xc1\x1a\xc8\xb0\xf16\x95z\xcb'\xec\xf0\xe9$\
\xf1Rn\xeb\x19#\x16\xc3f\xb8l\x04B \x0a\x12\
\x84\x7f\xcb\xe7@\xb3\xce\xf1=\xb0\x99\xd5\x05~$t\
08s\xfb\xfa\xe1&Z\xa8\x22B<\xfd\x0b\xbf!\
,wT\xf2\x8c\xa0tYQ\xae\xc9\xaa\x8a\xb8E\x1f\
\xc3-\xbaX\xe2}T\xee\xe3.\x15!\xdc\xad\xe2\xbb\
\xba\xd5\x0aOx\x1f\x9aq&!\xb3\x16\xd6l\x82\x1d\
N\x94\x22\xacj\xddh\xe2E\xdf\x80\xc0rRGc\
0\xae\x90\xaay\xf2#\x83;\xd3[\xad\xe2\xf3\xaf\x1e\
\x15_\xf8\x87\x87E\xfa7\x1e\x95\xb0\xf2a\x97\x9c\x1f\
N\x22\x02\xa2K\x83\xac\xd4\xb3\x8f%\xb6,d\x17\xe1\
&\xa2\xaf\x8d\x1a\xb8\x89\xe6\xf9T1\xee./\x9e\x7f\
{\xa4\xcb\x92F!\xae\xbb\x15s\xc4\xe7|\xba\xb7\xf7\
\xc0\xc6!\xa8\xcd \xcbS\xa7O\xf5\x86\x0a\xcb\x0c\x0f\
I}\x0a\x88\x94\xb6\x0a\x92Z9\x0f\x01n#pQ\
\xee\xafgRNQ\x98\xaaw|\xffb\x02kp\x02\
4\xb7)/\xb6\xa2\xcd1\x1d\x82\xd1\x18\xea5\xb5\xc8\
#\xf6\x96\xaa!R\x87#\x1b\x17\xdf\xa1\xc3A\x16\xc4\
\xc5\x18}hk\xf1\x81\x1f\xda\x0c\x9fR\xc8U\xa5\x1d\
\x15\xfd\xcd\xd9\x1a\x17[\x98Y\xfa7\xe4\x84X\xdc\x98\
\xbf\xf3\xf6\xbb\x94\xe3\x9eh\xe3%\xf8\x91\xdb\xef\xca\xbf\
\xa5\xdaW+\x5c\xae\xf7\x1c\x99\x13v\x8eA\xc6\x94x\
^\x05\x0d\x01\xcbjr9\x9fA\x0b=\xa0\xfe%\x97\
\xfdX<\x88E\x00bG\xc6\x97}\xe5\xe8'l\xd0\
\x8d\xa7@\xcfZx\xf3\x94B,\xd3\xd8\xd3\xfe\xa2\x93\
t*1\xe5\xfc\x8e\xedn\x99\x9a|{\xc5/\xd4\xbd\
5\xfb\xa1\xc0[\xed\xef|_x\xce\xc1\xadp8\xfb\
[\xdfW\xd3z\x83\xd0F\x1b\xe0\xa33[}5\x11\
\xcd\x90\x9ao\xb7\xed\xa4\xfaU[\xfeH\x8c\xc37\x0a\
p`H\xa0#\xa5\x9f\x82\x19<\x9eA#\xbf\xe9\xa6\
\xf3\x8dI\xf5\xa8\xa6\xf3j\xca\x16\xfaZ\x85\xd1\xdd\xf2\
\xfd,\x978\xde\x04\xdf\x5c\x87\xcd\xad.\xc3\xd66\xa0\
\xde\xeb\x96\x0dJI\xfc\xd3\x9a\x09\x0b\xb0_(=\x0a\
\xd5\xba C\x9d\x9e7=\x97JY\xf4\xfe\x14c\x04\
\xa3\x18r\xfa\xe4\xfd2*^U\xd4\xf5\xe7D^\x80\
n\xc8mA\x1f\xf1z \xe8\x9c\x09\xa9g\x87\xd4\xb1\
\x15\xfe\x97\x13\x16\x00Lo\x07\xfa\x85u\xee\x1e\xe2\xed\
\xb5\xfef\xbb%\x82\xbaj\x84\x1c\x03^\xf4\x9a\x92\xc5\
\x8d#\x1fn\xcbn\xe9\x05\x17\xf7\xbe\xd6W=\xbe\x14\
\xf3\x06\xa5\x89\xc0\xb6\xe8\xaa'\x89\xc0\x1a\x9cR\xce\x89\
\x13\x16\xc5@$P\x0d\x06\xc8\xd8\x12\x09P9\xeb\xff\
1\xc1\xf1\xe5h\xef\x07\x8f*\xa7\x0e\xae\xc8G\x1c\xb2\
\x1a\x1c\x8e\xa7\x22\x9e\x0cV\x9bY(\xbb#\x9e\x0c\x0d\
2LU\xae\xe8k \xa0\xb1\x84P\x9f@\x86)&\
\xa0\xf2\x87T\x82i\xcf<\xf4r\x9e\xe2\xfbw\xa9\xd0\
\x94=\x98\xc4\xb7G\xa3\x90X\xf2c\xb25\xf3\xd4p\
L\x81\xf5\x1eyB\xb2VE\xe3h\x95\xe3\x1bI\xb7\
\xf9\xd1\x04\x04oK\xdd\x1d\xb6Ery\x1aL\x93\xd3\
D\xb6\x0a\xb1\xe16\x9c\x5c\x9c3\xf3\xf5\xc7\xad)F\
\x04\x04\xd2q86\xd5^\xd05\xe47\x00\xd5Q:\
\x08*?j\x0bM\x85\x00\xef\x10h\xd96\x05d\x86\
5p\x22\x0cv`\x9a\x80\xf3\x10e\xa3S\x949\xc4\
\xa5{-\x1a\x81\x16\x8eP\xa8u\xa5\xcc\xb8\xcf\xd7\xf1\
\xc4\xef\x8e\xc6e\xfc\x83:\x10\xd5\x1f\x8dH\xf2\xdb\xcc\
\xf8\xd1V\xe8\xa6\xd06\x06\xb7\xeaV\xef\xb6XMR\
\xa0\xfb0\x1c\x1dp-\xc5\xb2\x13H\x8a\x15tFs\
\x9a\xb7\xaf\xf6%b\x99\x82_\x8a\x17\xc5\xb2\xf4U;\
\x0cA\x13v\x02\x95\xa1\x0e\xc8\xfa\xea@\xb7\x9c\xfc-\
\xa0Y^eH\xf3\xaa[\xb9\xdb\x1a\x9b\x80\x83\xa4\x18\
 0\xf2n\xb4cct\x87\xdd\xba.\xc6#ky\
 \xa6e\xdd\xcf\x92\xde\xfc6\xaf\xd9\xd7[\x9b\x18\xfc\
\xac\xee\xcd\xd1\xcd4\xfbz\x08\xcfC\xbe\x92\xb5g(\
\xc2 \xc1\x18\xe8u\xd9c\xba\x080U\x0cC\xcb\xc3\
\xb0\x9ad\x0d\x22{EkRN\xd5\xc0\xb7Z\xca\x83\
\x9a(KG\x96\xec\xc1\x0c\xc7D6\xa2\xa7a\xf2\x9a\
\x99\xd6\xb8\xf2k*_W\xb6\xe6\xc5\xc4f @9\
o\x8f\xe0\xfck\x9a\xd3\xd7\xdb\x9b\x1bo\xe4\x80h\xb0\
\x86\xfc\xf1,l\xb6(SB\xab3\x97\xd6\xee\x96\xa4\
\x11\x10b&.\x9a\x0e\x9a\xb3\xcf\xb5\x00z\x0bm\xcf\
\xa9t'6)\xcb\xdfo\xb5\xa9v\xb70:A\x98\
/\x07a\xd7\x87#\xe5\xc49\x99_-\xb8\x5cQ\xdc\
h\xf5\xf0\x81oQ\xfc6\xd8\x1dor\x14\x0e\x84\x18\
\xe3\xa3\xaa\x0ah\xb1\xaa\xa8\xb4W\xa5V\xdbM&%\
GW\xd9a\xab\xae\x93\xd8M\xbefv)\x1fm\x17\
'c\x225@\x97\xba\x89\xeaZ'\xf9r\xf9.\xb8\
\xc1P\xaa\x90.\xd9:\x93\xbf1(\xb6\xd7\xad\xd9[\
\x88\xcfQ\x08\xc2jS\x8d\x9b\x1f70\x22n\xb3#\
HJ\x99t\xb8\x19\xa22\x0a2u\x04Y\xf3\xae\xc4\
f#\x8aDki\x8d\xed\xac\xdd\xc1\xcaA{\xe0\xa6\
\x07+\xfb\x99]\xdd\xe7\x12\xf2<\x80\x17\xd6\xf5\xe2V\
1OkJN\xaf\x91\x9c\xce9\xd3\xff[\xe51a\
\xf9\xb4\xe8\xb5r\x0a\x0f\xb7\xa2\xef\xb4\x22V\x15\x8a\x10\
\xa9&-\x93yq\x8dC\xce9M\x5c\xd7\xe8@\xcb\
\x81\xe7$\xe4\xad_\xae\x03\x99\x22\x22(Q\x84n\xfd\
\xa5V\xe1\xd4-)\xfbd\x9a\xbc\x14\xc2;\x00u\x02\
\xd2jPr{/O\xc3\xc7\xa6\xe9\xce\xef\xa8\xc9\x82\
\x9b\x9ew\xa5\x9e\x13\x14\xd5\xb8\x89\x8d\xa77\xb0\x03\xfc\
\x15\x81\xaf65]\xd4\xed\x08\x18j\xca=-\xed\x17\
}\x89\x9c\xa0\x1c\x7f\xce\xf7\xef\x94Nm\x12:\xfb+\
o\x1b\xfe\x8d\x03>z\xd16p\xaa\xc5\x89\xc7\x8f\xa2\
\xe4\x93\xa3C\x99\x9dCm\xd9X\xfc\xb7\xb7yW\xa2\
\x5c\xbf\xdc\xca\x03\xe23\x95{\xab\xffFX\xee\xc5\xd0\
y\xce\xb1\x92\x9c\x1f\x0c\x9d\x85\xd2<6\x22V\xd4\xc9\
)1\xf3\xebg\xabo\xb3\xfc\xb1T\xaa\xf4\xe4U\xd1\
\x93\xdf\xefV\xf2\x94B\xbau\x5c\xb7\xae\x81\xbf_e\
7\x9f\xadx\x82Qg`\x93*_\x03a\xc4\xaa$\
\x9db\x8f\x89\x91\xdf@yZ\xa43\xbd\xb3Q4,\
\xc7\xca\xca\x90\xb5\x98\xa1,?8\x82\xcc\xfd\xfe=P\
\xdcv\x0b\x808\x96\x22G\x99\x8aR\xf4rH\xa6\xdc\
-\xeaJ\x08Q\xc6\x84;\xca\x9d\x19\xae\x0b1\xa5\xc8\
\x17\xaao\xb5\xd4A\x1a\xb8T\x04\xf4.\xd2\xca\x22\xc8\
\x15\xbe\x12\xc8\xa4\x90\xb3\x95nKS\x11\xb2\x5c\x91Z\
W8\xb9\xc2\x9c\x93JcD\xfb(\x95I%\x80\xe5\
\xe5\xfd\xb1H\x1cKz\x95\x91\x8f\xac\x8e\xd9T\x1bU\
\x0dS+,\xb2\xb0\x1e\xe0\xa8.\xec\x18\x9cK\xad\x03\
<P(\x91\xfd\x1f\xba\x8d%\x88\xaafA\x1e\x86\x94\
 !\xa1D_\x83$\x19%6\xafa\xfc\x85\x96\xa6\
\xa12}\xdcv\x87\x84l\xdd|P\xaa\xf24tr\
Z\xcd\x83\x01v%B\x05\xdaD\x9c\x03_Bu\xf8\
l\xea(\x07F\x94\xf3\x22\xeaA\xe7D=\xe9\x82M\
\x1f\xec\x18\x99\x1e\x99Vc\xc40\x03;\x94\xc5h\x07\
\x19\xd0Z\xbaK#\x85e5\xf3\xf3\x0e\xd1Pcs\
%\xa2\xc5\x0a I\x5c\x968\x17T\xbeL\x18\x18O\
\x02\xfa\xc4\x93\x04\xb6\x04\xe0\x12\xd2\xdb\xa6\xa1\x1a\x08r\
Bz\xcb\x9e\x04H\x8a'\x09\xe0\xe2\xe52\xa3\x5c\x5c\
\x96\xf0\x15Tz\xbf\xd4+\x9ep\xc4!r\x93\xbd\x06\
\xe1\x8b\xa9\xd4\xd3\x5c\x02!\xe8\xe5rj\x01\x90\x0b=\
I\xf92\xc8\xb8\x97S=\xc3P7@\xd4<\xf1\xc7\
\xc8cA\xe5\xce\xcc\xfe.\x0a<\xfe>\x0b\xa0\x91'\
\xe7\x1c B&\xe7\xcd\xee\x12\x1f6\xbbK\x1a\x07\x03\
`-\xbc~>\x0b\xfd~\x96pA\xeeJ28\xc8\
.\x89\xbfAe\xa2\xb4|Z\x9cQ\xb9\x0c\x91\xc2#\
\xb6*\xde\xc3\x89\x15\xf0\xe1\xc6q!\xc5\xf1\x1f\xc5\xb2\
\x0a\xc5\xbb\x97\x1d\xc9Z\x8c\xc6G\x90\x01\x01\xf5\x02\xf7\
%G\x9dq\x06\xaa3\xb9`\xc1\x13\x8e\x91qz\xb7\
R0\xf6\x00Y\xb8\x8b \xcd)\x82\xb5^)-\x1f\
\xe7\x120\xd0\xf6xM8\xe1m5X.\xfe\x05\xc4\
\xcb\xca\xbf\xd8x\x09\xd6CV\xb9)aX\xe4.{\
\x96\x10\xa5\xefb0\x19\xf9\xc8\x83\x5cz?\x85`2\
\xb0\xeb\xfc\xfb\x90w\xa7\x7f\xcf\xf2N&$\x95\xf5\xf5\
K \xc9.\xa5X\x8f\xbb\xa4\xf4\x91W\x01*\xed;\
)\xa6Q\xf8\x1br\x1eH\xf9\xb7F\xf9yt\x9d\xbd\
\x92\xea\x19\x83\xbfO\x92\xf1\xff\x0et~\x95(\x06C\
B\xfd\x15Y{V\xfe\x82u\x02\xf0\x1b;J\xd3\xb5\
K\xbd\x7f\x1fl\xd57z\x1a\xf6\xc9\xb9\x93s\x10\xcf\
A\xb8,\x00\xcby'\x80\xb0p\x95\xdcfwy\xdf\
9)N\x92g\xe4.\xe2q\x0f\x92\x16c\x18\xc9\xae\
r\xcfA8S\x0e\xd2\x01\xf7R\x09qd\x00\x8fQ\
p\xf9\x128M$\xea\x8f<\x22\x0e\xd2A\xf1\x1a@\
\xcc\x00a\x85\xfc\xf3\x15\x00\xbd\xe4*9Y<9&\
\x0e2\xb5D\x17`aZL\x0bo\xd4lj\xe5\x5c\
zb\xac8*2rl\x1b\xcd\xc8\xc1\xf4\xe3\xe0\xdb\
\xf9\xb70\x0bq\xd6\xf8\x0c\x0c\x8b\x84\xbc)\xc9\xab\xf8\
]\x12 \xb4\xde\xbav6saGY\xd7\xce\xa6-\
l\xb7:B!\xa9\xc5,r\xa8M\xd0\xd8 ,a\
\xa9d\x801\x7f\xedk\x96\x19.\xdf\xcdCO\xc6\xe9\
\x0fD\x8cO~[D\x16\xdf\xdeD\xa4\xdc\xf4\xb6\x9f\
Cq\x02[\x9dX\x94\xec\xb1\x1d\x0d\xa2\xfa\xd8\xb9\xf3\
V\x03[G\xe5\xa7cz\x13\x921\xbd\x09a#\xea\
U\x94^2b\xfc\xf6O\xeb\xa0\x0d\xd6fTx\x8e\
\x93J\xf9h\xd1VQ\xb4\xf6 \xef\x1f\x96\xb9q\x0e\
\xa4\x1e\xb6#\xc7\xf2\xb7YE\xd8B\x93\xed\xc4\xb0\x05\
\xc3\x90&%\xf2\x1a\x5c\xd4\xaf*\xf8\xab\xcbj\xf0\xaf\
\x94J\x03\xf4\x0e\xe2s\xafI\xc3\xae/\xc6a\x8d\xad\
\xf4\xf5\x85//<\x13f\x16\x1cy\xc5\xa2C\x83\x9d\
\x00Yl\x93\xc9a\xc6\x04\xe2\xbaI\x1a\xb0\xccP\xbe\
\x8e\x08\x02\xc9\xd28\x88\xe5).A8#\xda\x81\x03\
\x8b\x1d\x12\xb0\x80\x8c\xdc\xa6\xd4\xe9).\xedr\xcf8\
\xc6\xdf9jk\x94\xa4\xa9ZRD:\xc2\xa6#\x7f\
MYc\xd7\x00a\xd6pmu\xd2\xab\x9a\xd0N\xc5\
i\xb7\xb9\xc5q\x1b\x5cf\xd2\xac@\xe6V !\xa6\
\xd5\x8a\x18\x81\xd5@/^\x85\xa0\xbd|N8\x1a\x8d\
\xa1),\x95\xd7\x0aQ$\xa4\x93\x22\x83\xc5\xd4\x9b}\
i\x88\xf0^J\x8f\xd3/\xad\xb3\x8e \xfbxh\x04\
\xd1\x7f\xf1\x05\xaf\xc0F\xc4h\x83\xcfp\x06Z\x14\xef\
\xfbI\x22\x87\xc7\xa5X\xd5`q\x0c\xfe\x8cS\xbc\xae\
T\x9cu\x15\xe5\xe4\x0d\xea(|\x11\xcb1H\xdd\xc8\
Nf9\x92\xce\x82\xf9Si\xf9\xc5\xa9\x09x\xcd\x99\
0C\x9f\xb6\x11\xacaQ\x97%\x84\xa9\xa6\xf0-\x1d\
\xc8\x05\xa8\xf7U2\xd4f\x10B\xb8I\xcai;\xa8\
q\x9b{Z\x1a4\xa8\x96n\xad\x9c\xaaI\x80\xf57\
Be\xc0\xfay\x0d\x90\xe9\xa0\xf6\x87_L\xc4\xe3\x82\
\x0e\xb4\xe1\xedM\x93p\xc3#\xb6\xb67\xe2\xa1N\xca\
\xa1\x7f\xf0\xea\xa5\xf0\xd9\x22\x07\x1d\xf2\xe7\x057\x88\x07\
i\xc2|\xd1\xfc7\xbd\xbd\xd9\x02\x98\xe3u\x88\xd5K\
\xcf!\x03\x07\xaa\xfc7\x199\xdd\xa8\xdd\x92\xac\x0e\x18\
\x1c\x7fR\xdf\xaa\xcc\x9b\x96\xae\xe1\x95\xac\xdcs\x12n\
P'\xc9B\xf7\xc6\x14\xa3e\xe2\x15N]\xe4\xe0\x1e\
u\x12-n'\x09)s\x0f e\x02/\x93\xfc\xc0\
+\xfcSX\x83\xd8I\xbcG\x1d\xd4\xb7*\xf3\xa6\xa5\
k|%\xf3_\xd4\xf8\xfa\xc6\xd79\x99Mp\xa4\x08\
\x02t\xc2\xa1|\xb5\x0e\x0eq\x93\x12w,GJ\xc0\
\x0a]\x80\x01 \xfd |t\x82p\xe6\xbbp\xb4\xe8\
 \x04j\x88\xa9\xdc\xe4\xd8\x84\x14\xe0?\xa4\xa4\xd9\x1b\
JL\xecw\x87\x94\xa7m\xb0G\xf9\xadz\xce\xd6\x98\
\xf5j\xadzN}\xb3\x1e\x82\xaac\xc8 \xdc`Q\
U\x90\x5ca\xa3\x03V\x1c\x13\xdf\x04\x9b\x0e@\xdcu\
+\x98~f\x0d\x93y\x83\x00\x9b\x8f\xcf\xbe\xcc\xfa\x98\
\xfcM8>Kt|^F\x85\x8ei|\xccc4\
\x22\xb0\x92r\x0b\x86;NWq9\xb2\xd3\x1f\xf1\xa1\
\xa8\xa4\xeeD:F\xe5\x8c\xf6 \x85\x823aB\xae\
n\xa3\xa32\xc6Q\xaa\xae\xcd\xb9,\xd2\x93\x8f\xd1(\
\x12\xb4SI\xc3\xc29\xa9\xafY:@\x1e\xaf&8\
_\xe0(\xf4.-\xd1R\x8b\xde\x16\xedj\x12\xf5\xd2\
\xe5F\xf5\x8dFu\x8dF\xbd\xf48\x91o=QS\
\xed\xcc\xeb\xf2\xa3\xdeu\xb9\x01\x06\xee\x07b&\xc5\xa9\
\xeb2\x0d\x1a{\xe2Zf\xefE4x\xe8\xebr\xc8\
\x5c\xa3\x0f$\xfc\xceV\xedb\x95\xc6\x9e\x94\xa5)\xae\
\x94\x8fX\xee\xa3N\x10\xf2RE\xaf\xbd.\x873\xe5\
\xb8Q\x9b\xfa\xdb\x09\xc4FV@UDL\xe1|\xe1\
\x13\x16\xe6\x9a\xe0;\x80W\x07bg\x02[\xf6\x85/\
\xb3\xc9\xca\x02Y\xa3P\x96\xe1\x91\xb7\x93\xb5*v,\
i2^,\xe9o'\x00NO]\xc7-\x15\x9d\xac\
k\xb0, \x05\xd3\x18\xf0/\xfc\x0e\x0fi7\x9e3\
=\x94\xc7\xa9a\xac\x8d\x1a\x09\xec)\xe1|\xf9\x07\xcc\
\xda\xf4\xc9\x04c\xb3\xa1N\xc9\xe8m\xce/\x7f\xc2\x1a\
3p\xdc$\xf8!\xe2\xb7\x8d\xe1\x9a\xfc\xe5/\xf3y\
`\xf1I\x86O\xf2\x1e\xd9\xd6\xa3\xc0\xad\xdc\x97\xd88\
Ix\xc8h\xbc\xea}\xb1`\xa9\xe3\x86~\x86\x0e\xb6\
\x09\x04\xb8\xdf\x17:\xad*\x1e:\xd4}1C\xea\xe2\
A_\xdd\x97\xd8*\x9e\xca\xf8=3B\x22\xeb\x85\xfc\
\xaa\xfb1\x00\xf0^\xbch5\xa0j\x07{\x81s\xf1\
A\xcb \x18\xdb`\x04\xa9\xdf\xa8\xc1\xb1\xcc\xce\x07\xfe\
\xe8\x03\xef\xb7r\xa4\xdf\x19\xf4\xf3\x8d\xbf\xe1\xb6\xa0\xad\
\xf6\xd3({}\xa8\x07B\xcc7^9\x06m\x81O\
6\x89\xab?\xf0\xfe\x0f\xfc\x91\x15\x89\xea:z\x1f\xa3\
\xd02\x87\xecs\x08B_D\xf0\xc3\xfe5\xc7\xf8\x8b\
\xba.\x19\xabU\xddqj!\xca\xb0i\xdeh\x85\x5c\
\xa74s\xca6\x81\xe1r\x81\xd6\x16rEZ\x93\xf5\
\xb3\xa2\xf1\x13n\xe8D\xe6j64\xd2\x7f,\xa2\x81\
J6&\xe7B3RL\xa7\xd2]\xedn\xbeo*\
\xdd\x95n+\xb4\xbd\xa8\x9c\xf2\x07\xa1\x9b\x09\x9a\xf7\xff\
\xbd\xfb\xafZ\xcdi\x19\x9b\xae\xad\xaalk\xa3,\xaf\
\x96\xbdip.\xf9\x8dn\xbcn\x89\xa7\xad\xe8\xdc\x7f\
\xed\xda\xb5\xc0\x1ej\xf1\x8d\xc0\x8en\x91bz\xed\xfe\
\xfb\xef\xb7Z|\xa3\xaekA'5G\x99/HC\
\xad\xcaO\xb4B\xea4\x0cE\x89R\x80\xa5\x87\xb9{\
\xfc\x8c>\xcc\xf3\xe3c\xffQ\x9c@~\xa6 \xe6\x0f\
\xf2\xb3\x0a}[\xd9\x0c(\x5c\xc40\x1c\xad\xa4\x02,\
=\xcc\xdd\xe3g\xf4a\x9e\x1f\x1f\xfb\x8f\xe2\x04\xf23\
\x051\x7f\x90\x9fU\x88\xb9\x86(P\xc6\xed\xeb\xb3\xfd\
\xeePN\xd4\x0f\xc2;\xad\xa5\xfc\x00\xa1\x1f\xd57\x0a\
u}\x0f\x81]\x00\xc0\x9bq\xa84>\x1a/E\xbf\
oi)\x5c\x0a\x95B%\xf9hD\x7f\xf2C\x11\xf5\
\xf1\x8f\xb6\xd4\xc7\xd9\x97WZ\x9e\xf3fhoH\x15\
J\xea\xac\xf4\x11\xce\x97\xeb\xb3cs\xbc]h\x0b+\
\x87{!1#4\xe7Q}F$u\xd5\x19\x96\xf4\
2a\x10\x04\xe0#\xc3\xc2\xd9k\x00\x084\xe2qb\
\x96'1#\x1b>\xa3o\xfb\xf5\x19\x97\x98\x8fiF\
\xc4\xc5\xa4\x88\x95\xdc\xb5d\x93\xe4\xb5@\x1d\xc0;\xb6\
\x86\x07\x09\xd8\x09\xe5\xa4\xdfd\x16-\xa3\x86\xd6\xb3T\
O8T\x8a\xfc\x03\x89\x0d\xf5/\xcav~ic\xa1\
\x10Q$\x95+\x92\xff\xe5W\x94bI\xd9L%S\
\xf9\xec\xd0:;\xd8d\x99\x80\x95T-]\x03\xedY\
6\xd5P\xf0u\x0d1]zH\xbd\xff\xe09\xbc\xc0\
+'\x1dl&\x89~r\xb9)\xecnh\x96OI\
\xdc\x86\xb1\x81\xb0j\xf6\xc0\x10\xca\xe1\x02F\xf6\x1bL\
\xaaK^*\x0a\xea\x9f=2{\x84b\xf3.\x91\x9b\
\xe0\x109T`c\xec\x94OY\x91S\xb2#\x95\x1a\
\xe4\xd2\x22w\x84\x00\x07\x80`\xa7~\x12\x9eIx@\
\xd2i\xe0\xe8\xaa\xf7\xbb\xf2Q7\xe4\xdb\xd7\xd5^\xd5\
\xb5kl\xfd\x96\xcf\xf2\xa4\xe8O&\xc0\xa3 \x9fM\
\x90F\x83`\x98\x1fd\xa8 \xa4\x01\xeeA<|\x8c\
3\xd45\x08\x86pau!\xbd\xf8\x1d\x1c\x82\xd8\xb1\
[vs\x07\xb2\x0b\xa7\xcc\x9a\x8c\xd0\x93\xf8I'&\
8\x9e\x0f\x83'\xca\xe4np\xd8\xeb\x00(\xf9\x09\x0a\
\xb7\x98\x828\x8a\x19\xf9\xa0\x1ez\xcbU\x90\x0c\x5c[\
\x80\xe4;\xf2q\x11T\x9dw\x18d\x88\x11xE\xa2\
\xd2\xcay\xc1\x92\x88vo\x90\x8e5|h\x8c\xf8w\
%<\x12:\xdf\xae\xd0\xf4Q\x0d\xdcp\x97`\x85#\
\x899\xc4?\x82/\xe9*\xf9\x92\xc8+\xa8k\xc8f\
_*\xcd\xc3\xb89\xf34|.\x13\xfd\xc2\xc09\x15\
o\x1ed7\x04u\xb0\x8b\x11\x9cP\x1a\xea\x9a\x8d\xbc\
\xde=d\xbd\xdb\xae\x22G\xb73|\x8b|\x80\xe0\x87\
\xedar>\x0c\x8c\xbc&\x11\xc4\xa8\xbc\x02-\x86\x1e\
\xe9\x84!\xc5\xe2\x0c\xdf\xd9\x9d\xea\x19\x02\xb5\xc6\x19\x22\
]\xea*\xcee\x0f\x119\xdb\x8a\xd2\x19j\xaf)\xc9\
\xa5\x86G\x0c\x10\x93\xc8U\xe5\xa3\xd45X\x8c05\
\xde\x02\x1dv\xdc\x13\xc7<\xf5\x09r\x22\xee\xf1\x06\xe5\
\x988\x0a;kada\xc4\xeb\x1f\xafc\xfc\xa9\xab\
J\xa5\xb8\xaa\x84\xd6\x15\x98\x19O\xddr\x86fmI\
y\xbf\x03\xad\xb1Dd\x8d\xcc\xd4\xba\x06\xd8H\xd7!\
\x85\xe2\xaa\xde]Uh\x8e\x948\x15\x9c9_q\x0d\
}\x12\xa9\x01\xda:\x18\xe7\xea-\x8e\xc9\xf4\x5czn\
\x147\xc3Q\xaf\xe1\xc6\xc2\x04\xa5b\xbbB\x97\xde\x0e\
(n\x0c\xe0\x86Bk\xa6 f-1U\x84\x853\
\xc1\xb4\xe2\xfapL\xd0\x918\xe5\xb8\xcdt\xf0\xa6\xb7\
\xa0\x8f}\xec\xc0\xe9VV\x84\x08\xb6\xa2\x06\xb6\x84\xe7\
\xf6\xd3]\xbaX\xff\x1e\xe1~\x1f\xb4\xf1\xc2\x85\xe67\
\x1d\x97\xb4\xd1\x15\xc55~\xa3\xdc\xd3T\xb2\xd01y\
Y\xd2\x82\x93<I\xa5\xcc\x1aJ\x16\xef\x97\x0e\xf9\xa5\
\x0a\x08;\x0a\xea2k$U\x96\xe73\xce|\x06\xa4\
I\x96$\xc9\x976\x0c\xbb\xe1\xc3\x06\xff%s\x91K\
P\x9bT\x1a\x960\x96\xa3,\xfdw\xc1P\xed\xd2\x12\
\x19\x92\x9cB-\xfc\x19o\xe1\x93\x9e\x92 \xf91\xcd\
\xa5E\xb0\xe1x\x04\x9c\xe0\x8b\xa2R\x10\xb5\x98(-\
/\xc0\x84,\x90\x1e\x8a\xe2\x82\x93\x8a\xeb\x8b\x0b\xefR\
yx\xe3\xa2\x82>4\xcc\xa5'\x22\xc6<\xf1\xf0Q\
\x89\xba\x10\x9fX\xe7\xf76\xeb<\x98\x13\x9c\x97e\x9c\
\x05R\x80_S\x91*\xba\x86g\x02\x05\xec\xa3\xeav\
\x82\xcf\x82\xc1\x8e\xa1\xa3\xce\xd0Qu\x06(\xc9\x0f\x1f\
W5<\x03\xca\xa9\xb8g\x80o\xcb\x02\x0aI\xa9T\
\xab\x11*D\xbf5\xb2\x95\xe4\x9c\xa1\xc7,2\x81v\
t\x10\x0cWA\x19#t\xf4'\xc0\xd3k\x03\x8bQ\
\xeb\xc1/\xb2N\x08e'\xfb\xad\x14\xf5\x933{\xd6\
\x22c(F#t%I2\xe4\xd9\xe6I\x81\x16|\
\xfd\x03\x881\xc3D\x13\xbaGi\xa3G\x00\x84\xc5\xed\
P\xb2L\x85\x89\xf6D\xef\x99\xba6(4\x03\xe8\x99\
\xb4I\x09my\xd2Tu\x9cz\x1c\xe8\x99\xae\xc3|\
\x89\x86=\xcb\x19\x17\xe4\xa1\xfd\xed\x98+FY\xc6\x1c\
\xea\xb9\xe7B\xcd\x13\x5c+\x14\x1f\xb1:{\xca\xa9F\
=\x91\xa2\x91^\xe4\x9e\x18\xc1%\x83\x1dY\xce\xceV\
m\xf6j@\x7f\xa3\xee\x0c\xba\xe6\xa9\xabl\xaa\x96W\
\x94\xd98m\x86{Dn\x81\xee\x0f\xdb\x95\x90\xd3\xb5\
n\xbcGHs\xf5%\xb0$c0SRi\xb8)\
O\xaaSy%%\x8f\xb2K\xe0Ez\xbf\xbe\x1c\xc0\
\xae&\x152\xa0\xe8\x0e{\x92\x92Ck\xd1\x09\xafk\
\x80W\xe8RS\x17\xb8\x840Y\x17\xd0Sw\x80\xba\
\xb7\x03\x9c\xa1\x9e\xfc\x98\x9f\x9c\x9f\xa4\xd3\xa3\x13\xc2\xb0\
\xa4}\x1eS~\x8e\x82\x0cZ\x84\x0f/\xd2\x85\xe2\xee\
$\x09\xe7\x8e{`1ay\xa7'H\x8e\x1f>~\
\xd8\x1b\x82\xc1\x8e\xa7&\x0e:\xee!Z{\x9e\xee>\
z\x04$\xcd\x11\xba\x14\xc9\xa4!\x8c\x8d\xe6\xd8.\xc3\
\x8f\xa2\x8c\xed\x1cm\xe5\xbb\xae*1U\x01YY\x91\
[t]Y\xa9n\xf1\xed\x09k7 '>\x89\x83\
3\x82\x17\xb6\x11Po\x87\xe1\xc9CT\xe2\xf2\xab\x00\
\xbd^\x05\x12~\xe0\x00\x82\xb07\xa0\xd6\xb0\x15\xf9\x97\
\xae9|7\xc6\xe8\xf8\xca\xfb\x13s\x0a\xa7y\x99R\
\x01\x9b\x87P\x84\x0d\x9fH\xf5\x10\xe8r\x9e@\x85\x1a\
G\x17\xe7(\x7f\xad\xc2<\xf5\xf2\x908\xca\xe5\xab\xd2\
\x14 O\xf6\xf5\xef\x11\xb4\x07/b\xbdt\x15\x8a\xed\
Uu\x06{\x1aT\xfe\xe9\xfc\xd3\xbcx)?\xb8\xad\
\x8bW\xd9\x87v*_\xd2N\x15\xeb-\x17\xf1\xdc\xf4\
\xdc,\x1c\xc4mZ\xbc\xe1aH\x7f\xb0\xfc\xe5\xefn\
\x13X\xe5\xbb#\x00^\x083\xe3NE\x0d\x9a\xb5U\
:\x8a\xc7\xc4\x98`\xa8\xe1\xd2\xb2\x99\xcc\xa4\x0b>'\
\xbc\x8f\x8e\xd1N_U\x96\xd7\xc0\xc395dB8\
\x13\x829p4\xfd\xa4\xbf\xe0\x03DL\xd4S\xa04\
\xcd-\x96k*\xb8\xcf\x7f \xfb\x8e1\xb2NtI\
vL(\xe9\x08+p\xd9ED?\xe6\xf1u\xd6\x8f\
\x86TF4\xa4\xd6G\x98\xbc\xf5\x5c\x02\x80\xe6$H\
\xe6T\xea\x08i\xd6(\x9f\x99\x7f \xb6|\xa6\x16\xa1\
\x8c.\xa38\xcbr\x89\xb7\xb7\xad\x91\xcbB;\x196\
\x11?D\x87\xb65\x94\xcb\x90@\xe3\xfdu7\x01\x80\
\x9f \xa5}\xa7R\xdf\xa1\x86rY~\xe6{\xf1\x91\
rbm\xddz\x99\x10\x91\xb6\xeaF[\xda\xf6\xa0\x9c\
w\xc7\x0d\xcaAC\xf1\x1a\xdeq\xe5b\x8b\xaa\xe4\xd1\
9I\x16\x87k\x86\xed\xa1\x07\xf1r\xd1\x06\x08\xe2\xd1\
wn\x8e\xc3\x07\xa7\xb04\xce\xcay.}g\xa4\xa9\
\xe0\xcd\xb7>\x17\xbd\xa5(\xcf\xc5rO\xcd\xb98\x01\
\xa7!\xed\x1d]\x83\xb3\xd1\xebd*\x85%\x9c\x91\xeb\
\xeb\xaf\xc8\x08\xf2\xf5\xef\xca\xa1\xd2\x82\x04EHKE\
\xcf\x94\xcc\x9ed\xf2n\xecy\x16\x22\xe5T#%\x8f\
\x10`\xe2\x08\x90\xc1\x8e\x89\xe1\x89\xe1\x80\xe0\x18\xe5\x12\
\x05\x06\xcd\xf0\xeb,0\x1a(r\x90\x0bq[\x09\x8e\
V\xa0\xb1q\xb7]\xdf>\xff\x99\xe8Mu\x11\xde*\
\x9a\x875k\x07\xc29!2\x8f\x9b0\xa9t\xb5\x95\
\x11?\x85\x9cN9\xe58\x1c\x1d\x91\x83 \x9b\x10\xfa\
\xc8\x00\xc4F\x0dM\x10t\xce\x16\x9ds\xbf\xcd\xd4\xaa\
\x08\x02\x00\xba-\xdb\x0d(\xc6]\xd5nQ\xea\xe4\x98\
p\x9e\x16\x93\xc7-}V\xc3Ue<\xc7\x13\xac\xf5\
\x0e\xd6J$S\xe4\x98\xc8\xb2\xb4]Eo\xca\xa6\xa8\
\x16\xd1n\xc8\x1aqQ\xaa\x18sqU\x0c\xbf\x05\xa6\
\xa6\xdd\x9c\x89\xd0\xecf\xbf\xa5*\xd1\xa6\x03io\x88\
,\x12Y\x93\xddB\x02\xad\xcc\xf3\xa4\xe0lg\xaf\xa3\
Q\x83h\xf0\xab\x9e\xb6qD\x1c\x81\x8f\x0d\xc2\x1bC\
X\x0e\x92w\xfc\x0al\xcd\x7f\xaa\xad\xcbHr\xb2<\
hx@\x89\xdcd'\xc7V\xa0\x05S\xd50\xc4}\
Wryn~n\x9e\x9c~\xe0\x18\xdcC\xebx\xca\
\xcc\xfc\x93)k\xe8\x9e\xdc\xa1\xc0]v`~Z\x89\
\xa2\xde\xef&\xe9\xe1\xe8\xaa\xf7A\xf2\x08\x1e;|\xec\
\xf0\x0c\x185\x8b \xe2\x1cwx\x00I\xe2\xc0i\x88\
\x8e\xffK*\x04\xe0\x12'\x8dx=+\x91\xbd\xfe\xaa\
\xf2\x07^\x05\x0f\xdc\x8d$a\xcb`\xf2\x8cQ\xa3\xa5\
rlB%<\x03\x8d\x5c\xad\xe0\xa0e\xb3\xc6\x09\x5c\
r\xe6\x1d3\xf5\xab\x83\x0e6!\xa5<e\xac\xe9\x03\
O\x05\xd6\x80=\x96\x15\xee\x81\x91\x81\x91#p\x84\x1d\
\x16\xf0\xa1)p\xceO\xc1N\x98\xd2\xd3p\x8c\xd3\x09\
\x1dpA_V\xfe\x9a+@\x1fE7\xf7).\xaf\
\xc3\x91\x94\x5c\x1e\x86\xc9\x1d\xe6)\x86\x19\xe2\xc4M*\
\xc1\xde\xe9M<\x07mx\xbf\x92\x1e\x1eA\xdb:\xd8\
\xac\xc6\xc8r\xb5\xae\xac\xd6]\xe4Kq\xc0\x84P$\
F\x81N\x15,\xa6\xe3q\xeeQ\x99\x11ws\xda\xa6\
\xd4,\xcc\x1a\xe4\x85\xeeL\x96Nr\xf2\x99\xb4\xc9\x89\
\xa2\x92\xd5\xe6\xc0\x17\x0ctE\x12\x130\xde\x0e\x0c\xb8\
\x82\xc7^7\x10\x07.i\xaa\xa8\xaa\xc4e\x92;c\
\x80\xdd\xf7\xac\xd0\xc9\xc1>\xdc\xec\xb2\xc3\xa9\x7f\x8a\x8b\
\x9el\xa6\x99l&K\xb6&\x06V\xc98\xf8\x0f\xc9\
\xb8\x15\xd0\x9a\x15\x83=-\xa7\x15\x92\xb1\x19.\xbbI\
\x91\xa2L\x94U\x95\xd0\xba\x8a[\x8d\xd5^H\xd9\xa9\
x{\x99p\x11\x12<\x1fAR\x10\x8b|\x12\xd3>\
\xf0\x04\x0a\x0fc\xd0:\xfc\x09\xae\x0d\xd3@W\x82\xd8\
 \xf2O3\x9cD\x01'\xac\xf9Y\x0c\x04\xc9\xa65\
\xe56[\x85l\xc6U\x95\xd3\xe8\xfd\xf4r\x06t\x97\
\x0ci07\xca\xc8\xdf@\x97\xbcm\xca\x0f\xb4\x8dt\
8\x1a\xb1\x0aB\xd3\x15kBx\xebG;\xd7\xbb\xc2\
\xc8$\xeb\xc7\xf6\xdb\x9b.\xed\xcf\xeeO\x84\xb5\x1b\x85\
\xa6\xae9\xfb\x9c\xbd\xe1#\xe4\xb1\x84\xfbw\xe3a\x8e\
\xc7s\x89V\xebg\x03>\xb1\xbe\x877\xd3;\xb1\xf4\
\xbc\xf6N\x00\xf6T}\x1f\x11+\xf9\xe5\x9e\x5cT\x1f\
\x91\xd9\xf6\xfd\x0f\xd6Q\xa6\x07;6\xddO\xf4\xdc\xc5\
\x98\x1a\xda\xd1\xa3\xd5\xdeJ\xef\x91#\x16\xc6f\x0b\x14\
=\xf2v\x98\xf7\xfe\xa3k\xe2\x1a8\x92\xa4\xdc\x17\xe9\
\xf4$s\xb3uP\xb3\x85\xefpP\xb5u\x1aXy\
h\x17\x8c\xd4\x07g634j\xa1\xdc\xcf\xabO\xd4\
 \xf8\xd4j\x08\x82fQ\xb6{nR\xa4-\xc1\x0d\
\xa16\x16\xf2\xde\xff\xa0\xc9\x05\xe1\xfd\x0f\xde(x\xff\
\xd1\x05\xa3\x13\xe2\xaf\xe5\x5c\x8a\xb9\xb9Q\x8b3\xca\x8d\
\xa7\xab5\xa3k\x1d\xe4\xae\x94\xb8-y#\xc1\xc2\x19\
\x9a\x9c\x9d\xb2t\x8b\xe4'\xc9P\x22u\xa7\x02\x95x\
#\xeaT\x0cI\xc6O\xc2\xbct\x80\xd3S)\x5c\x5c\
\xcb\xe3\x17i %\xdd\xfc\xa8\x98\xb3\x04\x7f\x9fzC\
\xddM\xf2\x10\xac\xc3>\xabI\x001M\x044G\xf4\
\xa3\xe4\xa1\xed\xb3\xfc\x09G\xec,\x08\x048\x92\xb2`\
\xb0\xf2P\xd9\xc3\x0bN\xe7\xa9\xd4\xcf\xca/:\xb3K\
\x96i\x01\x06\x0d\xa9\x8bi:\x82\xcb\x7f\x0d\x83^\xeb\
\xfb\xa0#\xf5\xcew\x01\x86\x1bP1[\xcc\x12S\xd8\
\x1a\x05l\x08.\xbb\xf8l4n@\x1bmw\x94\xdd\
\xb5N\xa3'\xd7G\x92\xc3I\xd7\x95\x88Y\x87\xcb\xde\
z\xb2d\x807\x985XR\xb4\x0e\xf3\xaad\xab\x81\
Z\x82\xb8\x0f\xcd\xaf\xaf\x03\xb4\x96\xef\x87xIb^\
\xa3n\x96W\x16|KZ\xf9\xf2\xd7\xe1\xec\xe8`\xad\
f\xf3vk\x07\xb5Sm*m\x5cH\xe9MG?\
YP%\xa4\x02%\x97\x03MTp\x12\xa5\x82\x96f\
\xb7\xef\x9e\xc6\xd5\xc3\x93\xb3\xaee\xac.\xbc\x19\xe1U\
4\x18\x94\xd1\xd0\x01\x9e\x5c\xf5\x94\xa4\xf1\xa8\xbc*\xcd\
\xd5S\xdb\x0d8Rx&\x9c\xb9\xd1\xf4\xa8\xe5k\x85\
|?\xf4\x0a\x22\x99Os\x0a\xe7\xe1\xbaB\x83_g\
\xc1\xeb\xccM\x89A\xbdzp\x88\xd5\xb9`\xae\x0a\x9a\
V\xa1\xca\xe4\xb2\xb1.\xd4\xea\x90\x0b\x8eV\xd6\xfcl\
\xc6\xd2\xdf\xe1s\xb6=+k2\xb8\xb2\x0a\x81\x1f\xe1\
o\x9a\xab\x0b7Y\x81\xbb\x5c\xbb\xaad\xad\xc4\xd3\xc6\
\xf324*\xe6\xcd\x95U\xc8\x1b\xc3\x1e\x98^\x11Z\
6\x0d\x05V\x95\xd4\x9e\xbe/\xe5\x93\x9a\xeb\x92\xa1Q\
\xcc6\x92Q<\x19\x14\xf1N\xab\x8b\xc5\x94oE`\
\xa2Lc-\x03\xd7uO\xc1\x10',^\x22\xae.\
P!y\x038\xe9\xc9\xb9)K?\x84\x9b\x16En\
\xb1\xcc\x91\xd7\x19=1\xbc&|\xab\xcb/\xb7\xf4\x86\
\xf5\xadV\x18\xc06\xad.^\x5cP\xd4\xac\x06Qo\
u\x81(U\xc8B\xc6\xeaj-\xbbD\xc3\xd5\xda\xbe\
\xd5\xc5\xb2\xab\xe1\x898\xfb\x03\xb9\xb2\x86\x1a\x9f\x88k\
\xe5T\x9dU\x15\xedD\x0c\xa7WE<\x11\xa1[Z\
f\x8d\xb6M\xa7\xc2\x13\xb1C\xf6\xfe\xefN\xc46\x9f\
\x88}\xcd\xf2\xd5\xcb)\xbf\xdf\x9ec\xff\x9b\xfa\x1fU\
\xa2c]\xb4\xc6\xe4\xb2\xdf.\xa3\x18t\x9b\xf3\x83{\
\xd7\xf6h\xbc\xe5\xf5\xb1+\x9d\xa3G-\x1d\x883N\
M\xd9\x06\xebj\x1b\xa3-r|\xeb*\xac\xc5U\xd2\
 \xb3:2\xc8q\x8f\x1e1\x00\x9d\x0aY\xda\x01\xda\
\xd4\xb9\xca\xf1\x048\x86\xab0\xbeT\x9aQ\x068`\
G\x8eZ-\x017\x93\xcb\x85\x9a1\x93\xa0\x1d.\x9b\
\x84\x15+o\x07\xe7\x85N\x90\x89\x1cr\xb2\xb6'1\
\xa4\x7f\x9a\xcb\x1d`\xf4\x87p\x00\xb8\x0a\xba\x14UX\
\x22\xb7\xd9vec\xe6\xda49\xa2\xbb\xc1\xe1\x83%\
\x1c\x0fW\xb97\xd2s\xe0\xe8* \x19r\xc8= \
\xfb{\xefLe}\xf6i\xe5\x18\xb2TBT\x22%\
\xb7\x87\x0d\x03\xe0\x95\xf9\xe9,\xd8\xac\xb3\x14\xea^%\
N\xed\xccDf\x82\x9d\x0770S\xfc\x06\x1a\xca\x95\
spE%;\xea\x1a\xd8\xd8o\xf2\x95U~_\x8e\
\xe1:\xe2p\x11\x0b6V\xf9\x05p\xcd\xae\xab\xc4m\
\xb9\x00\x8e\x1e\xa6LI\x82X\xcd\x82\xe7U\xf9+u\
\x8c\xc2\x0d\xc3\xd9F\xe8\x8crd&\x1cwi\x13\xe0\
\x83\x1aC\x5cH:\xcf\x06;\x84md\xeb\xda\x86\xa6\
\x02\xd38l\xa69\xc4j\xe5>\xb9\xc3me#H\
0\xcby\x13V\xf1J\xd6HiN.7cE\x07\
;\xdb\x0d\x19\xdb\x22\x7f\x07\x1d^8W*\xae,@\
/\x8d\xb9\xcd\xc9\xe5a\x11\x85\x1d\x1d,a\xb6A\xf8\
\x1c\x0dR\xa3\xf2\xc8\xe6\x00\xdfV\x1fI\x84\xe5\xf2\x0c\
\xb64\x15`\x84F\x13x\x9d\xe0\xd2\xcd'\x88\x8c\x09\
I\xe5-\x9eG6\x89\x06\xf9\x91\xc4\x86r\xccZE\
\xe7\xba\x9b\x02\x00\xd5\x18T'0\x82M\xa3\xe5b\x05\
\xe7\xb8\xe2\xb4\xb7\xe6\xe5\xd6\xbc\x07D\xf5]\xa5\xe5A\
\x0a\x0d\xba\x04\x19\xbfeD\xb7\x9d\xe7\xf2\xbb\xb0?\x06\
;zE\xaf\xc0\xbf\xe0\xeb\xf2\xddA./%\xf1\xeb\
\x83\xc6\xcb\xf41\xef\x0b\xa2\xd7\x11\xbd\x98\x06&\xff\x9c\
7\x9eO\xbf\x07\xbf\xacZ2H\xd1b\xde\xf7O\x8b\
\xd3\x02\xff\xc2,\xb2\xbb \xfb\x0c\xcb\xdde\xfc\xfa\xbc\
\xf12}\xcc\xfb\x828\xcd\xdb\xa2\xf5\xaa\xd9\xf8\x8a\x09\
9\xf8\xa1Q!\xdch\x8a\x8c\x06\xaci\xb4\xf3\x9b\x81\
\x80;MQ\xc0\xdd\x0bM!\xcd\x9d\xbdvS9\xb6\
\xb7)\x80\xb7s\xc1n\x8e_\xbeWbX(P\x8b\
\xfa\x90\x17\x0c\x881#\x817\xf881`\x12\x03\x85\
\x02\xa8\x9c\x91\xbf>\xa3A-\xeaC^0 \x86\x0f\
!\x83\x00\xe9\xeb\x00j\xb0\xfa \x86\x1d\xf7\xa5\xf6\x1e\
\xe6\x0f$\xda\xcb\xf6\xbc\xd4\xde\xb3\xa2\xaf\xdd\xe8\x85@\
\xc7\xd9\xa5P\x04\x167\x07\x9a\xbf?\x062\x7f]\xd5\
)\xd0\xbc\xd0G\xd0K\xed\xcd\x0fy`+\xd3C\x96\
\xda\x1d\xb8\xed\xcf\x1a\xe9\x8b\x1c\x89\x1e\x22(a\xb1=\
\x19.\xfd-\xf8\x03r9\x9fc\x9d9xJ\xd5\xb7\
\xf0%\xf4\x1a\x1f\x9bH\x0f\xe9\x00\xa7%\x96\xdb\x81\x13\
\x95\xd2\xfa<\xb5\xb03\xc1\x09d\xdb\xd5\x05\xd0\x81\x0b\
!\x96\x161J\x16\x11\x86i|\xde2qOvA\
\x1c\x81\x1c\xee\x9d\x9cqm\xd4l\x82\x17\x19\x87\xaf\x8c\
\xf3\x17\x11\xb4\x1f!V\x8eryU>\x04\xe2\xa7/\
Id\xfc\x89E?\x81.\x84\x08\xb0x1\xa2\x14\xba\
(&\x81\xac$\x10\xf8\xea\xa9\xfc\xbe\xf8\x13\x8c\xb5\x82\
\xa1;\xf1\xdf-\xba~\xdd\xc2\x00\xec\x1eR\x89,\x15\
#\xa4k\x9d\x83\x1dC\xf4\x88\xebJ\x1c\x5cW\xe9\xfe\
7\x80,\xf2&\xdcco\x02\xe4\x95\xb7^\xd2\xca\xe9\
i\xc2\x0e\x95\xf44\xe5\x9c\xea\xf0\xfd\xd6X.\x97\x95\
YD\x18\x8a\x8cIJ\xce\xb7\xfe\xd7\xff\xfd\xc7,f\
L\x92q\xbd\x13bB\x8c\x17\x8b\x13\xce\xb5\xca\xb0U\
\x9c +\xd763\xef(\xbc\xf40\xa7\x19\xbf\xe1\xa8\
\x83\x8f\x93\x95\xc6\x8dPb\xe7'\xd3\xf6\x96\xa9Gs\
?\x99\xd0\xe6\x94l\xceL\xc42Pp\xe8\xfd\xb4h\
\xb5\x97\xa3\x82\xe59\x12\x84@\xde\xeb\x17\xf0\x0283\
93j-\xc0U\xf3(\x98\x09\x8eEG\x0c$e\
\xad\x91\xba/;q]\xddq\xaf3\x80\x15b\x1fq\
\xa0\xba\xf3\xa7s\xf6\x96\xe5\xb7\xa4\xff4a\x98\xc2\x8a\
f\xce\x9a\x81\x5c@\xef\xcfm\xfa\x808\x87e\xbc\xf1\
*\xc4S\xca\xcb\xfe\xf0\xe8\xb0\xb4\x5c_\xa1D\x89#\
dw\xb9l\x1e\xdb\x8d\x22\xd0\xdc9\x91\xef\xb32\xb0\
\xeb2\x22C)\xafK\x96;\xdeo1q\x1d.+\
f2\x93l\x86Nf\xd1\x22\x0c\x17\x1a\xd5\x84bx\
\xc8\xd0\x17\x8b\xf8%\xc51\x80o\x8fKi\x95PF\
\xd9\x04m\x8d)\xaf%\xe9C\x16\x85)z\xc39:\
\xae\xb1\xda\x9c\x99g\xac)\x7fT&\xe1|c\xb0\xfe\
\xccS\x96V,G\xb3\x9a\xbf\xc1I\x9f\xb0\x98dA\
YV\xb6\xa5z\xa60^\xc3}j\xd8\xd2(q\x92\
\xb8a\x95\xc2\xba\x9d\x13s\x84.\xce\xbb\xbe\x87\xec,\
\xc8\xbbp\x22mi\xa4\xed\xec\xa8Vu\x9d\xa7f\xf0\
\x8bS\x94\x8cl\xa9\xfc\x05\xe04[\xcc\xc8\xa0\xa6\x9b\
*V\xf6\xa6B\x02\x93_\xee\x1fgcwB-W\
``r\xdc\xfe\xace\x22\xa4\xaf\xe1\x13e\xdc\x99|\
\xee\xe2\x94U\xcc\x98\xc1\xad\x9d\xca@\xb7\x94G\xa7\x86\
\x9c\x5c\x98d\xa7/o\xb9\x22\xddW\xc0ccJL\
\xc1\xfbS\xceR\xc1r\x17\xb9\x05\x06\xf0\xe2MI?\
\x89\xed\xf3Z?\xc5\xa1\xb0\xca\x9c\x9e\x90s\xd0?%\
\x91h-\xb5\x1e,\x8eI\xc6\xf6q\xeb\xf1b\xb0F\
v\xc5\x9c7\x94\xcf\xccX\x1aKo|\xd4\xc0x?\
\x946\x00\xcay\xd2\xe9l\xf0F\xe4\xd0\x9c\x01\x00?\
>\xa9/3\xce3\xc3\xf8\xc5\x0c\x11\x9a\xdc\xd4t\x1e\
\x10\xcd\xfe\x8c\xa5o9\x93\xe3dD\x85\x94\x8bC\xbc\
\x90V\x95\x81\xcc{B\x86\xd6\xd9\xdc\x09\x8b\x82\xfe\xbd\
?'\xb3\x1a\xee\xcf\x19~\xca\xca\xf0z\xa1\xecq}\
^8\xee\xd4\xa2\xc58{\x96\xa28\xb08L:+\
7\x8ca\x89\xa6\x81\xcf\x14\x1d7\xbb\xc8M\xa5\xa14\
\xa8.\x8b\xceT\xbf\x95\xc9q4\xb42\xe6A\xe4u\
a\xc9\xa2i\x95\x903RU*\xf4Y\xeeL\xdfp\
\x22#\xe0\xa1\xacS\x8f\x93\x0fe\x1b\x86\x90\xc0\xbf\xe3\
>\x0b\xa7\xd7\x81l\x7fF\x0c\x0b\xe1I\x85\xa7\xd3\xc3\
3s\xc7-\xbd\xfb\x089\xb0\xaa\xe2\xe0a\x88\xe7\x9e\
\x1e\x1e~z\xce\xe0<\xa00t(x?z3\xd1\
7c\x8b)Xs:h]f\x1f\x09\x1a\xf1\xc5\xac\
\xf0~\xb9OH\xe8\x1cN\x03J\xa5\xc6\x0d$\x0fw\
i8!2\xb0;\xd6\xd5\x19!\x13~\x08\x0a\xcf\xe5\
T\xe5ui\x06\xd7\xb9:\xfd\xe3bJ\xcc,\x09\xcb\
=>73\x9c~\xda2\xcfw\xe8\x8dFD\x84\x9d\
\x9b>>3s\x5cm\xfb\x9b\x88\xeaR\xa2\x82\xd7\x8c\
\xe3\x8e/z\x8f\x15\xa2oX\xe0GE\x96|F:\
\x9arxi&1%@\xber@Z\x96|~\xa0\
\x94\xb9\xfd\xc6}\xbe\x91\xbd7A\x11\xb23\xa4\xb4\x7f\
\xd2n\xaa\x09\xf7\xdb\xcd\xe8\xadB\xc7\x01\xcf\xbe4d\
G\x0e.\xaec\xaat\x16\xed\xa6\xe9\xb0\x9f\x5c\x8af\
\xa3XD\x18\xd2\x19Rp\x01\xeb\xed\xa6\x0a\xe7\xd75\
\x18\xce.HX\x94\xeb\xba?1\xac\x9d>\x14p\x5c\
\xcfH\x8e\xf6\x0a\xef\x98\x1eV\x93C({5\xbfp\
\x93\xec\xe3\xd4\x12\x9bg=r\x87\xb4\xd1\xa5\x91)\x1e\
\x8d.\xaa3\xf2\xdevC\x85F\xacp\x13\xa8/\xfe\
\x02\x80\x15\xfd\x1d\x8a\xb2\xda\x96\xc2'@\x04:\xc4@\
\x87\xf5g\x07\x1e\x86\xa0\x8e\xcb\xdc\xa9h\xd6\xa4\xfe\xe6\
\x96\xb4\xc5\xe6\x96\xb4\xe6\xd6\x0f\xb5\x89\x1aX\xf1b\xed\
\xdb\xbf\x1fc\xdf2T\x8e\xe9\xd0\xac\xddb\xb1\xf6j\
x\x01\x10\xa3E\xb5\x9b>W\xc8\x09\xe7\xad\xb7\xfdf\
\x0fkY\xdd\x8aM\x1eq?D_\x92\x8b[5\x1b\
\xed\xee\xc8\x96\xccF\xe4%\x15\xde`\xac6\xff\x86|\
\xd65\x8e\xd0E;\xb4'\xd4\xad\xee\xae\xee\xb6\xeaO\
I\xfd\x8d\xe1T\xe0\x1bu\xb7G\xfd\xd9\xf0\xbeQ\xe1\
o\x04\xe7\xa4\xbe\xe3\xc1\xa9\xc27\xea\xba\x1f\xea/*\
\xc7\xadi\x96\xe9/\x87q\xbbaN\x14|(\xe3\xd4\
t\x7f\x85\xf3b\xf4\x97\x04/my\xdf\xa8\xdf<\x0d\
\x08^\x1f\x0d\xbcv\x084&x}0s\xd5\xa1\xa6\
\x5c\x1e\xca\x12\xb7\x06\xc64\xf9\x8dH\xfc1\xd4\x91\x08\
|$\xd0\x91H\x8c$.\xc0\xf5\xefAP\xcd$\xfa\
M\xe7\x07\xe7\x07\xc9(\xab \xa1\x9d\xeaC\xb6 0\
\x8b\x9b\xf4\xce\xa0\xf7\x1f\x01\x19\xc3K\xaf\x81I\xd3{\
\x1eaHC\xb6\xb2\xf7\x18\xefq\xf3d\xbc\xdc\x95$\
|H\xa7\x22\x9f\x87\x09\xd4\x16\xbd3\xef\xfdG\xa8\xcd\
\xf0\xd2\x1e8\xd5\xa3\x08\x91(\x9e\xb2H\xf2/\xd21\
\xe4\x1a\x8c\x01\xe1(\xfb\xbc\xb1Hk\x16\xb2\xfa\x0c\x06\
\x9c\xc0:\x07\x14\x0ba\xd1:\xbcQ\x99\x83\xb1\x9ec\
\xa4\x8eF\x0c\x06&1_\x14L\xfe(\x80\xfc\x91\xd0\
\xf8#\xf1\x08\xb8\xedjF\xa4VD\xe22p\x0d\x16\
\x0at\x7f\xc8\xd9\x18\xc1r\x08]\x1f\xc0\x1d\xc8%x\
H\xb6\x0dv\x8cL\x8fL+\xdc\x15\x0e\x87\xda\xa1\xc2\
\xa1\x90yb\xb0\xa35\x13\x5c(b<\xa6\xcd\x004\
z\xc3\x87\xd4\x09\x9e\x16\xa46@P\x0a\x05\xfe\x8fe\
\x1e^\xc9\xc1\xbb9\x86\x09\xd1\x5c\xf3\xc1\x98\x865e\
\xb4\xd7\x18\xff\xab\xea\xf0\xd5h\xff\xcc`\xd0Q\xf6\xb1\
\xa8\xae*{\xd9j\xc9gJ\xee\xa2P\xe4\x18\xfe\xc2\
O\xb6\xdc\x96~&\xcd'\xc3\x91I\xf2\xb6\xfc\xb2\xbd\
q\xea\xae&\x0c\xd6\x9fd2\x0b\xc5\x03Q\x9f%B\
\xf3L\x02c\x22PV\xc6 8\xfdr\x04\x92\x90'\
\xd6\xd7\xbf]Z>\xf8\xef\x0e\x01\xd74\x14\xfb\x08#\
\xea/\xd4\xd1)\xf9o\x0e\x125\xc1\xcb\x0a\x09\xf8\x15\
E\x09\xf0\x8a\x02\xb0\xb8\x9cJ=\x93~\xc6\x9b\xaa\xbb\
\xca\x92I\xf1\x1eX\xa4Xz\xafL>3\xe7<3\
\x87\x1f\xc5b\x87\xa2\xe5\xd6\xb5\xeer\xcf\x12\x9d\xb2\xf8\
M\x06\xc98F\x93\xbf[\xc9\x15\x87\x1c\x97G\x0f\xe1\
w\xa5\x1f\xf0\x84|\xa5\xe7(l\xf0\xb9\x01B\xae\xb8\
\x0e\xa0\xc6 \x95\xee\xe0\xf0\xd2)&\x14\x06\xcd\x01l\
\xb7\xd2^\x8a\x12ggiyz\x81\x16\x8a\xeb}v\
frjbB\x06\xd9\x92M\xbdJ\x1c\xdb#$H\
\xae\x03\x0e\xf4U\x85\xe6p\x85\x96\xe5a\xb9\xe0[\x1f\
\xc2a\x0e\xe0P\xcaA(\xcd\xc0\xad\xba\xd5\xbb\xd9\x80\
\xb7\xaa\xf2\xb0\xab\x14\xd6=\xca%$eV\xb5O\xb2\
9\xdb\xd0P\x22\x0c\xfd\x0a\xe5\xb8v\x93\x05s\x92J\
L+\xedf\x9e\x11\xb0XV\xdd\xca\xdd\xd6\x18\xd2\xc9\
\x16\x03\xac$\xde\x9c\x8d\x8d\xc1e(\x0e\xd7j%\x1b\
\x8f\x19i1\x1e1\x128\x97\xc3\x93,k:\x15?\
\x84\x94\xca\xa2\xf1'\xd0\xea\xf4Z#\xe5\xd6V^\xf5\
\x1d\xc00\x92,\x1d\x05\xc0\xb1\xa3D\xb4\xb1\x1bN\xb0\
r\xca\xbf\xb4vC\xc3\x92\xcbG\x0d?;\xe1\xa4_\
S\xb8\xeaW4\xdc\xcc-\xfey\x82(\x08\xb0\xb4\xe8\
\x0c\xffd\x03\xec\x02\xe0\x7fQ\xc8\x06\xc14\xea5N\
\x0a\x02\xcd;37<\x93\x9eJO\x0d\x8e\x0f\x08g\
@\x0c\x82\x11-\x0d\x17\xcb4\xfb\xd4+\xe5\x9e\x0c\x9d\
\xe5\x84\x99\x92,\xd5*\xfa\xba\x06\xe99)\x7f\xcat\
3Z\xb8\x85\x81\x81\x81\xba\xc4q\xd1|\xd7\x01\xf2\x81\
\x85\x85\x85\x01?\xb9\xb3\xfa\xb4\x0fj*Y\xe2\xe4\x07\
\x8d\x05\xa6\xc3\x1dR)r\xc5;G\x16\x8e.\xc8\xcb\
\x87\xbe\x98l\xe3\xf4B\x0aD\xd7ha\x00A\xa6(\
|;\xd4:\xc6\x9aIq\x95s\x06\x8e\x0c\x1cmJ\
\xd5\x9033\x17\xa3\x93R\x1e\xf5~\xc0\xca\x99\xce\x00\
\x15\x02a\xd6\xba\x90\x5c\x0b\xbb\x90W\xa5\x19\x8f\x86\xe3\
\x00\xe3\xda\xd0\xc0\x1f\xd13\xae\xa8 \x06\xbc\xc7\xd6%\
\x8b\xd8\x14\xe2\xcf\x96c\x5c\x87\xf83\xa4\xaa\x13\x05/\
\xd0dZ7\xb5^\xf9\xa5\x11C=&\xe5\xb8\x02<\
\x09\xd7\xf0\x00\xbaFj/\xbc<\x0d\x1f\x9b\xe6\xab\x93\
Ra\x90\x00\xb9\xd5e(n3\x22\xb5\x22\x12\xef\xb8\
\xdb\xd6x\xeb\xf3\xed\x0d\x17\xbf]Y\x8c\x03h\xcd\xf7\
\xb5\x1b\x02\xb6\xcd\xc3\xbc/J\xfbgH\x99H(\xd1\
k\xa9\xcdi)x8\xef\x87G\xc5\xa8 \x02\x8d[\
Jc\xb8\xa9\x0c\x18\xfa~\xa1\xac\x92\x9de\xb6\xb3l\
\xd3a[\xaa\xd6Mr}R8\x93\x824\xb2.\xa5\
\xf9XJnXt\xc7d\xf3\xb0\xeb\xa3\x8d\x0f\xf1\x8d\
vu\xd1\x09\xd1G\x05\xdfc\x112\xc4\x0a\x84\xcea\
\x92\x9b\xb2\x0f\xac*\x83\xc0*3\xd7\xa3\xba\xbc\xc6\xac\
n\xba\x86!\x857\x92(*\x86At\xa5\x8fQ\xf8\
\xdf\xdd\xca\xb2\xb5\x8b \x0bg\x8e\xd1\x18\xed\x84\xfb\xf9\
\x0e\xb5$\x1d\xea\xd1\x94\x83\xff\x18\x161\x90\xee\xc3t\
hb\xec\x05\xbb\xe01\x94\xa5w\xcc\xc2[\x17q\x0c\
Q\x03\xd3\x10!vY\xdd\xbf_\xe5\xf8\x82\xde\x09\xcb\
\x00\x1f\xcf\x9b\xa8j\x06\xbe\x1a\x8dsql\x86B\xa8\
v\x80\xdd\xa3\xdcc\xaa\x83\xc7@A<.\x8e\x8bc\
\xa0@\xfa\xd5JV6\xb5\x02\x8aY\x0c\x13\x82\xf5\x0d\
u\x87\xb8e\xc6%\x16\xc6\x94\xbe\xb0\xaalx7Q\
\x9b/\xd1\xb8w\xf0\xe5\xca\xf4\xeb\xd2 f\xb0\xccq\
\x14\xa6\x22Mb\x88\xc0\x99\xc3t\x8f|\x8d\xa7I\xfe\
\xc61\x0a:\xf5\xa6p\x0e\x9a<C\x91\xa9\xb6\x0a/\
\xb7\xe1\xba\xb8\xa6A\xbe\xe5\xdbp\xe9ZQ\x1d0k\
L\x08\xe1\xbd6F\xea\x0fkv$L\xb20;Y\
\xb6\x91(\x9ec\x8cC}c\x02k\xc4'\x85I\xa3\
k\x10\x18\xa1\xe3\xcbu\xd0\xfc-\x1d/\xaf\xcc&\xab\
`xX\x05\x01\xb4\x0a\xca\xeb*\x04%K\x9b(\xa1\
>\x03\xf3\x0fp$\xecf\x9e3\xa3\x06\x80\xbfp\x1b\
\xbc\x03\xcf\xc7;\x90L\x08\x82A\x92\xf4Q\x1c9]\
s\x89\x03j\x06^,\xb2wy\x1bHO\x85\x17\x84\
\x8aZ\x8e\xe3P\xdb%\xfc\xc6(\xfb\x1d\x93p\x0d\xb0\
\x14\x9d;\xbcM\x9a\xe9'X\x80\xd1\xedi\x5c@\xb8\
\x0c%\xceO\xe8U\x9a\xd3\x09\xc6\x01\xd4\x00\xc2\x7f\x95\
0\xfc\xb1\xb3\x0dn\xdbD;iF\xe5a\xad?\xe8\
<%z\x82\x88#\xa1\xced\xf2T\xa3\xdd\x97\x0f\x88\
\xfa\xc7\x07\x1fG\xc6\xe9D\x93QG\xcc\xf3! \xcd\
\xcf9}\xfd\xc8\xd5\xa0]\x19\x17V\xbeu\x90\xc6y\
\x99\xc5\x97d\xa7:\xcaa\xbc7\xf8\xae\x8c\xbd\x08\xde\
\x95e\x13\x8e\xc2\x03\x8e\x92\xc4C\x01\xa8\xc8W$\x8f\
\x22F\xc5\x0a\xa0#\xc9\x8d\xe7\xc6\xf9\xb2\x09\xc6\x03\xdc\
\xe9\x1a\x9dK!/g\xd2\xc3\xc3\xe9L:3\x98\x1d\
\x10\xdeew<=\xe5\xa4\xa7\x86g2s\xa6H\xc1\
\x0br\xa3\xeb\xb3\x01\x1b\xa8\xc2\xe1\x0c\x8bB\xd1\x17(\
\x16\x00\xebbG\x96\xee\x87\xee\x9b\xbf\xc7<\x0e\xf5,\
\x09xh\xe8\x91\xe4\xf1\xd5c\xee(\xcf\x1dOJ\xbd\
)30\xa6M\x04g\xb2\x1e\xa8N\xeb+\x93b\x9e\
\xed\xa4\xad\x8cn\xc9\x80\x05!+\x07xx8\x936\
\xf9;\xd0b\x10hMS\x8b\xc1\x19H\x92L.\x9f\
\x04\x10\xd7\x93\x84\xcd\x0f\xf47\xaf%\x11\xe9\xf6 \x97\
V9\xd5+\x9e\x10O\xc0\x17z\xe1\xa3\x07\xb9\x94\x1f\
\x96\xc5A\xe3\xe5^\xf8\xe0\x13\xc2y\x02\x92\x22\xcb\xa9\
\x83\xc6\xf3\xe8\xf9\xf0K\xea\x97O\xc27N\x8b3\xe2\
\x0c|\xe14|\xf4$\x97{\x88\x9a\xe7\xa4\xf1\xf2i\
\xf8\xe0\x19\x99\xaf\xfa\xb6\x7f\x5cy\xdb\xb7\xe5\xfd\xd3\xe1\
\xcd\x8d(\xad+:|A\xd5n\xc0J!f\x0dO\
\xc8\x1cH`\x0d\xdf\xa1\xd0*\xa5\xc2\xe8\x1a\x88\x8c\x1b\
\x908U\x91\xe3W\xe9\xfc\xe9j\xe7\x07-77L\
\xf6\xb1\x15\xb8\xdc\xdd\x84\xcb\xddM\xc5o\x8b\xbe\x1a\xef\
W\xa4\x83\xe9\x06\x85[\x8d\x80\xb8\x18\xe1\xd3\x82\xb8\xec\
r3N\xe5m\x7fN \x8dd\xac\x85\xc5\xb2J\x9b\
\x8e\xa6\xd4\xa8\x11\xc6\xca\x18\x99\xdd\xa5\x01~L'\x88\
\x90\xbe\xafk\xb78\xf1\x05\x17\x97\x8c\x94\xae\xdc\xfb\xc7\
\x96[\xed\xfe\xb0\x95a52\xc9\xbf\x8d8\xbc\xf5\xd0\
x\x9d\xea\x8f\xb7\xc7\xb5\xa18\xd0\xff\x99\xcd~3\x14\
\xbf\xd4\x9e).\xabIl\x7f\x86\x8c\xae\xdd\xffYF\
\xf0\xa2\x13\xbf\x13\xa2\xa5e0\xfc\x1a\xe8Xpc\xa9\
\xbe\xa1\xfa\x06\xab\xd6\x7fZs\xf5\x86\x1e\xb1*\x08\xe1\
\xf9\xbf\xfdI\xabA\xaf\xbe\xd2\xc0\x8d\xea\x5c\xbel\xc5\
1d8\xff\xe2\xbf[>\x97\xaal\xc76b\xf6U\
\xed\xac\xb0\xddKu\xc6q\xb3Y\x9fa\xbcjF\xfb\
\x0b\xe7#\x09\x93\x17\xdb\xf0r\xc9\xa1\xfb\xe4\x97\xa5\x96\
\xbd\x8dY\xc4M\x0f\x5c\x11^\x99\xc0\xcf=\xf7\x9c\xe5\
n\x15\xfb\xb7\xdf^\xcd\xf4\xe4A{~U\xc1\x1b\xdf\
D\x10\x0c\xd3X\xadM\xd4~\x02p4V\x97Jl\
\xac\x9e\xfe\x90\x15*\xb4\xb6^\x14\xec\xf478\xac\x99\
l\x93\x84\x86:\xaeS\x8c\xd4\xf1\xdd\xa9y\x0b@\x8d\
V\xca3\x87\x19+\xc5'\xa0#\xe7\xb4\xe59\xcb\xe5\
:\x01\x5c\x0aEw\x10\x8a\xf6\x1c\x14d\x05\xfc)\xbb\
\xbf\xc1\xdek>z\x02\xf3\xeafIE\xcbA\xd5\x88\
\x86\x9eW\xa4K\x22r\x9d\xe61\x17f\xb2\xb6\x8c{\
>\xf4\xf2+\xb2/YN\xc2\x9f\xbd\xd3\x0a\x04\x9cV\
\x9d@\xc4\xa9\xf3\xcewZA\x0c\x0c'\x10\xf2\xea\xbc\
\xf3\xcf\xac@\xd8k\xc5\x09\xc4\xbd:\x7f\xf6gV \
\xf6\xb5\xe2\x04\x82_\x1d\x17~,_\xb7A\xca5\x00\
\x8d6\xa7<\xf0\xa0\x02\xffX\xa1n\x83\x94y\x19\x1a\
\xed\xa7Dr\x02\xc9\x9d\xde\x91\xd9!^x\x8f\xa8v\
\xbc\xe7=\xd5\x0e\xf1\x9e\x17D\xa5\xc3r+o\xa8\xee\
g/B\x95Lb\xa3y\x18\xd7<\xc7\xd1(\x91V\
o\x8d\xe8\xed\x8e^\xab\xf9\x80\xfbY/\x11\xff\xf4\xdd\
\xa2\xe4\x87<\x07\x1bX\xf4\xeb\x9c\x8a\x02\xa7\xe3\x1b*\
\xfbM.\x12\x04j\xeebD\x1cB\xc9\xd15\xbaG\
\xc9tFvZ$U\xd6\xa1&K\xe3'Q>\xa7\
\xca\x84\x8a\xe3o{\x9dvEH'\xa2\x9b\xcfWa\
\x86\x15\xe6\x9a0P\xbd\x9cB\xbe *\xf3\x12\x1a\xb6\
\xc0\xc2\x04\x81\x175:]\xd5\x9b\x82|!/,\x1f\
\xf4\x99\xf7l\x81A\x9c\xaf\xd3\xa1\x14\xb2\xff\xf1<\xa8\
\xa1\x02kT\xf4W\xafmD\x02\x0d\xd5\x8b\x16\x1b\xa2\
\xdf\xb9\x06\x1b3\x99\xf0G\x04\x81>j\x83>\x0a?\
\xb0\x9a\x94j\xce:\xa99\x9e\xeef\x0b\x8e\x0a\x92\x0a\
P\xab\xa8\xa0x\xb12\xe2}\xbd\xa7\xac\x86\x94\xeb!\
\xa1\xf5A\xa4\x9d\xdbG\x08U>\x97s \x84\x11\xd1\
\xe1\xe1&t\xee\xbc\x15\x1a\x88\xa7\x9c\xf2[6LJ\
\xf8\xde\x03\xe2\x9bV\xac|\xd4H\xfb\x1ez-\xf3\xeb\
p\xdec\x84\x11$\xe3\x85\x11T\xe4\xefa\xfe\x1cn\
\x01\xe5\x7fm!\x02b\x19q\xc47{\x0f\xe0YY\
N\xe5\xa3\xc1\xf0\x05\xceJ9\xbfQBZ\xe5\xfa\x09\
\x0b\x9b\xd1\x08&P\x9e\xe3\xbd\xa7\xc4\xfb\xacX\x86/\
7<\xdc\x82s\xb1y&V\x0b\x84\x85\x07\xed\xd0\x10\
\x10nX\x1c\x0b4\x12*lp\xd9\xc8\xf3\xe1c\xbb\
\xfa\xe2As\xec\xb3\xe3!E\xa1e\x8f,uU0\
/\xc9\xdb\xfdc\xbdb\xd2:\x09\xeb~\x0e\xc4\xda\x9b\
\xdd\xe7N\x8bQ\xeb\xe0h:\xfdfF\xdb\xab\x92\xc5\
\x0f\xed\x0e`H\xdd\xa5\xac-;\x92\xcb\xa3\xd3\xa3\xd3\
#p\xdf\x1e\x12C\x02\xa9\xf6FGFG\xc8\xc6u\
\xadL\xdc:\xec\xfd\xe8\xa2W'G&!@s\xb0\
cV8\xb3b\x1a\x1e19=9M\x9a\xc7\x8e$\
\xc5\x97y\xa7\xeb\xbeD\xb4{x2\xda=\xfc\x9c\xed\
V>\xdff+\xef\xe77\x01#\xa7Y\x12\x84\x7fG\
\x04t\xd2\x8f\x7f\xac\xf7\xb4ep\xa9\xfb\x83\xf1\xe3\x1c\
?g\xf7\xd7\x0d\xde\x90'\x0c\xc4\xd8?\x7f\xc1b#\
%G\xdf\x07\x1c\xb5\x1a\xf7C\xb2~\xb8\xfb\x1e\xb5\x9a\
F\xf7\x9c\x7f\x94\x12\x09\x8aMnm~\x8c\x02D\xdc\
\xf4d\xd4\xaf\x97J%\xcb\xe4\xe7\xf5\x86s<o\xe0\
\x82\xd2\xfe\xec\xa23\xa9\xc0\xe5\xad\xa4\x8a\x1e%\xe6O\
}\xa2\xe0\xf1P\xef$\xc2s\xaa\xce\x09\xd6*\xc4T\
\x9d\x8b\xa8\xe3'\xe3\x85\x98\xea\x13\x8c\xce6\xb6\xaf\x04\
\x0b}.Z\x14\x80\xb0\x81H\x99(bl\xff\xfe\xa6\
\xf9\x84\xdf?$BF~\xa0$R\xe2\xd5A\x036\
\x81\xf7\x9d?\xfa\x97\x96v\xa6\x16\xc9H\xa0l\x13\xd5\
\x9f\xba\xcd\xf4Z\x16\xf9\xbc\x8aCi[\xe7\xc4\xde\x0b\
\x96{[u\xe4\xb2\xf8\xcb\x9f\xb0\xdcs2u\xf5\xfb\
A\xed|\xff>[\xe1\xdb*\xfe\xbc@\xea\xa0\xc5Y\
\xd1\x1c\xed\x11S\x83j\xa1\x9c\xf8q\xd1\x9aF\xcfo\
\x91fu\xae\xb9\xfa\x17\x01\x0c\xec\xd1\x98\x1aT\xef\xff\
5\x90x\xf2iq\xe4\xd4\xb1\x82\x10\xa9^!\x06\x9f\
\x17\x96{a\xef\xa3\xc2\x8a\x22\xa4a:\xba\xf1\xf2\xdb\
\xa9\xf1\xc1%\x9ba\xa40\xa6z\xe7\xbb\x06\x9c6\x0c\
\xafy\x15U\xa2)V\x15Z5\x0f\x02u\xd3;\xd5\
\x1fkz\xa9,j\xe3\x05\xb9\xd7\x1eV\x84f~\x97\
n\xa3d\xbd\xfd\xcfYL\xd9\x8b]\x94\xd7`\x1dH\
K1\x00]dC*`9\xaeg\x02'\xf1t\xef\
\xef\xfe^\xc02\x18Yy3h\x1c\xe5t\xfc\xf8_\
\xfc}9\x93M\xa3\x18\x93\xa4~\xca/\xa7\x9d\xea\x01\
\xbb\xadJ\xa9{\xbe\xfa\xfe\xc4\xf7\x85\xe2p\xf9\xd1\x84\
F\x9b\xd0I\xd5\xfe\xcc\xe4\x84\x8a\xf6\xb25\x87^\x98\
\x1d\xbb?\x0e\xfb`\xad\x91\xbfVY\x88\x18\x0e\x1e!\
\x18\x91\x94\x88\xd0\xd8\xc7\x9a}\xf0l\x22|\xbc\xe8\xa3\
vT\xa0IM\xe1LR6DW\xce\xd9\xa1[\xf4\
@\x84\xd0\xca\xdb`\xab\xa5z|\xea\xc5O\xe9\xfc\x11\
\x95A\xa3\xdc\x87\xff\xf2\xff\xb6L\x04\xc0\xaa\x09\x19\xe6\
M\xc5/\xfc\xcc'\x9e\xfb\xc0O\x8b\x8c\xd5V\x89\xf0\
[\xb6\xdbw~)V\x9aK<\x03\xedfG\x80\x83\
!\xf7\xa0-C\x01\xab\x105\xb7\x0a\xcc\xc1X\xaeQ\
\xea\x16\xfd\xf8/04\xbc\x94+\x19\x92$\x9a\xfc\xb6\
\xaa\x11l\xa81\x122\xd8\x0f\xf8\xa2`^\xba\x15\xf4\
K7=p\x8a\x90\xe1\xffS`\xd2\xc9\x9d7\xc1\xa5\
7\xd1\x08\xf1V\x84\xeb\x91\x0e\x9e\xedf}\xb0\xb9l\
\x8craT\xe3\xde\xb7\xcfv)\xe9L\xa5\xa2ab\
\x1a\xa7\xa9q\xda\x9aN^\x93\x1f\xc4|\xb2\x9b\xbe\xa4\
3\xca9S\xa9h\x98\x98\xc6ij\x94=nf\xaf\
\xc9Ob\x86\x9b\xe5OEw\x99#\xd8\x86\xaes\xbc\
B\xb0\x807l\xb9\xa8\xc1\xb2_\xe6\xd8\xcc\x15\x05\xa4\
\xa7k7\xf8I\x18\xa4\xf2\xe4\x87\x12\xee\xb3\x89cb\
at.=\x97\x9e\x5c_\xbf\x02\xbd\xb8\x04\xbd\xf0\xca\
Qx%\xed\xfd70z\xd8\xfb\xf8\xbeD\x1cSL\
3\xcc_\xd6x|\xcage\xb7M\xaf[\x1c\x1b\x16\
v\xfa\x9d\xf8\xf7\x8f\xfb*\x0f\xfde\x9c+A\xcc\xac\
\xbb\xa5s\x09\xd7G\xea\x84\x1c7Ftf\x07Q\xef\
\x19d\x88_<\xa3\x08\x95(\xdc\xb2\xf0\x16a~^\
\xfb\xb7>u\x06=[\x82\xd9\xfa\xc0\xdemr\xf8\xc1\
\x8f\xc2\x1e\x00\x7f\xd7K\xed\xb5\xc7=\xd0fs\xdc\x16\
\x1c\xcd[\x8a\x09\x1d]\xd9\x08cl\xf9\xc1U.\x8c\
 /e\xb7\x90\x0f\x99mu\x8e:\xde\x19\xbf\xd8\xf6\
3^\xc9\x197\x1f\xa9u\xa1O\xf9\x03v\xc6\x17\xe0\
G\xe6/\xf3\xb4\x1f\x15\x19\xff)/\x83#\x19=\xb3\
\xaan\x0fU}{(\xa7\x1a\x9c\xf4Iu\xbe\xeb3\
_A\xbbY\x10\x92F\xa7=\x02\x83N\xd6\x9c\xf2&\
\x22\x06\x01>\xc7\x18\xcd\xb8SG\x96e\x0eXT!\
\xac\xdb\x00:\x1a\xcbN\x19ho\x8c\x18\x1a\xa7\xe5\x88\
\x19\x91\x9b\xba\xb6\xc2#\x86\xdcI{\x13\xfe\xa3$\xc9\
GI\xb7:J\xba\xd5Q\x12\x181\xf9\xd3\x93\xd0\x8c\
\x09.\xbb\xe9p\x9c\xc2\xd1:ikM\x9a4\xeb\x16\
\xe6\xb9H\xbe\xff\xf0\x08\xee\x17\x13\x1bf\x80\x7f0\xbc\
\xf5k\xc3Z\x1a\xbe\x0d?\xf6\x9a\x82x\xbf\x5c\xee\x99\
\x87}6Oy2\xbb\x92\xbc2\xebhk\xf2cr\
,\xe7i\xf0Qk\xf3>p\x22f\xfe\xddK1@\
\xf0\xeb\xd8\xe4\xa2\xc9k\x1d\xf3B \xa5\xa54\xc6|\
>=\x80l\x93\xe1\xa6\xbf\xd2\x1d\xde *\xfe\xfd/\
/*\x9f\xd8Z\x8a\xe8;\xd1\x1c\xf4+\xbfb\xb9\x9b\
bt\xf07(>\x19\x92\x1b\xe8Y|2\xaa\xee\xa6\
\xd8\x93-\x88.\x0cJ\x91H\x1b\xf8\xc1\xea\x81rD\
7D_+\xef\x80\xf4\x1b\xe3\x09\xbbx\xc1v\x03v\
\xf7\xd0\xce\xb9\x07\xab\x0f]\x8c\xe9.\xeb\x8bge[\
</ow\xb4\xe2\x11\x99\xa1\xa7`\xf0A\xc2(\x8b\
\xfaZ\xb6V\xb5e\xb4(0h\xeaP1x\xb5\x8e\
\xca\xcd\x9fH\x22\xc9(\xf3\x81\xb2\xca-\x83\xa1U\x88\
\xd9\xa6o\xb3\xa62\xc2\xbf\x18\xeb2c4\xf1\x08\x9f\
>\x00\xb13\x8d?\xd1,\xca\xd79u\xfaT\xaf\x15\
>\x0e8\x10\x08\xda\xeb}=\xe8Q\x86\xec\xb9\xbc\x01\
|\xc0^e\xd2\x16\x0aF\xc6\x9f\x19\x07-{\xeau\
\xe5\xb4\xd5\xd4\x85\xdf^\x16\x93\xe8151\xd3\xd5\xef\
\xdd\xa4\x95so\xec4\xf4&7\x97\xd7\x99\xba\xceS\
\xc6\x13\xa1g\xf9\xc2\xe6\x0c\xe4\xde\x9aY6\xd2\xaa\x14\
\xbc\xc5\xeb\x09N\xb09\x0c{\x8e;T\x10\xd2\xc3S\
Q!\xd5\x95\xd2r\x96\x91\xe8\xbe\x07)4\xaf\x95J\
Y\x00\x8a\x92y5\x85Lq\x8cu\x12\xe6 Ec\
\xb0\xb0\x879\xa5\x18\xf7w\x0f\xbb\xcc\xe9\xec+\x8e\x14\
0\xe5\x11\xd2\x9b\xc5S\xf4\x83\xdf\xe1\x1c\xf1\xa7G\xc5\
\x94\xb5e\xd1\x16\xd5\xcf\xdb[\xe6\xf8\xa88\xb6\x89C\
\x99\x80\x8b\x15%t\x17!\xb7{J\xaa\xaf=\xe3H\
W\xa4\x8c\xa4\xde\xda\x9b\xcaM0w\x04l,\x9be\
\xa3\xb0g8\xf3\x5cewu+n\x0e\x9b\xd2De\
\x84;^\x09wz\xcd~\x86\xe2\xd5\xdf@\xbf\xed|\
n6;;>dM\x14\x8b\xe3b\xc2\xa9\xdco\x0b\
\xcd\x92\xc3Q\xea\xca\xab\xb9Uq\xd3\xb1\xac\xf2\xb1\xcc\
{\xd2\x94\xaf@\xf5Z*_\x7f\xa42\xbe\xfc\xda\x9d\
s\xe2i\xab\x01\xd8\xe6EM;\x95\xe4\x04u[%\
\xad\xeb\x1a\x80\x1d]\xe7\xdc<\x80L\x1c\xed\xe9\x17\x93\
\xbfo\xf9\x07\x90\x9e<\xc1\xa5JC\xf1v\xfdc\xa6\
\xe2\x8595c\x5c*\x84>\x1c\xac\x85\xea}L\xdb\
P\xa5%>V\x93\xb5\x83\x04\x11j\x07vc~H\
\x7f\xd5A|R2R\x8f\xc0\xfa\x1b\xe1,=\xe0\xe1\
\x22\x22\xef9g\xa0r/3\x9fx\x83R\x9c![\
1\x90\xcf\xbe?\x1e\xc0X\xd6\x9e\x80\xcc4\xe9\xe1\x86\
&\xbd&\x8e\x1c\xa5$6\x0e\xe2\xac*\xba\x86\x087\
\xe4\xb6\x8a\xe4\x07[h\x0d$\x18t\xec\x83\x8c\xd9\x1b\
\x17\xe3\xbc\x11\xc9K\x5ct\x1e:g\xe9-)k=\
D\x84^\x9b;\xa6\x98\x99Y\xe2=m\x03\xe8\x9f\x18\
\xce\x83\xbc\xcd\x0d\x8c\xa5\x01\x9d\x82Q\x00\xaf\x11\xd8\xc4\
\x88\x94\xc9%\x92\xce\xdf*-O-\x10T\xc6vf\
uV\xfbcJ\x22)06\xdev\x0a\x8b r\xa1\
\x02\x1a\xdf\x9d\x99\xc3\x09\xc1\x10\x9bJRu)Ie\
\xd6JB\x0f\x84\xe3\xbe\x18\xcd\xa2\xf8\xe2y\xdb\x84y\
\x09\x1f\x88\x98\x8c\x89u\x193\x9e\xc0\xddg\x8b\x9c\xbc\
b:\x7f\xf6\x8fE\xb5\xd3R\x83\x93\xa4\x04\xf8 \xef\
\xdb\x9a\x82pQl\xdc\xb0\xba/,Y*\xf4\x04\xa9\
\xe1\xc8\xae\x5c0\x17k'\xc5\xb5\x16\x1d\xf17\xff\xdf\
\xb7e\xb6CQ\x14\x9b\x04e+\x8b\x0f$\x15\x875\
\xf9\xf4/Z\x87\x09\x8f\xc3;\xdb\x8f\xe3\x8aB+\xd0\
\xab\xa9\xd4\xe9#\xc4x\x0b\x04`w\x95\x96\x07\xced\
\xe0\x14\x12\xf0\x978\x89H\x9dHp[\x0f`\x93\xe1\
7\x9f\x99\x93`\x9cwA\x9e\xd6=\x08\xf4\xa1\xa0:\
G\x11\xc6\x93A=\xebC~2 \xa88(\xe0\xdf\
\x0c\xe8\x1f\x03O\x10\x01\xdb\xcb\x92\x81\x0b9\x80_\x85\
Lv\xd8\x18\xafQ\xb7\x9e>\x0cX$ V\x00T\
4!\x9f\xf6\xaa\x1c\xfb\x9d\x00\xe5\x09\xa09\xaa\xb6G\
NYE\x0e\xff\xdd\x12*\xee\xad[\xa7o\x5c\xb1\x09\
\xff\x00d\x89\x0b\xe8\x95\x10<\xce\x980F\xcd\x96\xef\
n\xa7\xfb\xfb\x02\x97`;\xde9\xd8\x91?\x9a?J\
\xe7\x96[\xe6\x03n\x87\xf2{\xef@V\xb7\x12a\x03\
]\x05P ,\xaf\xa8m~\x99\x09At\x15\x5c\x96\
\x80\x114\x08\xb2h\x90\x92\xed+\x10\x22\xb9Bt\xf1\
f\x0d\xa0e\xae@6\xe8e\xcc\x96\xd3H\x10k\xe4\
#\xaaw\xfbP\x90;\xeb\x0c\xa5\x83\x7f^\xc1\x94\xc2\
\x1e\x9a\xf8*\x10\xb2\xad\xc0\x82\xb8\x01w\x7f\x82\x05P\
\xc1\x0d+\x8a\xc8\x9e!\x9c\xc7\xa6i\xe7:|\x1fX\
\xcc\x9c\xca\x9e\x11g\xc4\xa9\xf1\xc5)\xd2)\xba\x80^\
\x92\xa9\x94&L\xd8\xe8m\xe8\x1d&\xa32\xaa\x16\x19\
9+\xa5\x01\xfa\xa5\xeb\xec\x9c\xc7\xd1\x04`\xa1\xd7\xd8\
\x01\xabA\x06\xb3y}g6\x8bu\x08\xd6(\xf7p\
\x96\xa1:6V\xd5\xd0y\xab\x90\x09\x17w\x81\xca\xb8\
#\xd5\x93\x85\xf6\x8c\xf9\x06\x97\xcf\xb6\x9cS\xc8\x09N\
\xc7\x93\xef\xe5\xf3t\xce\xac\x9b\xf8L\xa3$3\xe41\
s\x08F\xac\x0f^\x97\x1c\xdb}\xf0\xe0C\x1aS\xbd\
8\xea\xc3*P?\xea\xf5,\xcf\xc6\x1fy \x88B\
\xa1\xc0\xf1ml~S\xa7\xa6\x0d\x83\xbb\x03t\xe8]\
\x10`\xcf\xee\xc3\xa2>W\x8b\xf5\x83\xef\xe5\xf9\xdb\x1a\
\xa86\x0cNm(\xf4\xfap\xd0\xf5\x05\x9b\xf3\x92\xd6\
u\xce\x92Dei\x17\xfe\xf8\x90\xed\xce\xda\xedz\xba\
0\x11\xbbT\xa8\xa1\x93\xb7\xdd\xeaW+_]\xaa\xfe\
f\xe57\xbd\xea\xf1x^\xfa\x17c\x06\x17\x1f\x0f\xeb\
\x95*\xf7p\x8b\xd8\x86\x1f'n\xe8\xed[\xda\xbb\x17\
\xe3\xb9\xdc\xde\x1e\xb3s\x8f\xc6\xeb\xdc\xb9x\x9d;\x17\
\xafs\xfb\x12|\x0b\xd2\xba\x5c\x1b;'1\x1b\x0d\xdc\
\xc1M\xef\x9c\x7fY\xee\xdb\xf8\xcc\xa9!\x0b\x01\x9e}\
~\xcbg.T\xe7\x00\x15\xdc\x07s\xe1\xc6\x8a\x16~\
4\x9er\xaf\xba\x17)\x1e.\xb0\x0dB\x87\xc4\xc5\xeb\
\xda\xbe\xb0]S!]\x0c\xf4\xe1u/v\xcc\xd7\xf9\
\x98]\xf4o\xa2\xd0\xdf{4\xde\xa5n\xdf\x96N\xbb\
\xfb\xe0\x07\xedX\x09\xd2\x7fh\xbb\x17?\x18+\xce\xcf\
\xf9`\xc2\xdd\x17I\x9c1o8\xdc9\x83\x22Mw\
\xcf\x0f\x9b\x8f\xc3\xc0\x88Bx\xdd\xdc:\x91V\xcdF\
\xe3~\xabd\xa3\xd1\x8dU\xb2v\x14\xb6 \x89\xa6\x1f\
\x8d1m\xe3X \xa5R\x03\x83\x1e\xad\x8bI\xa1\x10\
t\xc3Nb\xac)\x8c\xd4\x15\xef\x83\xa3bTu\xa1\
\xc1N\xef\xa6/\x98]h~\xfax\x0d\x99t\xc4\xa4\
\x02\xf5I\x85kzH\xc4\x03\xfa\x1d\x03\xefs\x93\xbb\
\xe9\x84\xed\xa7\xb61m\x95\xdd=\xe4\xa2cF\x05l\
\xd4:\x80(r\x95\xa5b\xa9\xb4\xa9]\x8b<+\x11\
1u6ov\xc2A\x9c\xc5A8\x8b\xa5\xb5\xc6R\
\xeb\xdcB\x82\x0c\x1e\x1d\xec\xe1\x92\xc1\xcc\xb0\x81\xf2\xba\
,\x99\x8e\x8c[*\xb7@E\xf5\x11W\xf9x\x82\xac\
\xc9\x1d\x88\xe6\x88\xe6\x85\xc9\xdcd\x8e.\xe5UF\x9f\
v&F\xe7\x85\x15\xdf\xc9\xf2QN\xd4\xbb\x0e\xd8j\
\x15\xca\xb6\x18v\x1e\xffy+7\xe6\x83\xd5S\xc2\xdb\
\xac\xf5\xe8pNO\xcc\xef\xd4\xf7\x0b\xb2\xe8\x8e\x81\x99\
a\xcc4pl\xa3\xa3x\xc2\xf9\xf4\x17\xad\xb1)\xa8\
O\xc3cf\x9c\xcc\x1fpp\x8a\x8d\x0b\xaa\x87b9\
\x03\x11\x9c\x96\x8ai\xdbF\x90\xb4E\xe7\xd9\x09\xf1\xaa\
t\x17m\xd7\xf9\x06\xf0\xf5:\xd9\x086\xb5cVH\
\xe3\xb9\xad@\x9d\x03\x89\x08+\xaa\xb97\x00*\xf1z\
\x80L f\x80x\x13\x94\xe1\x82BtM\xf9j\x1c\
\xdb\x15d\xf5m\x82\xce\xc2\xad`\x94\x9d\x90\xc1\xd7[\
\xe6\x7f\x0e\x1d~\xe1\x86e\x07\x8d\x80\xe5\xac\x22\xd6\xc2\
F\xcf9\xcd\xd9\x93\xb7j\xd4B\x0fZ\xe8X{\xd7\
@'\x0dEe\xd7'\xe3\xe2\x15\x01c}zF&\
oL\x0b\xa7o\xdfb\x22RP`\x9f\xdd\x8c\xda\x8f\
\x9f\x0d4B\xd2\xa6^=\xa0\xe8\x22\xf1)\xf5\xe8\x19\
e\x0c;y\xc9\x96\xecH>\xef\xc5\xf3}\xe1\x9e\xcf\
\xbctKQ\xf1\xc2\xda\xe8v\x0d\x1d\x05\x13\x17>h\
\xe3\x91Fmn\xe2f\xfct\xac_\x0e\x1do\xec\xb6\
3\xe1(4[s<\xa4\xae\xb0\xa2\xe3\xf6\xdc\xda\xed\
\x96|a\x9b\x1fWr\x84\x8d;\xdc\x9as\xa6\x1eH\
\xae'!\xfe\x9e\xfc\xee\x1be\xf1#\xa5\xd2\xb3T\xbd\
W\xc5`\xddSZ>q\x8az\xfd\x06\x15Cq\x17\
\xda\x10z\x16\xc9su'\xa9\xc2'd\x22\x8a'&\
w\x03\xe28`\xd4cY\xa1$\x93A\xf0\xc3\x0e\x92\
7\xf6J\x99\xd3\x82/\x97\x96\xc7\xd1\xfb:.Kr\
\xa2f\xb1\x94~\xcf2\x91\x8f\x80\x8a\x97\x1d\xcbNX\
\x94d\xb1]\xfaE\xd1\xcf\xcd\xdf\xae\xf7\x0c\xf2\xe7\xde\
\x04OnE6\x04Tn\x5c\x0e\xd7H\x97<\xc2\xa5\
\xec\xc4\xfa%2,\x1e\x22\x9f\xe4+\xd4\xe9~\x1c\x04\
\xe9`w\xc8\xc1\xfc\x1d\xaf\xeb\x07p\x80\xd6\xbf+[\
%Gq\xfdE\x1a\xd5'q\x94\xd7_\x02\xa4ok\
\xaf\xa5\xc9\x03\x00\x15\xdf\xc0\xdfp\xf6W\xef\xb4\x0cW\
\xa5\x8a\xe4,\xe6\x9c?\xfe\x87V\x91\xb1Bt\x04\x1c\
\x04=\xdd\xe5\x0f*\xedd\xf7\xa2\xf3\xc7\xaf\x82?\xb2\
C\xf9\xba\xd6\x99\xbef\x7f\x85\x7f\x88\x1c\x9a\xa9\x9e\xa2\
\x11KW\xb5.\x04\xe3x\x84\xc9yP\xb1~\xda\x0a\
8\xb7)\xd1K\xf1\xb0(4\x13\x85\x04]\xbd\xc7V\
n\xb6$\xbb\xcc\x15\x0fK\x96v\xc0\xadr\xca\xf8\xa5\
\xaa\xfc!\xa0\xca\xcb\xe6}\x90\xd4\x05\x0a8\xaaZ\xff\
\xa7\xbf\xa5\xc8\xbe\x87\xbbh\x9cK\x04\xbaM\x92\x8b\xd2\
\xa9\xdc\xc3\x81\x84\x1c\x01\x8e;h\x9cK\xcd\x0b\xa8\xc2\
}*\xf2\x87\xe4\x9f\xc5\xf1\x82\xa2\x9f\xf0\xca\xf1<\xa1\
\xb0\xc4\x0b\xb6]\xea\x93f\xd2W\xd5\x95\xfd5\xf9=\
G\xc5\x88\xe8\x9a+/\xa7@\x19\xb9[\x99\x0dy\x02\
8h\x0cy\x1f\x14o{N\xe4\x9c\xc36Q\x08\xe6\
\x14\x7f\xa3T\x90}\xb1X\xf2)\x97\x14\xa1\xc0Uy\
i\xbc\x06\xb1!\xc0(\xa1\xe4\xe9e\x95\xa5\xf6\x1a\xc8\
!\xaf\xd1N\x7f\x9f\xdd\xd6s\xda\x1f\xdb\x1d?`\xba\
oQBt\xdc\xa1,/{\xe4\xcfT8t\xc7\xa8\
\xc9\xde\x03\xdd\x12\xb2\xfah\xff1\x8d\xad1\xe2\xcc\xf7\
!\xe3\x95\x8e\xd9\x04\xb3S4\x1d\xf9\xc5\x9a0\x80\xdd\
\xcaw-\xe7\x13y\x9d\x1c\xc5\xdd\xabkp\x8b\xde\x03\
]\x93\xec\xba\x8bK\xf6\xeb\x1b\xe2\xfe\x1f~Q\x9c\xb1\
\xfc\xd8\xa5\x01\x8c\xef\xc5\x00\xc4w\xf0&\xfc\xb3\xff\xf1\
\xdf\x10JQ!\xd7:\xe3\x89\xc8/\x0b\x843X\xbd\
\xb3rg\xf5N\x10\x8e\xb0|\xf35\xc9\x16\x8dr\xa2\
\x8a\x04\xa4[\xb9SJ<\xb2 \xb3\xbb\x10g\xc7\x87\
\xf8\x90\xea1\xc1\xb0\x01\xf8\xfau\xee\xfb\x91\x05\xf1\x8f\
0\x1av\x98\xc095\xef\xc7M\x95=\x8a\x04\xec\xa4\
\xfbI\x93\xfe\xbb\x12QX\xe3\x1d\xf1\xca\x91\x81\xd7e\
t\x1fx\xe9\x81\x07DuG\x84l\xc1w\x85\xcf\x16\
T\xb0\xa7`\x5ct\x93\xcbC\xb3C\xb3\x83`\x18<\
\x22\x8eH\xc2[\xef\x8d!\xef?\xa8\x0cz/\x1d!\
{\xe3\xd5\xb2L\xab\xbe\x0eY\xe4\xd7e\x9e\xa64\x9c\
\x1d\x15\xceQ1\x0fF\xc1YP\x03fI#\xf2\xbe\
2\x8f1\xec\xde\xd9\x98\xf0\xe7\xfc\xa1\x9c\x90\xeb\xe0\xf9\
\xf7\xfd\x84\xb0r\x22\xd7<1qX\xbbZ\xea;b\
\xd8M3,\xa2\xcdp\xab\x80\xca\x9f\x10\xcf\x7fSq\
\xdcv\xe9P_\xd0f\xdf\xffO\xad\xfa\xc4\xb3\xce\xf4\
\xcfY:\x87\x02\xd2\x883\xcc\x1d\xa39\xc7\x0cnp\
\x98\xc3\xa7\x12X\x9bb\xc0\x17\xb6\xb5\x1a5\xefIS\
:z\xca\x99\xfe\x03\xab\x01\x0a\xe9\xfb\xffJ\xf2\xab\xd4\
\xb9\xd28\xd5D\xc2\x8c\x94#\xbe\x98\x1b\xb5\xd3$9\
\x09\x9e\xff\x17\xb7\xfb\xf4\xfc?Ab\x05\xf7\xfd\xff\xac\
\xe1\xb4<\xc4\xd3B\x5cz=\xc0b\x04?<\x8a\xe5\
\x14\xc5\xf3\xd6N\x09\xf9T'\xb9\x94\xdf\x96\x84F4\
\x1d25c\xfa\xeb\x0d\xa7\xe3\x7f\xc4\x98\x0e\x93/j\
\xdd\xa7r\xbe.\x0b,\xc9Q\xed\xc10g\xa5cv\
\xaa{\xf6[\x13\xde\xa2\xa9\x07\x87zC\xbbM\xe5\xa3\
\x02\xc2ZS8\xddJ.\x9b\x8b\xa5\x9c\xaa\x81a\xb3\
\x94\x1a\x92\x00\x97\x86\x8d\xee\xceZ<\xd3\xb7\xd6\xf0Z\
\xf4\xbf\x83]\x08+*\x0ca\xb5\xc4\xce\xc9\xe4\xb2\xc9\
\x13!u\xe3\xfc\xb0\xe5\x03~`\x7fpN\x97\xa5<\
{od*\xfc(\xb1\x15\xc2\x13\xa4\xb2rLq\xaf\
\xe0\xf6\xea$H\x19J\x97\xcdi\x98C\xf4\xd9\x0f\x17\
\x8b\xd3\x96\xbbT\xb6\xa3%'\xb7\x04`\xf5\xdd\xf6\x1f\
\x5c\xba\x18/\xda\xa9\x1c/4\xc0}o\xa4X.\x9d\
\xd9\x1c/\x94\xebb\xdf{\xa3\x19c\x22&v_L\
\xb8\x17\x9a*9\xa1=\x1d\xbe\xd4\xc5\x08P\xf9A\xc9\
\xc7\xbd\xf5\xb3M\xd5\x92h\xa1ekiI\xa7\x8bs\
\xdeP0\x9c`\x1b\xa3x\x18\x110\x95\x87\x12[\x8b\
\x1e\xfdP\x80\x0eK\xed\x94\x80\xdfz-\xe5[\xa5\x8b\
}}-\xf1p|\x99_^\xc7\xea\xf3\x83\xc5\xc7\xc3\
\xd1\xab/-\xe7'\xb1q\xc3V\xd3K\xe2\x1a\xdc\xf4\
9v\xff|\xa2\x9d\x1e4gh.\xd1N{\xde\xe6\
\x0cW\x13;`\xbb\x87g6\xb1)^\x04\xff0|\
\xdf\x91\xc1\xfb\x86\xa1\xce*)(\xba\xd4\x94\xaff\xce\
\xf8\xedG\xcb\x1e\x81g~_[\xf2\xfb\xef\xdd\xa4\xfc\
\xfe{c\x1a?^W\xcb\x95\xdfd\xd3bLM$\
\x82z\xb86m\x18\xc9:\xa9w\xac\xc1\x83\x8cPX\
\x040 \xed\xa4\x8ez\x84\xb0g\x86\xc2i@\x91!\
\xf6\xab\xf7\xc6\xd3\xcd\x16c\xa6\x7f\xdc\x1b/\x14\xbd?\
fP\xaa`XsX\xd6IT\xce\x0bX\x16\x88\x95\
[\xf2\x9f9s\x09\xac\xd0\x1dh}\xb0\xa3\x90/\xe4\
)\x97m\xadL\x90LN\xdafl&\xef\x13y?\
\x86\xcdZ\x99b\xeb\xe4\x07\x84#\xa5\xbe\xac\xe4I \
\x1a\xf07&\xabZAP\xe6-\xb7\xa0@)\xa7\x1d\
\xb0j\xa9\xa4\xe7S+\x86t+\xe0\xe7\xe8.B\xcd\
\xc9\x13\x9cNM+\x10c'\xa5\x11~(^\x8aZ\
0k\x87\x1e-=\xae\x98\x03\xeb\xbd-?\x80_Q\
\x9f\x9a\x0d7\xa6C\xe6\x98\xc2\x1b\xf9<d\xb8\x95S\
fO\x86\xa8'\xf8\x86|\x88\xf70\x1e,\xdd\x0bw\
v\xd3g2\xf8\xcb {\xd4\xf4\xe0O\xd0\xaf\xcf\xd9\
\xa1F\xc6U}VSkN\xb8\xeaU\xed\xca\x04d\
\xd3\x82\x9e\x8d\xda\xd9S\x03\x82\xc3\xc3\x83U\xb3\x1e\x18\
s)\xa5\xfbN\x8b\x89F\xc8l$\x8d\x1d\x8e$\x8f\
k\xddi\xdeh\x03\xfd\x83\x8d\x93\xa3\x97\xb4n\x5c\xda\
\x1c\xc1|\xed\xce2Vx\xbdQ\x84K\x97Z\xdd\xd8\
\xea\xe0\x1cn\xdeH\xa6\xcd\x91\xcc\xfb!\xb6p4U\
Cg7\xbd\xa1aG\xf4\xe1*\x03G\x90f\x80Z\
PO\x80J\x97\xfd\xb5\xcc\x7f\xae\xaf+\xb3yK:\
\x8712\xf39\xfa\xee\xffD\xb2\xcfy`\xebR\xb1\
_\xb2\xf1w\xe5\x88=\x07\x18\x07\xd8.\xa0\xbb\x98-\
X\xb50\xb7\x0c\xa2N^-\x8d\xa5\x05>S\x08\xa1\
\xe5\x14\xe0\xbd\x95{\xad\xdcD\xb68&\x93\x12\xc7\xb0\
O\xe8\x81\x1c\xf3t\x95\xca#v\xa4\x04\xd0\xea;\xaa\
\xc7+\xef0R@\xcb*\xffA\xe7D(\xffZW\
YfN\xb8m\xcd\xb3p+\xf7?h1?u'\
\xa1{\x0a8_\x05\x9f\xb2\x0c\xcf)\xef\xee9\xe7_\
?\xf6\xfb\x8fE\xfbFU\xfe\x84\xe1\xa8\xd5\xaex\xf4\
\xd4\xdf\x7f\xd1b\x8a\x22\x02bH!\xbd\xab`\xb5\x82\
qZ\xe5\xaf\x16\x9d\xdf\x7f\xee_?\x17\xed\x1b\x15\xf9\
\x13\x86\x0fS\xe3`P0\xc0\xaeoTw\xfd\xb7\xea\
\xae\x9f\xb1\x5c\xc0d@\x1d,\x94]\xa6\xfaP{\xa8\
\xda9f\xa7\xf2\x90\xdd\x0a\x0d\xdfo\xb5\xa8\x1e\x88\x97\
\x82);\x12!\xd5 \xa5\xecK\xbd\xf1\x12\x96d\xc7\
b\x99%\xa3\xc6\x84\xe1\x0c\xb5/\xaa\x0ag(BT\
\xd8\xed\xb6d\xa2.y\xf7J\xbc\x84A\xbd\xc2T\x12\
E\x03\xcei\x15\x1eXE\xef\x84\xfb\xf6\xc4\xa6\xf0\xb6\
\xbd\xb89\x17Z\xb7i\xa86\xb5US\x1d\x82\x89\xa1\
\xb5\x89\xb8\x05\xf0\xe9\x8b\xa1qX\x1d\xffp\xc5\x07\x91\
}q\x930d_\xdc\x1c\xbb\xfb\xdb7\xc9\xee\x1e\xcb\
\x1821\xa4\x83\xd7\x88\xfdc<7\x9e\x83\xc8+\xe4\
r\x14\xceW\x12*\xac\xca\xbb\x0a\x8c\x17\xc7\x8b\xe4\x88\
\xecR\xf1l\x13\xb3V[\xedwQ\xd0\x8fsL\x90\
\xd5!'Pj\xa5\xba\x84W |-Y}\x87\xe1\
N#Er\xd5\xcf\xfd\xaek\xe0\xfa\xf3v\xf7\x84p\
\xfe\x0f\xf1\xab\xd5.\x0c\xd1\x93.i\xfe-\xa6\xe4\x82\
\xbc\xd7b\xde\xfb\x1f\xfch\x11\xb4_]\xca\x9d\x8c\x81\
\x19\xc9\xca;\xf8\xf0\xde\xa6\xeeZ\xdb\xd4!\xa4}\x09\
\xdb\x18\x9c\x5c\x0a\x1eOa\xfbW\xe27+]\x16\xb1\
\x9c\x15\x15\xd6\x073\x11\xab\xb5#\xc7\xe2\x93U\xe5d\
\x5cU\x17\xb5[rK\xc2\xce`DU\xbe\x80\xe3|\
\xffW\xa3\x87r\x14\x97s\x85\x9ct\x0evR\xe3\x8a\
\x81@\xabRIEX\xe98+O;\xb9\xb7\xf2.\
\x19\xb5\x80\xbd\x03a\x1a\xa2w\xef\x13\xff\xfeUK\x07\
8(\x10\x13\xb9\x17\xbb\xd0\x00\xa9\xe5\x0f\xb3\xa39\xef\
M\xc8\xf0\x9d\xb5$\xc3\xc9\xac\x19q\x9c\x5cc\xab\xa2\
\x88\x1b\x11Xyw\x9b\xe17\xdf\x1d\x09\xe3[\x8e~\
\xae>\xb8\xed\x81\xde\xec\xb8\xc1_GX>\x1d\x94\x93\
\xae(\xebtX\xa7\xc6\xe0\xf1\x85\xb8f)>f.\
\xady\xec\x92F\x5c\x81f\x87M\x9a\x909\xce\xd9\xb3\
VS\xb8\xdf\x08\xd0\xc8\x1f\xde$c\xed\x87\xdb\x02\xbf\
\xfbP\x9bW\xc4C\x11VD6m\xe9\x80e\xbc\xd6\
\xaa\x8b0\xde\xf4\xf1I\xf8\x86\x9a\xf5[j\xd65D\
\xed\x1aH\x08)'gG8\xc4\x83\xcc\x14=\xda\x90\
\x9cs\xb2\x83\xe6O\x82\x10\xf4\x09\x07A\xebaf\xca\
[\x0f\xde_9g&c\xf9\xdf+\x1a\x9c\x8d:\xee\
\xd9\x19\x9b\xb7H\xa6\x11N\x9dZ[\xb3\xd3\x96\xf1\x1d\
Lu4\x02]\x8c\x90\x97\x94/\x18\xc4?\x00dr\
\xe0\x9f\xcb\xceYJ\x84\xa6\x82Y@k\x12\x0c\x15;\
\xec\xfae@\x1bx\xad\xdf\xddf\x22\x9d((\x152\
\xfb]L\xea\x5c\xf8\x06\xd0\x14\xa4\x13\xeb\xac\xfaV\xaa\
\xb3\x8cMq\xc4\xa8\xcej\x0f\x85\xb0\xf1:n\xd1\x90\
\xceV\xffv\x8d\xe0\xc7\x0aM\x03\xf3\xe0\xc5\x8bv\x14\
\x16\xb9\x90\xbc\x02\x9c\xa8\xf3\xf6\x88\x8e\x9d\xeeh\x8e\x9d\
\x17#\x86\xb6\xd8a\x00\xcf\xc2 \xb0\x85\xc3is\xaa\
V\xb5\xbbb\xd9\xe1`\xd6\xf6i\xaa\x1d\xe6\x87\x09\xf2\
\x88\xdd\xd4\x81\xea\xc9\xe5\x19\xf4\xf9\x9a4;ee!\
\xf3\x17\xf0\x86\x8e';\x8f\x98!I6\x89\xd5\xa3,\
\xd3\x84f7\x10\xa9'\x1al\xc8\x03\xed\xbd\xba\xbf\x14\
-D%\xec\xcd\x9d\x97\xad[9\xbe/\x11\xeb\x0e\x0e\
\xbfd\x0aD-\xb3\xfc\x90\x0a\x0c\xb8\xc0\xa8\x05\xd5\xe3\
\xe7\x12\xb1\x90{\x02v\xa5H\x88M!\xbd\xf2\xefn\
oHI\xe0\x88\x8a\xeb\xado\xd6\x83Mby1\xf9\
0\xda\x1fWp!\xd4AS\xe0\xb7\x03@\x05\xa6>\
\xd8\x8cU \xc4\xc5 $\xf4n\x9f-\x0e\xd1\x82\xbb\
\x94\xe4]xY\xed~D\xc2\x95\x0f\xbfZ\xee\xc1T\
AN\x18\xdc=\xd81z\x02\xf5\xc3}\x0f\xb79\xcd\
\xa8\xcd\x94\x07\x0f\x9fO\x9c\xe0\x0c\xa0\xc1\x8e\xc9\xa3 \
\xb1\x8e\x92\xc5S\xf6\xbe\xc3\x95?k+,a]\x83\
\xdd\xbd\xbb,\x99\xa1\x96\xec\xb6\xc6\xa0A\xfa\xefe\x05\
(rE\xa5\x9a\x5c5r\xc3d\x0e\xa6|(\x14\x81\
7\xa0\x06_[\xa5\xacN\xc1\xe5\x15\x85\xdawU\x9d\
V\xbav\x1d0~\xe5\x94\xac`\xaa\xdb\xb2Y\x83k\
\xe2N8\xa7vy\xcd\x5c\xb2c\xc9\x13w+F\xef\
&\x99\x12F\xe9\xbe\x22CA\x8f?\xcd\x991\xdb\xa9\
ms\xcc\x15~\xdb\x8c\xce\xdf\xed\xe6\x88\xbb\x19s\x09\
qG\xef!\xc7\xe3\xb19\xe7\xf01k\xa06[\x92\
nDMy\xb1@\xd3\x86\xf5\xa6\x00\xc1U\x0d,Z\
\xf0\xee&\xd1\xf3\x01Z\xce5d\xa5\xb8\xa6\xfd\x13r\
\x14[\xe8\xe2n\x03\xa6\x99\xb3\xd5\xa4\xa5\xff4l\xf6\
\xdaXh\xa6\x0a\xaf\xab\xc4\x22\xd0\xf1\xcc\xb9\xd23\xa4\
\xb0\xdf:\xe9\x89F*\xb3s\xb6\x92\xb4j2\x9b\xbb\
$\xb1\x04\x1cm\x9c\xa9\xa1\x81\xeb\xe1\xa4\xfe\xbc\xdf\xb4\
\x8f\x893\x18\x9d6/\x9e\xa8\xde[}TXn>\
\xa1\x92\xb6\xc0\xd7M\x02\xad\x80e\x16\x81\xa3\x0c\x8f\xec\
_\x036\xf7\x8b\xe5\x9e\xbe\xf5\xf5WR\xa9\xc7\xb9\xf4\
f\xfa1\xf1o\xc5\xfe\xe9\xf5\xf5o'\x97\x8fy\x1f\
I\xa5\xb0\x5cZ_\x7f9\xb9|\xe6\xb0s\xe6\xf0g\
G\xce\x8a3\x02R\xc6'!\x85|\x0e\xcbEo\xc7\
\xa8\x84\xd1\xbb\xbc\xd6\x14\x0b&\xc82\x89\x0b\x5c\xaa\xac\
l\xd6\xcfS\xa19)8\xf8O\x16\xad\xa4\x86\x19\xee\
:\x8c\xc2uH\xeb\xb8\x0e\x1b\xef\xdbP\xbeXF\x08\
\xf9\x03\x00\x1a\x7f\x80\xa0\xe3\x01N\xde[\xfc\x03\xa7\x06\
Ne\xbcv\x83\xf3\xf8>5\x05o\xa44y\xaf\x17\
r\xf0\x5cB\x11p\x0c[+\xda\xa0!R`]\xcf\
\x9f\xae\xd5\xc6\x11\xb8#\xbd\x96\x8f\x97\x140\xb6\xca=\
M.\xf4\xf8\x11N#\xef\x1d\xb6r\x1cp\xb2\x06\xc2\
\x8c\xa8\x03\xc1:\xb8\x06\xd6A\x19xqz\xd82Y\
j@u\xbe\xd5(\xcc\xaf\x8b[\x81V\x1e)\xeb\xa7\
{-\xc3H\x9f/\x8a\x22\x86\x9d\x14\x88\xe2`\xfa\xb4\
\xb4*u\xab\xdbWc\xd6:\x18\x04@\xd6\xe2\x04\xf4\
\xd33D\xa7\x001RRfubz\x0d\x1ci\xb8\
\xe1d\x0cn\xef\x8ce\x12\x1bA\x03\xbb\x1a\xb9\x87o\
\x11t`\x0e\x03>FN[\x86\x8d\xbf\x90\x139\x8c\
xQ\x86\xa9\xd1\xc3r o\xa8\x99\xa8\x92d\xc99\
\x87G-\x13i}\x9d\x96\xa7\xc8\x8b\xbc\xa6\xb2\xd3\x06\
1\xe7\xd8\xa8\xc54@\xdd\xf48dkr&\x0f\xb3\
(Y3\x19\xa9\x0bB\x06\xf3t\x94S&\xad\x9e\x1c\
\x98\xc9cr`l\x95\xd6\xd5M\x22\xaf\xe8\x1c\x9b\xb4\
L\x1b^\x07=\xce{\x90A\xda\xa7\xd1\xdc\x9d\xc3\xde\
\xe7\x81\x09\x8a\x06\xb0\x9b)\x8d\x9c\xd1c\x96Fz\xa7\
\xae\xc8\xf03\xaf{L\x8d\xadz\xbd\x86G{\x85\x18\
\xaa\xe8\x14\xf8.@R|\xc7\x9b\xb2\xfd\xd3\x8f\x1f{\
\xe2\xd8\x13K}g\x0e\x9f9\xbc\xde\xf1Cp\x0a\xfc\
\x08\xcce\x02Kj1%\xa7Ij\x07R\xcc\xe4\x99\
\xbb~\xad\x9czj\xc4yj\xc4\x933I\xb6\xdb\xbc\
\x0c\xcb\xf9o\xa1|\x09\xae\xf05\xfb\x16\xd2\xb3\xe4g\
\xaf\xc8\xee\xde\x83\xa8\xfd\x5c\x93\x08\x1b\xb0\x97?#>\
Cv\x83{\xe5\xd9\xed\xed\xe2e,\xd7;\xee\x84\x9d\
?\xd8q\x1a\xb65\x046\xee\xa0\x99\x9b%.\x00[\
\x91h@\xed*\x85\xbaR\xae\xad\xb2\xf6\xb0\xcd\x07\x02\
T\xd5iD\x87\x11\xc62x\xaf\xce\xb2E\xe0\x06\xe4\
\xdf\xaeR\xfe-\xe4\xf1\xd26\xd1d/\xba\xd6\xad\x0d\
\x021my\xf7\xb7\xd9\xdc~\x7f\xa4{Vt\xb8_\
\xbf\xc5@\xca\xe2z\x11%\xddl\x89\xf0\xa7h\xfb\x9d\
g\x81\xe8\x15\x8em\xf1\x93ZEKq\x8aM\xfa\x19\
;\xa7*&\x11N\xa57&\xc5\xe81L\x05\xa71\
sU\x0e.\xd7fI\xa7\x0f\xe8\xf9W\x95\x19\xe8\x0a\
\xd8c\xd4\xfd\xa9\xf9\x85l\x88/c*\xf9X\xd7\x8c\
\xcb\x18@g\xc2?R\xa0\xf4l\xd2}\x83\xf2\xebq\
E\xed\xa4db\xfc\xa4Q\x93\x0f\xc3\x22\xf0F\x82\x1e\
F\x0f\xd8\x85&\xcfD$\xf0\xe2\xbe\xc40\x1d\x17+\
J7\xa8\x97j\x8b\x86H\xefD\x1av\xfa\xa3\xc1/\
/E\x8b\x0a<\x9f \xb9\xfd*\xbe\xdbCw\xa5\xed\
\x92\xbc\x87J\xc9y#\x059jy\xa8\x9b\xeb\xda\x1e\
\x98\xb62\xe6\xd3\x16\xb0<NK\x11\x86\xdb\xa1\xd1\xa2\
\x1a\x18\xbb=\xa98sl\xe6\xd8\x04\xdb\xa0\xef\x80\x0d\
*\xff\x19\x83\x97\x86\x8f\x0d\x1f#\xd4$\x97\xf0\x92\x08\
\x88\x89kO\xd3Q\xfc*hEX\xbe\xc6M\x01\xce\
 \x14\xdb\xbav5Y\xc2nH\xa1\x7f\x84\xcb\x9bR\
y\x83\xa3j\x8d\x1e\xe7m\xfa{\xcc\xf0\x0e\x90s\xe3\
\x06F\x0fy|o)mJ\x0a\xbfoT-K\xff\
\x89\xaeba\xa0\x00\xc1y\x9b\xd5\xeeG\xe7C\xf2\x0b\
F\x22\xf9-\x12\xfbY\x03g\x88z\xb3N:\xb0'\
\x1e\xbc\x96\xf13\xcbxVd\x0d\x1c#\xc25\xc2\x8b\
4+\xa4\x1f\xaa\xf0\x0f\xa9\xdb\xc7\xb8O3\x97m\x1d\
\xd7:\xaf\xf3\x8d\x8ae\x86\x1b\x10\xb6P\xb24n\xe0\
\x0e\x11\x0eQ\x87\x8a\x90p\xf5\xb2k\x14\xea\xca|\x8d\
\x08\x93\xca`\xa9\xb4wJ\xf5\xf3\xc8i\xef\x94\x86A\
\xeb\x1e\xa6\x10l\xcaD/5\xb3\xe2\x83X\xba\x81x\
t7\x94=q\x05\xc0\x01\x9a\xfb$\xdc\xb0\xe9\xed\x81\
\xae\x18\x84\x94\xcd#}u$qr\xb9~k\xb8\xad\
\xfe.\xb0\x7f\xa2\xa7U~>\xe8;\xb6\x06m`1\
S\x7ft\xcb\x06\xfc\x03\x06\xf36\x16I\xdc$\xff\xa0\
jGOC\xb9\x14-Vy~\xe0\x19\x81*\xb7\x98\
\xa6\xb5\x9b0\xc6\x1dkSc\xf5~u\x22cJK\
]\xf3\xd6\xf3\x08\xba\xa7\x1c\xf1\xd4\xc2 \xdf\x9d\xe0\xbb\
\xdb\xca\xa9\xcc8|n\x9c?=\xd8A\x9ffl\x84\
5\xef\x95,\xbc\x9b\xa5\xa1ZMJF\xd7*\xfd\xae\
30(\x9e\xb2\xd4\xa7\xc1W\xa9\xc17\xb86\x96\xa9\
\xb7f3c\x81\x8fAm\x84\xc4\x03\xb8\xaf\x9e\x12\x83\
\x12\xf3\xe6&)\xb1\x19\xe4\x87\xd4\xcd\xc9\x8e\x10a\x87\
j\xb2\x18!{\x80\xea\xd6x\x061\x8e\xb1\xd3\xf2\x0e\
5\xb8\xf0\x94\xb0\xf4\xa7\xcd\xd3J\xd72\x13\xf5\xce5\
B[\xae\x99\x18\xaf\xc9\xd3\x8c\xfa\xf0\xcc\xc0\xbce\x22\
_xM\x9e\xca\xc2\xe7\xb2\xfc\xe9\xc1\x8ei\xc5\xd9e\
\xd3\xc8O\x8f\xc3\xbb\xe3\xb4b\xbc&Oi<\x0cg\
a^<c\xa9OK\xbcg\x83e\x89k\x13S\xf5\
\x16\xd9\xd4D\xe0c\xcc)\xc6\xb8\x1a\xc2yF\xcc/\
XQ\xbe\x11e\x95:\xee\x19\xccd\xa7\xc8\xba\xe9\x91\
\xe9\x11\x8a\x01\xabx\xf2*\xed\x88'\x16\xfb-\xfa\xee\
\x8aR\xb1*\xde\xf4\xa4!\xb2\x99\xf1\xb7q\x8dH\xcc\
\xee\xfe~\xf1\x84\x05\xef\xd1SF\xbc\xff\x90RT\xbe\
\x94\x16\xce\x13\xa2\xdf{\xa6\xfa\x06=`U\xba\x15!\
\xfaY\xb3\xb21\x5cJ\xff\xe2\x13\xc2\xd2\xc4\xa4\xde3\
\xbd\x86R(\xa0\xd7t\xef\xb2\x22\xce\xf4/Z\xfa\x1b\
\xcc\xdd\xe6\x0d\xc4\x1cDH\xab\xd3>A\x83\xe2,.\
J`\xaa9\xb6\x0fz}\xf7\xfe\xc3\x91\x90/\xcd\x09\
\xe7\x8cX\x5c\xb4\xf474R\x87\xf7HA\xa7\xff\xaa\
\x1ac\xd9\xf7cG-\xbd\x96ym\xeb\xd5\xce\xeb\xdf\
\xdc\x11\xb8G\xf4\xae\xe1}\xc4\xfb\xca\x19\x1c0v\x84\
\xc6\x22\xf1\xefL\xb9_kw\xb1\xdc\xdb\xb5;\x1ee\
\x81\x92<\x03\x83\x96\x96\x19(C\xfcRe-(y\
@\x16\xf9\xa5\x93\x94WZ~9\x0b\x86\xe4\x019W\
O\x02Nd\xeaIK\xb9:k\xd7\xec\xb4f>\x86\
\x1d1`\xf9\xa0kV\xc9\xefN[y\x9a\x88M\xcc\
\xdd\x80|6j\x13\x8fO\x11\xba:\x03\xda8\xf3\x0b\
\x86\x84WH=\x81}&w_\xed.\x96{\xbbv\
\xc7\xa3,P\x92ga\xde21t\xa4\x0c\xf1K\x95\
\xce\xa0\xe4\x01Y\xe4\x97NR^i\xf9\xe5\x0c\x18\x92\
\x07\xe4\x5c=\x09(\xe5b\xad\xb4\x942\xb4V\xb2\x8e\
h\xac \x90\xf0\x0b\x87\x8fXn\x9c\xbc\xdd\x8d\xd3I\
7'N(\x93\xca!=\xb3\x8e\xae*\x06\x85\x9e\xb0\
i\xbb\xa8\xd3\x93e\x7f\xd9p+\x8c\xcc\x92\x80\xa9\x8d\
\xa6\xa0\xb55\xcd%FQ\x80-\x17r\xa3\x93m\x0e\
\xa5`S\x97Ub\xe0\xd0n\x85\xcd\xa8k`E\xb9\
\x09}\x95\xb2\xe9\x83\xb6\xd2\xa8\x14\xd1aU\xb9Yt\
\xedf\x8a\x03N\x91\xcd\x1dK`9\xecJ\xaa_\xe1\
\x8fc\xed\x161\x22\xa2J\xe5\xfc\xa1\xadt+\x15\x90\
\xd3\xcd \x9dFa\xf1C\x11vJ\xf7\x0b\xa2\xdc9\
\xa0-\xf8\x8b]\x14\x1eT\xdb/\xc5\xd6XU\x86C\
]\xdc\xe4\x87\xfa\xfb\x95b\xc4\xd3\xaaB\x11\xd5\xb5[\
\xc4\xc4P\xdb/\xd5\xfcn\x15^\xd7m\x108\x94|\
\xfd\x8aMB\xdc\x1b\xd3\xf6\x92\xb4\xb76\xee%R \
S\xb5;\x92\x01!\x1awSw4\xee&\xf7\xf2e\
Q\xf9\x07\x16\xb8\xa1r\x8f\x13]\xec\x8bt\xef6k\
\xaf\xc8\x1e\x7fg\xb0cp}\xfdo\x00\x01\xf9o\x14\
o\xed\xb7\xe4l\xc3\xb6\xfbk\xb5\x01\xbd\xda\xc2\xfa\xfa\
\xdfJ\xa3\xcd\xdd\xf2\xeb\xdf\x01aS\xbd\xfb\x9f\xfc\x13\
\x8b,\x1bwA\xf8\x1f@C\x97$?\xfb}`i\
\xb8O\xddW\xef\x95\xc5\xf6\xd2\xf2\xb3\x5c\xee.\xe3\xb7\
N\x82\xad\xe3$y\xb8\xc0c$9\xd9;\xde$m\
\xf6\xaeV?\xc8,\xdd%o\x19\xf2\xfc^)\xab\xad\
\xafTvs<H1\xa1\x0b\xad\xae\xad\x80\x901\xaf\
\xb6\xce\xcf\xfe\xac\xe5c\xa2M.g\x0b\x86\x97O9\
\xd0p\xcd\xe4Ui\x92S\xe0\xcd\xfe\xbf\xfcWK\xd3\
\xb6B\xde\x85\x91\x89!\xf3=(\xc4\xb9\xfa\xc1\xea\x07\
sc}\x0f\xa2\x1fa\x0c>L\x16\x07\xed\xaa\xd45\
2\x92\x94&\xd03qqi\xa2XIUR\x96o\
\xd5(\xfa\x95\x0e\xc5\x9a\xa2j\x04\xed\xa7\xaf\xa9\xde\xae\
\x1a\x1f\xb7t\xcb\xf9PK\xa5\x0a\x13\x85\x091\x91\xf7\
\xfe\xc7\x1bF]s\xbbt\x12\xb3i\x04\x1e+x\xff\
\x13c\xf9\xb1\xbc\xc9\xeb\xc3\xe3\xe9\xb8\x1f\xa9\xbe\xd3R\
\xa8\xc3\x81\x98d\x7f\xba\x04'SHB\xef\x9fR\xe9\
\x15\xe4\xfeQ\xfe\x16\xa3\xa6\x8c\xf8\xd2M\xe5|\xa4\xf2\
N4\xc4L\x14L\xf8Q91\x95\xb7T,\xcbd\
\xd4\x95\xde83\x85\xc5\xfb\x04\x18\x98\xb8\xb7\x05\xee\x0b\
\xa4'\x83\xdbE\x1eW$\x98$r(H\x8cyq\
T\x1c%\xc1\xe3&}@\xa0\x08\x0d\xea\xbd-\xe6\x0d\
\xb7\x08;G\x18WT\x1cq\xc4\x11\x04\x1cE\xe8\xd1\
\xab\xac\x95\x80\xc9\x17\x8e\xf4\xd7\x98@G\xc6\x8db\x14\
\xe9.:\x0c\xd7;\xf6\x80|\xc3r\x17\x89q\x8c\x1e\
\xb5|L\xbe\x14a\xaa\xf8}\x91\xed\xf7\xb2z\xf4k\
h\x13~\x0d\xfay\x99N\x18\xa4\x0d\xbe\x19\x08l\xbd\
\xb09\xa1r{\xa3\x05\x8c\xee\xb5\xc3\x06\xf35\xc5\xb9\
\xbf`\xc7\xa1\x9e1\xd3G\xea\xa4\xf7\xf9\xe3\xf0\xc8\xb9\
Y\xc7\xb9\xc4\xae'r\xe8p\x97\xea?54-\xcc\
\x85h\x87\xc4\xde\xd0)\x8d>\xc2\x8b\xe6\xbe\xa9\xbd\xd1\
\xac\xe8\x176'\xc5fo\xac\xcc\x05\xb5\x06\x1a%\xa5\
6M\xdbQ\xeb0Z\x96\xc5\xde\xcd\xc9\xbb\xbd\x10\xcd\
\xfdp\xc1\x0e\xed\x89t+\x0f\x89I\xc1\xe1i\x9dD\
\xccU\x1c\x87\xef\x8f\xf3)1\xd81\xa1n7\x0e\x5c\
\xe4<Q\x97\x99\xa3\xab\xc0. t\xd8A\x18\xf23\
\xe0\x8a\x9e\x93Q.=\x93\xa0\x93\x08.\xbdWF\xe1\
\xdd\xb4\x03\x1f\x1d\x1e\xa4$\x80\x1b\x14,\x08K&M\
\x03\x8d\x81(\x88\x15{\x93n\xa2c5\xe7\x91W\x83\
,R\xe5v\x17'X\xdc1\xb9\xf9e\xbe\x22#;\
\xfa:EdQ\x8d\xe9\xd1\xb1-\xdc\x22\x92~rK\
\xa0p|\x8d\x95e\xd9N\x12\xc7\xa4\xc3S\xa0\xbe\x19\
\xf9\xdfH\x1e{\xe3\xfda9\xde\x13<\xd6\x9a\x07>\
Pxo\xfb\xc6\x9c\xfa\xbc\x9d\xf6\xd5\xdc0\x1d\x07W\
)\xf2+0\xf6\x83\x1d\x93\xa0\xc0\x09.\xbdW\xfcc\
ON\xc2kP\x8d=\xf6\x08d1Ac/\xe3\xa6\
\x1a\xd3\xcb\xe3q\xc4'\x17\x0f\x8dwfb\xda\x83Z\
\xc9{T4\x90\xae\xf1\xd17\x0f-\x9e\xa7\x1b\xaf\xe5\
\x9b%\x87\xa6\x89&\xcf\xd3p\xe1 \xbb\xacnT\x1c\
\x86w\x15#\x0d\xa4\xefEj\xafSX\x0e\xcf\x80M\
~\x8eKp#\xec\x80\x0b\xb1\x0b\x8dvI\xaf\x9d'\
\xd7\xc3\x0e\xe5\x84\xf0j33\x81\x17\xa06O\x8a\xb0\
\x8bL,\xf8\x9c\x1de\xf4\x08\xcc\x19\xbf73<e\
\xb4e|P\x80;\x16\xcb,\xa8 \x99t&=<\
\xec\x15\x99\xc1\xec\x00\xdc3\x8dp\xaa\x14G\xf8\xd4\xcd\
OS\xc6\x06#\x99\xd5\xa8\x95(\xdd\xce\x9f\xa0G\x91\
,\xec\xf4\x82H9\xa7\xf7\xd1\xf4\xbc\x953\x9f\xc1\x01\
\x7f\x1b#\xb113ms\xce\xf1\xc3\x96\xc6\x87\x97V\
&H0,\xd1\xc5\xb4C]Q\xa1\xb6\x8d\x12\xc4a\
(&\x1c\xf7\x1f\x89Qa\xb1\x9e\xea\x0d^\xb1\xbe\x1e\
+\x15F\xdf\xfe\xc2\x91\xdcN\xabp\x8e\x03\xb0A\xa5\
\x03\xef\xea\xee\xd2\xf2\x0c\x5c^\xbc\xf7\xee-\x95&1\
bG\x1aQ\xb7\xab\xd8\xb7\xed,\x86\xd0\x851\x0aw\
stC8\x87\x0b\x16D\x03\x89\xa7h\x93]R\xfa\
\xcf5\xba\xb1\x0f\x91\xe5\xe2\x862\x90J7\x06e\x99\
\xac\xa80\x80\x158\x8b\xabpl\xcb\x1c\xb71\xe7;\
\x09\x18\x8d\x0ct9S\xcc\x80\xab\xaa\x9e\xe6W\xe6]\
\x83\xdbTo\xd6\xa0\xe2\x87oo\x82\xe8\xf3.\xd8'\
\xfc\x1cZ\x9b\x0em\xfa|\xc2S\xebC\xab\xa4\x0aN\
\xdd\xdd\x80\xb0b\x17#\x0e2\x0a+US\xb9_\x9b\
!\xacb\x04\xa2\xef\xdfoo\x8a\xdaqv\x7fbS\
\xb4\xef\xb3g\xed\xb6\x86S\xed?\x9b\x08\x0f\xa6\xd1,\
\x9f\xbd\xee8Q\xa6\xb1\xb3000`5\x1a\xc9F\
\x8a\xbc\x1c\x08y\xfdt\x16\x16\x16\x06\xac\x06\xaa~\xd3\
\xfb\x14\xe4\xb1\x0fx_\xa7\x9bl\xa1\x18\x81\xb3\x0f\xb3\
\xf4\xbdv\xbb!\xb3\xd6\x14uo\x90\xd07l\xc6Z\
,\x9b]\x94`0\x9f\xdd;r(\xd8V\x05\xd39\
\xb1\xa2\xe9\xdc\xad\x1a\xf1X\x03\x1eg\x09\xb1\x04\xcb\xe9\
\xc8X\xed\x7f7\xa1\x91\xae\xc3 \x5c\x95?3\xf4s\
\x0fY:\xbc\x00\x0e\xbeB\x86\x94\x84\xef\xd1\xb1\xfe4\
\x19\xc4=\xc9\x9an\xb6'\x9d\xaf\xf6|\xf8!\x9f\xa1\
O\x22T -\xf2\xaa\xf2%r-\xcf\xd1\xdcun\
\xf1\xddp!O\xa8\x01\xd5\xb5n@\xfa\xc2\x98u2\
\x09~\xfd?\x7f\xb5\xa7\xe9n\x9f\x9b\x03\x1d\xe68\x0c\
\xc6I\x18\x9c\xa9<\x91\x1a\xb3\xcb\xdb\xf9\xfa\x1f\xcc\xca\
\xab\x99\x0bS\xb5]-<\x9d\xfc\xd1\xa9\x0a0n\xf9\
\xa5\xa6\x9f\x92\xe3\xed/6\xd0\xdb$\x8e\x0d\x04xk\
^\x22oP'\xe0\x0e03\x5c\xd4\xd9\x14R\xff\xfb\
\x9f\xed\x0cM\xf3M5sUy5@e\xe6\x8a\xbe\
\xccAH\xcb\xa5\x06\x22\xd2\xe0\x9dC\xdb\xe6\x8f'\xc4\
X\x01\x14\xe1\x22\x87_c\xb9\x0a\xe4Z\x12\xc2a\x1b\
\xd8\x09l\xb80\xd9\x10O\xef\xe9\xd7b\xc2\xf9\x8b\x8b\
\xb6\x0f\xa1Pg\x8a4\xb2,\xecV\x19\xe4\xbbJ\xcc\
\xf2%y{\x0e\xcf\xe5\x0a\xe2\xcf\x89\xe2\x8d\xb1\x8ff\
f&@\xad\x13\x9c_\x13#\x8f\xf5>\xb2\x02\xc8u\
\x0aj\xb4\xfb\x87\x9f\xb4\x18eFa\xcb\xf8\xc2\xda\x8c\
\x086\xa9\x11\x7f\xf0\x93\xcc\x81G\xb9'\xab*\xa5F\
\xd7\x14\x94\xdf\x84\xcc\x83\x9e\x08\xa0\xf8\x99,\x1f\x10p\
\x86\xec\xe7H\x5cW\xed\xfcW\xa2r\x97\xe5V\xdd?\
\xe2\xd0\x92m@\x12\xd3A\x823\xcb\xe5-\x92\xa9\x22\
\xe3T\xdfl\x0b\x0e\x0b\xaaR\xb0R\x16\xcbI\x02\xe2\
!\x92\x95\x94S\x91\x0f6\x0c\x15]\xa4\xc4\x8b)\xc1\
\x11/\xdd&\xe2c\x84\xf4\xd2O\x86'\xa0\x93f\x9c\
\x81\xf1\xc1\xa9\xf4TzFR\x86\xfb\xae`\xf3p)\
[\x10\x82<(\xe4B\xa0\x5c%J\xecS x\x14\
\xf1\xc0\xd7\xa6\xaa\xba6Am\x15O\xa3\x1eM\xc5\xee\
\x98\xac\xec\x1c\xcc\x94\xa6|\x80\xa7H\xbb\xbf\xa26\x91\
\x11\xcb \xc9n\xeaD@\xe4\x89\xfd\x5c\xaa\xfd\x000\
\xdd\xa1\xee/\xde\x80\xcfLq\xb8\x87*v\xa2\x7f\xaf\
t\x82>\xba\x13/\xa3\xd2=!\xc3@&\xb8L$\
\x91]}\xc2\xbc\x17I\xfe\xf6Y\x9252\xf4\xffY\
{A\xe0\xe5v\x0e6\x22\x963\x92\xd1=557\
57>/\x16\xa2\xd8\xa1\xfa\xbe\xdcL\x85+\xa7\xfc\
\x98'XR\x10g\xe3\x85\xb1\xf7\xcbv\xebK\xc0\xc3\
\xcf\xdbq\xcc\xb8\xb1\xcc\x81\x0f?\x9c\x88\xf3\xbdX\xe6\
\xce\xe7})\x961\x01^B\xda\xc9\x9f\x7f>\xb1!\
j\xf7(\xe6\xf3xW\xa2\x87\xfd\xa3\xd1\x062\x12}\
mz\xfe\xe1\xc4\x96\x81\xf7>\xff\xbc\xbde\xa83\x0f\
\xabY\x8e\x98wM\x02g7F\xc8\x96\xd8\xa0\xc2Y\
;\x9e\xa8r\x07;\xc6!\xdb]p\x09d\xa7\x10\xba\
\xb2\x1d\x22z\xb0\xec\x06\x1a`\xef\xf49\xcc\xdc? \
so(I\xbb\xa2\xf5Pu\xb9\xbe)'\xfc\x06E\
\x01;\xba:J\xca\xea-eX\xd1\xb55\xc6K\xcd\
8\xb9p\x88\xebO\x87C\x5c\x9f\xb0\xc5\x0cj0\x1c\
\x03\xb9M\xf3\x92%\x97'\xa7\xe1\x94\x9c\xe6\x98\xae\xc1\
\x8e\x89\xa2\x06\xef\xe33\x1d\xc3\x1b,\x1dduKy\
\xf4\xaa\x1a\xf7U\xd5n\x12\xea\xdd\x88pF \x5c\x04\
\xccG\xc0\xed\x85\xe5-0\x0e\xafC\x00\xecz\x00\xc7\
\x8e\xbb\xbb\xce8\xe6\xf2\x13\xc29\xd4\xa8\xbbe\x03\x0d\
\x9f\xc0\x01\xd5\x0dE\xd1+i?\xadA\x18\xa9/P\
\x14\x18\x041\x1c\xa5R\xcb\xfb\x93\xa7\xf2\x8cj\x94\xa7\
r\xaa\xc1\xc5DA\x8a\xddD\xaf\xe7M\x04\xf9\xd5W\
-\x15\xb3\xa9kkh\x86\x97\xb1u\xee\xf1P\xd0\xed\
PL\x81k~\x12\x94\x9a\x09.\xbd\x0e\x15\xa7\x85\x0c\
\x8f\xb3\xca\xea\x16\xa7C\xcftV\xa9\x8ey\xbaa^\
\xbb\x94^ i\xd9rZ\x15\x1b\x1b\x81O\x8c\xb0\x0b\
\xb5,W6\xef\x8116\x17\xcah\xb8ag,\x1c\
J}\xb8\xae:E[\xb2\xebu*M\xafK\xbb\xdf\
\xa96I\xf3j+\xcc!]\x03\x93\x9a\xa5h\xb8t\
\xe6\xa6\x8eN\xb2!\x19@\xa6\xf2\x1d\xf3z\x03\x06y\
\xd9\xec\xeb\x10L\x89%\xd0\xf5B\xb0\xaf/\xc1\xe9\xea\
`G\x16\x14\xb9\x8c\xe9c\xba\x99\xea\x19\xa4%~\xc9\
\xcc\xd6$E\xb7\xd1p\xb8\xfeH\xc0\xe6\x08\xcd\xde\xe8\
H03\x9a\xdfd\x83;|UA\xc5\xdf\xa4\x18\xae\
\x940/\xcf\xabJ\x14\xe9\x02W\x80\x5c\xed\x12\xd4\x0c\
\xbf]-\xa7j\x16\xed\xaa\x8a\x9e\xf1\xbe1\xd5\xca\x8d\
\xdd\x0e\x10\x9c\x96.\xe6\xc5\xd0h\xbcM\xb1\x82\xfb\x13\
!(j[c\x03\xbb\x8b\x9b\x83\xb0\xdb\xbf\xa9\x08\xbb\
\x0d\xe6kqs\xa6\xab?\xc2l\xdd\x9e\xc4S\xba/\
\xfbb\xc2/=joa\xcf\x9cs\xe1\xafCQX\
\xb4\x1e\xd8\xd2N\xbcdo\xe9\x0ca\xd4\xe9\x96\xf5\x0e\
\x83N\xb7\xae{\x10G\x09\x9e\xa0\x1e:+.q\x92\
\x87Q\xbb\x0a\x81f\x90\x89\xc2z\xb4Q\x83\x13`O\
\x89\x88\xe2\x89\xe3\x1ey]\xf7H\xcb\xa4\xa3@Dt\
\xcd\xe5'\x06\xdfp\xd0\x01_\xa2\x07\xdc\x81~\xeb;\
\xc8\x0fV\xa2_\x0b\xb4\xa0\xc2\x8f\xc4\x96\x06Z\x7f\x09\
\xad\xa7\xcb\xd0K\xc1=~\x95\xce2\xec;f\xcf\x5c\
Ry4\x97\xb8\xdbX\x04\xde\x80\x1a|\x0d\x1e\xf0*\
\x1d\xd1\xe8\xb3\xd3\xb9\xc4\xf52\x8du\x1er\xbd,e\
\xcea\xf6e6\xab|\xe7\xfa\xd9\xd0:W\xba^&\
\xb5\xc6u\x82\xc0>\x13\xee\x09\xcf\xf4z\x00Z\x1a^\
\xab\x1e\xf8\x16g\x82\xfb\xf2\xc3U\xd6x\xfd\x9crh\
\x1f\xb44\xd0\xfa\x15\xce\xda\xc6^\xeeb\xbe\xaa\xbb\xd4\
\x0d\xe2N\x8a\x079\xc1%\xfc\xc8N\x8a\x1e\x9c\xe5\xf2\
\x15\xf9\xf0n\x0dD\x81\xe5+d\x1b<4th\x88\
z\xed\x15\xde\x1f\x87H\xd7y\x05z\xf02\xfaC_\
V)\x18\xde\xd3f\x8d\xe7\xd3\xefy_=a\xb4\x85\
\xdaV\xa5Hd\xc1\xe5\x9dI\x8aeF\xcf\xedv\x8e\
)\xc1\xdaNn~\xf0\x8d=J\xff\xbc\x13\xe4\xc1]\
\xe4c\xaa\xaa\x08\x85j\xcaDz\xa9\xde\xf5s\x9a\xe5\
\x1at=\x986\xa5\xc1\x1b5\xba<\x0e\xc1(\x0f\xd1\
\x14\xde\xd0\xe9\xa0\x10\x83\x83\xe5\xad\xe4\xf2\x10\xa4\xa5I\
\xdb\xda\x10h\xca\xc3\x5c\xda\xf4\xe1Yx\x823K\x93\
\xb6]\x91\x1amW\xba\x8d\xae\xd9\xa0\x94\x96%\xcf\xb5\
\xcc\xe1\xa9x\xad\xe6\xa5\xa7\x14\x82\xab\xe5\xd4\xe4\xe0\xe4\
 \xdaD1pu\x9e:\xee*M\xd8U\xca\xaek\
\xa2nz\x8fM\x96\xa6\xe0J?E\x17\xfb\xce\x12\xc1\
\xd9\xa1\xe0vU\xe4\x05.9jsz\xdaIO\x0f\
\x82\xb4\x1d\x00\xf18@B\xf2\xba\xba\xb9\xc3\x10]\x97\
\xa1\xd3w}\xdd\xd2\x11\x1a\xe4\x0dQ\x11Q^\xa7\xbe\
n\x99))\xdb\xc9j=\x9f\x9b\xcf\xe1\x95A\xea\xe6\
\xa6\xa5\x92\xb8\x83\x1c\x05\xe8\xb0C)\xf5\x10L\x05\xd7\
\xd8\x1d\x10\xd4\xbe\x03\x82\xda\xe1\xd5\x95\xe42~\x07'\
\x17\xb2}u\xed\x9a\xf2)^\x95Fu\xfc\x07<[\
t3\xd3L)\x01\xce\x14t|\xb9Q\xb8\x90\xda\xc7\
B?cf\x7f\xd5\x8b4\xe48D\x99\xd4}\x86\xfe\
\xbcC\x89O\x9e\x1f\x02 \x80\xb5v\x86~\xff\x0e-\
UTj\xfa]\x98d\xc8\x8e*\x0eH\xd2t9\xa5\
\xe5_\xf6F\xf1\xcf\x95\xe5\xfd/i(\x1f\x1f\x00$\
-:Jdr\xc2\x00\xd5/\x95\x96\x0fS\xf5jI\
g\x13+\xe1)Y\xcc\x9d\x91\xec\xc88&:\x16)\
=|[J\xe5\xff\xbd\xaa\xc0:\xbcg\x1d\x1b\xa0\x96\
\xc3\xabo\x90\x0b\xb5\xe3^j\xc4gi\xc5\xbd\x05|\
d\xf7S\x83\xbf\xc0\xb1I\x18\xde\xa7,\x1e\x9d$P\
\xa7\xe4\x00\xe0\xe8.\x92q\xa1\x1f\x9a\xd2\x0fM\xe9\xe7\
t\xe65\xe5P\x85\xdc\x85U\x95\xdf\xa4k\xa0oT\
\x93>/\x05t\xf7\x05\xb5^\xfe4\x95\x9a\xfb\xd5\x19\
\x08\xc2<\xfa\xf8\x22&\x84\xe0\xc9\xf6\xca\xff\xdf\xde\xbb\
@\xc9q\x9c\xe7\xa1\xb3\x8f\x9e\xeeE\xf3M\xc9\x90#\
\xda\x0a\xcf\x15){\x1cY\x89\xa3H\xf45\x95\x83(\
\xd7\x8e-Z1-jV\x22CK\x0a}H\x89\x12\
)\x90\x00H\x02\x04\x88}\xce\xce\xa3vf\xf6\x89%\
@\x01\x04I\xf05+*\xe4\x8d\x1e6#Y\x8ai\
\xc7\x96#\xe7\xfa\xc6^\x5c\xdb\xd7>\xba\x89m]Q\
\x96D\x0a\x04v\x80\x9d}\xdc\xae\xffU\xd5\xbd3\xb3\
=\x8d]\xe8\xe1\xbb{P\xa8\x9d\x99\xee\xa9\xae\xae\xae\
\xfa\xeb\xff\xbf\xff\xfb\x04d\xf7j\xadv\x14V\x12\x0f\
r\x17e\xafj\xd2PM\xcd\x11\xc7H5\xe4\xd91\
\xde,\xabFS\xc5d\xf5(A\xfc.E\xacL?\
\xfdy9t\x81f\x1azr\x1a\x10U\xde\xecs4\
\x00\xdf,\xa3\xe5-\x122t\x84\xd5\xac\x97\xc9\xbf0\
pdj\x0d\xa4<\xee7\xc8\xc5\x07\xa0E\xfb\xc0\xf9\
\xb8\x1f\xfa\xfb^\xba\x9e\xef\xc8\xd2y\x86#\x9f\x0a_\
\xd5\x97z/\x02\xb7|\x0e\xfd]A#\xe8Ix\xfd\
(|\xc1Q\xb8cG9\x0deU`\xfe+<\xb5\
`\xc2\x97\xa9\x81M\xd9`\xa6;+\xd5\xe5\xcf%\xe6\
\x17\xdc\xb1\xa1;G\xe0\x8e\x1d\xbcw\x1f\xdc1\x8f@\
\x9a\xdfE\xdb\x07\xc0\xac\xb5}\xf0\x22\xe4\xb9\xcb\xa80\
\x1e\xd0s\xf6\x80\x87;\x96WZ\x82mi!\xcb9\
\xec\x10\x07\xa4\x12,\x95\x05F\x8d\xf7B\x87\xc1(y\
\x15qN\xfddi\x5c\xae\xf3\xa3\xe1\x96\x1d|r\x04\
n\xd9\xd0s4\x83\xbcY\x96\xd0\xb7\x08>\xcfa\xeb\
\x1c\xee\x98\xc5\xe4nj\xbd|\xc7h0AfPZ\
\xf7\xad\xbec\x8f\xc0)\x9f\xa4Qu\x85\xb8\x98\xb6Q\
\xba\xdd\xd6\xe6h\xd6\x9a\x00G\xc8C\xd3\xc4\xc7\xc8\xd0\
\x880b\xa23\xb1X\xbf\xe17\xae\xc45:Oq\
\xc6\x06e\xf8\x8cq\x09h\xce\x86q\xf8\x84\x9b\x0f\x97\
dN\xf8\x95\x9b\xd2\x89\x1a\xf2r2\xd5\xda\x97\xbe\xe2\
\xcaq\xd9~\x93c\xb4\xceg\xd6\x05\x8f1I\xa8N\
P\x89h\xd5^\xb2H\xab^\xc3\xaf_\xe9\xe4\xab\xcc\
\x0e\x17\xba\x15\xc1\x9c\x9b\xcf{\xfe-\xef\x0b%\x7f\xaf\
P\xc2\x17\xb9O\xf3.\x19S\x94\x1b\xeb`\xc0 k\
\xd7\x5c:x\xa6\x10\xfc\xc2\xe2?\x03s\xd0\x0c\xcdD\
\xee`jb\x92\x9c\xf6\xb4j\xb2\xabY\xcfp\x05)\
\xa1\x03\xc9\x08\xd7\x1b'bs\x83\xee\x83\x97u\xb69\
\x95\x0e\xf9\x071\x1b\xbb\x93\x13wr^o\x92\x13v\
\x07Sc3\xf0\x9cr\xa9}\x9e3\x95\x99\x0aEb\
\x0c\xa7J\xc4Y\x0b\x08\x02\x9d\x19<\xab\xa3\x17v\xc4\
!\xcdq\x17\xf8\xa6[~\x0fG-\xdd\xac\x9c\xf2\x1a\
oO\xe7\xe8F\xe1x\x0e\x0c\xea\xf2:o_\xc8\xf5\
\xb1\x0e\x90\x87\x0c\x84g9\x9fM\xa7\x00\x8e\x05?9\
\xf8\x13\x22\x1a9\xc0>\x8fM\x8cMp\xca\x1b8\xa8\
]\x8c\xb6\x18pH\xd9\xf8\xe7\xbd/\xfe~\xfd\xed\xea\
\x8b\xbf\x1e\xd6\x1c\x09\xcc\x02\xda\x98\xe7\xddv\xdf\xd9\xee\
+U\x19\xdc\x87\xe1\xdc\x92\xb6\xce\x9c\x16\x17\xc8\xc9\x8e\
a\xae\x05N\x88lq\xbd\xb1{\xf7<\x1a\xe2\xc5j\
\x89\xafX\xa7d\x95\xe6\xd1\x92\x940\x9be\xe6\xad\xdb\
\xf1[\xcf;!\x86F\x02\xf1\xd8\x0c\x97\xa2\xc0\x5c3\
\xca\xb5\xde\x87\x9eg\x12\xa6.A\xba\xa7\xc8\xf9R\xe2\
\x12\xbd1\xc1\xfcT\xf4\xfc\x9d/>\x7f\xbb\x9b\xccW\
s\xfb\x0b\x89B\xad\xde3\xae\xff\xc2\x1d\xb7>\x9dN\
\x96\x81\xc6Fd\x8f\x9eJS\x19+.e\xd7DG\
4\xaf\x95c\xf3\x11\x09Q;\xa4@\xb5\x9a\xe1\x80-\
{\x1f|^}\xd2\xd9\xe8(f\x8d]\xd1hV<\
\x22\xa6[<\x11|\xe1e\xf7\xbc\x10\x05\x1bI\xfc\xa9\
O\xfe\xce\xf3\x84\xf4\xaa\xc4\xeb\xd7O\xba\xbej\x5c\xd1\
\xe8\xfa#\xc7\xff\x9d;\xd43N\x9b\xe0Bf>\x9c\
\xad'\xcaUm\x9b\xc4~\xdc\xa6\x1d*\x84eQ\x04\
L\xbb \x83\xa7\x9e\xf9\xe0\x1d[\x0b\x1c\xc3\xae\xe8\xe4\
\x90\x8d:/\x14\x99I\x84\x10y\xab{^ \x9b\x0d\
\x227\x09:\x95\x8eX\x06w\xc02 \xca6\xe5V\
\xe0\xac\x80}\xdb\x03\xe4\xbc\x17n\xb6\xd8\xca\x1e\xd6\x8a\
\xd4)\x93\x09\x07\xc8\xda-D\x14\x05Ov\xc20C\
\xdctVO\xfda\xbd\xef\xdf0\xdd\xcf\xb2\xd8y\xc1\
\x9d\x9b\xa8LT\x98\xe79X\xa2&\xbd\xfaO\xba\x00\
\x89\xa4W\xc6*c\x15\xdc\xb2\xe1\xa0Y\xa2\xf1\xe25\
\xfa\xfe\x8d\xfaCgK\x05\x0d\xfcfY\x05\x02bm\
8\x0d\xc7Y\x87\x1d\x8e\x9b\x0fQw$7\xbfyF\
\x83\xe7?r\xf3\xb8\xfb\xc5\xffS=\xfc\xbf)\xf5\xe0\
\x8bJ\x95n\xf9%u\xd0\xf1?\xad\xa6w\x1dW\x1f\
\xff\xee\x1eu\xe7O=\xaa\x9c`R\xbe\xe1\xb1\xe3\x0e\
DP3\xf3\xe3\xeb\xe6\xdcV\xc1\xdc\x22\xe9s\xdeq\
;]\x83\xacZ5\x1e\xda\xb2\x1d_\xb3\xfb3h\xd9\
\x1d/8B\xef\xdd*\x9a\xdb\xa2-\xdec\xf7\xab\xfa\
\x0dN\x5c\x19\xb5\xb8\x12p\x1ew\xcb+A\xb7\xbcE\
w\x0bu\xde\x5c\xd0y\xfb\xa1\xf3~Q\xe9,\x90\xfa\
\x0d\x8f\xdd\x8f\xc0\xf4\xcc|i]\x03[E\x93\xcb$\
\xf3)\x17.\xdd\xc1^\xd8\x94\xa1\xe8\xb4\x0d\x80bQ\
w\xf0\x06<\x1b\x19\x86x\xf6\xc0`\xd1e%\xca\xb1\
\xf1\xd8\xf1\xe0>;\x17\x0cV\x17\xc1'$NU\xdf\
\xb79\xf9\xdf\xfeK[\xcbG\xbdIi\xea~\xe9\x9b\
\x9db\xf1\xe3a\x15\xceS\x8f9\x9an\xe0\xc7\x06\x86\
\xd4\xb7\xa7\xcf\x1f\x1cL\x1f\x92&\xe3\xe6\x0b13\xdb\
\xdb\x02X:\xd1/\xdd\xbe\xc5\x94\xe5\xdb7\xd05}\
ik{\xea\xa6\xadQ\x05\xa7\xb0\xf1,\xf9\xb8\xd2\xe0\
\xf3\xc1R\xf8\xa8\xc1Y\x8f%9\xca.f\x9d\x14\xcc\
\xcc?G>$V'\xc4\xfcr]\x0e\x13\xbd\xd29\
\xcac\xb2kD;\x19\x16b\x09\xd6\xfa\xfaBv2\
7\x99\x03\xe7\x0b2-\xa8I\x10\xc7\x04\x10\xa1Nr\
\xb6s(8\xaeP\xf5\xcaiMX\x09\x1e\xc8z\xc4\
\x1bl\xe2D\x12w>\xcb\xb9&\xaa`\x9e4\xa3\x15\
\x22w\xac?\xa2\xd7\xe2\xedM[\x5c\xdb\x90\xf6\x84\xfc\
c\x8ex\xebM\xcd\xa5Ej\x16\xf2\xc04\x9c6\xdf\
\x1ek)~DF\x802hT\x82\xfaQ\xd0(\x0d\
3\xd2\x04\xcd\xcc\xdb\xc6n\xe4K\xbaj\x867\x0f\x03\
\xceKb\xf94\xa4c\x22E\x83\xf1\xa7\x94\xce\xb6W\
\xed~P\xed{\xfc\x91q\xa5~\xe1X\xb0\xceZ\x7f\
\xff\xaf\xfa\xefM\x1bOi\x1d)&\x8av3\x9e\x90\
\xcf2\xc7%\x8e! \xe9\xf9\x871\x86\xda\xbb\xaf\xbc\
\x1d\x9bC\x17t\xd2m\xea\xc6\xf3\xb7\x8a\xf2\xad#&\
\x9f\xce\x0477\xcew\x8a\x91\xc8\xa3\xe6\x0a\x87r\xb3\
\xb9\xd9\x91\xe9\xe0L\x93\x83\x95\x015\xa0\x06\x0b\x9a\x8b\
bdD\xf3R\x14\x06\xd5\x80\xbe;DG\x98A\xce\
\x18\xdc\xba\x00\x86\xbfW\xaf\xd8\xe0$.\x1d\xd8]\xdf\
\xfe\xc4-\xe3iV\xc1\xe9\xa1\xb8\x13n\x84\x1c\x8eM\
\x91\x8b[\xe7>\xce\x18nT\xf2\xd7\x9b\x1a\xc6\xee\x18\
\x0c\xe3\x1d\x0c\x0b\xd8\x9d\xa1\x8e\x18\xc1r8\x8fO\x91\
\xe7O*\xcc%@_M\xb3\x98T\x97\x91F\x0d\x9e\
Io\xdae\x1a\x96\xd5\x0c\xd1\x91Ga\xdb\xbdZ\xf4\
\x0d\xd7\xd0s\xe8\x1f\xd5\xf2\xc3\x9cT`\xc0\xdbR\x0b\
\xce\x94\xa3 \xc5\x00\xf9\x9bu\x84C3\xbe\xe9\xd8\x0e\
\x96\x13`\x1bO\xc2\xe0GV\x16f\x08\xc7\x90c\x8e\
\xd3\xee\xdc`??\xa3\xc0\x9b\xaf\xf9U\x81f\x99\x06\
\x9aI\xe3\xd2\xdd\xe9=1\x93V\x8c\x0f&\xa2\xe0\x02\
4\xbc@\xcdo0\x86\x9f\x02-\x9a\x07f\xccNL\
\xd4Q\xd1=\x9cr\xe6\xc9]LS\xd8b\x82\xcb>\
\xe6%\xd1\xc9g\x8a\xcb>\xd95\xb82\xc8M\xad\xc7\
,\x8b\x1a\x14\xf1\x9e=s%t\xd8\xe69\xadN\xd8\
0WL\x14\x5c&&n\xdf\xba\xd0 \x05\xbd*\x5c\
bX\x0a\xe8]t\x00~Vg\x11\xea\xcb\xcdSf\
\xc7\x8a\xeccLm\x95\xf8\x12U\xde,d\x82\xbf^\
\x91\xd5fE\xae#8SU\xdb\xc5\xf5\xdb\xdci\xea\
\xae\xb40\xf3\xb5\xa6\xa8\x07\x89\x8aF\xda\x04!l\xa0\
G\xce{\xdb\xdb\x9c\x5c\x04\xe4A\xae\xf9F:\xbd\x11\
\xd8\x83Yx\x83\xc9x\xda\x0b\xda\x05\xcd\x9a\xae\xd0\xdd\
kO\xb1\xef\xf9\xf5\xdb\xd2\x9d\xa0T\xe0\x22\x9a\x22U\
\xf4E4G\xab\xc4\xb9\x88\x10b%\xb8\x88\xce@+\
/uv\x0d7\xb9\x9d\x80m,\x86\xbbX\xad\x7f\xa9\
\xc3\xc6\x9b\xb5\xa2\x95\x8c\xc2\xf9\xab;t,\xee\x10W\
\xa6B\xa4\xa6\xfdN\x96\xbc\xb8+\xde\x05l\xfe\xceO\
\x92\x0b\x98\xb7.\x19\xf0g \x85d6\xc4\xe8\xb9\x01\
{\xe8\xdc\x9c\xfa\xb8\xd3\xb1\xd5\xb2\x11;\xa0\xfat\x12\
\xba\x11\xf6\xf3\xec|f#\x92'\x9aA\xc8\x89\xe6\xb7\
\xa5`x\xf2^\xa73\x8e\xc3\xcc\xbc\xb2\x5cSl7\
\x92\x9aL\xd9\xbb\xe7)\xd3\xba\x05kG\x18\xc9\x0c\xb6\
Z\xd7\xc9\xa7\xef\xb9g\xb3xa\x9f|\xd2iK\xea\
\xe2\xff\xf7\xf4\x05\xcb<\xb6u/\xb7:\x1b\xf8\xbf\xa7\
s\x8f\xd0\x89.\xcb\xb0=u\x99\x10f_\x06\xd8\x03\
`P\xba\x18\xecM,/\xcdhJ-A\xb0+x\
e\x0c\xde\x1d\xc2r\x86\x98\x9a\x00\xe5\xf5\x8a\xf0i\xbf\
\x22\xc1\xc6W\x16\xb2\xb9\xfd\x1d\xc8\x7f\xbf\x90\xeex$\
f\xd8a\x99,qC\xefQ\xfc!f\x18\x80\x90z\
\x1d\x12Q\xb1<\x97\xc1\xd5\x7f\xccz\x99>\xb6\x08\x93\
\x9b\xa5\x91\x87\xc8bf\xef\xd6\x9f\xf4\xbe\x936\xdaw\
\x8c\x03\x86)k\x1b\xf2W\xf0\xc9\xf4\xabc\xf0\xa91\
\xdeqf\x08\x11\xab\xcf3\xc1%`\xac\xbbA\xee\x22\
\x18\xab\xe5&\xe0\x82\xe6\x89Z\xe1\xe8%_\xf9?\xa8\
1\xb8\xf3i\xc7f\x9b\xd3ZWHO<n'H\
\xf2\xeec\x5cJ\xdbu\x8d\x8e\xb5\xb9\x01\xf5\x9cs\xc1\
\xb2\xeb\xd5\x9d\x9ah*\x94\x8e\x96,Q\xcf\xdb\xb9\xd3\
\x09'\xeb\x85\x1d\x9da\xf3<.\x07\xd1\x85\xa2|\xf2\
\x12\xd1XY\x1c\xf9\x9d!\xed\x22\x9c\xf5\xb1\xa1v\x86\
#_\xda\xdf\xfc\xea\x90\xd5\x88s\xda\xbd\xc6\xfdi\xac\
\xd9l\xfdq\xa4&J\xe9\x98\x12X\x88\xe8\xccZ\xe6\
\x98b\xba\x94\x8c\x95\xf6`\x17+\x99\xf9fRX\x0b\
Y\xb6\xe18_\xc2\xaa\xc1>|E\xbf\xeb\x8a\x8e\x86\
\xc5\x82\x0e\xaaa\x08,\x0d\x9bs\x0e\x9f\x9a\xa5\xb1J\
\xff\x22m\xf0\xb8eC\x81\x93\xf7\xea\xdb\x1b\xdb\x9d*\
\x83\xd1\x09\xfdI\xeeFB6U\x91\xe3\xe6\x7f\xfc\x0f\
\xc7vMr\xb6{\x04sj\x9c\x06\x00o|C}\
\xbbc{*\x1b\xb5\x9a\x85:\xf5\xfe\x85\x11O\xa8\xd5\
\xf8F\x851\xa7\xcb\xc6\x89)B\x99~\xdc-\x08Z\
\xb4?`bk\x83\xa9\x11\x0a\xd4\xec\xdd\xeb\xd8La\
\x80s\xaf\x0bg\xc3\xa2l\xcc!\x09#E\xeb$\xf5\
$g\x08\xdd\xbc\x96z\xa3~\xe7\xcftK\xaf\xd1\x9f\
\xfeK\xfdiS\xfb\x19\x10@\x18L}\x89\x00\xf1}\
\xe21\xee\x03\xba\x83V\x995\xa0\xb2\xd4kk\xb2{\
\xc7\x8e96?\x17\xc00<\xe1e\xb5xB\x05\x0d\
\xee.dG&\xbd\x8f<\xe7\xe4m\xd8q\xb00\x8c\
\x8d\x8f\x8dc\xce;\x06\xfeE\xc9\xfa\xb6!\xc7\xfc\x95\
\x1f7\x83\xc7\xfb\x8d\xdf\xb6\x86R\x899\x86\xc1\xbb\xf1\
Y\xc7\xfc\xc5\xdcL\x0b\xd9\xd2Di\x82EJ\x04q\
{\xe7\xe7\x9d\xdc4\xa74I\x22S\xcat3\x98\x1b\
\xf8qK.\xbe\xc5&\x80\xd9\x13kw\xfd3\xe5\xc4\
MjM\x94\xf2\xf9w\xea\xae\xbb\x88\x9fq!\xab,\
\x1b\x1f\x16\xa9\xec\x06x\x84\x17_l\x8fF\xb8\xf5E\
\xa7\x1ds\xa4\xe7\x7f\xfa#\x8e-\x91\x90\x12~<\x10\
\x13\x18\xba\x8de)Q\xe5\x07\xf6\xe1\x06`.\x17\xb6\
$s^p\xe7\xaby\xef\xb7\x7f\xc3\xa9\xe6\x89\xf7d\
E\xe0\xcb\xab2\x0b\xae\x0a\xb3\xe8\x9a\x8d\x9f\xf7>;\
k8\xa6q\xd4\xf5\x1b\x99\x03\xef\xf3w\xe2LU\xb4\
\xb0@\xd0Ze\xdaL\xde\xb6\x15z\x18<x\x14\x1b\
67\x95\x96\xf9Z\x85\xfc\x9aUiz\x8a\xde\x0b\xee\
\xfa\x9fp^\xd0\xda\xc9Z\xed\xc9\xb5\xb5\xbf\xd2\x7f\xff\
/\xfa}\xae\xdd\xbb\x96\xfai=\x13@^\xcd\xdb\xa0\
9\x8e\x90\xa8:\x84\xeaD\x09l-3\xe5\xd8,\x11\
\xf8\xa8\xf5\x88\x1f\xbd\x87\xc8\x1a\xe0z\x95\x94\x92\xbf\xcb\
w\xa6=\x01\xa8\xf7\xae\x7f\xa9\xbe\xec$I\x01\x8e\x07\
\xb0\x01%\x0c\xfc\x08\xdf\x8b\x1d\xee\x061^\xd0\xbb`\
J?\xefd:\x14a\x07k\xa1\x95=\xb8\x09\x99\xf5\
\x1fP\x7f\xfe\x17N[_\x01\xd8\x041\x83\xd4'\xb7\
6F\xbd\xa3\x83\xac\xf9\xb6\x14\x0b_V\xef\xfa\x97\x1d\
S\xbd\xb2g\xc5\xfb\xf3\xbfP\x1fp6E\xe3\xe1d\
\xb2l\xf4\x1d\xc9\xb4\x1e\x92\x11\x0cGz\xba\xc4_\x1a\
AO\xd9\xd3yg\xa4\xc3m\xa6\xff\x12\xf7\x8e\x91\xe1\
\xb5c\xfc?\xd8D\xc4\xed\x96*\xef\xf8}\xf7\xdf\xef\
$\x83\xe1D\x16\xb6\xc7\x8e\x1f\xbf\xbf\xb5\xff\xad\xf3>\
\x08\xd3\x8a\xdew\xfc\xb1\xc7\x1cKa'\x81\xcf$2\
\x03\xdf\x7f\xff}\xc77Xj\x7f\xd9\x1d)\x92\xad\xd8\
\x08{\xe0\xa31\x110?Q\xc6\xa0.\xab\xc0Y\xf1\
\x08\x9b0\xae\xd1\xdc\x0c\xce8]\xf4~\x19\x95M$\
\x1d.\xb2\xbfY\x22w\xb0\x89c\x05\x9b\xb8\x1b\xd3,\
|\x08\x899\xdd\x86\xe8\xa8\xe5\xbe\xe3\xbf\xb9\x9a\x0c,\
mD\xd7\xc4\xdb\xef\x84\xb5\x1b\x0d\x11\x92\xad\x06\xe1J\
\x16\xad\xf1\xa2\x1b\x95\xd3\xe0\x8c#\xe5\xe0+\xc0\xd5.\
\x01\xd4\x88\x99\xee\x90\xe7\x9c\xfb\x06\xa2H\xc1\x95p\x8e\
\x87\xd8\x00\x11K}\x89\x8d\x7f\x0e4\xff77.\xa8\
\x11{*&\xb0\xf1\xc2\xdc\xebD.\xd5\x1b\x93\xe9\xd0\
\x5c\x80{\xee'Q\xc0\x8b\xe9[\xa1\x8f\x8c\xa91E\
[\x98-\xf6\xa9\x5c\xed\x8e\x90#40\x98\x87\x0a\x10\
\x16.\x08(f![\x19\xac\x0c\xda\xb9\xf8\x1eS\x84\
X5\x089/QRw\xc1\x94\xfd\x081\xa8p\xd9\
'\xbe\x02\x8fN\xe5\x99*\xbd\x13\xec\xdd*\x87*\x87\
\x14p#X\xe7\xc2\x06ja\x16\x0d\x18\xa8_\xed2\
\x7f\x88\xe1Q\x10)\xb0\x99A\xdaq\xa1\xc2\x98.\x07\
\xa9\xd3\x17\x81!\x02K\xb0\xb4O/\x908Wg\x04\
\x01\x9ejd*E\xa6E\xc0\xc1\xb1\xd0?bQR\
\x84\xc9)\x88\xa8`\x99(\x17\xec\xda\x12\xc6\x97u@\
q\x09\x02\x8aK\xd0\xba\x15M]0\xa4\x861J\x07\
\xad\x18\xb1\xa7\x16\x172kiG\xed\xad'\xab\x00p\
\x00\xabfX\xb5\xa0\x99\xd3\xb4\x81\xd6,\xd8\x95\xb2\xaa\
g\x9c\xce\x82\xa4\xc1\xa0\xa11\x83\x03'\xdb\xcf\xca6\
\xa7\xc5.9-\xb4o\xe77\x88\x82\xf5.\x18\x0e\x15\
\xf2\x0c\xc4\x1b<\xb4\x05\xf73\xc2\x8c!.\x19\xdfR\
\xf8\x891\x90P;N\x0f\xa6\x83\xea \x0d\x22\xd4\x94\
k\xb0\xd8\x1c\x0d\x1e{q\xa2\x01\xd4dQ\xe3%\xaf\
\xd3\x01\xa4\xef\xf5\xa2\xecy\x17-^w\x22\xa0\x8c\x0e\
 L\xc7%\xb9!x\x0a\xb0\xac\x93\x1d\xb3\x99\x03j\
05m\x89f[\x03jA\xa6\xde&\xebt\x9a<\
\xe9z@m2\x9a\xcb\xac\xb7\xeb\xdc\xa31\xd6\xda\x8e\
M\x93\x1fTr$qJ\x84\xa8\x1b-r$Y\xe2\
\xb96\xbc\xa9\xc4H3L\x8a$#\xdc\xd4.\xa29\
\xf0pR\x15\x96\xc6vw\xd3\xc3\xfa\xf5\xed\xc9v\x84\
\xfeK\xefpX\x08)\xa5W\xad\xf59^<\xc4\x80\
&\xc2+\xaa\x17\xfemgG\x14T\xed\xbd\x8e\xa1\xb3\
\xe7}_\xb0\xf7,\x14\x997~\x95\xee\xac\xf2\xdey\
\xeb\xed/\xbe3\xcd\x94\xf7\x08\x16\x1dL\x15+\xc5\x0a\
\xef\xe1\x16\xb2F\xe1\xca\xab}\xb5\xa0\x1c\xcd]\xb1\x12\
\x8ec\x85\xb3\xdbtC+H\x97\xeb\xbd\xf0\x87\xc5\x0e\
\x8fx\xe9\xffq\xca\x11\x056\xf8\x90\xe2\x92u\xa3\xca\
\xccM\xf7\xfa\xc6N\xc6\x0a4h\x00h\x9f\xed\x12\xec\
\xe3\x96d\x82\x04\x97~3\xf6Z\xa3\x0d\x82Q\xa0C\
\xe9x<\xa3\xddD\xf20\x0e\x1f\x1fg\xafY\x06\xc0\
\x82\xec\xf2m\xbc\xbe\xbe\x93\x93\xa3{D\xe8\xab[\xa8\
\xbe\x22\x89\x87\xcb4N\x91\x22dY\xc6s\xb3\x84\xc0\
\x15\x88\xba\x08\xda\x0e\xbcj\x9ad!\x15\xf1\x16\x13\x04\
\xb3H\xcfl\x83\xe2A\x84\x7f7\xb5%\xed\xf0'{\
C\xbei\x11\x9b\xa0\xb9\x96\xe8\x0e\x0eq\x09^\xe9`\
\x9d\x98\x82\x93LQ\xa4\xc8\x13\xb9\xab>n\x95\xa9\xea\
\xd5\x1ba\x1e\xb3h|\xef\x87\x03\x0e\xce\x0e\x91m\xbd\
(k\x89\x06\xc8\x16=u\xdb=9\xc7\xc6<.\x0b\
\x10\x5c\xe7qzw\xde+ycF\xcf\x16Q$\xa0\
e\xbbN\xc5\xd6\xd2\xb3\x85\x87V\x9c\xbf\xab&\xf9S\
\xaci\xadP\x0b\xfb$\xed\x8c\xeeb\xd8\x0am\xce%\
\xb8\xd4\xc5g\xa3\x94z\xb3u\xa7\x9a\xb2Ng\xc9\xde\
\xca4\x14\x8c\xe2;\x9f\xc4\xab,S\x9e\xa75,\x82\
w\xef\x99T\x9fut\x8f\xf5\xc9\xd2\xe8QGi\x05\
\x93\xa0\x07\x1f\x86\xde|d\xb6\x88=L*\x04\x86\x0d\
Jj\x1ey\xaa\xa7 \xd24E\xf1&\xd8\x01y\xe4\
\x82\x98\xa5\x12n;\xde\xb0e:\x9dg\xaap\x93\xa7\
\x19\x09\x9c\xcd\xda5\x98\xcd!\x0b\xe0\x8c\xf1H\xf4\xb1\
cZ\x1f\x0d\x82m\x094<nL\xc8\xf0X\xdeI\
\xe3\xf5\xff\x95\x85\xe7[\xc1 \x06^0\xdd\xe9u\xed\
\xe1\xa6R\x13\x95\x83\x0e6\xb6c\x9bLU\xdb\xe0b\
\xfa\xb2\xa1\xcd\x89ei\xea\xee\x02\xda\x8fm\xda'\xe3\
\xd3\xaa\xfdz\x81;\xbc!x\xf9ix\xb7H\xfce\
\xc0\x01\xe4\x08y#\xd7\xcad\xc4\xc1\xa5\x9c\x91q}\
\x06y\xa5\xfb!\xb1\x00Z\x9b\xe32\xb8\x8a\xe2\xd0\xf7\
#\x9a_\xab\xf1\xce3<\xa9\xf6\x18\xc5\x9e\xf5;\xcf\
H.Ixn5l5\x8eQ\x0a+R\xf8M\xd2\
\x00\xc6y\xb9\xc2\xed\xbe\xed\x9b\xff\xf4A\x87,\x88\x06\
Y@j\x8e\x82\x15S\x8ea\xc5\x9a\xe2\x18\xba\x9e\xa2\
\x8e\x8d\x86\x8f\xe1-\xa9u\x1c\x85\x12\xe18f\xe1\xd2\
\xc7\xcdY\xdfc\x1d\xf3\xe9\x87-9\xd72\xe1\xafS\
\xb2\x96\xa4lp2\xac\xb3\x85\xb2\x16I\x04 s\xca\
L\xf4\xc1\x99>~\xd01\x1e\x96Q\x02#c\x02\xc7\
\xb4C\x1b\xa8^2\xa5\xd4\x00F\x9e\xf7\x8e8a\xa1\
\x92~+\x12\xad\x8f\x1b\xb0\x8e!\xbbN\x8ec\xb0\xf3\
\xa8}\xcc\xc7\x1ff(M\x97\x00\x98R\xe4\xcd/q\
\xb9*\x83D\x02+\xbe\xad\xa2\xb3F\x14&\xe3r'\
e\xae]e\xe5&\xb8\xe66\xf7p\xda1{\x80)\
\x0b\x07\xe1\x1d\x1bi{\x0f\xa7\xf9\x1e\xd2q\xbc\x83\xd7\
\xc7m\xc2=\xac\x84\xc1\xfb\xcb\x0b\x1c\x0aor\x1f\x83\
\x97\xe4>\xea\x88\xf1\xde\xa9\x96\xf7q\xd4\x09s\x89\xc9\
}\xa4\xe3Z\xdd\xc7Q\xbe\x8f\xf4]r\x8c\xb9\x8f)\
\x01\xbf\xf1\xa3\x15\xb9\x8f\x141/z\xfe\xae\xaf\xff\xd3\
w\xee\xaa\xff\xea\x89w}\xe3/N\xa4\xfd\xbd\xeeV\
\xe7Cz\xc7\xdc\xcdK\x89\x8c\xdd\xd8o&\xc86\xde\
\xb4\x94\xd9\x84\xdb\x9b!\xf7^z\xc0\xbe)\xdb\xb0o\
\x01\x95\xa7.\x1f$\x92:\x103\xfa\xb6h\x1b}\x9b\
\x09@\x83\x0f\xe9\x0c\x0fMlW\xc4\x14\x04\xed\xec_\
\x95\xa7\xdc\xe2\xf4\x81U\x89S\xc7\x94\xe8\x12\x10\xc8\x07\
\x17y\xaf<\x1e\xc2\xde\xf4\xd0cZ-\x1bIW\xf2\
\xeeu\x93>\xaf\xc0\x22M:J\x9fIB\x81`t\
\x8f\x90\x8cr\x12\xa1W)\xf1\x1eg\x0d\xdb\xda\xcf\xbc\
D\xd8**\xfb\x99\xc3\x88\x89\x8a*\xad\xda7Y\x0d\
\xb9|9~\xdf\xe8umF\xc7UB\xbf\xa0nG\
\x91\xb3^2l\x97.\x0b\x12\xc6\xd4\x96h~\xd0|\
U\x0cJ\xcb\x844&,\xa0:R\x85\xf4\x17\xc1`\
(\x92\xc9b\xc8\x0c\xd7\x04H\x12\xfb\xf1\x88\x1d\x8a\x1d\
\x9eq\x87Ki\xed\xd3\xe8\x12a\xb6\x1e\xd9\x86\x9b\x9a\
\x83\xc0\xb1\xfe)\x98h\xa6h\xe2\xf4d\xec\xdb\xf7\x94\
\x01\xb0S\xd0\xea)\xa3\xaf\x02\x8c\x82\xebY*i6\
\xa0Y\xdd+\x0f\xbb3 \x8b\xe0\xdaz|\xd0\xdc\xc9\
|\xb5Hs\xaf\x95\xf0\x13\x1c\x03\xae\xb2$#\xa3\x1c\
\xc61\x88\x13K3\xb9\xcc\xb2\x18q\xb7N\x80\x14\xad\
\xe1\xd0h\xad\x16\xed\xb4#\xc1\x8d\x06\xed\xe1\xe7\xc6b\
\xcf\x92 ~\xd9\x08\xb4D\x8aq\xb3\x89(k\x85\x0f\
\xa0z$\xda\xde\xd7\xeb\xab\xd2Or\xeaJ~\xbau\
\xedAb\x11\x0d\x9e\xfc9.\xbfI\x1d{/\x0e\xe8\
Y7\xa9v\x90\xe6y\x9c\xa1\xc1\xea2y\xaeU\xeb\
!\xf8\xb3\x1a:\x8f\xf4O\x8b\xb1\xc0\xa4\xa9B\xf8\xfd\
R\x99\x14.\xa6}\x85\xc8\xfa\x9e\x82h\x011a\x8b\
\x5c\xf2)\xda\xa2\xd8j\xca\xe0\x85}58\xe5\x8e\xb7\
\xbaC\xcaP\xff\xda\xe0\xb6\x90 \xe60\x92\x91j~\
\x9e!s\x89\xcd;\xc0\xa3cf\x83U\xcfI\xcf\xf2\
\xf0\x8fhEZ\xa8\xb4\xda\xfc\x0c\xca\x19z\xdft\x15\
Q\x1b/\x837,rf\xc3\xa8\xdc\xa3\xc5\xeat\x87\
\xcc\x86\x98\x9f\x9b\x9c\x9d\xbf[\xe7\xeb6\xde\xe0v\x16\
\xb5\xee\x94\xae\xff\x0d\xeeyau6\x5c\x19\xe5\x02\xb6\
\x82s\xc4\x10\x1b1\xd9\x91\xb9\xa0\xadb\xf4IxA\
\xde\xb1\xf4\x85\xbcA:A\xfcB^^l\x1e\xa7-\
\xbf?\xb1sW\xea\x85\xcdO^i\x14bd\xaf\xc4\
\x9a\x90\x87\x95\xc5\xa8L3]\x1d\x83@Z\xa7J\x97\
\xc3\x040\xb4\x89\x97!\xf6\xd33\x98\x1a\x9d\x1a\x9d\xa2\
/\xf0\x16\x18\x10\xb8\x0d\xbc@k\x86\xac}05\xd3\
l\x0a\x9a1<\xee\x04\xc9\xcf\xd3\xd6p%\x13\x82K\
[5\x18}\x123\xd1w\xfaC\x9f\xf9\x88\x85Wm\
\xc6\xcd\xa2I\x02`\xed\x08\x8b\xf7|^\xfd\xd6g\x9c\
\x10\xbb\x02<0\x92\x09`\xb4\xccV\xc5\x8d\x80\x5cl\
>\xee\x005c\xfdB\x7f\x1eL\x19,s\xc0h?\
2\xed=\xf4\x10nAs\x13\xa3\xb0\xe6\x8fp\xd9E\
\xfe\x9b\x10\x02\x02\xaf\xadN{\xb1\x11.\x03\xb3i4\
\x97\xf3\x1e~\xc8\x99\xd6*\xa1}\xc0\x14\xbb\x0d\x88!\
\xd0\xcf\xb4m\x81\xf6\xafzg`\x5c\x83\xe8\xd0_f\
\xfb\xe2\xc3\x1f\xfb\xf0\x06\x80\xde\xce\x08\x19\xbc/\xa8/\
|\xcc1\x06\x15\x93\xdb\x89\xb7&B}\xc7\xc4x\xaa\
\x0ai\x10\xd5\x08\xce\x93\xc0\x89mu\xd1\xef\xbe\xeb\xae\
Z(MgYf\xa1eX\x09\x96y=0Y\x82\
\xd4\x03R\xd3sw\x81\x22\x02\xb5\xbb\xee\xba\xcb\x11\xaf\
\x11\xa5\x09\xda\xf0.\x99\x95\xb2\xf1\xec\x12\xafV{\xf6\
\xae\x18i\x9c\xe1'\x1d\xe6\xa6\xf9b\xd9\xbb\xabV\xab\
9m?\xe1\xabF\xcf'NP:e\x91(p\xbd\
;^z\x1e\xb2\xbd\x0ci\xae\xe7\x1f<\xec`LL\
\x17\x81\x11p\xc9\x02>m\x9f\xe22\x18\xd2G\xd51\
u\x8c\x18\x1f\xae\xc8h\xbd\xc6\xcb\x83\xb1F2\x1dg\
\x16\xb4\xda\xf5):\x83\xf7\xb0>\xdf\xa5\xc8cN\x11\
\xc6\xb5\xef\xd6j\xd3\xb0G\xc42\xb8\xa5\x7f\x0f\xbb\xc4\
oA\xff}\x0b\xf8\xb0\xff\x1e\xa2\xc8\xdf\x86\x91\xfcm\
\x11P\xf9\xae\x1e\x9f\xaf\x22\x91\xfd|\xd0X\xed>\xe9\
\x03\xc3Y\xc7\x8c!f\x8e[\xc0\x8bd3x\x91\x98\
\xdc\x81]\xa7\x0ek\x81\xb9\x15\xe4b\xe1 \xeaEb\
\xf9]D\x00\x08\x13}\x9f\xf5\x1e~\x98\x9d>\xa7\xc5\
\x08\x0b\xec\xbc\xc9\x03\x93\x07*A3\x06Sj\xbf\xda\
_\x80Z\xee@\xee\x00=\x92\xa7\x168\x98\x09\x8a\x0f\
\xca\xe5\xe1\xb2\xaa\x87@\x13vO\xbe-\x0f\xc1\x83\x7f\
\x00\xa6\xbd\xfd\xf0:\x96\x07\xa0\xbf\x1f\x829\xd5\x1au\
\x86\xb4N\xce\xb7\xaa\x97\x09D\xed)\xb7X\xe6\xf5\x80\
\xa8\xc5+\x5cvQ\xfe\x81\x1d\x05\xbb\x5c\x0c\xbb+\xb2\
\xcc\xd9}%\x0c&,\xaf\xc82\x1d\xf9\xe5b1v\
\x9b\x88\x06L\xact5\x05*i\xe5\x1bLi@\xdf\
\xc1\x83\xeds\xc5\x82\xfbi\x1a\x9c\xe1\xec\x9en\xf1\xeb\
\x13\xd1\x18r\x8a\x97\x196n\x04\x08X\x9e\xc00g\
\xd3\xf48\xc9\x13\xdc\xaal\x8f\xc1\x1d\x982\xa9\xcf\x11\
>\xdb\x85\xacn\xf0\xf9\xe71v\xce\xf97\x1ej\x11\
\x80KRv\x9a\xf2\xc6\xf2t~\xd2\xbc\xaf\xdb\xebG\
^H\x96i\xd6>)\xe4K7\xdf|sr\x0a\xc9\
/}\xe9K7\xe3\x9e\x1bW\xe6\xcer\xdco\x0e\x0e\
o\x9b\xf2\xd1\x96\xfc2h\xf8\x976@\xa9\xb6{\xf7\
G\xb6W\x1c\xdf\x96~\xd2n\x97\xfd0\x13\xef'\x7f\
\x05\x8bG\x0d\x83\xc7`\x98\xfc\x06\x90\xf3$\xaaK$\
?\x85\x81\x9a`B\x99yd\xe6\x11\xa3\xdb\x14\xfc1\
C3\x12|\xe0\x0ad\xda7\xd2Ox69\xfb\xb0\
\x11\x8f\xb2Z\xb2\x9f\xbc\xd7\xa2?E\xf2S\x18\xc8\xff\
.(9\x89\xd2\x86\xa9\xb1\x82\xd5\xba7\xa0\x06\x87\xc1\
\x09\xbe\x03c\x7f\xd6\xde\x12\xf3\x86y\xd6;\xf9\xaf\x9c\
\xf5\xb4d\xac\x19q\xfe11\x9b^\xcd\xfb\xd7\x7f\xe6\
\xf8;\xd2d\x87\xeb\xb5cx\x0a\x96\x8a)\xf6\x1d\x08\
v\x13%N\xd0\xb6\x8f\xe5;\xf0\xeb\xcf\xd4\x9fm\x9d\
+,\xc4\xab\xc1,RP\x05\xc4\xba\x13\xc7B\xe3\x99\
\xc6\xb3mg\xfcV:\x9e\x9a^5\x8cf\xc2Km\
\xa6j\xd6\x97\xa9\x0d3\xd4G<x\xa7mH\x90b\
\xc4\xd1)\x03\x1f\xca\xb6\x00\x17\x19M\xb6f\x8am\x06\
\xb2\xb4N\xe6\x8d(\xdc\x9a\xc0\x9f\x0c8\xaa\x19t\x0a\
\x81U\x00\x01\x16]l\x03\xc2b`\x96x/}\xba\
\xe4\x99\xe6\xd0.\x03\xfcB\x89\xb7G\xf5CF\xa3\xeb\
S0\x16>E#\xe2\x122\xd6\xe0\xe8\x83\x5c\xba \
\xc3'\x84\xd2\xaf\x04Ck\xa2\xe2\x98<\xd9b\x95\xbc\
\x18\xbd\x12\x9f\xb2\x14\x81k5\xe4\x9bc\x05\x86nN\
\xd7l\x92\xbeQ\xa6\xc0d\x17\xb9\xe0\xe51\xc9\x06{\
\x22\xb4o\xf4\xcaR$\x0bg\xd5\x96\xf1\xf5B\x8a\xbe\
\xd9\xfeR\xd8#+5\x08\x0c\x87\x90\x12,<\xb0\x90\
\x1dgg-\xdeY\xdc\x1f\x12\x12\xa6d\xca\x1a{\xd3\
\xe9\xae\xe4\xd7\x13S\xe9\x00\xd60\x11\x92\x05\x06\xcfk\
\x99Z.(!a\xee5\x8e\xbc\xaf\x9d\xd1\xf7\xff\x0c\
M!\xde\x91[\x1d\xc3\xb6\x22\xb1\xcc\xfe\x22s\xcdD\
\xa8\xa8\x88r\x22\x8fO\x0f.\x1fUo\xf0Ig\xc0\
\xa0\xe1\xe0\x1246\x94\x86c\x97\x8e\xd1\xc0\xdc0|\
\xaf#\xc4'`\x0d\xd0\x87E8a\x95\xb4\xdf\x8a!\
^\x0b\xb2\x0a\x8b\xc8\xe7\x1eJ\x0b\xa9\xd9\xbe\xac\xc3:\
\x1b50\x05\xa7\x8d\x9b2\x87\xc8\xcd|:,!\x01\
\x926H\x9f\xd6+\x9cZ\x0e\xe0\x10\x18\xb39\xf6\x14\
\xb6u\x92\x0cT\xa7\x15o\x1b\xb3\xbaM*o\x96\xe9\
0P\xd9R\xdbu\x17\xd3\xe35\x87\xe5a\x94\x8aC\
b\x88\xb4PD@\xedr\xf8\x86L\xb0\xa9\x81\x8dy\
\x17A\xda\xc6\x8d\xfaD\xa8\x96\xc1\xac\xce\x12|\xa8D\
\x83s\x0d\xf5'\xcc8\x0d\xd3.\x04\x1dNK\xfex\
\xda\xbfi\x87c\xb2-e\xb3]+\x9b-8?$\
\x8c^S^\xfd3i\x1b\x9cF\xa6$S\xc0\xb3\xe3\
$\x14\xc6\xf2n:\xe9\x14M\x98\x80.\x0c0y\xb7\
\xa6\x83\x1d{r\xf6\xdf\xcf\xa9\xcf\xdd\xd4(\xa8\xcf\xbd\
\xf49\xe5$%O.\x8e\x17u;l\x5c \xed\x8f\
\xc0;\x96W6\x22\xcb\x90\xf4\x98\x82\x01i*\xef\xdd\
\xe1\x02I\x9bL \xe6\x92M\x0d\xf3C\xc9ie\xb2\
F\xa9_*\xf0\xd1\x0aw.M\xa1\xaa\xaa\x95|\xab\
L\x9e\x87\x91w\xa0\xd9\xec\x96\xc1k:\xd5\xbf\x03\xfd\
O\xb6\xefd]\xc1\xd7D\xe0;\x89}FZk\xb6\
TV3\x04\xa7h\xfb\x9c\x9ap{\x82X[\x8f\xcc\
\x8e\xcdzCZ\x9d\x97f\xd3\xba\x86\x00\xceB\xa4\xb9\
V\xca\xb0\x22\xe7\xc9\xa65\x1bPm\xeb\xd2y\xa9\xf9\
\x158s\xc5\x00G\xa5\xd9\xc1\xc42\x98r)3\x85\
\x02\xa8\x0bY\xceSf\xa2\xbc<|\x8cU\x19%\xca\
z\xd6P\xbce\xe6G\xf2\xcc\xaf\xba\x04\x11\x82%\x99\
\x90\xb9VP\xf4\x80\xa5d\x11K\x89vd7\x5c*\
\xbcB\x19\xcc\xe5ID\x93\xd3D\xe5\xc2d\x96\x86\xb7\
\x19\x9a>a\xc0>\xe4\xa5\xe8\xe1\xc8\xa7\x9e\xd3&\xc6\
'\xc6\x09\x19\x9b\x12p\xe1\x1a*\xd4\xa5\xa8\x93\x0b#\
t\x09\xdf\x03\xda\xcbW\xe9\xba\x06\x9a\xabO\x9e\xabY\
|pE\x03\xe3\xd0\x90\xaf\x9a\xa0\xfa\xe7Y\x1b\x11\xcb\
\xee\xc1T\x0e\x9ed,\xc7\x087\xea\x81\xb6\x1cD\x8b\
\xb5\xefG\xcf\x11X\xe6`\xee\x18\x83\xee\xc72W\x1a\
\x85\x16\x8f\xda\x1ax]\xc2\xa9\xd9-[\xcan\xda\x1d\
T\xd7\x11\xc3\xb9t\x9b\xc0\xc33\x86a\xdb1z9\
8`\x86%;u\xc8\xb6@\xe0\xd0ev#\x97\xca\
\x8e\xc9\x1e(j\xff\x0eed\xa3Gj\x0d\x04\xe8@\
\xb6\xf1\xb2\xe6\x9e\xa3)\x02\x13\x98(\x18'\x02\x84\xe3\
\xf9\x97\xc0\xed\xf5!\xd0\x83\xc9[\xfc(\x98Z\xdfB\
\xb6\x800 \xcf\xe6V\xe9e\xb4\xb1*cT\xba\x0c\
\x8e\xb3\xaawd\xc2\x99\xb6\xe1\x02\x9ai\x00\x0dJ\x5c\
I\xd0\x88\x9f]\x87i0\xac\x1f\xc1x\xcaO\xc0\xab\
\x13\x8cS\x1eL\xc1h\x0e\xdaP,:\xa42\x18X\
%CT\x0d\x0e\xdbM\x8f\xfc\xabh\xdb\xd5\x1e\xa2\x0e\
~-\x9cW\xe7\x12Zh\x96\xb5\x13)\xb9\x09\xaf\xc7\
\xa0lM\x8d\xb3Z\xd4\xc3\xeaa\xf8\xd8!xc\x06\
\xcbC\xb4\xcd\xbb\x08&\x00]\x1e\xa2\x1d^\x1f\x10n\
c\x19\x1c5\xa8\x0ez\xea\xa0\xc9\x99\xa2=Y\xa8\x18\
\xa4\xb7_\x03\x1b8\xc2\xba\xb3\x11jQ\xc8U\xde\xe7\
\xc6\xdc\xa4\x89Q\xc5\x12\xc2^\xe3\xbet\x98\x8e\xc8|\
[X\xc7\x8f\xa5\x09YS\xcfM\x96<g\x10\xcaE\
\x83\x8c\x8b-\xc4r\xfe*=\xdeF4vB\x17\xb5\
)M%' \xf84\xbb\x0d\xcb\x96)\xc0]\xc7\x04\
)\x5cv\x13\x1e\x05\xa9\x1b\xbd\xf1\x10\xfc\x9d\xc1A\x84\
\x942~\xf2\xf5\xce}\xf1\x10\xb6\x22\xb1\x0f\x9b\xd0@\
\x89\xdc\x8d\x86\xb4\x81\x1d\xd8-\xb4k\xdd\x18,&\xbe\
0\xaf\x0daX\xab\x98G\x0b\x1c\xce\xfa\x04t0:\
WH\x8b\x97S\xc2\xd6\xe8\x91\x10\xaa2&0CB\
3o\x9c-\xce\xcc|\xc5\x0a\xa3\xf9\x06\xcaUl\xc9\
#\x19G\xce!)z\xc0\xdb(\xa5\xdd\xd01\x9eO\
\xbfu\x1c\xd9\xd9 ,\x137hv2\x1d\xc3\xb9\xb7\
1ZpGz\x8b\xc3\xd5\xbf\x97\x8e\x9b\xe3\x94\x08/\
\xf0\xbe\xadn\xff\xcb-\xdb?\x1e\x0aD\x08\xf5X\xe8\
\x1a\xda\xf6\xfd[\x13\xb6\xdd:j<\x1c\xd2gh^\
r\xfe\xc4d\xdc\x81q\xb5<\xfc\xb6\xe3r\xbc\x85\xa4\
\x90\xdd9\x9b\xc9\x1b\x15\x1b\xfc\x91\x807\xba\x1d\xc9\xcc\
V\xb3P\xb7\xc5&o9\xa7u;U\xa4\xade\xc8\
~\xa9\xed\x94\xd81\xdf\xb6\xd9Z\x19\x17\x22\xda\xe4]\
\xb2B3\x92\xd2;\xf2\x84c\xfeR\xb45\xb50\x98\
f \xb2=\xa3\xbc\xbb\xd3\x90-&\x06\xc4\x9ay\xe2\
\xa9\xa6X\xd9\x94\x8d|?\xb67\x13\x1bR\xf6\x9eu\
\x15O\x0c]\x92V\x14MN\x03\x8f\xf8*o*w\
\x1fp\xcc_\xc6\xb1\xaa\x8a\xaa\xd8\xacO\xb8Q\xe1\x1e\
Q\xc8\x1a\x1b\xc6ukKx\xf7\x11\xc7\xfc%\xdfm\
_5\x7f/\xf1>\xab\xa2w\xb7kDe%r\x12\
\xed]\xec\x0d6\xb8\xfd\xc7\x1fz\xfc\xf0T\xde\x01\xf3\
\x7f\x04\x83\xf8\x98Z\xb8$\x09\xc6\xa6\xb6B\xaez5\
\xa0\x86\xe8\xa4\x8bb\x92k\xfflc[\x9aU.\xce\
\x81\xf3\xee\x1c\xc0\x14\xb0l\x08\xa9?\x0f^\xcfot\
\xfd\xf2T\x81\x80\x02\xfa\xbd9\x1azf;\x13\x94,\
9\x87\x8e\xff%\x09h,I\xdeb\xb0\x83\x9f\x1eb\
\x80P\x01 :9\x86\x06\x05\xe5\xc8\xf4\x10\xe4p\x0d\
Q&\xd7\x99\x0c\x9bm\x94\x9d\x81\xfc\x12\x80\x7f:#\
i\xe5\x5c\x1b\x19\x89\xbc@\xb5\xe0\xe3\x83x\xb0\xa7(\
n\x01\xe7<C<t\xf4\x9d\xd3#VKr\x87\x0a\
\x92\xcc\x82\x01\xa5\x85levrvrzZ\xd4D\
\xfcr\x08\xdf\xcf\x00H\x9bj\x1c\x1d*\xa1,S=\
k\xed\xba\xcd\x09IA\xac\x88\xc7}M\xb8I\x10\x99\
\x83\xee\xa3~+\x12v\xe0\xb0\x13N&\xd8\x94\xf51\
\x9b\xb5\xf2*\xbd\xd9\xc1\xc7\x9e\x176\xa4.\xf6\x87\xd1\
\xcab\xf6M\xb4\xe3\xc6K4\xa9G~}O\xba\x13\
t\x9d\xf7N7\xee\x92\xdb\x16\xc8\xa6~\xbf\xb1\xfd\xfa\
]G\xae~\x0f6=\x8f\xae\x0f\x8b\x93\xd4\xa4@\xac\
\x80P\xf9*\x85w\x94w\xea\xc21\x98\xbf9Mq\
\x925\x14\xda\xd2Ml\x06W\xd6@f\x8aP\x22=\
\xee6\xea\xb5\x18`\xc1\x7f\xfe\x15\xf5\x8f\x1d\xbf\xbe\xfd\
\xfa\xfa\xf6\xbfTU\xe7\xc2r\xeb&\xe2\xb9\xfe\xbd\x0e\
h\xb9\xf5>\x1b\x15\xd5\xc3\xf6r[\xebQO\xebI\
\x80\xbf\x05w\xebX\x14\xa3D\x0b\x85d\x98f\x7fK\
\xa1\xbc;7G\x8a\xca/\xb9\x1b\x0306o\x97\xea\
\xb5oLl}\xed\xbd\xc7\xdcD\x03s\xef\xbet\xf4\
\xf5\xa6(\x81\x8dF\xed\xd1\xbd\xeeV\xee\x8f\xbcc\xc7\
\x12\xea\xb9O\x13<\x0e\xd2F\x163\xf3\x9ax\x08y\
\xaclf+Z\x86\x17\x81\xefXb\xc5\xa6XD\xc9\
\xb4\xacuH\x01\xc9~\x82\xd3U\x882\xc1\x91\xac\x11\
\xa0\x22\x92*\x89\xad\x99\xbc\xb7\x10\xf9\x90\x22\xb8d7\
8b\xb1\x84\x9c)H\xef7P\x16S\xf4Q\xb8\xf6\
\x90u\x10zt\xd7\xf1\x1a\xad\x90\xf8\x18\xb9\xceA\xb5\
\xc0\xd7\xf6G\x83\xb8\x9bK\x83\xa5AZ\x1c\xcf,h\
x\x9e\xb6\xba\xbe\xf65\xb4\xdf&\x09\x98\x10\xbc\x1d|\
\xac\x84d\xcf\xfa\xd0\x91\x11=4Y;o\x96(\xc1\
}\xc9j2\xb5>\x92U&\xfa\x81H\xd1K\xe2\x08\
\xeb\x0e\xa3\xc6\x93W\x1b\x89\x99\xfcf\xd0\x972B\x0e\
\x8a\xde\xdc@;\x22\xfd\x8dT\x89\x07\x06@\xbe\xa5\xc9\
'\xda?\x16\x08\x97\x0c\x0e\x1e \x1cr\xb1sx\xcd\
\x5c\xd0\xf4\xb6\xfa\xc6\xa0\x02\xc5\x18\x1c\x9fV\xb1\x99\xe1\
\x99aZ$\x0d\xe7T\xe36\xd1cc6*\xe4\xa6\
:\xcd\xec\xf8\x88\x97i\x04\xe7#\xc8\x0c\xb3Y\x05\xa7\
\x9b!\x93\x1aG\xd2\xc5\x9a\xef\xfe6\xe6\xc2\xc2[\x15\
\xbc3\x13\xfc\xd0\x88\x85\x97\x10\xde\xf2[_{\xf4=\
\x9f\xff\x93\xe3omd^>\xeen\xa6 \xc8yy\
\xa9n\xdfj/U\x98Xq\xf3/ 1\x0bF\xa2\
\xf5\xb9\x9e\xd9\x1c\x11\xe6F\xa6#^\xe0\x0eQ\xba\xad\
\x1f\xe6\x8d\x01\xb9\x89\xf8#\xfd\x97\xb7\xda\xe8^\x95\xa0\
\x87\xde\xd7\xbf5\xbd\xa5+\xa9_B\xe5\x85i\xa2v\
hMR\x0a\x99\xb1\xbaig\xc5)hjD\x9e\xd6\
\xbf\xd9\xda\x12\x19\x5c\x1b\x94\xc72\x09\xa4)!Lq\
\xe1\xa2\xdb\xc8F\x82N\xd8\xfb\x1b?\xe9\x0c\x94\x09*\
\x08]\x7fZ\xb2\xb4M\xed\xcc\x02\x06\xb3\x87G\x86G\
FaY\x1b\x1b\x1c\x1b\xa4\xdd\xef\xe9\xe0l\x03\xda[\
\xb7\x06\xe1s\x98\xd5\xf3y\x96\x80\xd4x\xaa\xbb_\xbc\
\xe6\xbf:\x06\xc9^\xab@\x87\x22\x22\xafZ\x8e\x00A\
\xbc\xfas\xf5^G\xbf\xdcC\xea\x06\x95\x82\xa6\x90@\
\xca\x88\xc1T1\xef\xf93\x8f\xdd7\xdc\xb8\xbaq\xf5\
T\xbe\x5c\xac\x8e:\xfe\x07\x1a\xdb\x9d\x10\x86%\xf8\x18\
G\xc9d?\xb3\x06\x9e\x89.z\x9e*\x5cb\x02O\
\xc6\x22\xd4\xf2\xfe\xc3\xdf\xea\x93?\xf9\x9b6]\x98\x86\
\xeb1)\x84yR\xc2p\xb7UH\x80\xa7|\x89\x1a\
\xc7\xda\xd6\xd8\x13\xb0\x0e\xb5OZ\xa2\x08w\xf2v\xfe\
\xd6[\xff\x8b\x85X\xa4\xa7\xae\x97\xf2\x1f\xe8\xfe\x99\x1a\
D\xe2z(\x94Z\xf6\xeaO\xd6\xbb6\xe8\xb5\xc6\xae\
\x9f\xfb\xab\x0f8\xb88\xc6\x22\xc3!\xeb\xc5$\xfao\
L\x06\x7f~\xf9\xb2';K\xf7\x85eYg\xe6\x0d\
\xc7KVF\xf9\x9b3r\x95u\x84g\xe8\x14 ]\
\xcePj\xd0\xb6\xf5\x9e\x83dL\xdc1W\xad7\xa7\
\x13I\x00\x19q\x9d\x0e\x83\xeem\xc5\xf0\x8e\xdf\x7f\xff\
}\xc9\xc1\xfd'N8M)\xea\xaa\xaa\x1a\xa2z\xe3\
\xf0\xeb\xae\x13N\x9c\x00\xac\x91\xca\x8b\x8d\xf6{~k\
\xa9\xfc\xef\xd8\x80Z\xe5\x93\xec\x0a.\xb62\x86b\x04\
W\x98HR?\xf5#T\xe2\x1ar\xae\x15\x0b\xe79\
Z\xbbGB\x8bw\xf3\xdc\xc7O\xba\x16e\x12\x91~\
n DY/\xa4;\xd6\xa2|:6%G'Q\
\x97\x8e\x82$\xb1\xf9+\xa1\xadq\xf4\xa3hy\x1e\x81\
\xa4d\xa3\xff\x99\x99o\xae\x1bd\xeb\x7f\x82'\xb5\x90\
\xc8F\xf2\x1ep\x99\xb1\xb0N_5\x0a3\xe2(S\
6h1<K\x90\x1d\x96\x83\xa1)xw\x8aw\xd8\
\xa2\xcb\xaa\xf9\xd6\x82S&c\x17/$c\x17\x7f\xd4\
E\x168b\xd5s\x00\xab\xe6\x01\x07\x0a\x0b5\xcf*\
\xd9\xe8\xd35\xcd\x8e\xc2\xbb\xa3\xbc+\x17M'\xcd\xa2\
\x17\x9c2\x99ag\x0d\xe6\x8dd\xa2\xe4\xce\xc1s\x1d\
E\x84\x84\x5c\xd9\x9d\xc8\x9fw\xa2\xd7\xee\xb5\xa5\xa4\x0f\
=\xcf2\xdc\xda\x89Xe\xe6\xc3\x83\x17\xad\xcdf\x83\
\xddV\xe2\xb2\x9f\xe7\x0d\xf7 1H\x89\xf5\xd0I\x93\
a3M%zGZ\xdb\xd9L\xc0\x1c\x9a\xe2\xda\xbb\
\xdb\xe4\xb9\x96\xc9ic)\xe9\xad\xf4\xbe\xc6\xde1\xb7\
\x9e\xb9\xba\x04\xb4)\x19\x0d\xfe\x8f\x96\x81\xf3r=\xbf\
\xf7\x87\xda\xde\xf4\x9fOf\xa1\xc5\xb7\xd0Ct\x95\xde\
\x1d\xae_\xbf>\xddn\xe7\xef\xeds\xdb\xf9\xe9\xbc\xc6\
\xf5\xe9\xb6\xa1\xb8\xa3n\xd8\xd5\x16\xe1\x96@4\x9d\x22\
\x85\xfa`\x13R\x0a~h\x07\xb4\x0a^7m\xc4A\
\xe4\x01C\xeb\xf4\xc6xi\xbcD[\xb35\xf2n*\
o&-(\x85\x0c~v<\xf8\xa1\xbc\xac\xae\x0cQ\
\xad\xe1\xa3\xdd%$\xeb\xc1\x1b\xc1\xc9\xc6)I+E\
\xe1\xd9\xa0i\xd6\xb7\xa2j\x15>9%,\xc7\xedo\
\x9e\xa5o\xe6/K\xc1\x05SI\xa9\xdc\xeb\xbf]2\
\xb4\xd7`\xbc\xea\xb2d\xb7`(\x8d\x15\xee\x10J\xbe\
\xb1Rp\xa4\x87\xfc\x1d\xdf<\x7fi\xa5\x8e\x1c`\xf5\
#\x1d\x0d9\xc1\x1a\xefp\x93$\x84z\x8d\x03\xa6\x9d\
\xd9~+\xa5\x0c:\xf5\xae#aFM\x92\xed\xd1\xec\
\xdb%\xb0\x10T\xd5\xfb/\x097?\x89<}\xb3\x8d\
\x81\xf4\x96\xf2\xf6\xbcX\x9ft/(\x81Qc\xf2\xc5\
\xb4a\x12c\x11\xb7-f?\xea\x80\x1e\xf3\xb7c\xbb\
V\xbdcn\xfc]\xe1K\x09I7w\xb8\xfeP|\
'\xed\x1d\xf1Ief\xf7up\xde\xbd\xc9\xe2\xc8\xb3\
{\x87\x92\xdd\xb0\xa4\xdfw{\xba3R\xb8\xdb\xd2\xb1\
\x12\xbbQkh\x96\xa2,\x1d,\xdb\xbf\x99\x8e\xc5i\
\xc7,}>P+n\x82\xfb\xbc\xd1\x9b\xde\xa4T\x86\
.\xe6\x00F\xd0\x98\xf8\x17k\xf3\xcdr\x11\x92\x90~\
\x98\xaf\x0a\x1e\x1e\x96\xb7\x81\xe4SG\x9fn\x9bpu\
[5\x9c30\xb9[\x9b\xaa\xb8i\xdb\xc6tDH\
\x10\xde \xeeK\xaa\xf5\xc1\x1a\x90\xa9M\xdb\xae\x073\
\xc6\x96\xe1\x19\x10v#\xbaDf\x0e5o\xd9\x13\x12\
\xbb\x9a\x03\xe3}t\x02)\xa7\xbc\x11\xf24\xd5\x05\x87\
'\xbcS\x8ab\xd4\xab\xe0N\x11\xe6\xa9\xd1\xb1\x1c\xa5\
\x04\x81M\xb4\x90]Ow#\xf6P\x18\x16\x8f@\xf9\
2S\xb9\xf6i\xeeEL\xec\x0d'\x05I\xba\x93\x8e\
\x19\xc7\x1eR\x0b\xd9\xf0<`5f]\xd2\x19\xec\x8a\
\x9ao@=\xff3W\xd7\xb7\xa9\xcf\x9cqB\xa9\x8d\
B\xa6cR'*%\x8b\xafY\x5c\xc8\x0bV\xf2\xaa\
\xf7\xf1\xb7|^9\x1d\xa1\x83o\xef|o:\x9c\x8e\
\xfd\xa0\xdd\x11\xfb9\xd3\xcfd\x92\xd3v\xe2\xe2\x18\xea\
|O\xfdBg\xa0\xdf\xcf\xab\x8f\xbfbkg\x10}\
\x1b\xedy+XV\xf0~\x96\xb8\xec\x16\x9a#\xce\xa3\
M\x86\x9d\x8amo\x9c\x07P\xdeK\x0a\x98\xda\xba\xcd\
b\x92\xcb\xf6B\xd7\xcd\xb9D\xeb\x9c\xc5\x9bB\xae\xfd\
\xfd\xe8\xed6k\xd6x4\xd9\x84j\xb6\xb7\xb3\x85\xa6\
b\x22\x7fd\xec\x09\xa0\xd3\xad\x8e\xec\xae\x1b?a\xf6\
:,\x9bC\x0a\xf7\xc1\xbb\x9f\xf8\x84#\x14\x1b\xd2F\
\xdc\xeb\xdc\x92nC\x80\xf3\xf1y\xc7\x86\xb2\xae\x92t\
\x0e\xc7x~\x22\xe16\xa7~\x8b\xb9Hjq\x15\x1b\
:\xff\x09\x87\x08A\x88\xd9\x07\xbaM_\xe0/$\xdc\
\xcb\x1dI\xe6\xde\xf9\xbf\xdd\xb0\xec\x05\xf5A\xd5\xfb\xf4\
|\x88\x8b\x1ce/hV\xd4\x97vc\xb2\xfb\xa7v\
\xff0\x5c\xbaz\xc2I\xa6\x06r\xe1\xdc\x95\xf1\x04\x8f\
\xbdX\x8a\xc7~\xc7t\xed\xad\xf9\xc96\xde\xfe%\xda\
\xfcm\x02\x99^\x12\xd0~\x1b\xf0jl\x03\xc6\xdf\x94\
\xed\xc7yL\xe5^\xa2\xb9\xdc\xaf_\xfd+\x0e\x8b\x1c\
\x04\xa7-\xa8\xbc\xca\x179\xb3B;\xc8\x0e\x8e\xa9\xc6\
6'\x91\xc7\xea\xf6\x9b\x80*\xb0\x97\xf5U \xb7>\
\xce\x9c\xaa\xea\xdd\x8d\xee\x8fPl\x1c\x92\x8c@\x08\xe1\
\xea\x97\x9c\xbcE8\x04\xa1n\xdd\xe8\x0a\x12\xddx\xf5\
\xab\xff\xd8\x09m\xb2j5K\xab\xda\xf3\xff\xf4\x9e?\
}*\xfc\x01\x93ya\xd8P\x8c\xe6\x84h\xb2i.\
To\xe6\x13aB&\xd6+)\x96\x8a\x860\x89\x82\
\xe7\xef\xf8x\xb4\xf1\xef\xf84\x01)\x8d\xdeW\xa9\x5c\
*\x1b\x8a\x10+\xb803\xef\x08\xe1\xaa\xa8\xbfu\x0b\
\x02\xd5\xaa!b\xc5\x16\x1e\xf2\x1f\x9d%\x81\x8do\xd4\
\xe6\xdf\xa4\xa8\xbeB\x98\xda1HP\x1ac\xd95\xda\
n\x04\x1b\xf7\xfd\xffW\xda\xcfM\xc2\xbe\xa1\x12\xde\xc0\
\x9d\x050Nf\xde\x8e\x84\x9b\xda2\xe4^\x90+v\
\x88J\x1c\x11g \xc0t\x9a\xc8\x1d\x1e:\x82\xdcj\
\xa9\xd7\x115\x1a\xd64H\xf3\x08\x11\x9a\x05\x9f:\xec\
M\x13\xd6\x96S1P\xa8\x8dK\xfdu)7\xacw\
ijg\x11\x16\x96\x8d\x5c@0\xaas\xb9`\xa4\xbf\
==\xa9&\xe0\x9eUq|~\xe5_;\x91\x5c4\
\xcc\xb1+z\x8d\x9b/\xec*U\xbf\xd952\x0c\xb6\
\x16\x83\xf7\x95?u\xaa\xf0\x08M\xc0\x8d\x9f\x0c\x1e\xd9\
\xe4\xf7\x89\xb9MHQO4\xfa\xf0~\x81\x94\xdai\
!\xe3\x08\xee\x11\xb0\xf4\xd6Z\xdd3@\x8e\x13\x8f\x5c\
\xe4\xbeI\xaec\x9fd\xe3\xa1\xfc\x1e\xdc\xbfZ-\xc9\
\xfdky\xd9\x058G\x8e\xcb\xd0\x90lq\xa9\x99\xf9\
\xe9\x81\xf0e\xd2\xd0|\x08\xca\xc3\xd6\x90\xa4\xcb\x9b\xe3\
K\x13\x06\x84\xa6\x97FCs\x92\xcb\xa0y\x95\xe6\x97\
\x03\x1e\xbf\xd7\x08\xbf<8c\x09\xf92\x92Z(\xfa\
^\x0aA\xac\xf5`\x98\xb1xQ\xe0\x04\x87\xd0\xf9\xe1\
\x1d;\xe6\xb2\xeaC\xac\xbc\xb1\xc6\x07]\x8b\x99}\xb8\
\xb9\xc3\x8e\xddyC\x00\xfbe\x07\x1fv\xe5FyW\
\x1f\xdc0\xef*\xac\x13\xb1\xd7\x8d\xbd\xe4\xde\x14\xdf\x15\
q\xcc\x8dK`\x12\xce\x19no\x1c\xe8\xc6v\x02+\
x)\xdd\x89v\xb0n\xf4\xc6\xf2\xc1\xe2\x8b\xb2R\xa9\
\xe3\xe0!<\xbf#\xf1\x11=!v\xe4h\xbe\xb13\
\xf5\x113N\xe29\x9a\xf7\xee=\x96pk\xf9\xc1\x84\
3\xfb\x8d\xe9Dz\x83xa\x9do2\x8e\x1dK\xfb\
\x9dS\xa34\xe1\x168\xa9\xd3\x02c\xd3\x810\xc4E\
\xb0\xd8\x1c\x1d\x84\xc4\xe4X\xb2\xc5\xf1!V\xc3\xb1\x93\
V;@\x9e{3\xeey\xee\x08ZtV\x87\x98\xa7\
N\xe6\x91\x90<!\xb2\xc9i\xff\xc1\xb05\xbd\xb4\x02\
MY\x88\xc1\x97c\x03\x06\x17\xb2\xc1\xf4\x02\xfd\xd4C\
_Y1\x5c\x80\xde!<\x8f\xb8\xfc\x9bj\xc3\xb3\xcc\
\xb7>x\xc4k\xdc\x87\xcam#dj\xc6\x01M6\
\xae\xdf\x90\xfb\xa1@\xd7\x17|\xc7\xb4W\xbf\xcf\xedL\
\xa8\xfd\xa6t\xf2\x0d\xf8\x869\x87\xf1C{\xc3\xee&\
P\xcb\xac\x83O\xce\x9coRm\x8c\xf4\x8d\x18lA\
~p\xe7\xe3\x0b1^\x1f?\xd4\xac\xefv\xb3L\x9e\
\x08'\xae7\xbc\xb5))3?\x1a\xcf\xc2\xcc\x85K\
\xce\x1f\x8e\xa5\x84\xd9A*\xf4\x16\xad(?\xdb\x1e~\
5\xe3&\xa0\xbc\x8b\xa3\xbd$\xaf\xb6\x82r\x86W\x8e\
\x12Q\xe1\x16\x83\x0d\x10\x8d\x80\xb3\xcc\x8a\x8a\xe6\xdb\x9a\
\x98\xe8k\xb4\x89*\xb4\xdb\x03J\x92\xc9\xa2D\xb4\x17\
aG|\x86Lqkc\x84|\xc9z\x0f\xf8\xe8\x86\
\xfb\xbf\xb9\xc8\x9e\x9d\xcebj\xb8A\xe2'\xa2\xc9\xde\
\xafB\x16^Jl\xbd\x94X\xa6\xcb\x9a\xe5\x04c\xc6\
\xa54\xed\x8d\xd0\x00F\xca\x05J\x05\xc3\x11ij\xc0\
A\x0a\xdc\x0b\xcbBc$5M\x979b\xb3Q:\
\x22\xe1\xe2g\xfb\x07Y\xac\x06\xb8\xa0\xe9\xca\x0e\x1d\xa2\
g\x8b\xe5yYR\x1c\xe4j\x96\x99\xa2\xdaTI\x86\
\x1eH%\xcf\xca\xd05\xb5s\xc8\x0bQ\xa3P\x06D\
\x8f\xdf\xf1\xf57k9%\xa3\x83\xa5\x0d\xd2QK0\
\x8b(O\x10B\xd1x\xd7\xd1\xfa\xbb\x92\xb9\xd9N\xdd\
\x01Z\x9b\xdda\x7fJdvK\x8b\x16\x96\xab\x8fy\
\xa1\xf1K\xe9D\x06\xf4^\xb73I\x81\x03\xea\xc4\xc9\
\xa3\xea\xc4\x8e\xfd*\xf7\xe8.\xe5\xf8%5|\xf7\xb1\
\xe0\xff\x13jr\xef#j\xd7\xc9}j\xd7\x8e#\xc1\
\xdf{\xd5\xcc\xb3\xe3\xc1\xff\x07O\x1eI\x1f\xbfe\x5c\
\x1d\xff\xe2\x11\xa5v\x1cT\xeaK%\xb5\xef\xb6!\xf5\
\xe0gK\xca\x11\x01\xefUr\xc0\x15K4-q\xd2\
\x98\xbe\xb6\x81'\xe7\x84\x06\xb4\x87\xf0\x92\xac\x8a*\xae\
\xc1\x15\xa3\x9e\x1a\x98Qy\x15\xe2gg\xda\xca\x1f\xd5\
\x9b\xb8c\xef\xc9tg\xb7\xd1@ X\xbb\xba\xdb\xac\
\xb5\xb6x\x17L\x8c\x15UQ\xec\x96\x1dL\x95K\xe5\
Rh\xda7\xfdo\xd2\xfb(\x09\x91\x16\x80#e\xc6\
\xda\x05-)L\xd2\xe5\xf7\x92\xc9P.\xd81\xc1.\
KP@\x07\xaaR&P\x85\xbcN\x9a\x9c@X[\
\x0b\x5c\x06\xb7-\x0f_>\xc6%@p\xcf-\x90w\
\x07\x17\xa1\xb32L,b{,ah-g\xacv\
\xd9\xb5\x10\xd9=n\x1d\x95\xe6z\xee\x85e\x02\xcb\x1e\
\xe8Gq\x1c\xf7X\xf2\x0a\xccN\xde+b\x92Z\xab\
\xb7|\xc0m>P\xc3\xcf\x05\xfb\xaf\x05\xf4D\x8bE\
A\xe9-\xc9J\x86\x22\xdf\xa8q\x06\xfbL\x82\xdcV\
\xb8Dn\xd0\x05\x0a\x86\xeaU\xb4\xca\x19\xa8\x9ay\xfc\
Gvr\x03wD'\xcf\xc50P\xd2\xa7\x8c\x9b\xc2\
\x1e\x8c\x9c\xc0\xcb\x88+#\xb0\xb0\x90-\x99g\xc4\x88\
\xb2\xb1\x9aF\x97\xed@\x96\xb7\x18qF\xa6\xcd\x91b\
\xda\xa8g\xf0\x00\x07$YX5\x1a\xaf\x96S\x9f\x8d\
\xda\xb4f@\xafiy\x83s(\xdc\x80\xb23L\x95\
\x81ks7G\xe7\x89\xc1\x1b\xbc\x1ed\xf1Mp\x09\
\xd3k\x1a\xec#\x8d\xcc\x99\x91\xcc\x11@\xa1\xa7\xc9z\
\x9f\xe0\xb2G\x93\x7f\xeb\x91P\xe1\x12\xc8H\xba(U\
\x1cY\xedm\x82Z\xc3\xe7\xcf5\xd9%aw:\xd4\
\xdeJ\x8en\x85~|\x8b\x07\x5c\x15\x92\xb2`\xde\xb1\
uA\x22\xea\xf1\xc0<\x1b\xa7\x8c\xf5\x94&\xcf\xa6g\
\xc5\x18\xc5l(\x9bg\xccp\x99Y\x04\xfa\xf4\x8dy\
\x8a\x9e\xfd\xa0?*\x97\x1cK\xff\x88>\xcd7\xed}\
\xa9\xc3\xa7\xf9\xd9\xb9\xbb\x8f\x7fz\xee\xdf\xed8\x92\xf6\
m\xa6\xe6.\x08-\xc6\x5c\xf4\xd8\x16a\xe7\x1d\x94]\
\xbc\xeb\x8a\xb3\xf8\x1d.\xa7\xad\x9c\xcau\x8b\x1f\xeb2\
D\xe6\x1cS#!\x81\xfc\x0f\xde\x02\xa8\xc5\x5c\xfa\xc7\
\x01\x0c[\xe6\xd2Z\x04e\xd4\x98\x1aL\x87\xbd\xe0N\
\x80\x05\xf0\xa1\x8d\x16@\x9e\x1alM\x9d\xb0\xbeH\xcb\
\x85\x90\xbc\xcf\xc1\x8d.UJ\xc2s`-\x82p,\
\x930\x04\x8b\xe0\xf1\x87\xdfw\xf0\xf8{\x83\xc1\xd2\xdc\
h\x1dV\xfb\xd0h\x0d'k\xc0\xad\x8e\xf0q\xdb\x22\
0%SZj\xa9\x98\x1a\x98\xe5=g\xaf\x91\xc7\x91\
\x1a\x98\x0ez\x1e\x9e\xf6~\xe7\xc0\x07A\xed#\x98\xba\
\x0a\x91\xads\x96\xe0\xc2\xa2\xf2\xb1b\x00\x09FL\xc4\
\x22#\xd5\xd9\xea\xdeCie\xa9\xa3\x1a\x96\x07\xcf\x7f\
\x0a]+\xf0\xe8\x0d\xa6&\x0a\x13\x05f\xd1\x93\x19v\
I\x9cHK\xbc,\xac\xa3\xee\xa0\xc1\x97\xe5\xf5kI\
\xee\xe1\x92y\xbe\x83QZ\x18+\x10\x186\xf8\xb6\x11\
\xe5\xdd\x93\xf6\x19\xb1\xc5F\x8bm\xca0\x15\xfb\x8a\xf1\
\xa4Q\xad0\xce\x17d\x84_-\x19K\x16g*Z\
\xd3|\x81Kb\xa4\x9c\xa7)~\xc82\x02\x84\x8f5\
\xf4h\x96)k\xc7\xdch\xaeU\xc8+\x82\x9a?\xba\
\xac\x18\xa7Dd\xaea\xd3\xdb\xa0\x91MM\x8fI\x1a\
\xa88\x1c\xff]0\x1c\xff\x935\x1c\x7f3\x18\x8e\xff\
\x11\x87\xa3\x1doY\xe05vE\xd6X\xa6\x88\xd7\x22\
\xb8\xd8\xf6e\xf0\x0b\x0a\x22\x04\xcb\x12\xbc\x82\xac!\xcc\
\x1d\xb2\x02\xe3-b{\xac\x08[\xd4\xea\x02C\xfc\x0e\
\xec:p2\xb8sUnAf~\xdd\xe6\xac\x1bu\
\x9cq\xc0\xe4\x83m\xdd\xbds\x11\xbfc\xf0\x18\x8d\x03\
\x91\x02t\xca`*\xf8\xa3\xcc*d\x16\xc3]\xdc=\
#\x18\x1e\x99\xf9\xce\xf6\x8bvRA\xb0_<\xcc\xe1\
\x16K\xf2\x07\xd8\xf7W-QR\x04\xa83\xb0q\xcd\
\x10\xdf\xb2\xe7\x92\xd0$\xeb\xf2\xa1\xd8\x0c\x0cc\x0cD\
X\xc7\x82\x1c\xd0\x93Z\xc6C=e-D\x22\x0d\xdc\
\x85\xf4.Z\x85\x0d0\x0a\x83eG\xe4\x95\xa8Gq\
\xa3U\x10'4\x83\x98\x8c\xe0\x90\xa9\xad\x91\x1e\xa1\x82\
\xe9H\xd1\xa4\x046`\x0f\xe4=\x18\x0c\xbd\xd4z\xf8\
\xa1\x08-\x09\xc1 \x1e\x9fP\xde\x04\x8e\xe7\x12\xbc\x5c\
\xe4\xb2\x87YeB\x90\xfb.bm\xc1\x95\xcf;\x90\
V\x11Be\x9b`\xd8\xaaa\x02d\xad9}\xf2\x0a\
3\xc9\x90x\x15IX\xb1'S\xfc\x92vm\xb5\x89\
\xeb\xd5\xf6\xa9{!\xa7:&\x911\xe8g\xae\xe8\xd8\
sp\x0f/\xdb\x16\xd0\xd5\xd4\x08\x9c\xde\x1f\x99\xd6B\
\xa9!`R4(\xda\x89\x03;\xdfb\x7f\x00g#\
\xbcB\x91\xcb\xe0Q-\xe54R\xd8\xb0\x9fRr\x03\
\x5c\x14\x96\xb8~\x04\xcf\x15fWTMz\x83\x22\xca\
\xe4\x03'\xff\xd3\xc0\xc7\xef\x7fv\xe0\xee\x1fUK\xf3\
\x8e\xbd\xcfwhi\xee\xbe\xfd\x89;\x1eT\xfb\x9f,\
\xa9\xfd\xf7\xeeW\x8f\xbf\xb0\xe7\xf9\xa3\xea\xc8=\xe3\xea\
\xc8S\x8e\xbf\xef\xfe\xf4\xbe\xd9\xa1\xfdG\x87\xf6\x0d\xce\
\xee?zH\xdd\x7fT\xa9\xe3G\x07g\x1f\xd9w\xe8\
\xe8\xec\xd0#\xfb\x86\x1c\x7f\xc8N\xcd-\xad\xd7\xae\xc3\
|Zf\xec\x0e\xa5\xe7\x86\x09\xbd\xad\x22\xcbB\x89\xde\
\xac\xbb\x91<^\x89s\x82\xa3i\xbaarq\xab\x08\
\x8e\xe1T\xdd\xc6\xe5\x8d\xcb\x93\x13\xe6\xd4/\xd7\xbf\xc1\
\x19\x12+\xe2~\xf8\x0b\xea\xabN[~\xb9}\xed\x83\
\x1fj\xf7G>\x1f\xc2\xa0\x1b\x94zT\xbc\x95\xd4&\
\x19\xf3\xee72u\xa7\x9eq\xa9'\xb7\xd1c\xbe!\
\x91qG$\xd2\xc1w\xf4\x22\xd5\xd1\x1b\x05[\xf2\xe3\
\x19\x84~=\xce\xe5w\xf4\x93rEf~\x0f\xf8\xfd\
\xb1\x5c[\xfb\x06G\xa2\xd6\xfe\x16.\x01\xcbo\xd0C\
\xb4\x07\x0e\xdeC\xfc\x8f\xfa\x0cX\xc8\x8b{\xc87\xff\
\x0d\xd8C\xfc-\xa0\x95\x1f!\xa7\xc2\xc5\x83\xa9\xc1C\
\x83\x87(\x00\x01[\xf6We\x055\xb5S\xe4l\x1f\
\x84k\x19$P\x13\x04\x00N\xc1\xac\xfa*\xdc\x97W\
\x85q58 8\xed ]\xc0\x12)\x05k\xe4\xf2\
\xa5\xb5y\xe6\x96\x0c>y\xe8\x10x\xfd\xa1)\xe0\xab\
\xb8\x94\xc8\x01=1\xb1\xfah\xde\x9a\x9df]I\xb9\
I\x97\x80\xcc\xdb\x15\xb5\xf9\xd9\xb5\xd4\xf6\xc0\xcc]K\
]\x05\xa3\x0b\xcb\xed\x1a\x92\xa9\xdf\x1d\x82O\x8e\x10\x0f\
\x0bB'\xf9z\x87h\xa6_\x84>\xad#\xd4w\x89\
u\x02[\xca\x08\x16\x09\xc0;\xa6\x1a\xbf\xa6\xc6\x94\x93\
o\xeaZ\x8a\x08\xf3U\x09\xb6\xe2\x9b\x18K\x8e\xdeE\
\x99N\x12\xeb\x84\xf9\x0f2\xcb\x80\x89\x0e\xcbefQ\
\xc2G\xb7.\xcft]V\xa5\xba\x9e\x85]\x0a:1\
\xdc\xf0\x22\x8c\xbb\xd40\xce\x82\xaf].\xddx\x11\x05\
d\x10a\xe8Q\xc0\xb3\x0f\x92\xaf\xbc\x05Vk\xf3d\
\xcd\xf6L\xacTd\xcd&P\xdf\x0e\xd7\xbe\xd0\x85\xd4\
j\xeb\xb2\xf7\xeaoH\xb7%\x80\xb1\x9f\xe8\xc6\xf5\xf1\
#\x8e\x8d7\xc4\x07\xb1\xd4\xaf\x8fM\xfd\xa2\xefU\x02\
\xc8\xe9\xce\xbd\x1d\x01\xa8\x82/\x18Sc\xbc\xbc\xd5\xe6\
c\xc7|:\xc7h\x85WR\x96\x02\xa4\xb9Pj\x0d\
Fgo\xdeW\xc5\x5c\xb4\xf7]\xb8\xaf\xea\xec\xaa\x92\
\xdd\xa3\xa7\xe3\xe6=\xd1G&\xd4\x04\xd9\xe8\xb1Aw\
\xc0\x90\xddqjU\x22|\xdf\xd1\x0b\xf7U\xb1\xaf*\
y\xc7=},.\xeaP\xcf\xab\xbd\xb4\x18NP\x89\
\xfeG\xa3\x8a\xdc\xde\xf0=\xe6v\xf2U\x989\xc1\x0b\
\xb2\xd4\xf8+\xfb\xd7\xe1\x1b{\x08\x17Y\xa6\x0f\xa6\x80\
\xe3f\xf3\xbe2f\xba\xde\xf7\xe1+;\xeb\xd8\xf3\xbb\
\x87;\xe3\xa2[\xe9#\xc1|A{\xbc\xd8\x0b\xc7\xde\
D[\x9dDk\xd4\xbe\x0b\xf7U\xb1\xafJ\x84<\x1a\
\x9c\x0b\x98\x80u*\x93\x10\xbc|\xa3\x9bhq\x04\xda\
\xeb\x04Z\xa3~k\xc0\xcfV\xe7{\x84\xb3=\xbc\x0b\
\x99\xe5\x12l\xb6\xde\x90\x88\xa91\x11\x85\x81\xa1\x15\xda\
zY>?\x94:\x80yo\xa4\x9d\x83\xfddj\xe7\
\xb4\x0f\xaf\x09l\xb10\xba\x0eqV\x17\xf9\xf4Ea\
\x13\xb4\x92\xbf.B\x9b\xbeFx*x\xed2\xb4\xe9\
YKy\x9du\xbfM\x84\xbf\xfb@|Z\xb2\x0bL\
m%S\x9bj\x91\x13\xa1i\xafqs\x9b\x12\xbc\x1c\
\xd4\xd0\xda\xb7\x85\xae\xc3\xbc\x0c\xb1;\xf2\xf6\x0b7>\
^HH\xb99\xb8\xff\xc8\x84c\xfb{Ez\x8d\xfc\
\xb8,\xb2\xc6Z\xbb\xde\xe0\x83G&*\xc3;\x87\x9d\
\xa2\xa5\xbc&\xacj\x11\x17\xa8\xa2\xf9\x0c\x5c+\x87\x1e\
90\xe6\x98(\x99%\x0aG\x0el\x15Mk;\xf4\
\xa9\x03c\x85\x99\xa7g\x1cC_\x5c6\x8e'na\
\x91\xd1T\xea\xd0M\x0f<\xf1>\x07\x06\xc6\xf44\xeb\
\x8c\xb0N\x9aUCE5\xe8\xbc\x8b\x80\xdd\xed\xc8\x89\
#\xaeH;\x93_\xb9\x0a\xfb\xa9*qw\x94af\
(3/\x8b\xc4\x0c%:\x04s\xa2\xb8zM\x92G\
\x0fA\xef+ \x93\x85bY\x8c\x7f\xe8\x12\xfb\xda\xdf\
\xa5>v\xaf\xda\xfd\xdc\x89q\xa5\x1a\x97\x9f\xd0H\xb6\
\x90*\x14\x85+$\x06jj\xab\xa8\xdcRS\x1c\x09\
M\x8b3\xd3\x91\x85\xa6\xd7J a\xb6 \xad\x0fo\
l\xcd\x15\x89\xd44\xc4\xd40\x0b\xfe\x12,.\xe7\xd0\
\xa9pN\xc4\xa8 \xf2\xbb,\x18\x11S3@\x11Y\
\xff\xd2D\x1aGx\x8cHp\x11j\x8e\xf8\xf1]X\
\xf5t9Y\x847\xf3\x5cb\x9c\x0f\x1c@\x02,\xa1\
!z\x8eL\xa6\x1c&&\xe7\xc7\xa0os\xde\xfb\xff\
\xad\xda\xff\x8aR\xc7\x7fE\xa9\xf1\xff\xfd\x0b\x0e\x8b\xd0\
P\x14y\x8a#\x04TL\xc3wL\xabi5\x07\xeb\
\xe0\xec\xf0\xf4\xf0\xf4@\xf5\x80:\xa0\x19|e\xd5\xaf\
C\x1e\x1c\x96\x0dZ2\xd4\x80Wz\xc2Ea\x195\
E}\xea\x08\xd3\x92\xa9u\x83\x1a_D\x90\xe0,I\
\xc6\x10\xdcsI:\x93k\xa3\xd4\xa5u\xf4\xf0\xe0\xd5\
k\xd41\xf9\xc5uY\xb0\x83\x95zq\xde\x93f\xe2\
aD\xb0\x92\x10:}\xb1\xa9]$\xd1v\xf4k\x91\
w\x0b\x8c\xcd\x0c\xcf\xb5\x9e8\xac<\xc0\xdal\x13\xc7\
\x0a&\x1en\x93\xa1\xe9\xe9\xe9\xf3,\x85\xe7s\x93\xa3\
`9\x8c\xa0=?\xee\xf2 \xd5\xf0\x03\x0c\xd2DX\
u\x5c\x09\xe1x`f\x18\x900x\xbe\x1a\x19\xb8\x81\
\xfd\xc3\xf0\xc9a\xf2\x15\x9d\x16\xfb\xe8{\xf0\xdc`\x09\
\xb7,\xb8\xb0a\xb8\xd0a\xeag\x96\x0f\xc2\xce\xf1\x1e\
\xa7\xb8\x1ag\xd7\xd5\xccx@0Qu\xb2\x1c\x1a\x95\
ts{\xe51\xe9\x8d\xc4\xa4\xf9\x81\x91d;F\xf9\
\xd2\x03\x22\xbc$\x0d\x1c\xb0\x0b\xb8\xae*o\xff\x03i\
\x7fn-\xf5c\xb5\xf9G\xd6R\xff(\x9b}\xf4Y\
o\xfc\x17nI\xfb\xf7\xad\xad\xfdUm~\xff\xda\xda\
\xdfe\xb3C\xfb\xbc\xfb\xff\xec\x93O<s\xf4\xf8\xbe\
W\xeep\xc9\x9a[\x027\xdf9\x1a,#\xc1C\xb7\
[?R\xd9\xfb`\xd2{\x80\xcbK\xf57\xbd\x9a\x99\
\x7f\x144&\xb0|\x0c\xc4$\x9ePO\xa8\xc7\xe0\x90\
G\xe1\xc3\x8f\xd2l\xa9\x8f\xc0B^|\x14>\xf6\x98\
z\xc2SO\xc0\xb1\x8fYg{\x14\xce\x0f\x87<`\
}\xf7}p\xccn\xb5[\xdd\x07\x87<\x00\x1f~\x80\
\xa4.\xf4\x11X\xc8\x8b\x0f\xc0\xc7\xeeS\xbb=\xff\x11\
\x18\x8b\xba\x9b\x99\xc6\x0c,G\xab\xe6\xe8w/\x02C\
\xfdR\xb8M\x97RG\xcc\x11l\xdb\x13\x00\xb7'\xa6\
F/\xd9vjD\x8d\xc2\x22\x92cN\x03v\x8f\x16\
L\xd5+\xa9\xea\x17\xfe\x8f`\x1e\xf9\xe7j\xf4\xed\x8f\
)\xa7\x5c\xe5\x8d+ )[\x02\xceb\xa4\x86\xe0\xcd\
\x0f\xa6p\xf2\xde.2\x036\x02\xf1\x9b\x09\x94\x9c\x13\
\x13\xf7,Z\xbegYd\xd4\x84\x0a\xc8\x5c7\xb5\xe5\
Zm\xc2\xa0f\xbc=8\xea\x07&\xc8\xf4\xed\x13w\
?\xd7\xe6\xe8q\xbe\x04=\x88V\x12k\xaf0\xb1\xa7\
aQ\xa3\x12\xe2\xbf\x10\xed\xaa\xf7\xa5i\xdb\xda'V\
B\x9f\xa6\x0bT,ij-\xca\xf2\xf4\xfb8\xfb\xf7\
\xd3]\xed\xd3i,\xa3\xd5=\x0f\xed9\xec\xf8\x8f?\
\xee4\xcd\xb8K\x96\xdb\x14\xd61\x18\x1dQ\xcf9[\
*\xef\xa7>16\xe1\x18?:\xe3C\x08\xeca\x89\
\x97\xd4\x8aMA\x7f:{\xa0`\x9c\xf1\xde\xf1\xddN\
\xb3@\x96\xe8\xc5\xfbq\xc7\x1d\xccT\x8bpA\x8b\x12\
\x198k\xf8\xe0\x22\x1a\xcf\xac=k-C\xa3\xcc\xab\
\x16\xd6\xc3q\x84\xc7]\x0f\x88\x19OG/\xbbev\
_\x9fw8E@-\x0f\x06\xdb>=\x83/\xe8E\
\xef\x8cN\xb8\xa7rI\x7f\xcf\xdfg\xb3\x12<\xfa{\
\xb1\xb1^\xa1Scf\xca\xfe##\xb0W\x93\xf9\xe0\
\x22\x9a\xa5g\xe1m,'d\xca\xd0tD\xf0_x\
\xce\xe0\x0c\x18]\x1b\xc4\x95Pg\xe3\xcb\x83z\x16z\
\x03\xe2W\xa2,kj\xb0\xc8,\xd1-\xc8y%\x04\
\xd4\x1e\x85\xf5\xff0<2\xb3\x5cz\x8116\xabx\
\x89q\x08<P-T\x0b66V#\xd0\xbd'\xd2\
v\xbeL\x03\xa4\xf1 h\x22\xb1;S;M\xb6\xdc\
C*\xcaE>\xdc,\xce7\x83H^\x5c\xe2\xf5R\
}\x819\xc9\xb5\xb1\x98\xb7Q\xce\xdd2\xfaq\xdc\xeb\
\xc61\x82\xa1\xea\x9d\xf9\xda\x89\x03Zx\xf5\xd7\x9d\x8d\
\x03\xbc1\x92%\xbf\xde!\x8b\xe9}\x1d\x92\x8f's\
\x02\xdd'\xc9&\xb8\xbb\x88K\xae\x95ol\xbf\xbe\xb1\
\xfd/\x1d\xbf\x85\xfe'D\x9e\xbd\xfb\xf78v@p\
\x0d\x0cz\xd6!\x8e\xe2?\xc1\x0d\x00\xb7\xadG\xec1\
I\x0d\x1e7:3\xde\xc4\xa4\xfa\x84\xb3)j\xa6\xea\
\xd3S\xa3N\xcb\xfb\xd9\xe1\x88\xe4p\xbc\xe7/\x94\xd2\
\xefm\xbc\xeeI\xf5\x87\xf5\xd7\xa9\xc7~*\xd8m\xc9\
\x06\x05\x84\x08 \x02\xdb\x0b\xf3C/\xa1\x1ei\xefb\
L@|U?\xfc\x13\xf0\xb8O\xb0\xf9G+\xb6\x1a\
\xd56\x85\x15\xfdl\x00\x08\x16\xa7\x08\x16UE\x93O\
\xc2\x8c\x94\xf37\x06_;\xc6;3h\x92^GP\
!LMW\x00Z2919\x81\xa9r\xfa;g\
\xd4\x8c\xa0z\xe1\x00\xfdmTv\xd3\x04\x15FD\xa2\
\x7f\x8cfk\x89\xce\x9e%d\xd2\xb0\xf2\xf4\xc0=K\
\xa7\xcfM\xe44\xf2\xd2\xc0\xf0\xfdV\xcfJ\x84u\x22\
\x18\xa0#e6\xf9\xcbd\x1b\xf5\x98\xcd\x9f\xc9C\x95\
\x8d\xb9\x0b\x9bY\xaf&r\xa0\x0d\x16\xe2\xc4\xb9\xd8\x15\
K\xce\x85<D\xc0d\x1a\x93\x7f\x00\xf71hD\x9d\
\x95\x1c\xc6\xb3\xb2\x9f2f?s\x94t\x8b\x9f\xd14\
\xbcWr\x13\x1c\xe6\x15\xd4m,z%w\xa4\xc8I\
\x82a\x06\x8df\x8f\xbd\xe2\x08}f\x9e&\xdfm\xb0\
\x11\xc2\xf2b\x0d\x92\xd6~.\xc5\xe5\xc5\x98\x96\xc3\xb6\
\xad'\x0c\xbfP\x03+w\x1b,Y\xe0\xb8\x80t\xe0\
\x0cO\x8f\xcd\xc49h\xfd\xa5M\x14m\xa5\xa8\x9f[\
\x8an,\xf4\xf3R\x0c\x87\xe8r\x8a%Y\x9a\x08\xdf\
\xa1\x1d\x01\x88\xdbEt\x11,\xca\x00;\x1b\x1d`\x98\
\xcf\x0c\xe0\xda\xc0\xa0\xbcV\x7f\xdf\x95\xd9\xecS\xff\xf9\
M\x0c(Y\xc2}\x848\x05\x17\xf5\x9a\xadW\xdd\x89\
\xfdj\xbf:\x087e\x08^\xc628\xe7k`;\
\xbf\x0a#\xfcU\xd9\x8d\xbd\xb6\x80\x8b\xe40\x97\xbe\x9e\
\xbf\x1a\x22\xfa\xc9=\xe2\x0amrZ\x9c#\xa6\x06\xf7\
\x22\xe8\xf7\xf2\xa4\xa7\x81\xf3k\xaf\xc8\xa5\x9d\x12\xf1\xc0\
3b\x96C\x8d\xa5\x80\x06TN\xa1\x01@9/\xb2\
\x90\x99\xda\x8a\x00\xf04\xf8\xdb\xdb\xcd\x00\xcfEZ\x0b\
F\xc8\x0a9'\xf0\x05\xa8\x01\xf7O0&\x0fC/\
\x12\x04~![\x9c\xc8O\xe4\xe9\x89\x081\xfeNB\
\xd3*\xa8D4\xe0\xa9_z~\xaf\xaa8\xb1\xc1\x03\
\xc7\xda\x8bX\xa8\xfb\x8e\x0f\x22\xf9[\xb1j\xaf\xd7\x91\
$\x9f\xa0\x13\xc6hy\xbaW\x5c\xa3\xab\x0b\x16\xa9t\
QJ\xa3\xeb\xc7a\xc0\xbb'r\xfb\x1c\xb1\xd9\x17\xfa\
\x0d\x9dZIJ\x12\xac(*\xf0[fD\xd1\x02l\
\x03*au\xa3\xd3\x97\xbd\x91\xc7o\x9b\x1a\xfd\xf7'\
v9!\xe6kp\x86\x90\xb9\x92\xe72\xb8\xe9\xc5\xbc\
&\x19\xc9#\xac\xbd\xcc,\x9e\xab\x08\xdb\x17\xce\x16Y\
\x07O\x9c\x18\xfd\xdcm\xa3#{6\xbf\xd9\xb9\xa3w\
\xdb\xbeT\x06\x93R7\x0a\xfc\x7f5l\xe1<i\x82\
\xf8\x981%Sp\xb7\xf1v\xf4dY\xc2\xf0\xb1C\
\xea\xb1Dcd#<\x8c*\xbcpL\xfd\x89cv\
\x82\xb2!\xd8f\xe8G\xc0\x22\x22;h\xa2:Q\x85\
\x01^\xc6\xc1\xae\xd3\xdc\xf1Y[\x113W\xefd\x83\
\x81\x9d\xb9\xc5\x81!Vd\xf6\xd7\x15\x99\xf8M-0\
\x1f\xd7\x8dDQ\xa2D+AJ\x89Z\x09\xdd\xfb\xa9\
OM\xfd\xfb]\xbb\xc2\x86\x13\x8f\x18}\xc1y.\x83\
\x89\xb1X\xd5\x84\x1d\x1a0\xd5\xcd<\x16U*%\xf9\
\x22\xa4\xbf7\xf5\xb9S\x0f:\xd1\xcc2I\xce+s\
\xd9\x15F\x02\xc9\x9d\xd5\x976\xb1.[\x06}\xa7\xec\
\x0d({?\xf3E\xe8\xfe\x02t}\x8eVr\xc3!\
\xb5L<2c\xd5\xb1*8a\xca\x96/K\xc1+\
\xc5\xb1\xfcX\x9eV\xda\x10iT\xb0\xd1\xb8\xeaw\x9d\
p\x96bM\x99\xdd\xac\xd7\xb8\xea\xfd\xe1\x91k?\x13\
\xebP\xcf\xb8\x8b\xce\xd0\x19\xbc\xc6;\x5c\xc9\x14\x811\
%8\xf7\x15\x09>\xac\x08\xce}\x95\x93\xaa\x00\xff\x5c\
\xd7_\x1c\x06@+[\xe6T7\xdb\xa6}\xcc\xd4\xd6\
3+F\x88\x1d\x16\xe8\x0c^\xfd\x1d\x86''\xc3R\
\x81\x16\x10[j+\xf2\x1c\xcb\xc4\xe6[z9\xe3%\
K\x04\x87Eq\x18\x0a\x1b\x16\xf3\x01\xbe\x19\xd1\xacA\
u\x1f\xc2\xc0~\xd2\x16\xf4)\x8d[\x0a8\xac\x88\xc3\
\xd8\xdd\xb0\xa2\x0fP\x8b\x8a\xb8\x0eJ\xfc\x10h\xd7\x8f\
-\xd6\xf3Ll\xb1\x9e\xd8J=\x9f\xec@\xa9\xa7#\
z\xb3F\xa13n\xb6\x90\xdcb\x0cr\xb6\xfa\xdd-\
\xd8\xd9\xbc{\x9erZ0\xb4\xf9l\xfb\xb21?9\
69Fc\xeb\x5c\x86\x83\x94\x1a\xe0\xf9\x04\xa5\xb1\x1f\
\xc6HL\xca\xd7}s\x06\xecq]\x1e$/\x1d\xda\
E\xdfF\xebh!\x9b\x1b\x1c\x18\x1c _\xf4+\xf0\
8\x7f+\xe87P\x1d\xfc\x96\xb4\xe7\x15\x9a\x8c\x07\xb8\
\xbc4\x98'\x1e%g\xca\xc3\xac7\xc1\xdeT\xab\x16\
\x18\xcb\x87h\xf4h\xc2\x8f\xf2n\x04#\x8f0\xa3F\
\xb0\x95\x18\xcbY\xfb\x0c\x0e\xd9\xa3Bb\x9d\xe3\x0d\xb0\
1!{Gj\x90\xad\xe3\x83\xf5{\x09\xd3\xf5]\x9a\
\xa5\xfc\x1et'\xa6\x01s\x80\xa5\xb7\xd0_%)\x0c\
\xff\xc0\xc7\xc2z\xc4\x12\xe25N6\xb3D,\x93q\
U\xc8\x17\xf2\xb4OkH\x0cT\xaf\x19\xb9\xbb\x9c\x90\
\xe3N3\xe2\xe2\xca6b\x92\x1aA\x1e\xb1\xc7l\x84\
\xc2;\x8b\xe0\x86Mbz\xd7\xc7\x92\x89\xba\x90\xf4<\
/\x12\x92\xc8\xdf\xc6\xc1q\x22\xd8\x85\xfd\x04]\xc8\x09\
:\x10]d\xba<A'\xf8\x09\x9e\x10w\xb5\xe4l\
B$jY\x1a\xd1)\x83\xf3g\xdc\xc9\xd0\xfeO\xf6\
\x84i\xc1\x80\xa5\xe9\xd8)\xdaoN\x9btk\x8bB\
 x#Wc\xe1\x05G\xe2\x98\xc1Y\x0b\xd5B\x95\
\x16\xb2\x9ep\xbey(u\x8a\x9c\x1a,\xdc\xe0\x1d\xf8\
\x8cF@C\x84 X\xe4\xa6(8\xe6H\x98\x0cj\
uYV\x16\x017sQZ`\xd7<\xb1\xe3vs\
I6\x9eKt\xc6\xd1<>\xba\xfeBz\x0b\xe1\xa1\
\x0bVB.\xae1;\xd2t\xe4\x1aG\xbf(\xa7i\
C\xccS2\xba{+-\xb7X\xcdW\xf3\x9c\xd4\x9b\
\xd2\x01\xd9\xe3B\xbf\xe1\xd3\xb6hf\x04\x0e\x18a\x5c\
\x88D,^\xb3#y\x22\x7f]\xd7\xfeK*\x1b\xba\
\x83^\x0bZ\xbb\xdf{\xc8U\xfb\xd9I\xab\xdb\xe3\xc1\
\xae\x0fK\x9f\x0f\x86X\x06+\xc1l\xa3Q4\x0d_\
<M\xc3\xae\x97#\x98\xf8@\xe8\x8c\x9a\xf2\xfd8\x8f\
\xe58\xac\x9d\xd1\xc1\xb6e\xd8\x17\x18/\xc0*A\x8e\
\x048\xbe\x94!\xedw\x8a\x00\xcb\xde\xcf\x91\x847\x0f\
\x9e\x0a\xfd\x1d\x87]5\x0b\x1b\xd1ih\xc2$\x97\xce\
B\x7f\x85\x82*\xfe\xa4\x9ah\xda\x9f\xe2*Y\xd0\xb3\
\x7f]\x96-S;\xb3\x80\x97: ;\xe5\xd3@(\
\x94\xb4?\x17x/\xadW\x849}\x09\xfc\xac\xa1\xab\
\x22-\x01c\xec\xd3\x0c\xac\x10|\xad\x1b\xf4'\xc2\x93\
s(\x9d\xb3\x90=\xff>Lg\xe6+\xd3\x8at~\
\x8d\xf7\xb2\x9b2}\x9b\xdb\x90)\xc9_\xe0\x9d\xa8\x97\
\x0f\xb6\xa0z\x04\xe5\xa9\xbf\x83\x07~\xfa\xe0\xf4A2\
\xeeNex\x81\xf9\x9e,\x0e\xdf\x83\xc5\x0f\xc6\xeek\
\x92\xef`j\xa70\x8eW\xc3C`v,\x0cjl\
\xcd\x19\x19U\xe0N\x10M\xe1Q\x04Pa\x1e\xdb\x19\
\xc8\x18\xe8J\xf3\xfa\xb9\x08\xe9ktK\xa7\xb8\x84\xac\
\x15OBA\xba\x9f\xee\xaa\xbf\xc9\x89lk\xa07\xca\
\xd6.\x83m^a&H!\x12\x0a\xbd&^\xd0\xa3\
S\x93S\x93tk]\x01\xee\xf4I\xe6p\x9f\x80\x05\
=\xc8`q\xc1\x1b\x09\xee\xbb\xb30U\x00\x1a\x8c7\
\xcb\xfb\xdf\xadA/ek\xd9\xe2\x94U\x93\xbc\x8a\x8b\
u\xad\xbc\x8e\xe3\xc0\xcc\xe7x\xd3\xf8\x10\xbb\xb6\x80\x86\
k\xb1\xe8\x8d\x8d\xe4G\x9d\x08\xa1FA\x5c\xe3Kr\
\xc2\x86L\xf4\xcbf\xf9\x10S~\x19\xf2\xec\xf5\xaeD\
\xb9\xc6{P.\xac\xa3i\x89\xf2\x86\x17F\xf39\xa7\
h\xa9\xbe\xac\x17\x89\xc1>\xec/6\xe7\x9c\xef\x96\xd4\
}N\xdc\x0d\xd52hN\x97\xcb\xde\xc4tu\xca\x89\
\xe4qW\xc4%\xde+P\xad^Np\xb1^\x8bD\
\x5c\x96u\xc4%7\xe3\xb4\xc8\xe0\xafLU'\x1d_\
\xb8d\xb8m\xcd\xef\xe0B\xb6l\xa7\x09\x87\x1e7\x93\
\xf6L\xb5\x22mx\x00\xe3\x15\xe7\xce\xf1\xdaha\xa6\
\xac\x9ad\xf2\xb21\xe0\x95\x5cL\xd0\xc3\x5cts\xaf\
\xccn'r\xd7\x22\xcc\x1a&\xa1\x97\xa1s\xe1\x84\xec\
\xee\xcc\xfc\xf7\xf1n\xadI\x0cg\x8du[\xd0\x85T\
\xfd\x87q\xc78?\x7f\x8d\xe7\x85\xe6\xcfZf>z\
\xd7D\xc1v\xbd\xd6\x06\xfb_\x00\xd6\xb8\xd5w\x8d\xa1\
\x94\xfc\x8cm\xc4\x94n'vz\xf5=\xe9\x0e\x93;\
m\xa6wZ{${ZT\xed3\xf3\xa8\xe2\xe05\
\xee\xef\x8c\xe9\xdd\xb7w\x5c\xccw\xa4\xf2\xde[\x81\xe3\
\xa2K\x10\x03\xcdR\xd2\x01(\x96\xa2w\xcb\xde\x1f|\
^}\xcc\xe9\xf8\xa8\xaf\xbd\x88N\x1e\xe6\xc2\xc2\xbb$\
\xf4\x18\xa1\xfb\xa2?\xff\x9e\x17\x1dN\x86\x84\xd0xJ\
\x96x\x93zk!y3\xf3\xc1\xc5\xa8\x8f\xfd\xda\xe7\
\xed\xa3\xd0cU\xf4\xfc]\xef}\xefWw52'\
\xfe\xf8\xab\xbfr\x22\xed\xdf\x14\x9f\xf2\xf7\x85\xf8\x94\xbf\
/\xb9q\x15|\xbc\xdb\xe3+\x9dv\xd2\xd8\x93\xe9\xf5\
\x1a\x96ar\xd4\x10\x87\xefKn\xdbd\xe9\x1d\x1d4\
r\xe7\xef>\x9df\xefI\xba\xc6\x5c\xe4&\x92gj\
\xdd\xe4MQ\xc3:|\xbf\x22D\xbb\x0d\x03a\x95\xc2\
\xb0\xc6\xd4\x91\xcc8\xf3\xc4Wj.o$|I\xf2\
\xf1\xe0\x81\xc4\xb2\x97\xb0\xc6\xdaU\x01\xb7\xe6\x12\xb2\xce\
\xd1O\xa1\x0d\xb3\x19.OC\xc8OOO\xdf\x83\xf3\
\xdf\xe1\xca\xc4\xc8(\x92h\x06\xc62\xebp\x11\xfc\x17\
\xcc\xc0\x9b\xdd\x8e)\x09 \x89\x95\xa2\xd92\xd55c\
\x09f\x0ea\xed\xd3\xba9\x94n\x88\xbb\xbef{B\
\xde1R\x9a\xc8\xf3\xc6EM\x1b\xcc\xe6\xdbO\x93\x90\
\xd3\x8cR\x1f\xf7X\x91D\x96ey\x00\x0d\x00\xc2\xaf\
g\x1a7\xa7\x13\x91\x13\x87Sp\xe3\x83\xf0\xfdg\xd3\
\x06\xfbk\x10\xbf\xe270>\x08\xa4'\x92|\x96u\
\x22\x9c\x0dqV6pRe\x98\xd1\x22\xbaC\x831\
x\xe2\xf7\xe7\xdd\xa7~\xfd\x19u\xd7W\x1dK\xa9r\
\x82\xee\x97\x81X\xb9\xf4\xa54\x03\xab\xc3\xd4\x0e?3\
\xdf\x0c\xe5\xc4j#\x99\xf9\xfd\x8af\xeb\xf0$\xf6\x9e\
[\x1d\xe6/b\xd2+e1\x98\x18\xee&\xa4\xcf\xf3\
\xbev\xab(G!\xe3\xd4\x82\xb0\x0bY\x0ch\x16\xdb\
\x99\xaaz\xea3\x7f\xf0\x91\xce\x8fz\xd9UU\xf6\x95\
I\xf6\x9cE\xe4\x895\xa2\xbf\xc1\x8b\xf9\xb5\x8f\xa8\xcf\
8\xe6(\xdb=\x14\x0c \xffO\x1c\xa3\x057A\xab\
\x08\x92lc\xd9M\xe3U\xe5\xbc\xc6O\xba*\xc7!\
&\xba\x8f\x05,\xc7h\xd5h\xb0\xcb\xaa\xa1Ol\xc5\
gW(\xd8\xac&\xd5\xa4\xe1\xab1\xde\xe4\x90\xe2Y\
\xdb)0\x91'\xf1\xa5t\xe7z\x97M&j?\xc9\
\xe3m'\x9c\xd1\xa3\xdd\xc4\xa1\xc5\xee\xae\x90\x13\x8c\xd3\
\x99k\xebR$\x97\xd9#\x85\x97\xeb`\xb0\xdf\x9e\xb2\
\xccD\x15\xce<\xc5)\xcbd\xb6\x1d\xa6\x93].\x0e\
\xc0\xd7\xd5\xe6\x07f\xa9\x01.\xf2\x04hL\xed\x22D\
\xdd\x16\x05\x00t\x06\x1e\x18\x8d1i\x80\x94\xe1)\xc1\
\x03\x9e^\xc8\x0e\x07?P\xa1\x97N\xc1<w}\x1a\
k\xf8\x8en\xe8\xf0\xcc\xf0\x0cu\x98\x9f!\xb2\x09\xaf\
\xae\xcf\x87\x11S\x88\x0cn\xcb\xf6O0\x98\x11\xb6\xde\
\x00\xebp\xb3\xfd\xb34\x80^\xa7a\xbc\xc8\x94\x10l\
\xbd\x0f\xd3\x95^!\xde\xd7\xcbh=<\xac\x0e+\xfc\
\x0b'\xaf+h\xb1\x84\xd0O\x9c\x0e\xa7\xe9\xd4$\x95\
\xc4\xed\xe7\x98\x03\x87\x9a0\xa6\xbc1erS\xe3\x8c\
\x18\xcf\x8f\xaf\xb3\xd1N\xd9\xc1\xdb\xab\xe9\x10\xb6\xcb\xd6\
\xf7\xaa\xda|\xfe9\xb2t\xb7\x81\x19\xe4q\xda\x18\xb9\
\xdf$\xf0S\x97\xb5{\x11\xe6~0\xb6\x7fn\x93\x87\
\xc6\xcf\x19\x19%\x84[\xd7\xd8\x0f'\x11u\x0f\x8b\x9a\
\x89\xb7\x97\x9f\xa3E\xe2*\x08Mog\x97\xf1\xb1\xbd\
\xee\x96\x8a&\xfc`\x08dv\xaeF\x89\xd2\xef\x12o\
\x81\xf9\xb9\x94\xfe\x81P:\xb6\xf1\xb4\xedd\x81\xac\xc8\
\xbbx.\xa2\xf37\xa7vEMO\x9a\xbf\xfbi\x98\
\xa7$L\x9a29\xd6\x92\x16\xd6\xc1<\xce\x91\x85\xe8\
\xb3o\xc2#M\xe6\xf1\x98\xa6\xa7\xffB\x9a\x93\xf3\xe9\
\x94\xc5\xe6s\x18\xcfp\xe7A\xc6q{\x22m\xbfp\
\x94%&1\x82\xaf}\xf9g\x16\x08\xa4\x86\xbe~O\
\x98t<\xd9ql\x0bf\x889\x0d\xb6A\x5ca\x86\
\x1d\xf3\xa1b\x96\xde\xf6iW3\xaff\xe9\xf0\xc8)\
\xeb\xec\xce\xd7_\xad\xb1d\x03\x1448\xb3\xc0N\xed\
H\xb1\x08\x81\x86\x05\x04\xea\xa0*\xf8Y\xd97/\x91\
\x15\x9f\xe7\xb2\x01\x19\x10\x11\xe3\x00Y\x22\xab\x5cR\xd2\
#\x83Qg\x0d'\xf4\x02o[z\x10\xcc\x84\x09\x5c\
\xdco\x86\xc2\x03|\xab(=l\x09\x10/q\xec\xc6\
\xf3\x0f<}\x04)\x1b\x05\xef\xd0m\xc0%&X`\
\x00.6\x11\x9e\x10\xcd\xb5`]BR&\x1d\x8f\xf0\
\x22\xc8:\xef\xaf\x7f\xde\x89\xa0\xeb\x1a\x9e\x1b^\x94\xbc\
\x9f\xffy'\xb205\xbc\x88P\x89\xf7\xf3\x7f\xedD\
\xc4J\xea\x9e\xa5V\x12\xccOe\xef\xaf\xff\xda)\x97\
-IYe\xdc\xfb.A\x9e\xc3@h\x86GK\xb2\
\xe96BNL\x11\xccU\x9b\xb7\x03\x15\x87v\xa0\xc6\
\x0f\xdec\xad\xf5\x86Z\x94\x81re.\x83\xb7\xc6\xab\
\x8a\xba\xbd\x14f5\xef\x92\x0d\xbdLYs\x18G\x9c\
$\xfa\xd3^\x8e\xd4\x93\xc1 \xb5s\xf4l\x8f`@\
)x\xfc\x11\xbd\xb4B\x86\xba\x00\x9b\xce0\xf6\x136\
\xfd\x88?\x85/*8\xd3\xc5*S\xda.\xc9f\x07\
\xa3\xac+\x99Z\x01\x9aV`\xceC\xa6\xf94t\xa6\
\x0a^\x1d/\x94\x0bB\x04lX-u\xa7!\xf03\
\x07{\x971\x84q\x06[\xf2\xe2\xb42P\xeb\x15~\
r\xf58\x9d\xe4\x125Q$\x81\x07A\xdb\xb8\xf5\xc8\
qi%\xec\x9cAFY\xba\xd6n\x09\x12\x22\x87\x17\
\x96.Ps\xf6\xc1\x1d\xc6\xd2\xd5\xd9\xf2\xfa\xc1\x9a\xe4\
\xd2\xc2\x07\x83c\xaf\xe4\x9e\xff\xbc\xb7\x854<\x89\x18\
1(g\xa6s_\xcc\x0b\xe9D\xeb\x14\xd2\xeau\xee\
#\x09\xaf9m\xacb\x09\x82\xa7\x84\xd9\xa0qI\xe3\
\x12\xe3$\xcff\x9b\xed&\xed\xe9\xae\xe8\xd5\xf5\x11a\
7y\xb6)\x9f,{Y\x83#\xea\x978\xcdu\x06\
\xc2$\xfa\xe4\x80-{\x0d}Dq=\x8by\xeb\x0c\
>\x7fp\xd4\xc9\xdb3,\x83?\xf3\x96N\xb5-1\
\xff\xe1}_p\xd5t\x19vEUX>\xaa\xebR\
\xd3\xd2\xda!?7u\xf01t\xc9\x97\xc9\x07\x80\xdb\
\xe2.\x986\xbb$F\x0a\x84\xb8\xde\xef\x0d9\x8c\x7f\
\xb3\x98-W\x9b\x05)`\xd9\xd0m\x7f \xebX\x97\
R\x22\x1cp\xf8\xe0.dZI\x1bV\xc8\xf0r\x8b\
\xe3\x97\x9c\x7fo\xca\x9dH\xfb\x8d\xd7\xd7w:v\xc8\
!\xb0\x02\xb5F\x88\x03\xedv$\x0c\xd5\xce\xdc {\
\x14S\x91\x0eE0+f`\x86\xad\xa8n\x22\xad\x1c\
\x87\x8e\x1eg\xe4I\x06\xa8\xe0\xc9\x11\xe65^\xdf\xd8\
\xd9\x04\x93e#\xafC5\xb2\xa2\xf3@\x8e\x8cT\xbc\
\x0b\xd9\x08\x810%\xab\xe0\xca\xee\xf9\x0f?>\xa2\x86\
\xf7\x8f>2\xac\x1e\xde\xa3\x1e\x9aR\x8e?\xfb\xc8\xe4\
\xfe\x99OM\xee\xbe\xe3\x89I\xd7\x7f8\xcd\xc8\xe3\x1a\
\x0bI\x5c\xc4d#$\x9b\x98A\xa2\xc17\x1dL\xfb\
\xe1\xa53\xb2l~\xb3=>\xfe\xad\xf1\xe5j\x7f6\
\xbe\x5c\xad?t\xdb\x1f}vh\xe7\xfe'\x87\xee}\
\xd0\xf5\xef\xff\xa3#\xea\xf0-J\x1d\xfe\xe2au\xff\
\xaf:\xfe\xf7\xa5I/\xbbm\xbbI\xb8\xd4W\x85-\
#\x8e\x07\xd8\xe9\xc8\x03,\xc2\xf2\x8dB0\x9f\xfa\x8d\
\xc2\x90\xbb\xa5\xee\xb3\xfaonB\x92d\x9b(\xcd\xd0\
\xc9d4P\xf1uA\x81W'\x05(\xa8\x94I\xc5\
Z\xe8\xdf\x10\xde\xfa\xf5Y7\x11\xfe\xef\x0f\x00\x15\xbb\
F\x80M\xde\x95\xb1n!n \x05vK\xed]\xa6\
p\xe2\x98!\x88\xaarY\xcf\xea=\xf7\x99\xc4\xa9\xd9\
\x09n\xbb\xa4\xea\xb6\xa7\xb9\x87\xe9\x8c\x12\x80\xf2\x91\x5c\
\x18\xce\x99\xd2\x16\xd9\xceD*\xa4\xde\x8d\xc9\xb0\xa3\xb3\
\xefL\xc7\x140\x8d!\xa2\xdb6cv\x98\x09\xb5`\
\x01\xf9\xe9\x0e3l\x9dt,\xf9i\xe6\xf36\x9b\x17\
H\xf4\x92A\xbf(\x83hQl^d\xfb}E\x03\
H]\xc9\xea\x02\x0c\x17\xbb60\x89\xcd\xd4 \x08\xd3\
\xc8\xcc[$\x0d\x9c \xd9+\xd9\xef}\x92\x14\xd7'\
\x16\xfb\xc50\xee/\x0b\xfak\xd2U\xc4j\x05\xd63\
\xb0\xab\xc0\xe2\xd3'q\xb7>\xc9\xcc\xeb\xa5\xf45\xd8\
\x94]\x0e\xd7\x05\xc9\x81 \xd8\x09\x1f\xbbX\x0e\x80Z\
/r.\xeb/\xfb1\xfe\xb2\x1f#p\x1d\xbcA\xd7\
\x7f1_\x12\xd6N\xf1I\xd7\xbe\x0bW\x84\xe5)\x90\
`\xcc\xf0\xc5\x9f\x12\xa6\xb4SL\xc0\xb2\xf6\x1d\xe8\xc2\
\x97\xb9\x0b_\x86\x87\x18Y\x9b\x89\xbf\x01>l\xd5.\
\xe6\x93\xc2\xf5x\xfe=\x93\xae!/\x87\xe9mf\xc6\
v\xfb\x047\xf8M\xfe\xed\x0f\xbb\xe4\xd4t$3\xef\
\x22\xc9\x0e\x5c\x92I$\x18bo\xf2\xf7\xcd}j\xe2\
\xc1\xd9\xa3\x93\xbbo\x7f\x22\x0d\x0b\xfc6\x8b\xf0\x8b\x81\
w\xaf\x19qU\x1a\x9bz\x81\xb7Z\xa2g\xd1\xe1a\
\xdb\xbf\xa3[\x92{*\xb0\x02\x9a\xab\x9e\x08}o\xdb\
G\xa7\xa2\xaa\xde\x04\xe7\x89\x84U8\x9a$Tm\x94\
M\xc5q7\xcbqG\xb9\xa3\x85J\xa1\xc2Z!\x84\
\x02\xb67\xa1\xf0\xc1B\xf0#\xaa^l\x12\x8f\x99\xdd\
\x0e\xbd\x11\x9c\xa9\xc0\xaa'Ds\x22\xbcW\x90\x9c\x15\
|\xb0\x12\xfc\x88\x9e\xdc<\xbb\xdc\x8e\xde3\xa1\xd4\xf3\
9\xa5\xee\xd9\xf7\xd4\x98RwLjN\xab\xc7]\xe1\
\x1ac\xbdpKj\xc2\x22!c\x06\x15c\xfb~\xf4\
\x0b!\xe8\xd9*\xc3s\xc3\x991\x10\xde\x0b\xf1\x95}\
\xf4\xc3\x8e\xf9\x0b\xcf\x8c\x97\x12Qc0\xf2I\x08m\
\x7f\xbc\xe1<\xfd\x07i\xdb{\xaf#\xfd\xc1\xd8\xe9'\
\x02j=w\x8c\x97\x1e>\x1c\x9c\xfe;\x9a\xd5\x01\xdf\
\xbaXRI\xfa$\xe4\x9b&\x92\xc3I\xb3\x9ey\xbe\
I\xc4\x03\x0b\xbcbgE\x9bZ\xd0\x1b\x93\xb2\xd6x\
\xb2\xae\x00\xb8!\x02i\xe8\xa5\xc02Y\x13\x80U\xd8\
\xb9/\xed\xdf<{t\xc6\x9d\xd9wH\x0d=\xea\x88\
\xbeG\x97\x06Q\x1a\xd7\xcb8B`\xaa\x12\x0a\xed!\
;\xbc\xc2eC\xee\xc8\xd2\x96;\xef\xbd\xbd\xa1\xd0C\
B\xa7\x7f\x1b\x84\xca\xb1}\xe9Ma'8z\xcc-\
\xabr+A\x80u}\x83\x8fnQy{\x83\xcd\xd9\
\x91d\x9e\x85\x97O\xeeLw\xec\xda\xbf\xf5}\xf5#\
\xf5\x1b\x1b\x97\xb8\xc9,\x9d\xb8b\xdc\x97\x5c`\x84\xc7\
\x06Y\xc9{\xe3oq\xf6&\x03|\x1c\xeb\x80~\xfd\
X\x22qm\xb9\x88\x0e!,q/\x08\x15b25\
\xe3\xc3\x91\x8b\xdaX\xd3:\x98\xe4c\x87UCw\xa3\
Id\x9541B\xce\xa6\xf0\xd3Sj\xd6\xf3q\x1a\
\xc9\xe0\xf83\x19\x16\xa9<#\x5c\xa5\x5c\x1b\x19\x89\xbc\
@\xb5\xe0\xe3\x83\x0a\xd8\xc8\xb0$h\xc9\x19\x8a?\x0c\
a9\x8d\x84\x0e9,\x0f\x150~\xe2q0e[\
\xb0\x8e\xceN\xceNNO\x07\xc5l\x05^PV\xa4\
\xa5p(g\x1d?2=d\x9d{\x10\xbeq \xb8\
\x8c\xa2\xad7\xc7\x09\x094\xf1\x15\xa3\x9e\xa2\x9d\xcf\x90\
\xf7\xacTn\x16\xa2m=P#\xd1\x88\xb9\x01\xf5e\
'vxw\xbc\x19X\xd6\x1a\x1b\xebx\x03>07\
\x87\x11\x88\xcc\xfc\xb8%\x7f\x0e\x0f\xc9\xfc\xba'\x9a\x06\
P\x91=~\xb1\xc7\xdeNwS\xb6;O'$Y\
M:\xd7\xbf\xf4\xc7\xe9\xd8\xa3\x9c\xb2n)!\xd2a\
SD[!sE;\xfa\xc4\x0e\xb7\xad|\xe4:\x9b\
\x16\x8a\x96\xef\xb38\x0d&\xfb,\x84\x16\xe6&\xe7&\
\xc1\x1dW\xc1|\xadYE\x9b\x89U#\x17\xaf\xd7\x9d\
\xab.\xf0\xba\xb3Y\xb4\x19[\xbf@\xb5\xf7Z\x1e\xdd\
\xb4\xe6\xed\xeb\xc0kY\x8a?\xa8\x7f0\xd7\xcch\x1f\
\x97\x0a\x8e\x88\xec\x88PLD\xb1w\x95\xc1\x87\x22\xf8\
V\xf6\x0a\xe3\x11hy\xab\xe3L\xb6rS^@\x0a\
AS.\xd2x\xc1)G\xdei.\x22\xbcB)S\
$\x00T(9qx\x08\x155v\xbd\x125\xf3\x83\
\xd9\x1cm^\xa5\xe4T\xad<3\xb29\xd7s\x8ba\
\x02\xc9\xb2\xf6\xddc\x86G\xc1)\x9a\xec\xea\x8e\xbe3\
\xaaq\x87k\x10\x80\xff+e'\xacl\xd9\xaf\x9a\x1f\
\x87g\xa5\x0f\xe6\xbdq\xad\x9c\xa7\x95\xffX\x12\xa9\xc5\
w\xa9u\xba\x99]\xcc\x9b&\x04\xd6Uo\xbc\xec\xb0\
\xda9\xac\x14\x119Z\xab\x06\x81A\xd3\x97\xc5\x08&\
\xd6\xc0\xe9\x9a}_\xb6\xbf\xa9\x94'\x1fF\xf8\x07\xaf\
Xq\xcc\xa5(b3\x8d6D\xf8\x0e\x82\x06\xa3B\
\xadW\x1ew\xaa\xa10~\xf3\xefS,4\x18\xed,\
\x5c\x8f\xca\xa8l\xea\x15\xc7EyjE\xa8\xe6\xd6\x1f\
Cg\x93\xb3{\xe5\x8aSf\x7f\x0ag{4\xff.\
\xc9\xf5\x8e\x0c\xa0.yHh\xa0\xcd\x17\xe5Y(\x12\
\x8ac\xad\x95\x18\xf2\x8a-\xb0X\xf5Jv_\xc6\xf8\
N\xd5\xecy/\xd2\xb3\xce\xfc\x02z\xc6\x84N\x1a\xa1\
\xf0\xd8\xb9\xcc|\x1cNX\xa1\x84\x15\xfd\x84\x96\xfc\x9c\
i\xc8\xcbu)\xd2?/p\x7fvOF\x0ax\x03\
>\xe2\xa2\x99\xebZ\x19\x17mI\xc2\xce\xc1\x22\x0a\xf8\
\x1a+\xcb\xa1\x13\xfc\xd7\xc9\x10\x1d\xe2\xe6'\x1f\xc0\xfc\
\xc4\xc8\x0dm\xf3\xcc\x0a\xa3\xf5\xfcF\x0e\xee\xd8\xc2\x93\
{\xdd$\xb8g\xf6\x19u\x06b\xf3\xf6\xde~\xccM\
\x06/{\xcf{\x9c\x1c\xd9Y\x10Z\xdd\x16X\xe9\x87\
\xc6\x0fQ`\xb8o05=\x0d4\xfb\x94\xbf\x12\xbc\
5\x8e\xf02\xfcx\x9f&=\xf5m\x0fZw\xad6\
D\xa3\xfd\xb4\x8c\xfb\xd3\x02\xbcX\x04O\xab\xb0'\x98\
bQ2\xff#\x87\xad\xc26I\xf3u\x0b\xd4V\xef\
\xf7\xea\x1cH@\x86\xfaEZ\xe2\x07\xb1d\x18m\xb7\
\xc8\xc8\x99\x1ap\xfdA\x16\xb5'\xc8\x18S\xeb\xa3\xa7\
\xe8P\x01\xf6x\x19b(\xacp\xd9\x071\xb3\x9a\x85\
\xaf\xf3l\x94\x1d\xf0\xdb\xf71\x7f&)\xa3H\x0d\x90\
\x05~\xb6\x1fI\x99\x0a\x94`\x8e\xb1\x04m\xa84\x83\
\xf7-r\x04A\xb7\xbe\x22%\x12\x1c\x82\xdc4\x96\xd0\
\x03K\x19=\x85\x00\xfbD3NP-B\x09\x19\x9b\
;w:aE\xca\xf3\xf7\x1a\x09\x12dnN}\xc0\
\xd9R/\x94\xfa\xf2\xdc\x80\x13N\xbd\xcdf\xd7\xed-\
;Hs\xd0C\xf8*x\xf1*ZR\x9e\xb6\xe5\x10\
\x85~\x85(\xda66O\x7f\xa5\x13\xf3\x14\x18\xe3\x0c\
Y\xd6\xdf\xc9>\xeeoh\xfc\xdf\xad\xeeV\xf8\x17.\
+\x7f\x17\x96lL\x19\xab\xab\x15p8b\xcf\xfeq\
'\xbb\xdc.1`\xc0y\xff\x8f\xc4P\xb8\x8a\xd6\xc8\
g\xf5\xfe\xd7i\xf4\xaa\xeb\x9d\x18\xd9i\xe45\x9eV\
\xdew\xd2\xf4H_,,\xc7\x97\x08\x13\xdb\xa5\xd2\xf1\
\x97\xca\x84\x7f\xc9Bv\xfa\xf0\xf4ap\xaePq1\
\xb3\x85Z\xb5K\x16\xd0\xb0z\x04\xf3W\xcfS-6\
\x18\xce?\xd5\xd9u\x9d\xdcZ\xb0\xc0\x8e\xf8\x1b1U\
\xdf\xf6\xf2\xcb?\xbcR\xb7\xed\xc0a\xc5h\x10\xe8\xff\
\x9f\xd2\xa2S\x1a\xc0\xec\x8aMI\xa1\x9b\xf5\xd48e\
\xc7{s\x03\x03\x07\xcf\xe7y\xd1W\xd2\x86\xb6\xbeU\
 \x05Z=0\xa7\xdd\x85\x08\xbc+o\x9c\x91\x16\xa1\
\xba\x1e\x18pZ\xe8\xf1R\xe47\x98i\x0e5\xd3\xe3\
\xd5\x09^\xb0\x02\x88\xff\xc9\xd0\xaf\xaf\x12\x0b\xd4\x08R\
\x9ahKelpl\x90,\xf5\xd3\xa0\x09\xa3\x86h\
\x0c,\xca0\xd7\x8b\xf0Oi\xb9]\xb3!(\xc4\x90\
\xdb\xed\x8c4J\x80P{\xab\xae\xb0\xb6\x98\xfc_\x99\
\x9dL\xcdY\xc8\x8eV\xb1uG\xeet\xd6o\xb3\xc9\
`AI\x9e\x22\xc5\x85\x97\x17\xb2\x10\x1f\xc4(!\x8f\
\xd0F\x867\xec\xda\x06\x9d\xbc\xcb\xa1\x87\x94\x1d\x13\xeb\
\x08\xd3\xf4\x132\xca,q\xf2\xa8\x9f3*8\xb5\xf9\
\x5c\xde\xfbh2\xd7\xce\xed\xe9\xa2*\xb6\x9f\x0eO\x04\
6\xf9\xff\xa4\x9b\xbb\x8b\xb6|(4\xa0\xcb]\xe4M\
\xf9\x9f\xcc\x83\xb3+iC\x12\xf9\x98\xfe\x83\x9b\xab\xda\
\x99\xc4\xcb\x92afj\xc1\xc1\xeb\xc8\xd2t\xa3+\xb4\
6\xeb\xed\xf2d\x8d\x99*\x1c\xe1\x1e\xe9\x05z\xa9^\
\xf8 \xeaD-0\xa5^/\x83\xf2\xcb\x11'\x06\x9e\
\xed\xc8s\xda\x05\xe0\xd1\xc8\x99\xa2\x15\xd6\xe1\xd1\x855\
O\xf2\xca\x01\xcbR\x05=\xd4^\xb3E\xcb\xd4\xe21\
\x8a\x95\xdc\xf3\xca/\x8d\xe1\xe0%a\x5c\xf2\xd1\x1b\xd1\
\x94\xb6>\xfad\xf9H\x89\xb6\xbe\x0b\x1d\x81\xca\x83\x0f\
N\xa8\x09\xc9\xe6\xca\xc6\xda\xef\xeeHw\xb21\x95\x09\
\xc6G\xeaH$Z\xff\x06=\xb2h\x98~C\xa0\x09\
\xdf\xa21\x90c\x22Z\xf1\xd7\xb0@\x8d\xb7\xdbU\xda\
\xc5\xd6X\xd0\xa0\xbe\x06p\xe46\x04\xdf\xd3 m\x90\
<\xa5\xa6\x06\xb3\xd4\xe3\xf4\xfe\x1b\x89\x82\xcc\x87E/\
\xd87\x95Gr0w\x8c\xc2\xc9G\xbc\x03%\xe7n\
\x9a\x80\xbe\xa1\xb3Y\xec\xc6\x18\xeat\xe6\xc7\xad\xe2\xd3\
M\xaeY\xed\xf1\xea\xb41\xde82\x96\xe6\x14'\x9f\
0;n)M\xbd\x82\x8d\x98m\xdd\x80\xd6=\xb1,\
\xfb\xd3eI\xd4\x8d6\xe0p\x1a\xd1\x91\x13\x16\xd5$\
\xdd\xa0U\x81\xb4\x05S\xdd\x90\x0a\xb7\x87\xf2Bz\xf1\
\x9c\xfd\xf0ds\x86\x8f.\x0b\x9a/\x9d\xf6\x15\xba\x0d\
^\xfd].\xaf\xaa0g\xc0\xbbi\xfdy*a\x02\
H\x8b\x86\x18L\x0a\xaf\x17\xa2\xb0\x1f\xa7<\xe4g\xd5\
\xb3\x0a\xff\xc2i\xee\xf5BJ\xb0M\x96'H\xae=\
GL\x14\xa3Xj\x0d\xc7\x8c(\xc8\x07\x1d\xfc\x0b\xee\
P\x95.\xa2K\xfc\x04\xbc`3\xedd\x1a)/\x82\
\xe6?\xe1\xb2r\x16'\xa2\xe58\x1d2\xeeP\x1cy\
\x9c^y\xa3\xb8W\xb9\xf68MpWX\xa9\xb7\xda\
\xef\x9b&\x8e\x85*<\x9aX\x96\x11>U\xf5T\xb5\
\x08\xd5<\xbc\x9c\xa7\xa7\xf7\x9c\xa4\xdd\xd5\x01\xf3\xfa\x1d\
rJ\xed\xa1\xf7Q\x0eG\x97{(\x0b\xed;\xe2\x05\
\xa9C\xfe\xc39\xca\x10\x80\x1c;\xcc\xb4\xd3\xceF\x0d\
\xff\xca{~\xb2\xee\xa71{63\x1f\xe6\xb3\x80\xb9\
\xf5,\xd1!\x8erYGu\xbb\xac\xcdn\xd7l\xe2\
\xf0\x9a\xcf\x1ct[\x0d\x07g\x9a\x98b\xa7\xb8\x04\xa8\
\xad\xbb\x90\x15\xfd\x88M\x18\x970[/\xf2y\xd6\xea\
t\x9eQ.\xc1\xa4Z\xe2\xf3H\xf7\x0d\x99\xee|\x16\
M\x86#i:w`]>\x8cr\xb8\x08\x06\x85\xd1\
\xc0\xb5O\x11\xb7\xd4\xe5p\xeb\x1d\x18\xb3\xc1\xda;\x85\
\xd8h\xef\x88K\xe6R\xd0\xa3\xc39\xd3\x91\xbb\xa9\xfa\
7\xc2\x1c\xf2u\xb8\x1bX\xfe\x0d]\xe1nj$\xf7\
\xe3\xf0\xa4Q\xe9\xd3\xb3xC\xcb'\xe1\x04\xf1\x1al\
-\xb5\xd0mt\xca\x0aM\x11(N\x92\x8d\xdc\x06\xa0\
\xc3\xc9X\x0f^\xd0\xeei\x83\x8b\xcb\x99a\xf5\x04\x9d\
\xed*\xc9#\xfe\xc7\x94\x87\xd8K\xec\x89\xd3\x03\xe4\x0a\
[\x94\x91r^3\x18C\xc9y\x94x\x8f\xe8\xa6\x9d\
5\x0b\x02\xdf\xc6VM\xbb\xfa\xea\xa6\x9b\xc9\xb8\xb9\xdf\
a\x04d\xd05\x95\x0a;\x11b\xd3Pg:\xa3\xa1\
V\xdf\xad\x146\xca\xd8J\xae\xa6s\xe7s\x1by\x01\
\xf6\xc6\xe7pR\xbb\xef|.\xa1G\xc0\x8e\xcd1)\
\x5c\xbe\xe85\x9ek\xf4:!\xda1\x910[\x83i\
p\x0d\x19\xfb3$\xafV\xf4\xbew\xc3\xb3\xb7:\x93\
0\xd6\xaa\x18\xa5\xaaZ\xc9k\x13 \x0d\x8a\xa9\xb0\xfe\
`j\xe2\xd0\xc4\xa1)p\x82\xcfL\xcfLSz\xb5\
\xb3\x90\xb5\x95\xaf\xad\x1a\xf5\xe6\x5c\xd1\xfb\xdd\xfaOj\
\x0dAKFiY\xf8\x04\xf2S\xc5\xf2h\xb5~u\
\xfd\xea\xc7f\x86\xefsZ^\xda\x93\x8d.R; \
\x12\xd1efw\xc7\xe5l\xcd\x84_\x98\xec\x95\xf4c\
u\xb2\xce\x8dO\x7fHb\xc5\xdd\xb2\x13\xe9Ap/\
\xdd\xe6\x90\xf3/L\xc0\xc3\xa4<\x1cI\xbc\xf7?\xea\
\x06\x7f\xf4\xe7\x9cPtZ2 \xba\x912'(+\
V\xc6\x04\xedM\x22\x1c\xa4\xb2\xc5\xf8r}{\xcbN\
z|\x8f\xd3\x0c\x1f\x94Pm\x19\xb3\xa6G\xa7\xd4\xc7\
\x9dM\x01\x0b\xa9\xf9\xb1\x9c\xd3\xf2\xd8\x96[\xbf\x12{\
\x89\xd6\xb30\x0a\xde\xa4\x5c\xf6\x8e?\x1e\xc9\xdc\x8e\xe0\
\xb6\xfcF\xa1Qp\xdaA\xc6:\xdb\x81\xaa\xf5\x94n\
\xda\x9fS/\xd4\x0b\x8eP\xe9\xb1\xbf9\xb1\xf4\xb8\x0a\
\xe9Bp<\x94\x04\xc9;\xdd\x94\x14]@\x0d\x95u\
IJ\xcfE\xaf\xec&JA\xf3\xc1\x9aR(2\xa8\
-\x98\x87\xb4\xe8\xd0<\x96\x94\x80\xf9*9y\xf7A\
\xfb\xf3\xe3<\xec\x9b\xb0\x06\xf4\xe0\x1d\xe6\x9d\xaf\xa1\xc9\
\xe9\x92\xfd[7\xc7\xfe\xcb\x87\xc9@\xf0!\x04W\x9b\
\x9f\xf1\xf0?\xcaV\x0c\xf6\x82\xc8\xdcs\x91\xb0sl\
\x03y?,\xc1^=\x1d<T\x0f);<\xb8\x22\
{\xce\xa8\x5c5\xac\x03\xb2\xd7\xef\xb6\xe2\xfbz\xa8\xf5\
d8\xd6\x0d\xd7z\x94\x82Q\x97f\x82\xbe\xd0-x\
\x88\xda\xf1\x0a\xa7TB\xbf\x85\x08\xac\xe2\xc3\xc0w$\
\xcbn\x02R\xbb\x04Yi'\xddDD+\xfeV\xdf\
\xef8\xb7\xdb\xdb\xea\xfb\xdd\xd1\xed\xee\xe4i\xf1\xfc\x1f\
\x8e\xdb\x1c!\x05\x8c=\x88\xfd\x93C\xe9-\x8d\x0e\xcc\
\x1e}_\xa3\xd7\xf5\x93x\xd5\x12y\x93\x83y\x956\
\x07\xafA\xfa\xe2k\x9a\x13\xc0g\xfd\xbaKk\xc4\xf5\
\xa2w94\x5cL\xcd'\xaf8\x85\xaf\xbf'\xa2f\
\xdfc\xa9\xb5\xb5W\xb3\x9c\x98\xf7f\x9d\xc0J2\x85\
\x06\xe8\x22\xb6\xcd\x12\xe9\x89\xb0\xe0\x02@:\xf5M\x22\
1Ea\x0cn)\x8b\x87\xc6\xf1)I\xca\xebE\xf9\
\xf3\x1a\x85\xeb/\x91@\xfe%\xdcv,\x22ox\x18\
\x88d\xa5\xf4\xcb`\xc1\xd8\x19\xd8\xe8\x89\xd0\xc2O\xc7\
\xc7\xce\xde\x1e\xe5\x85\xd9\xbf_\x9b\x8a\xc8\x14\xf6\x9ad\
\xd2\x9ff\xe5\x11\xab\xb6\xa8\x870\x14\x917N\x8bM\
\xfd\x1a\xa0\x08\xf4\x06\xb0\xe1\xb8\x898\xf7\xeaG\xd2\x89\
h\xf7\xea\xfa\xfb0\xf0\x0b\xa7\x05m\xfasY\xe6N\
5\xb5E\x00T\xe8\xc7\xe6\xb4\xe4Y\x99\xdak\x02\xb3\
\x06\x16\xb5\xbd.K\x01_\x9cA-\xf6C\x83\x87\x06\
)\x83\xf7\x14\xe4\xc0\xbd\x0a\x17\xdb\xd8\x8e\x0d\xd8&\xfa\
\x02\xdb\xc0x\xe6lK\xab\x06\xde\x10\x0fT\xfa\xb4\xdf\
\xfd\xc41\xe6\x09\xd88T\xdbjGT\x0aq\xd6\x87\
\xb8\xb5e\xfeh\xb7\xc9\xf4\x12M\x8a~\xd8\x0e\x0e3\
\x07\xc5\xc5\xeb&\x02\xeb\x86\x8dv\xfaT\x93\xcc\xca\xb0\
\x0d\xd1\xb1\xdd\xdaQ\xdaC4M!.\x0c\xba\x03\x9a\
A\xef\xd6\xa3n\x02f\xeesb\xe8\x9e\xa3\xf99\xc7\
e\x838Fs\x11\xb8\xa1j\x89\x01\xe6M\xe3\x8a\x5c\
\x8a\xa9-\xc3\xf6Ixr\x04\x01)@]K%\x11\
\xbc\x18!\xf6W\x98{i\x81\xacp\x09wFcZ\
\xab\xde\x8etLn5\x0e\xb6\x103\x17\x96\x90\xcf\x1c\
\x18L\xf9\x89\xfcD\x09\xc59\x99\xb9\xa8\x87\xb3\x93i\
\x9b\x0b\x0cIX\xaefB\x8e_\xe4\xda\x89\xcf\xa4~\
\xf4\xc5\xb4\xd9\xdd\xd8,\x80q2@R\xa9\xaeT*\
uQ\xf0\xef\xb2\xe0_w\xf0\xaf\x97\xfe\xc7wR\x7f\
y\xd3\xe1W\xf5\xff\x07\xaey~\x90\xff\xef\xfa'\xc1\
\x9b\xff\x04>se\xea\xda\xe0\x9f\xfd\x9b\xa2\xd7\xaf\x84\
\xf2\x9a\xd4uP^\x93\xb2\x7f\xae\x95\xda5\xa9\xf7S\
\xed\xddt\xdc\x0d\xf4\xbf#g\xe3W\xda\x9f\xe1\xdd\xd6\
\xf7\xe2\xcf\xe5\xc1{?\x13\xfc&\xfb\xb9\xb2\xe9o\xaa\
I[R\x91k\xc6\xda5\xd2F]\xc3\x7f\xa6\x86\xff\
\xf8\xb7U\x0b\xc2?\xd7\x04\xaf\x5c\x01=y%}\x83\
y'\xfay>+\xff\xdf\x1b\xfc^\x15\xfc^\x09w\
,\xb5\xee\x8e|\x7f~.\x82\x91\xc7??M\xe5\xbb\
\xe9~~\x08\xfe\xff\x90\xbc\xbe\xd5?\xe6>\xfcj\xd0\
\xcfo\x0cz\xebm\xd4\xd37\x04\xbfo\x0d^\xf9h\
j_\xf0\xea\xbb\xa1'\xb9|\x7f\xf0{U\xd3Qs\
\xe1~\xfa\x82\x7fWE\xc6N_\xf0\xab[\x98n\xfa\
\xe9w\xc3\xff\x1f\x82\xba\xf9\xb9!xZ\xafK\xfc\x94\
<\x08}x\x8d\x8c\xd0k\xe0\xef\xbe\xc8w$\x1b\x1b\
\xe6gd\xdd+\xd7D~\x9b\xbd\xd6\xc9\xfb?,\xbf\
f\x06\xb0\x9fv\xac\xbd-\xd5\x13\xf9\xed\x0e>\xff\x8b\
\xc1\xbb<N\xae\x0a\x8d\x98k`\xa6\xbe\xae\xed\xbcv\
\xa5\xdco\xfdd\xfe\xd3`\xc5\xb8,(y6\xbb4\
\xf8\xbd\xa1\xc93um\x93\xf1\xc2\xf3\x9en\xc3F\xe3\
\xe3\xc1\x0e\x9e\xdfk#\xe3\xed\x86\x0e\xe6\xb9k\xa05\
\xd7\xa4~6\xf8\xd5=\xf1\xb3p\xbdW\x04g\xd3\xb3\
\xae\x9e9\xdf\x16\xf3\xe9\xb8.\xf5\xa6\xe0\xf7\xba\xc8\x9c\
r\x1d\xfd\xe2\x9d[\xdf6}\x8f\xb8\x8f\xae\x92kx\
\xff\x06\xdfxC0'\x85W\x8c.\xf8M\xd1\xb3x\
\xad\xd5\x8a\xf0\xbd\xd0\x7f]g\xb5N\xff\xbc!\xf8\x8d\
^\xe3\x0dMz\xf1\x866\xbdz[\xcb\x15\x92{\x80\
\xaf1\xda\xff\xf8\xf3\xe3P^\xd1\xf2W\xcf\x0b\xfc\xbf\
\x99)\xae\x0c\xc6ww\x13K\xc3\xbe\x8a\x8d_\x7f?\
\xb4\x03\xbf\xe7*\xfa\xe5y\x94\xeb\xd7\xcaw\xf45]\
\xaf\xed\x99\xff\xdd\xc1\xef\xb5\xb4n_\x11\xfc\x9d\x91\x95\
\xba\xaf\xc9\xb5_#\xab\xfc\x95\x1d\x8dx\xdb\x86x?\
\xfcb\xed\xc1\xd0\xbat\x0d\xf5\xfaU\xa1y\xb0\xb9\xd5\
\xf1\xcbT\xffH\xf0\xd7\xbb\xd7\xb5\x06\xdbw\x1d\x8c\x17\
\xd3\xd6\xeb\xc0\xd2\xd3s\xc3\x87B\xd6\x09\xfe\x7fK\xea\
\x9fm\xf0\xa4\xbf?\xb4B\xf5\xd17\xbc\x8b\xee\xd0\x0d\
\xd0\x93#\xd2\xf6\xf7\x04\xef^\x01\x9f\xdd\x07\x9f5c\
\xfe=`\xc1\x9aY-%\xff\xde\xd8t\xbc\xa5\xc8\x22\
Z\xbfF6\xbb\xc7\xcd\x8e\xc7kowm\x1f\xdd\xc0\
\xba\xbb!\xf4w\x1f=#\x0e\xfd\xb3K\xfc\xe7\xc8\x13\
\xdb\xdeb\x0c\xff\xe8;\x13>\xea7\x82\xdf\xd6\x9f]\
\xbf\xc26[\x19\xae\xa3\xb5#\x89Em\xd6\xb2\xb7\x04\
\xbf\xcdW\xea\x8d\xce\xc9\xff\xbf1\xf6:\xf1\x86\xd4\xf6\
\xc8+\x97\xb4\xbc\xbf}0\xff7\xbb\x8af\xd7\xc6G\
\xf5\xd2\xfc\xb1\xd5?\x1f\xda\xb0_\xd6\xff8-\xec\xaa\
\xf5\xe3\x90\xe7\x98+C#\xbd\xd7z\xbe\xcc\xe8\xc0\x19\
\xa8'\xf6\xbdO\xc1l\x91:\x0f+\xd9\xcc\x99\xf6:\
vm\x02\xab?\xeeos\xcb;\xdeo\xdc\xb3\xf7\xc6\
\xb0\xfb\xaem\xfb|\x5c!\xb3\x84\xbd\x1fME\xe6\xc4\
T\xea'\x82\xdf\xe8\x18\xbdn\xdd}}{0\xef\xea\
9\xf8\x17\xe1\xbc\xd7Y\xebx\xf0\xf3\xff\x01\xae\xc2\xce\
w\
\x00\x00\x0b4\
<\
?xml version=\x221.\
0\x22 encoding=\x22UTF\
-8\x22 standalone=\x22\
no\x22?>\x0a<!-- Creat\
ed with Inkscape\
 (http://www.ink\
scape.org/) -->\x0a\
\x0a<svg\x0a   width=\x22\
128mm\x22\x0a   height\
=\x22128mm\x22\x0a   view\
Box=\x220 0 128 128\
\x22\x0a   version=\x221.\
1\x22\x0a   id=\x22svg1\x22\x0a\
   xml:space=\x22pr\
eserve\x22\x0a   inksc\
ape:version=\x221.4\
.3 (0d15f75, 202\
5-12-25)\x22\x0a   sod\
ipodi:docname=\x22i\
con_joystick_phy\
sical.svg\x22\x0a   xm\
lns:inkscape=\x22ht\
tp://www.inkscap\
e.org/namespaces\
/inkscape\x22\x0a   xm\
lns:sodipodi=\x22ht\
tp://sodipodi.so\
urceforge.net/DT\
D/sodipodi-0.dtd\
\x22\x0a   xmlns=\x22http\
://www.w3.org/20\
00/svg\x22\x0a   xmlns\
:svg=\x22http://www\
.w3.org/2000/svg\
\x22><sodipodi:name\
dview\x0a     id=\x22n\
amedview1\x22\x0a     \
pagecolor=\x22#ffff\
ff\x22\x0a     borderc\
olor=\x22#000000\x22\x0a \
    borderopacit\
y=\x220.25\x22\x0a     in\
kscape:showpages\
hadow=\x222\x22\x0a     i\
nkscape:pageopac\
ity=\x220.0\x22\x0a     i\
nkscape:pagechec\
kerboard=\x220\x22\x0a   \
  inkscape:deskc\
olor=\x22#d1d1d1\x22\x0a \
    inkscape:doc\
ument-units=\x22mm\x22\
\x0a     inkscape:z\
oom=\x221.4142136\x22\x0a\
     inkscape:cx\
=\x2265.053822\x22\x0a   \
  inkscape:cy=\x222\
57.74041\x22\x0a     i\
nkscape:window-w\
idth=\x223440\x22\x0a    \
 inkscape:window\
-height=\x221369\x22\x0a \
    inkscape:win\
dow-x=\x22-8\x22\x0a     \
inkscape:window-\
y=\x22-8\x22\x0a     inks\
cape:window-maxi\
mized=\x221\x22\x0a     i\
nkscape:current-\
layer=\x22layer2\x22 /\
><defs\x0a     id=\x22\
defs1\x22 /><g\x0a    \
 inkscape:groupm\
ode=\x22layer\x22\x0a    \
 id=\x22layer2\x22\x0a   \
  inkscape:label\
=\x22Layer 2\x22><g\x0a  \
     id=\x22g2\x22\x0a   \
    transform=\x22t\
ranslate(6.41383\
93,6.2371519)\x22><\
rect\x0a         st\
yle=\x22opacity:1;f\
ill:none;stroke:\
#000000;stroke-w\
idth:10;stroke-d\
asharray:none;st\
roke-opacity:1\x22\x0a\
         id=\x22rec\
t1\x22\x0a         wid\
th=\x2290.07225\x22\x0a  \
       height=\x222\
2.764303\x22\x0a      \
   x=\x2212.550035\x22\
\x0a         y=\x2290.\
157372\x22\x0a        \
 rx=\x223\x22\x0a        \
 ry=\x223\x22 /><rect\x0a\
         style=\x22\
fill:none;stroke\
:#000000;stroke-\
width:10;stroke-\
dasharray:none;s\
troke-opacity:1\x22\
\x0a         id=\x22re\
ct1-5\x22\x0a         \
width=\x2263.064575\
\x22\x0a         heigh\
t=\x2210.379483\x22\x0a  \
       x=\x2226.016\
811\x22\x0a         y=\
\x2279.724297\x22\x0a    \
     rx=\x223\x22\x0a    \
     ry=\x223\x22 /><r\
ect\x0a         sty\
le=\x22fill:#000000\
;fill-opacity:1;\
stroke:#000000;s\
troke-width:4;st\
roke-dasharray:n\
one;stroke-opaci\
ty:1\x22\x0a         i\
d=\x22rect1-5-1\x22\x0a  \
       width=\x227.\
5202308\x22\x0a       \
  height=\x2211.281\
046\x22\x0a         x=\
\x2253.088783\x22\x0a    \
     y=\x2261.86257\
2\x22 /><path\x0a     \
    style=\x22opaci\
ty:1;fill:none;s\
troke:#000000;st\
roke-width:10;st\
roke-dasharray:n\
one;stroke-opaci\
ty:1\x22\x0a         d\
=\x22M 65.057904,58\
.447132 C 64.968\
519,48.684297 64\
.879665,19.57623\
5 64.641146,10.3\
16191 64.548901,\
6.7349661 63.109\
078,2.662572 59.\
924144,2.701175 \
55.175125,2.7587\
357 46.648269,2.\
5282271 39.00568\
7,2.630994 c -9.\
902365,0.1331532\
 -4.567622,7.653\
929 -1.901515,17\
.480967 1.077284\
,3.970775 7.1488\
4,4.239241 7.544\
148,10.110032 0.\
126175,1.873857 \
-0.985193,7.5816\
16 1.060397,9.81\
1259 2.775971,3.\
025742 3.291299,\
5.436331 3.15932\
9,9.969256 -0.04\
943,1.697999 -0.\
660562,10.029832\
 1.584316,10.841\
785 2.529278,0.9\
14817 3.986938,0\
.945759 6.560506\
,0.903715 2.5735\
68,-0.04204 8.07\
144,-0.416988 8.\
045036,-3.300876\
 z\x22\x0a         id=\
\x22path1\x22\x0a        \
 sodipodi:nodety\
pes=\x22ssssssssszs\
\x22 /></g></g></sv\
g>\x0a\
"

qt_resource_name = b"\
\x00\x05\
\x00o\xa6S\
\x00i\
\x00c\x00o\x00n\x00s\
\x00\x0e\
\x04\x98\xe3\x13\
\x00B\
\x00o\x00o\x00t\x00s\x00t\x00r\x00a\x00p\x00I\x00c\x00o\x00n\x00s\
\x00\x11\
\x09\xfe\xe1\xdb\
\x00p\
\x00h\x00y\x00s\x00i\x00c\x00a\x00l\x00_\x00j\x00o\x00y\x00s\x00t\x00i\x00c\x00k\
\
"

qt_resource_struct = b"\
\x00\x00\x00\x00\x00\x02\x00\x00\x00\x02\x00\x00\x00\x01\
\x00\x00\x00\x00\x00\x00\x00\x00\
\x00\x00\x00\x00\x00\x02\x00\x00\x00\x01\x00\x00\x00\x03\
\x00\x00\x00\x00\x00\x00\x00\x00\
\x00\x00\x00\x10\x00\x01\x00\x00\x00\x01\x00\x00\x00\x00\
\x00\x00\x01\x9e&\x13\xce\xae\
\x00\x00\x002\x00\x00\x00\x00\x00\x01\x00\x04\xa8&\
\x00\x00\x01\x9e\xd4'\xff\xf6\
"

def qInitResources():
    QtCore.qRegisterResourceData(0x03, qt_resource_struct, qt_resource_name, qt_resource_data)

def qCleanupResources():
    QtCore.qUnregisterResourceData(0x03, qt_resource_struct, qt_resource_name, qt_resource_data)

qInitResources()
